  0
SECTION
  2
HEADER
  9
$ACADVER
  1
AC1032
  9
$ACADMAINTVER
 90
      155
  9
$DWGCODEPAGE
  3
ANSI_936
  9
$LASTSAVEDBY
  1
lenovo
  9
$REQUIREDVERSIONS
160
                 0
  9
$INSBASE
 10
0.0
 20
0.0
 30
0.0
  9
$EXTMIN
 10
574206.8377819911
 20
2880303.362956345
 30
0.0
  9
$EXTMAX
 10
574416.4052810369
 20
2880589.292046884
 30
359.2810464354529
  9
$LIMMIN
 10
0.0
 20
0.0
  9
$LIMMAX
 10
12.0
 20
9.0
  9
$ORTHOMODE
 70
     0
  9
$REGENMODE
 70
     1
  9
$FILLMODE
 70
     1
  9
$QTEXTMODE
 70
     0
  9
$MIRRTEXT
 70
     0
  9
$LTSCALE
 40
1.0
  9
$ATTMODE
 70
     1
  9
$TEXTSIZE
 40
0.2
  9
$TRACEWID
 40
0.05
  9
$TEXTSTYLE
  7
Standard
  9
$CLAYER
  8
DLSS
  9
$CELTYPE
  6
ByLayer
  9
$CECOLOR
 62
   256
  9
$CELTSCALE
 40
1.0
  9
$DISPSILH
 70
     0
  9
$DIMSCALE
 40
1.0
  9
$DIMASZ
 40
0.18
  9
$DIMEXO
 40
0.0625
  9
$DIMDLI
 40
0.38
  9
$DIMRND
 40
0.0
  9
$DIMDLE
 40
0.0
  9
$DIMEXE
 40
0.18
  9
$DIMTP
 40
0.0
  9
$DIMTM
 40
0.0
  9
$DIMTXT
 40
0.18
  9
$DIMCEN
 40
0.09
  9
$DIMTSZ
 40
0.0
  9
$DIMTOL
 70
     0
  9
$DIMLIM
 70
     0
  9
$DIMTIH
 70
     1
  9
$DIMTOH
 70
     1
  9
$DIMSE1
 70
     0
  9
$DIMSE2
 70
     0
  9
$DIMTAD
 70
     0
  9
$DIMZIN
 70
     0
  9
$DIMBLK
  1

  9
$DIMASO
 70
     1
  9
$DIMSHO
 70
     1
  9
$DIMPOST
  1

  9
$DIMAPOST
  1

  9
$DIMALT
 70
     0
  9
$DIMALTD
 70
     2
  9
$DIMALTF
 40
25.4
  9
$DIMLFAC
 40
1.0
  9
$DIMTOFL
 70
     0
  9
$DIMTVP
 40
0.0
  9
$DIMTIX
 70
     0
  9
$DIMSOXD
 70
     0
  9
$DIMSAH
 70
     0
  9
$DIMBLK1
  1

  9
$DIMBLK2
  1

  9
$DIMSTYLE
  2
Standard
  9
$DIMCLRD
 70
     0
  9
$DIMCLRE
 70
     0
  9
$DIMCLRT
 70
     0
  9
$DIMTFAC
 40
1.0
  9
$DIMGAP
 40
0.09
  9
$DIMJUST
 70
     0
  9
$DIMSD1
 70
     0
  9
$DIMSD2
 70
     0
  9
$DIMTOLJ
 70
     1
  9
$DIMTZIN
 70
     0
  9
$DIMALTZ
 70
     0
  9
$DIMALTTZ
 70
     0
  9
$DIMUPT
 70
     0
  9
$DIMDEC
 70
     4
  9
$DIMTDEC
 70
     4
  9
$DIMALTU
 70
     2
  9
$DIMALTTD
 70
     2
  9
$DIMTXSTY
  7
Standard
  9
$DIMAUNIT
 70
     0
  9
$DIMADEC
 70
     0
  9
$DIMALTRND
 40
0.0
  9
$DIMAZIN
 70
     0
  9
$DIMDSEP
 70
    46
  9
$DIMATFIT
 70
     3
  9
$DIMFRAC
 70
     0
  9
$DIMLDRBLK
  1

  9
$DIMLUNIT
 70
     2
  9
$DIMLWD
 70
    -2
  9
$DIMLWE
 70
    -2
  9
$DIMTMOVE
 70
     0
  9
$DIMFXL
 40
1.0
  9
$DIMFXLON
 70
     0
  9
$DIMJOGANG
 40
0.7853981633974483
  9
$DIMTFILL
 70
     0
  9
$DIMTFILLCLR
 70
     0
  9
$DIMARCSYM
 70
     0
  9
$DIMLTYPE
  6

  9
$DIMLTEX1
  6

  9
$DIMLTEX2
  6

  9
$DIMTXTDIRECTION
 70
     0
  9
$LUNITS
 70
     2
  9
$LUPREC
 70
     4
  9
$SKETCHINC
 40
0.1
  9
$FILLETRAD
 40
0.0
  9
$AUNITS
 70
     0
  9
$AUPREC
 70
     0
  9
$MENU
  1
.
  9
$ELEVATION
 40
0.0
  9
$PELEVATION
 40
0.0
  9
$THICKNESS
 40
0.0
  9
$LIMCHECK
 70
     0
  9
$CHAMFERA
 40
0.0
  9
$CHAMFERB
 40
0.0
  9
$CHAMFERC
 40
0.0
  9
$CHAMFERD
 40
0.0
  9
$SKPOLY
 70
     0
  9
$TDCREATE
 40
2461306.621840278
  9
$TDUCREATE
 40
2461306.288506945
  9
$TDUPDATE
 40
2461308.638657407
  9
$TDUUPDATE
 40
2461308.305324074
  9
$TDINDWG
 40
0.1445023148
  9
$TDUSRTIMER
 40
0.1445023148
  9
$USRTIMER
 70
     1
  9
$ANGBASE
 50
0.0
  9
$ANGDIR
 70
     0
  9
$PDMODE
 70
     0
  9
$PDSIZE
 40
0.0
  9
$PLINEWID
 40
0.0
  9
$SPLFRAME
 70
     0
  9
$SPLINETYPE
 70
     6
  9
$SPLINESEGS
 70
     8
  9
$HANDSEED
  5
2039
  9
$SURFTAB1
 70
     6
  9
$SURFTAB2
 70
     6
  9
$SURFTYPE
 70
     6
  9
$SURFU
 70
     6
  9
$SURFV
 70
     6
  9
$UCSBASE
  2

  9
$UCSNAME
  2

  9
$UCSORG
 10
0.0
 20
0.0
 30
0.0
  9
$UCSXDIR
 10
1.0
 20
0.0
 30
0.0
  9
$UCSYDIR
 10
0.0
 20
1.0
 30
0.0
  9
$UCSORTHOREF
  2

  9
$UCSORTHOVIEW
 70
     0
  9
$UCSORGTOP
 10
0.0
 20
0.0
 30
0.0
  9
$UCSORGBOTTOM
 10
0.0
 20
0.0
 30
0.0
  9
$UCSORGLEFT
 10
0.0
 20
0.0
 30
0.0
  9
$UCSORGRIGHT
 10
0.0
 20
0.0
 30
0.0
  9
$UCSORGFRONT
 10
0.0
 20
0.0
 30
0.0
  9
$UCSORGBACK
 10
0.0
 20
0.0
 30
0.0
  9
$PUCSBASE
  2

  9
$PUCSNAME
  2

  9
$PUCSORG
 10
0.0
 20
0.0
 30
0.0
  9
$PUCSXDIR
 10
1.0
 20
0.0
 30
0.0
  9
$PUCSYDIR
 10
0.0
 20
1.0
 30
0.0
  9
$PUCSORTHOREF
  2

  9
$PUCSORTHOVIEW
 70
     0
  9
$PUCSORGTOP
 10
0.0
 20
0.0
 30
0.0
  9
$PUCSORGBOTTOM
 10
0.0
 20
0.0
 30
0.0
  9
$PUCSORGLEFT
 10
0.0
 20
0.0
 30
0.0
  9
$PUCSORGRIGHT
 10
0.0
 20
0.0
 30
0.0
  9
$PUCSORGFRONT
 10
0.0
 20
0.0
 30
0.0
  9
$PUCSORGBACK
 10
0.0
 20
0.0
 30
0.0
  9
$USERI1
 70
     0
  9
$USERI2
 70
     0
  9
$USERI3
 70
     0
  9
$USERI4
 70
     0
  9
$USERI5
 70
     0
  9
$USERR1
 40
0.0
  9
$USERR2
 40
0.0
  9
$USERR3
 40
0.0
  9
$USERR4
 40
0.0
  9
$USERR5
 40
0.0
  9
$WORLDVIEW
 70
     1
  9
$SHADEDGE
 70
     3
  9
$SHADEDIF
 70
    70
  9
$TILEMODE
 70
     1
  9
$MAXACTVP
 70
    64
  9
$PINSBASE
 10
0.0
 20
0.0
 30
0.0
  9
$PLIMCHECK
 70
     0
  9
$PEXTMIN
 10
0.0
 20
0.0
 30
0.0
  9
$PEXTMAX
 10
0.0
 20
0.0
 30
0.0
  9
$PLIMMIN
 10
0.0
 20
0.0
  9
$PLIMMAX
 10
12.0
 20
9.0
  9
$UNITMODE
 70
     0
  9
$VISRETAIN
 70
     1
  9
$PLINEGEN
 70
     0
  9
$PSLTSCALE
 70
     1
  9
$TREEDEPTH
 70
  3020
  9
$CMLSTYLE
  2
Standard
  9
$CMLJUST
 70
     0
  9
$CMLSCALE
 40
1.0
  9
$PROXYGRAPHICS
 70
     1
  9
$MEASUREMENT
 70
     0
  9
$CELWEIGHT
370
    -1
  9
$ENDCAPS
280
     0
  9
$JOINSTYLE
280
     0
  9
$LWDISPLAY
290
     0
  9
$INSUNITS
 70
     1
  9
$HYPERLINKBASE
  1

  9
$STYLESHEET
  1

  9
$XEDIT
290
     1
  9
$CEPSNTYPE
380
     0
  9
$PSTYLEMODE
290
     1
  9
$FINGERPRINTGUID
  2
{543C4F62-EF2F-8046-9DEE-6DDF18F265EB}
  9
$VERSIONGUID
  2
{2854CCA4-20D8-5244-8D7A-E3B5AF4C65E0}
  9
$EXTNAMES
290
     1
  9
$PSVPSCALE
 40
0.0
  9
$OLESTARTUP
290
     0
  9
$SORTENTS
280
   127
  9
$INDEXCTL
280
     0
  9
$HIDETEXT
280
     1
  9
$XCLIPFRAME
280
     2
  9
$HALOGAP
280
     0
  9
$OBSCOLOR
 70
   257
  9
$OBSLTYPE
280
     0
  9
$INTERSECTIONDISPLAY
280
     0
  9
$INTERSECTIONCOLOR
 70
   257
  9
$DIMASSOC
280
     2
  9
$PROJECTNAME
  1

  9
$CAMERADISPLAY
290
     0
  9
$LENSLENGTH
 40
50.0
  9
$CAMERAHEIGHT
 40
0.0
  9
$STEPSPERSEC
 40
2.0
  9
$STEPSIZE
 40
6.0
  9
$3DDWFPREC
 40
2.0
  9
$PSOLWIDTH
 40
0.25
  9
$PSOLHEIGHT
 40
4.0
  9
$LOFTANG1
 40
1.570796326794896
  9
$LOFTANG2
 40
1.570796326794896
  9
$LOFTMAG1
 40
0.0
  9
$LOFTMAG2
 40
0.0
  9
$LOFTPARAM
 70
     7
  9
$LOFTNORMALS
280
     1
  9
$LATITUDE
 40
37.795
  9
$LONGITUDE
 40
-122.394
  9
$NORTHDIRECTION
 40
0.0
  9
$TIMEZONE
 70
 -8000
  9
$LIGHTGLYPHDISPLAY
280
     1
  9
$TILEMODELIGHTSYNCH
280
     1
  9
$CMATERIAL
347
96
  9
$SOLIDHIST
280
     0
  9
$SHOWHIST
280
     1
  9
$DWFFRAME
280
     2
  9
$DGNFRAME
280
     0
  9
$REALWORLDSCALE
290
     1
  9
$INTERFERECOLOR
 62
     1
  9
$INTERFEREOBJVS
345
A3
  9
$INTERFEREVPVS
346
A0
  9
$CSHADOW
280
     0
  9
$SHADOWPLANELOCATION
 40
0.0
  0
ENDSEC
  0
SECTION
  2
CLASSES
  0
CLASS
  1
ACDBDICTIONARYWDFLT
  2
AcDbDictionaryWithDefault
  3
ObjectDBX Classes
 90
        0
 91
        1
280
     0
281
     0
  0
CLASS
  1
DICTIONARYVAR
  2
AcDbDictionaryVar
  3
ObjectDBX Classes
 90
        0
 91
        9
280
     0
281
     0
  0
CLASS
  1
TABLESTYLE
  2
AcDbTableStyle
  3
ObjectDBX Classes
 90
     4095
 91
        1
280
     0
281
     0
  0
CLASS
  1
MATERIAL
  2
AcDbMaterial
  3
ObjectDBX Classes
 90
     1153
 91
        3
280
     0
281
     0
  0
CLASS
  1
VISUALSTYLE
  2
AcDbVisualStyle
  3
ObjectDBX Classes
 90
     4095
 91
       24
280
     0
281
     0
  0
CLASS
  1
SCALE
  2
AcDbScale
  3
ObjectDBX Classes
 90
     1153
 91
       33
280
     0
281
     0
  0
CLASS
  1
MLEADERSTYLE
  2
AcDbMLeaderStyle
  3
ACDB_MLEADERSTYLE_CLASS
 90
     4095
 91
        2
280
     0
281
     0
  0
CLASS
  1
CELLSTYLEMAP
  2
AcDbCellStyleMap
  3
ObjectDBX Classes
 90
     1152
 91
        2
280
     0
281
     0
  0
CLASS
  1
EXACXREFPANELOBJECT
  2
ExAcXREFPanelObject
  3
EXAC_ESW
 90
     1025
 91
        0
280
     0
281
     0
  0
CLASS
  1
NPOCOLLECTION
  2
AcDbImpNonPersistentObjectsCollection
  3
ObjectDBX Classes
 90
     1153
 91
        0
280
     0
281
     0
  0
CLASS
  1
LAYER_INDEX
  2
AcDbLayerIndex
  3
ObjectDBX Classes
 90
        0
 91
        0
280
     0
281
     0
  0
CLASS
  1
SPATIAL_INDEX
  2
AcDbSpatialIndex
  3
ObjectDBX Classes
 90
        0
 91
        0
280
     0
281
     0
  0
CLASS
  1
IDBUFFER
  2
AcDbIdBuffer
  3
ObjectDBX Classes
 90
        0
 91
        0
280
     0
281
     0
  0
CLASS
  1
ACDBSECTIONVIEWSTYLE
  2
AcDbSectionViewStyle
  3
ObjectDBX Classes
 90
     1025
 91
        2
280
     0
281
     0
  0
CLASS
  1
ACDBDETAILVIEWSTYLE
  2
AcDbDetailViewStyle
  3
ObjectDBX Classes
 90
     1025
 91
        2
280
     0
281
     0
  0
CLASS
  1
SORTENTSTABLE
  2
AcDbSortentsTable
  3
ObjectDBX Classes
 90
        0
 91
        1
280
     0
281
     0
  0
CLASS
  1
ACDB_TEXTOBJECTCONTEXTDATA_CLASS
  2
AcDbTextObjectContextData
  3
ObjectDBX Classes
 90
     1153
 91
        0
280
     0
281
     0
  0
ENDSEC
  0
SECTION
  2
TABLES
  0
TABLE
  2
VPORT
  5
8
330
0
100
AcDbSymbolTable
 70
     1
1001
ACAD
1000
DbSaveVer
1071
      205
  0
VPORT
  5
94
330
8
100
AcDbSymbolTableRecord
100
AcDbViewportTableRecord
  2
*Active
 70
     0
 10
0.0
 20
0.0
 11
1.0
 21
1.0
 12
574411.62521079
 22
2880403.818756642
 13
0.0
 23
0.0
 14
0.5
 24
0.5
 15
0.5
 25
0.5
 16
0.0
 26
0.0
 36
1.0
 17
0.0
 27
0.0
 37
0.0
 40
610.9133987388893
 41
1.757912745936697
 42
50.0
 43
0.0
 44
0.0
 50
0.0
 51
0.0
 71
     0
 72
  1000
 73
     1
 74
     3
 75
     0
 76
     0
 77
     0
 78
     0
281
     0
 65
     1
110
0.0
120
0.0
130
0.0
111
1.0
121
0.0
131
0.0
112
0.0
122
1.0
132
0.0
 79
     0
146
0.0
348
9F
 60
     3
 61
     5
292
     1
282
     1
141
0.0
142
0.0
 63
   250
421
  3355443
1001
ACAD_NAV_VCDISPLAY
1070
     3
  0
ENDTAB
  0
TABLE
  2
LTYPE
  5
5
330
0
100
AcDbSymbolTable
 70
    14
  0
LTYPE
  5
14
330
5
100
AcDbSymbolTableRecord
100
AcDbLinetypeTableRecord
  2
ByBlock
 70
     0
  3

 72
    65
 73
     0
 40
0.0
  0
LTYPE
  5
15
330
5
100
AcDbSymbolTableRecord
100
AcDbLinetypeTableRecord
  2
ByLayer
 70
     0
  3

 72
    65
 73
     0
 40
0.0
  0
LTYPE
  5
16
330
5
100
AcDbSymbolTableRecord
100
AcDbLinetypeTableRecord
  2
Continuous
 70
     0
  3
Solid line
 72
    65
 73
     0
 40
0.0
  0
LTYPE
  5
7BE
330
5
100
AcDbSymbolTableRecord
100
AcDbLinetypeTableRecord
  2
DASH
 70
     0
  3
__ __ __ __ __ __ __ __ __ __ __ __ __ __ __ __
 72
    65
 73
     2
 40
0.35
 49
0.25
 74
     0
 49
-0.1
 74
     0
  0
LTYPE
  5
7BF
330
5
100
AcDbSymbolTableRecord
100
AcDbLinetypeTableRecord
  2
DASHED
 70
     0
  3
Dashed __ __ __ __ __ __ __ __ __ __ __ __ __ _
 72
    65
 73
     2
 40
0.75
 49
0.5
 74
     0
 49
-0.25
 74
     0
  0
LTYPE
  5
7C0
330
5
100
AcDbSymbolTableRecord
100
AcDbLinetypeTableRecord
  2
DASHED2
 70
     0
  3
Dashed (.5x) _ _ _ _ _ _ _ _ _ _ _ _ _ _ _ _ _
 72
    65
 73
     2
 40
0.375
 49
0.25
 74
     0
 49
-0.125
 74
     0
  0
LTYPE
  5
7C1
330
5
100
AcDbSymbolTableRecord
100
AcDbLinetypeTableRecord
  2
ACAD_ISO04W100
 70
     0
  3
ISO long-dash dot ____ . ____ . ____ . ____ . _
 72
    65
 73
     4
 40
30.5
 49
24.0
 74
     0
 49
-3.0
 74
     0
 49
0.5
 74
     0
 49
-3.0
 74
     0
  0
LTYPE
  5
7C2
330
5
100
AcDbSymbolTableRecord
100
AcDbLinetypeTableRecord
  2
CENTER2
 70
     0
  3
Center (.5x) ___ _ ___ _ ___ _ ___ _ ___ _ ___
 72
    65
 73
     4
 40
28.575
 49
19.05
 74
     0
 49
-3.174999999999998
 74
     0
 49
3.174999999999998
 74
     0
 49
-3.174999999999998
 74
     0
  0
LTYPE
  5
7C3
330
5
100
AcDbSymbolTableRecord
100
AcDbLinetypeTableRecord
  2
X0
 70
     0
  3

 72
    65
 73
     2
 40
4.0
 49
3.0
 74
     0
 49
-1.0
 74
     0
  0
LTYPE
  5
7C4
330
5
100
AcDbSymbolTableRecord
100
AcDbLinetypeTableRecord
  2
X2
 70
     0
  3

 72
    65
 73
     2
 40
10.0
 49
8.0
 74
     0
 49
-2.0
 74
     0
  0
LTYPE
  5
7C5
330
5
100
AcDbSymbolTableRecord
100
AcDbLinetypeTableRecord
  2
X3
 70
     0
  3

 72
    65
 73
     2
 40
5.0
 49
4.0
 74
     0
 49
-1.0
 74
     0
  0
LTYPE
  5
7C6
330
5
100
AcDbSymbolTableRecord
100
AcDbLinetypeTableRecord
  2
1161
 70
     0
  3

 72
    65
 73
     2
 40
1.6
 49
0.0
 74
     4
 75
   149
340
800
 46
0.15
 50
0.0
 44
0.0
 45
0.0
 49
-1.6
 74
     0
  0
LTYPE
  5
7C7
330
5
100
AcDbSymbolTableRecord
100
AcDbLinetypeTableRecord
  2
10421
 70
     0
  3

 72
    65
 73
     2
 40
2.00000000001
 49
2.0
 74
     4
 75
   150
340
800
 46
0.5
 50
0.0
 44
0.0
 45
0.5
 49
0.00000000001
 74
     0
  0
LTYPE
  5
7C8
330
5
100
AcDbSymbolTableRecord
100
AcDbLinetypeTableRecord
  2
444
 70
     0
  3
--|---@---|---@---|---@---|---@---|---@---|---@
 72
    65
 73
     4
 40
10.0
 49
4.5
 74
     4
 75
   145
340
800
 46
1.0
 50
0.0
 44
0.0
 45
1.0
 49
4.5
 74
     0
 49
-0.5
 74
     4
 75
   146
340
800
 46
1.0
 50
0.0
 44
0.0
 45
0.0
 49
-0.5
 74
     0
  0
LTYPE
  5
7C9
330
5
100
AcDbSymbolTableRecord
100
AcDbLinetypeTableRecord
  2
X31
 70
     0
  3

 72
    65
 73
     2
 40
1.799999999999999
 49
1.199999999999999
 74
     0
 49
-0.6
 74
     0
  0
LTYPE
  5
7CA
330
5
100
AcDbSymbolTableRecord
100
AcDbLinetypeTableRecord
  2
10411
 70
     0
  3
---|---|---|---|---|---|---
 72
    65
 73
     3
 40
4.00000000001
 49
2.0
 74
     4
 75
   150
340
800
 46
0.5
 50
0.0
 44
0.0
 45
0.5
 49
2.0
 74
     4
 75
   151
340
800
 46
1.0
 50
0.0
 44
0.0
 45
3.0
 49
0.00000000001
 74
     0
  0
ENDTAB
  0
TABLE
  2
LAYER
  5
2
102
{ACAD_XDICTIONARY
360
18E
102
}
330
0
100
AcDbSymbolTable
 70
    46
  0
LAYER
  5
10
102
{ACAD_XDICTIONARY
360
E6
102
}
330
2
100
AcDbSymbolTableRecord
100
AcDbLayerTableRecord
  2
0
 70
     0
 62
     7
  6
Continuous
370
    -3
390
F
347
98
348
0
  0
LAYER
  5
7CB
330
2
100
AcDbSymbolTableRecord
100
AcDbLayerTableRecord
  2
COLUMN
 70
     0
 62
     4
  6
Continuous
370
    -3
390
F
347
98
348
0
1001
AcAecLayerStandard
1000

1000
存放各种材质构成的柱子对象
  0
LAYER
  5
7CC
330
2
100
AcDbSymbolTableRecord
100
AcDbLayerTableRecord
  2
WINDOW
 70
     0
 62
     3
  6
Continuous
370
    -3
390
F
347
98
348
0
1001
AcAecLayerStandard
1000

1000
存放插入的门图块
  0
LAYER
  5
7CD
330
2
100
AcDbSymbolTableRecord
100
AcDbLayerTableRecord
  2
DOOR_FIRE
 70
     0
 62
     3
  6
Continuous
370
    -3
390
F
347
98
348
0
1001
AcAecLayerStandard
1000

1000
防火门
  0
LAYER
  5
7CE
330
2
100
AcDbSymbolTableRecord
100
AcDbLayerTableRecord
  2
GROUND
 70
     0
 62
     2
  6
Continuous
370
    -3
390
F
347
98
348
0
1001
AcAecLayerStandard
1000

1000
地面与散水
  0
LAYER
  5
7CF
330
2
100
AcDbSymbolTableRecord
100
AcDbLayerTableRecord
  2
WALL
 70
     0
 62
     4
  6
Continuous
370
    -3
390
F
347
98
348
0
1001
AcAecLayerStandard
1000

1000
存放各种材质的墙对象
  0
LAYER
  5
7D0
330
2
100
AcDbSymbolTableRecord
100
AcDbLayerTableRecord
  2
STAIR
 70
     0
 62
     2
  6
Continuous
370
    -3
390
F
347
98
348
0
1001
AcAecLayerStandard
1000

1000
楼梯段、坡道、台阶、休息平台
  0
LAYER
  5
7D1
330
2
100
AcDbSymbolTableRecord
100
AcDbLayerTableRecord
  2
PUB_DIM
 70
     0
 62
     3
  6
Continuous
370
    -3
390
F
347
98
348
0
1001
AcAecLayerStandard
1000

1000
尺寸标注
  0
LAYER
  5
7D2
330
2
100
AcDbSymbolTableRecord
100
AcDbLayerTableRecord
  2
DIM_ELEV
 70
     0
 62
     3
  6
Continuous
370
    -3
390
F
347
98
348
0
1001
AcAecLayerStandard
1000

1000
标高标注
  0
LAYER
  5
7D3
330
2
100
AcDbSymbolTableRecord
100
AcDbLayerTableRecord
  2
DIM_COOR
 70
     0
 62
     3
  6
Continuous
370
    -3
390
F
347
98
348
0
1001
AcAecLayerStandard
1000

1000
坐标标注
  0
LAYER
  5
7D4
330
2
100
AcDbSymbolTableRecord
100
AcDbLayerTableRecord
  2
DIM_LEAD
 70
     0
 62
     3
  6
Continuous
370
    -3
390
F
347
98
348
0
1001
AcAecLayerStandard
1000

1000
引出标注
  0
LAYER
  5
7D5
330
2
100
AcDbSymbolTableRecord
100
AcDbLayerTableRecord
  2
DIM_SYMB
 70
     0
 62
     3
  6
Continuous
370
    -3
390
F
347
98
348
0
1001
AcAecLayerStandard
1000

1000
图名标注
  0
LAYER
  5
7D6
330
2
100
AcDbSymbolTableRecord
100
AcDbLayerTableRecord
  2
PUB_HATCH
 70
     0
 62
     8
  6
Continuous
370
    -3
390
F
347
98
348
0
1001
AcAecLayerStandard
1000

1000
填充图案
  0
LAYER
  5
7D7
102
{ACAD_XDICTIONARY
360
7D8
102
}
330
2
100
AcDbSymbolTableRecord
100
AcDbLayerTableRecord
  2
YHJ_剖面_梁板
 70
     0
 62
     4
  6
Continuous
370
    -3
390
F
347
98
348
0
1001
AcAecLayerStandard
1000

1000

1001
_LayerManage
1070
     0
1070
     0
1070
     0
  0
LAYER
  5
7D9
330
2
100
AcDbSymbolTableRecord
100
AcDbLayerTableRecord
  2
Defpoints
 70
     0
 62
     7
  6
Continuous
290
     0
370
    -3
390
F
347
98
348
0
  0
LAYER
  5
7DA
330
2
100
AcDbSymbolTableRecord
100
AcDbLayerTableRecord
  2
电缆沟
 70
     0
 62
     7
  6
Continuous
370
    -3
390
F
347
98
348
0
1001
AcAecLayerStandard
1000

1000

  0
LAYER
  5
7DB
330
2
100
AcDbSymbolTableRecord
100
AcDbLayerTableRecord
  2
YHG_文字
 70
     0
 62
     7
  6
Continuous
370
    -3
390
F
347
98
348
0
1001
AcCmTransparency
1071
 33554687
1001
AcAecLayerStandard
1000

1000
文字
  0
LAYER
  5
7DC
330
2
100
AcDbSymbolTableRecord
100
AcDbLayerTableRecord
  2
1
 70
     0
 62
     1
  6
Continuous
370
    -3
390
F
347
98
348
0
  0
LAYER
  5
7DD
330
2
100
AcDbSymbolTableRecord
100
AcDbLayerTableRecord
  2
文字
 70
     0
 62
     4
  6
Continuous
370
     0
390
F
347
98
348
0
1001
_LayerManage
1070
     0
1070
     0
1070
     0
  0
LAYER
  5
7DE
330
2
100
AcDbSymbolTableRecord
100
AcDbLayerTableRecord
  2
中轴
 70
     0
 62
    20
  6
ACAD_ISO04W100
370
     9
390
F
347
98
348
0
  0
LAYER
  5
7DF
102
{ACAD_XDICTIONARY
360
7E0
102
}
330
2
100
AcDbSymbolTableRecord
100
AcDbLayerTableRecord
  2
轮廓线
 70
     0
 62
     2
  6
Continuous
370
    -3
390
F
347
98
348
0
  0
LAYER
  5
7E1
102
{ACAD_XDICTIONARY
360
7E2
102
}
330
2
100
AcDbSymbolTableRecord
100
AcDbLayerTableRecord
  2
附属构件
 70
     0
 62
     6
  6
Continuous
370
    -3
390
F
347
98
348
0
  0
LAYER
  5
7E3
102
{ACAD_XDICTIONARY
360
7E4
102
}
330
2
100
AcDbSymbolTableRecord
100
AcDbLayerTableRecord
  2
YHJ_立面_墙线中
 70
     0
 62
     2
  6
Continuous
370
    -3
390
F
347
98
348
0
1001
AcAecLayerStandard
1000

1000
立面可见线
  0
LAYER
  5
7E5
330
2
100
AcDbSymbolTableRecord
100
AcDbLayerTableRecord
  2
TWT_SYMB
 70
     0
 62
     3
  6
Continuous
370
    -3
390
F
347
98
348
0
  0
LAYER
  5
7E6
102
{ACAD_XDICTIONARY
360
7E7
102
}
330
2
100
AcDbSymbolTableRecord
100
AcDbLayerTableRecord
  2
管
 70
     0
 62
     1
  6
Continuous
370
    30
390
F
347
98
348
0
  0
LAYER
  5
7E8
102
{ACAD_XDICTIONARY
360
7E9
102
}
330
2
100
AcDbSymbolTableRecord
100
AcDbLayerTableRecord
  2
线框
 70
     0
 62
     2
  6
Continuous
370
    -3
390
F
347
98
348
0
1001
_LayerManage
1070
     0
1070
     0
1070
     0
  0
LAYER
  5
7EA
330
2
100
AcDbSymbolTableRecord
100
AcDbLayerTableRecord
  2
细线
 70
     0
 62
     4
  6
Continuous
370
    -3
390
F
347
98
348
0
1001
_LayerManage
1070
     0
1070
     0
1070
     0
  0
LAYER
  5
7EB
330
2
100
AcDbSymbolTableRecord
100
AcDbLayerTableRecord
  2
TWT_DIM
 70
     0
 62
     3
  6
Continuous
370
    -3
390
F
347
98
348
0
  0
LAYER
  5
7EC
330
2
100
AcDbSymbolTableRecord
100
AcDbLayerTableRecord
  2
YHG_粗线
 70
     0
 62
     6
  6
Continuous
370
    -3
390
F
347
98
348
0
1001
AcCmTransparency
1071
 33554687
1001
AcAecLayerStandard
1000

1000
粗线符号
  0
LAYER
  5
7ED
330
2
100
AcDbSymbolTableRecord
100
AcDbLayerTableRecord
  2
DXPM
 70
     0
 62
     4
  6
Continuous
370
    -3
390
F
347
98
348
0
1001
_LayerManage
1070
     0
1070
     0
1070
     0
  0
LAYER
  5
7EE
330
2
100
AcDbSymbolTableRecord
100
AcDbLayerTableRecord
  2
GCD
 70
     0
 62
     8
  6
Continuous
370
    -3
390
F
347
98
348
0
  0
LAYER
  5
7EF
330
2
100
AcDbSymbolTableRecord
100
AcDbLayerTableRecord
  2
SXSS
 70
     0
 62
     5
  6
Continuous
370
    -3
390
F
347
98
348
0
  0
LAYER
  5
7F0
330
2
100
AcDbSymbolTableRecord
100
AcDbLayerTableRecord
  2
zdh
 70
     0
 62
     7
  6
Continuous
370
    -3
390
F
347
98
348
0
  0
LAYER
  5
7F1
330
2
100
AcDbSymbolTableRecord
100
AcDbLayerTableRecord
  2
DLSS
 70
     0
 62
     8
  6
Continuous
370
    -3
390
F
347
98
348
0
  0
LAYER
  5
7F2
330
2
100
AcDbSymbolTableRecord
100
AcDbLayerTableRecord
  2
GXYZ
 70
     0
 62
     8
  6
Continuous
370
    -3
390
F
347
98
348
0
  0
LAYER
  5
7F3
330
2
100
AcDbSymbolTableRecord
100
AcDbLayerTableRecord
  2
assist
 70
     0
 62
     8
  6
Continuous
370
    -3
390
F
347
98
348
0
  0
LAYER
  5
7F4
330
2
100
AcDbSymbolTableRecord
100
AcDbLayerTableRecord
  2
DLDW
 70
     0
 62
     8
  6
Continuous
370
    -3
390
F
347
98
348
0
  0
LAYER
  5
7F5
330
2
100
AcDbSymbolTableRecord
100
AcDbLayerTableRecord
  2
ZBTZ
 70
     0
 62
     8
  6
Continuous
370
    -3
390
F
347
98
348
0
  0
LAYER
  5
7F6
330
2
100
AcDbSymbolTableRecord
100
AcDbLayerTableRecord
  2
ZJ
 70
     0
 62
     7
  6
Continuous
370
    -3
390
F
347
98
348
0
  0
LAYER
  5
7F7
330
2
100
AcDbSymbolTableRecord
100
AcDbLayerTableRecord
  2
DMTZ
 70
     0
 62
     8
  6
Continuous
370
    -3
390
F
347
98
348
0
  0
LAYER
  5
7F8
330
2
100
AcDbSymbolTableRecord
100
AcDbLayerTableRecord
  2
JMD
 70
     0
 62
     8
  6
Continuous
370
    -3
390
F
347
98
348
0
  0
LAYER
  5
7F9
330
2
100
AcDbSymbolTableRecord
100
AcDbLayerTableRecord
  2
断面标高标注
 70
     0
 62
     3
  6
Continuous
370
    -3
390
F
347
98
348
0
1001
_LayerManage
1070
     0
1070
     0
1070
     0
  0
LAYER
  5
7FA
330
2
100
AcDbSymbolTableRecord
100
AcDbLayerTableRecord
  2
YHJ_引出、索引
 70
     0
 62
     3
  6
Continuous
370
    -3
390
F
347
98
348
0
  0
LAYER
  5
7FB
330
2
100
AcDbSymbolTableRecord
100
AcDbLayerTableRecord
  2
PUB_WALL
 70
     0
 62
     9
  6
Continuous
370
    -3
390
F
347
98
348
0
  0
LAYER
  5
1FC0
330
2
100
AcDbSymbolTableRecord
100
AcDbLayerTableRecord
  2
WALL_OUT
 70
     0
 62
     4
  6
Continuous
370
    -3
390
F
347
98
348
0
1001
AcAecLayerStandard
1000

1000
存放各种材质的墙对象
1001
AcCmTransparency
1071
        0
  0
LAYER
  5
1FE2
330
2
100
AcDbSymbolTableRecord
100
AcDbLayerTableRecord
  2
DLSS-斜坡
 70
     0
 62
     8
  6
Continuous
370
    -3
390
F
347
98
348
0
1001
AcAecLayerStandard
1000

1000

1001
AcCmTransparency
1071
        0
  0
ENDTAB
  0
TABLE
  2
STYLE
  5
3
330
0
100
AcDbSymbolTable
 70
     9
  0
STYLE
  5
11
330
3
100
AcDbSymbolTableRecord
100
AcDbTextStyleTableRecord
  2
Standard
 70
     0
 40
0.0
 41
1.0
 50
0.0
 71
     0
 42
0.2
  3
arial.ttf
  4

1001
ACAD
1000
Arial
1071
       34
  0
STYLE
  5
DC
330
3
100
AcDbSymbolTableRecord
100
AcDbTextStyleTableRecord
  2
Annotative
 70
     0
 40
0.0
 41
1.0
 50
0.0
 71
     0
 42
0.2
  3
arial.ttf
  4

1001
AcadAnnotative
1000
AnnotativeData
1002
{
1070
     1
1070
     1
1002
}
1001
ACAD
1000
Arial
1071
       34
  0
STYLE
  5
7FC
330
3
100
AcDbSymbolTableRecord
100
AcDbTextStyleTableRecord
  2
_TCH_DIM
 70
     0
 40
0.0
 41
1.0
 50
0.0
 71
     0
 42
2.5
  3
SIMPLEX
  4
GBCBIG
1001
_TCH
1040
0.85
1040
0.6
1070
     7
  0
STYLE
  5
7FD
330
3
100
AcDbSymbolTableRecord
100
AcDbTextStyleTableRecord
  2
TSSD_Rein
 70
     0
 40
0.0
 41
0.7
 50
0.0
 71
     0
 42
350.0
  3
tssdeng.shx
  4
hztxt.shx
  0
STYLE
  5
7FE
330
3
100
AcDbSymbolTableRecord
100
AcDbTextStyleTableRecord
  2
tssdeng
 70
     0
 40
0.0
 41
0.7
 50
0.0
 71
     0
 42
2.0
  3
tssdeng.shx
  4
hztxt.shx
  0
STYLE
  5
7FF
330
3
100
AcDbSymbolTableRecord
100
AcDbTextStyleTableRecord
  2
设计文字
 70
     0
 40
3.5
 41
0.8
 50
0.0
 71
     0
 42
3.0
  3
ecidi_romand.shx
  4
ecidi_hzfs.shx
1001
AcadAnnotative
1000
AnnotativeData
1002
{
1070
     1
1070
     1
1002
}
  0
STYLE
  5
800
330
3
100
AcDbSymbolTableRecord
100
AcDbTextStyleTableRecord
  2

 70
     1
 40
0.0
 41
1.0
 50
0.0
 71
     0
 42
0.2
  3
AAA.SHX
  4

  0
STYLE
  5
801
330
3
100
AcDbSymbolTableRecord
100
AcDbTextStyleTableRecord
  2
宋体
 70
     0
 40
0.0
 41
0.7
 50
0.0
 71
     0
 42
350.0
  3
宋体.shx
  4
@2ecidi_hzfs.shx
  0
STYLE
  5
802
330
3
100
AcDbSymbolTableRecord
100
AcDbTextStyleTableRecord
  2
_TCH_DIM_T3
 70
     0
 40
0.0
 41
0.7058823529411768
 50
0.0
 71
     0
 42
2.5
  3
SIMPLEX
  4
GBCBIG
1001
_TCH
1040
0.85
1040
0.6
1070
     7
  0
ENDTAB
  0
TABLE
  2
VIEW
  5
6
330
0
100
AcDbSymbolTable
 70
     0
  0
ENDTAB
  0
TABLE
  2
UCS
  5
7
330
0
100
AcDbSymbolTable
 70
     0
  0
ENDTAB
  0
TABLE
  2
APPID
  5
9
330
0
100
AcDbSymbolTable
 70
    22
  0
APPID
  5
12
330
9
100
AcDbSymbolTableRecord
100
AcDbRegAppTableRecord
  2
ACAD
 70
     0
  0
APPID
  5
DD
330
9
100
AcDbSymbolTableRecord
100
AcDbRegAppTableRecord
  2
AcadAnnoPO
 70
     0
  0
APPID
  5
DE
330
9
100
AcDbSymbolTableRecord
100
AcDbRegAppTableRecord
  2
AcadAnnotative
 70
     0
  0
APPID
  5
DF
330
9
100
AcDbSymbolTableRecord
100
AcDbRegAppTableRecord
  2
ACAD_DSTYLE_DIMJAG
 70
     0
  0
APPID
  5
E0
330
9
100
AcDbSymbolTableRecord
100
AcDbRegAppTableRecord
  2
ACAD_DSTYLE_DIMTALN
 70
     0
  0
APPID
  5
107
330
9
100
AcDbSymbolTableRecord
100
AcDbRegAppTableRecord
  2
ACAD_MLEADERVER
 70
     0
  0
APPID
  5
1A6
330
9
100
AcDbSymbolTableRecord
100
AcDbRegAppTableRecord
  2
ACAD_NAV_VCDISPLAY
 70
     0
  0
APPID
  5
80A
330
9
100
AcDbSymbolTableRecord
100
AcDbRegAppTableRecord
  2
AcAecLayerStandard
 70
     0
  0
APPID
  5
80B
330
9
100
AcDbSymbolTableRecord
100
AcDbRegAppTableRecord
  2
_TCH
 70
     0
  0
APPID
  5
80C
330
9
100
AcDbSymbolTableRecord
100
AcDbRegAppTableRecord
  2
ACAD_PSEXT
 70
     0
  0
APPID
  5
80D
330
9
100
AcDbSymbolTableRecord
100
AcDbRegAppTableRecord
  2
_LayerManage
 70
     0
  0
APPID
  5
80E
330
9
100
AcDbSymbolTableRecord
100
AcDbRegAppTableRecord
  2
GradientColor1ACI
 70
     0
  0
APPID
  5
80F
330
9
100
AcDbSymbolTableRecord
100
AcDbRegAppTableRecord
  2
GradientColor2ACI
 70
     0
  0
APPID
  5
810
330
9
100
AcDbSymbolTableRecord
100
AcDbRegAppTableRecord
  2
ACAD_DSTYLE_DIMJOGGED_JOGANGLE_SYMBOL
 70
     0
  0
APPID
  5
811
330
9
100
AcDbSymbolTableRecord
100
AcDbRegAppTableRecord
  2
AcDbDynamicBlockGUID
 70
     0
  0
APPID
  5
812
330
9
100
AcDbSymbolTableRecord
100
AcDbRegAppTableRecord
  2
AcCmTransparency
 70
     0
  0
APPID
  5
813
330
9
100
AcDbSymbolTableRecord
100
AcDbRegAppTableRecord
  2
south
 70
     0
  0
APPID
  5
814
330
9
100
AcDbSymbolTableRecord
100
AcDbRegAppTableRecord
  2
S_GXRQ
 70
     0
  0
APPID
  5
815
330
9
100
AcDbSymbolTableRecord
100
AcDbRegAppTableRecord
  2
NAME
 70
     0
  0
APPID
  5
816
330
9
100
AcDbSymbolTableRecord
100
AcDbRegAppTableRecord
  2
CODE
 70
     0
  0
APPID
  5
1FAF
330
9
100
AcDbSymbolTableRecord
100
AcDbRegAppTableRecord
  2
AcLayerTools
 70
     0
  0
APPID
  5
2002
330
9
100
AcDbSymbolTableRecord
100
AcDbRegAppTableRecord
  2
ACAD_EXEMPT_FROM_CAD_STANDARDS
 70
     0
  0
ENDTAB
  0
TABLE
  2
DIMSTYLE
  5
A
330
0
100
AcDbSymbolTable
 70
     9
100
AcDbDimStyleTable
 71
     2
340
27
340
E1
  0
DIMSTYLE
105
27
330
A
100
AcDbSymbolTableRecord
100
AcDbDimStyleTableRecord
  2
Standard
 70
     0
340
11
  0
DIMSTYLE
105
E1
330
A
100
AcDbSymbolTableRecord
100
AcDbDimStyleTableRecord
  2
Annotative
 70
     0
 40
0.0
340
11
1001
AcadAnnotative
1000
AnnotativeData
1002
{
1070
     1
1070
     1
1002
}
1001
ACAD_DSTYLE_DIMJAG
1070
   388
1040
1.5
1001
ACAD_DSTYLE_DIMTALN
1070
   392
1070
     0
  0
DIMSTYLE
105
803
330
A
100
AcDbSymbolTableRecord
100
AcDbDimStyleTableRecord
  2
ISO-25
 70
     0
 41
2.5
 42
0.625
 43
3.75
 44
1.25
 50
90.0
 73
     0
 74
     0
 77
     1
 78
     8
140
2.5
141
2.5
143
0.03937007874016
147
0.625
171
     3
172
     1
271
     2
272
     2
274
     3
283
     0
284
     8
340
11
1001
ACAD_DSTYLE_DIMJOGGED_JOGANGLE_SYMBOL
1070
   384
1040
1.570796326794896
  0
DIMSTYLE
105
804
330
A
100
AcDbSymbolTableRecord
100
AcDbDimStyleTableRecord
  2
_TCH_ARCH&&75
 70
     0
 41
75.0
 42
225.0
 43
0.0
 44
187.5
 49
75.0
 73
     0
 74
     0
 77
     1
 79
     2
140
223.125
147
94.6875
172
     1
174
     1
178
     7
179
     2
271
     0
272
     0
279
     2
340
802
342
21A
  0
DIMSTYLE
105
805
330
A
100
AcDbSymbolTableRecord
100
AcDbDimStyleTableRecord
  2
_TWT_ARCH_M_M&&0
 70
     0
 41
0.2
 42
0.6000000000000001
 43
0.0
 44
0.5
 49
75.0
 73
     0
 74
     0
 77
     1
 79
     2
140
0.5950000000000001
144
1000.0
147
0.2525
172
     1
174
     1
178
     7
179
     2
271
     0
272
     0
279
     2
340
802
342
21A
1001
ACAD_DSTYLE_DIMJAG
1070
   388
1040
1.5
1001
ACAD_DSTYLE_DIMTALN
1070
   392
1070
     0
  0
DIMSTYLE
105
806
330
A
100
AcDbSymbolTableRecord
100
AcDbDimStyleTableRecord
  2
_TCH_ARCH_M_M&&0
 70
     0
 41
0.2
 42
0.6000000000000001
 43
0.0
 44
0.5
 49
75.0
 73
     0
 74
     0
 77
     1
 79
     2
140
0.5950000000000001
147
0.2525
172
     1
174
     1
178
     7
179
     2
271
     0
272
     0
279
     2
340
802
342
21A
1001
ACAD_DSTYLE_DIMJAG
1070
   388
1040
1.5
1001
ACAD_DSTYLE_DIMTALN
1070
   392
1070
     0
  0
DIMSTYLE
105
807
330
A
100
AcDbSymbolTableRecord
100
AcDbDimStyleTableRecord
  2
_TCH_ARCH_M_M&&75
 70
     0
 41
75.0
 42
225.0
 43
0.0
 44
187.5
 49
75.0
 73
     0
 74
     0
 77
     1
 79
     2
140
223.125
147
94.6875
172
     1
174
     1
178
     7
179
     2
271
     0
272
     0
279
     2
340
802
342
21A
1001
ACAD_DSTYLE_DIMJAG
1070
   388
1040
1.5
1001
ACAD_DSTYLE_DIMTALN
1070
   392
1070
     0
  0
DIMSTYLE
105
808
330
A
100
AcDbSymbolTableRecord
100
AcDbDimStyleTableRecord
  2
_TCH_ARROW&&1
 70
     0
 41
2.0
 42
3.0
 43
0.0
 44
2.5
 49
75.0
 73
     0
 74
     0
 77
     1
 79
     2
140
2.975
147
1.262499999999999
172
     1
174
     1
178
     7
179
     2
271
     2
272
     0
279
     2
340
802
  0
DIMSTYLE
105
809
330
A
100
AcDbSymbolTableRecord
100
AcDbDimStyleTableRecord
  2
_TCH_ARCH_MM_M&&50
 70
     0
 41
50.0
 42
150.0
 43
0.0
 44
125.0
 49
75.0
 73
     0
 74
     0
 77
     1
 79
     2
140
148.75
147
63.125
172
     1
174
     1
178
     7
179
     2
271
     0
272
     0
279
     2
340
802
342
21A
1001
ACAD_DSTYLE_DIMJAG
1070
   388
1040
1.5
1001
ACAD_DSTYLE_DIMTALN
1070
   392
1070
     0
  0
ENDTAB
  0
TABLE
  2
BLOCK_RECORD
  5
1
330
0
100
AcDbSymbolTable
 70
    24
  0
BLOCK_RECORD
  5
1F
102
{ACAD_XDICTIONARY
360
15D
102
}
330
1
100
AcDbSymbolTableRecord
100
AcDbBlockTableRecord
  2
*Model_Space
340
22
 70
     0
280
     1
281
     0
  0
BLOCK_RECORD
  5
58
330
1
100
AcDbSymbolTableRecord
100
AcDbBlockTableRecord
  2
*Paper_Space
340
59
 70
     0
280
     1
281
     0
  0
BLOCK_RECORD
  5
5D
330
1
100
AcDbSymbolTableRecord
100
AcDbBlockTableRecord
  2
*Paper_Space0
340
5E
 70
     0
280
     1
281
     0
  0
BLOCK_RECORD
  5
21A
330
1
100
AcDbSymbolTableRecord
100
AcDbBlockTableRecord
  2
_ArchTick
340
0
 70
     0
280
     1
281
     0
  0
BLOCK_RECORD
  5
21E
330
1
100
AcDbSymbolTableRecord
100
AcDbBlockTableRecord
  2
$DorLib2D$00000002
340
0
102
{BLKREFS
331
5F4
331
580
102
}
 70
     0
280
     1
281
     0
  0
BLOCK_RECORD
  5
22B
330
1
100
AcDbSymbolTableRecord
100
AcDbBlockTableRecord
  2
$WINLIB2D$00000001
340
0
102
{BLKREFS
331
5F3
331
5F5
331
5A8
331
5C8
331
5DD
331
5DE
331
602
331
56A
331
57F
331
58D
102
}
 70
     0
280
     1
281
     0
1001
_TCH
1040
1.0
  0
BLOCK_RECORD
  5
234
102
{ACAD_XDICTIONARY
360
235
102
}
330
1
100
AcDbSymbolTableRecord
100
AcDbBlockTableRecord
  2
$DorLib2D$00000001
340
0
102
{BLKREFS
331
5A9
331
58E
102
}
 70
     0
280
     1
281
     0
  0
BLOCK_RECORD
  5
23D
330
1
100
AcDbSymbolTableRecord
100
AcDbBlockTableRecord
  2
$DorLib2D$00000148
340
0
102
{BLKREFS
331
59B
102
}
 70
     0
280
     1
281
     0
1001
_TCH
1040
0.0
  0
BLOCK_RECORD
  5
248
102
{ACAD_XDICTIONARY
360
249
102
}
330
1
100
AcDbSymbolTableRecord
100
AcDbBlockTableRecord
  2
WT
340
0
310
2800000020000000200000000100080000000000000400000000000000000000000000000000000000000000000080000080000000808000800000008000800080800000C0C0C000C0DCC000F0CAA6000020400000206000002080000020A0000020C0000020E00000400000004020000040400000406000004080000040A0
310
000040C0000040E00000600000006020000060400000606000006080000060A0000060C0000060E00000800000008020000080400000806000008080000080A0000080C0000080E00000A0000000A0200000A0400000A0600000A0800000A0A00000A0C00000A0E00000C0000000C0200000C0400000C0600000C0800000C0
310
A00000C0C00000C0E00000E0000000E0200000E0400000E0600000E0800000E0A00000E0C00000E0E00040000000400020004000400040006000400080004000A0004000C0004000E00040200000402020004020400040206000402080004020A0004020C0004020E000404000004040200040404000404060004040800040
310
40A0004040C0004040E00040600000406020004060400040606000406080004060A0004060C0004060E00040800000408020004080400040806000408080004080A0004080C0004080E00040A0000040A0200040A0400040A0600040A0800040A0A00040A0C00040A0E00040C0000040C0200040C0400040C0600040C08000
310
40C0A00040C0C00040C0E00040E0000040E0200040E0400040E0600040E0800040E0A00040E0C00040E0E00080000000800020008000400080006000800080008000A0008000C0008000E00080200000802020008020400080206000802080008020A0008020C0008020E00080400000804020008040400080406000804080
310
008040A0008040C0008040E00080600000806020008060400080606000806080008060A0008060C0008060E00080800000808020008080400080806000808080008080A0008080C0008080E00080A0000080A0200080A0400080A0600080A0800080A0A00080A0C00080A0E00080C0000080C0200080C0400080C0600080C0
310
800080C0A00080C0C00080C0E00080E0000080E0200080E0400080E0600080E0800080E0A00080E0C00080E0E000C0000000C0002000C0004000C0006000C0008000C000A000C000C000C000E000C0200000C0202000C0204000C0206000C0208000C020A000C020C000C020E000C0400000C0402000C0404000C0406000C0
310
408000C040A000C040C000C040E000C0600000C0602000C0604000C0606000C0608000C060A000C060C000C060E000C0800000C0802000C0804000C0806000C0808000C080A000C080C000C080E000C0A00000C0A02000C0A04000C0A06000C0A08000C0A0A000C0A0C000C0A0E000C0C00000C0C02000C0C04000C0C06000
310
C0C08000C0C0A000F0FBFF00A4A0A000808080000000FF0000FF000000FFFF00FF000000FF00FF00FFFF0000FFFFFF000000000000000000000000000000000000000000000000000000000000000000000000000000000000000000000000000000000000000000F9F9F9F9F9F9F900000000000000000000000000000000
310
00000000000000F9F9F90000000000F9000000000000000000000000000000000000000000F9F90000F90000000000F900000000000000000000000000000000000000F9F90000000000F900000000F90000000000000000000000000000000000F9F900000000000000F900000000F9000000000000000000000000000000
310
F9F9000000000000000000F900000000F90000000000000000000000000000F900F9000000000000000000F900000000F900000000000000000000000000F90000F9000000000000000000F900000000F9000000000000000000000000F900000000F9000000000000000000F9000000F90000000000000000000000F90000
310
00000000F90000000000000000F9000000F900000000000000000000F900000000000000F90000000000000000F9000000F9000000000000000000F9000000000000000000F900000000000000F9F9F9F9F90000000000000000F90000000000000000000000F9000000F9F9F9F9000000F900000000000000F90000000000
310
00000000000000F900F9F9000000F9000000F900000000000000F9F9F900000000000000000000F9F9000000000000F90000F9000000000000F9000000F90000000000000000F900F9000000000000F90000F9000000000000F900000000F9F90000000000F9000000F90000000000F90000F90000000000F9000000000000
310
00F9000000F90000000000F900000000F90000F90000000000F90000000000000000F9F9F9000000000000F900000000F90000F900000000F90000000000000000000000F9F9000000000000F900000000F900F900000000F900000000000000000000F90000F9000000000000F9000000F900F9000000F900000000000000
310
00000000F9000000F9F900000000F90000F9F9F9F9000000F900000000000000000000F9000000000000F900000000F9F9000000000000F9F9F9000000000000000000F900000000000000F9F900F90000000000000000F90000F9F9F9F9F900000000F9000000000000000000F9000000000000000000F900000000000000
310
F9F9F9F9F9F90000000000000000F9000000000000000000F900000000000000000000F90000F9F9F9F9F90000F900000000000000000000F900000000000000000000F900000000000000F9F9F900000000000000000000F900000000000000000000F9000000000000000000F900000000000000000000F9F9F9F9F9F9F9
310
F9F9F9F9F9F9F9F9F9F9F9F9F9F9F90000000000000000000000000000000000000000000000000000000000000000000000000000000000
102
{BLKREFS
331
3BB
331
46B
331
4C3
102
}
 70
     4
280
     1
281
     0
1001
AcDbDynamicBlockGUID
1000
{EE8FD894-0837-4FBD-9961-687E5172B73C}
  0
BLOCK_RECORD
  5
25D
330
1
100
AcDbSymbolTableRecord
100
AcDbBlockTableRecord
  2
gc200
340
0
102
{BLKREFS
331
1C38
331
1C3B
331
1C3E
331
1C41
331
1C44
331
1C47
331
1C4A
331
1C4D
331
1C50
331
1C53
331
1C56
331
1C59
331
1C5C
331
1C5F
331
1C62
331
1C65
331
1C68
331
1C6B
331
1C6E
331
1C71
331
1C74
331
1C77
331
1C7A
331
1C7D
331
1C80
331
1C83
331
1C86
331
1C89
331
1C8C
331
1C8F
331
1C92
331
1C95
331
1C98
331
1C9B
331
1C9E
331
1BB1
331
1BB4
331
1BB7
331
1BBA
331
1BBD
331
1BC0
331
1BC3
331
1BC6
331
1BC9
331
1BCC
331
1BCF
331
1BD2
331
1BD5
331
1BD8
331
1BDB
331
1BDE
331
1BE1
331
1BE4
331
1BE7
331
1BEA
331
1BED
331
1BF0
331
1BF3
331
1BF6
331
1BF9
331
1BFC
331
1BFF
331
1C02
331
1C05
331
1C08
331
1C0B
331
1C0E
331
1C11
331
1C14
331
1C17
331
1C1A
331
1C1D
331
1C20
331
1C23
331
1C26
331
1B00
331
1B03
331
1B06
331
1B09
331
1B0C
331
1B0F
331
1B12
331
1B15
331
1B18
331
1B1B
331
1B1E
331
1B21
331
1B24
331
1B27
331
1B2A
331
1B2D
331
1B30
331
1B33
331
1B36
331
1A49
331
1A4C
331
1A4F
331
1A52
331
1A55
331
1A58
331
1A5B
331
1A5E
331
1A61
331
1A64
331
1A67
331
1A6A
331
1A6D
331
1A70
331
1A73
331
1A76
331
1A79
331
1A7C
331
1A7F
331
1A82
331
1A85
331
1A88
331
1A8B
331
1A8E
331
1A91
331
1A94
331
1A97
331
1A9A
331
1A9D
331
1AA0
331
1AA3
331
1AA6
331
1AA9
331
1AAC
331
1AAF
331
1AB2
331
1AB5
331
1AB8
331
1ABB
331
1ABE
331
1B39
331
1B3C
331
1B3F
331
1B42
331
1B45
331
1B48
331
1B4B
331
1B4E
331
1B51
331
1B54
331
1B57
331
1B5A
331
1B5D
331
1B60
331
1B63
331
1B66
331
1B69
331
1B6C
331
1B6F
331
1B72
331
1B75
331
1B78
331
1B7B
331
1B7E
331
1B81
331
1B84
331
1B87
331
1B8A
331
1B8D
331
1B90
331
1B93
331
1B96
331
1B99
331
1B9C
331
1B9F
331
1BA2
331
1BA5
331
1BA8
331
1BAB
331
1BAE
331
1CA1
331
1CA4
331
1CA7
331
1CAA
331
1CAD
331
1CB0
331
1CB3
331
1CB6
331
1CB9
331
1CBC
331
1CBF
331
1CC2
331
1CC5
331
1CC8
331
1CCB
331
1CCE
331
1C29
331
1C2C
331
1C2F
331
1C32
331
1C35
331
1A10
331
1A13
331
1A16
331
1A19
331
1A1C
331
1A1F
331
1A22
331
1A25
331
1A28
331
1A2B
331
1A2E
331
1A31
331
1A34
331
1A37
331
1A3A
331
1A3D
331
1A40
331
1A43
331
1A46
331
1AC1
331
1AC4
331
1AC7
331
1ACA
331
1ACD
331
1AD0
331
1AD3
331
1AD6
331
1AD9
331
1ADC
331
1ADF
331
1AE2
331
1AE5
331
1AE8
331
1AEB
331
1AEE
331
1AF1
331
1AF4
331
1AF7
331
1AFA
331
1AFD
331
1920
331
1923
331
1926
331
1929
331
192C
331
192F
331
1932
331
1935
331
1938
331
193B
331
193E
331
1941
331
1944
331
1947
331
194A
331
194D
331
1950
331
1953
331
1956
331
1869
331
186C
331
186F
331
1872
331
1875
331
1878
331
187B
331
187E
331
1881
331
1884
331
1887
331
188A
331
188D
331
1890
331
1893
331
1896
331
1899
331
189C
331
189F
331
18A2
331
18A5
331
18A8
331
18AB
331
18AE
331
18B1
331
18B4
331
18B7
331
18BA
331
18BD
331
18C0
331
18C3
331
18C6
331
18C9
331
18CC
331
18CF
331
18D2
331
18D5
331
18D8
331
18DB
331
18DE
331
19D1
331
19D4
331
19D7
331
19DA
331
19DD
331
19E0
331
19E3
331
19E6
331
19E9
331
19EC
331
19EF
331
19F2
331
19F5
331
19F8
331
19FB
331
19FE
331
1A01
331
1A04
331
1A07
331
1A0A
331
1A0D
331
1998
331
199B
331
199E
331
19A1
331
19A4
331
19A7
331
19AA
331
19AD
331
19B0
331
19B3
331
19B6
331
19B9
331
19BC
331
19BF
331
19C2
331
19C5
331
19C8
331
19CB
331
19CE
331
18E1
331
18E4
331
18E7
331
18EA
331
18ED
331
18F0
331
18F3
331
18F6
331
18F9
331
18FC
331
18FF
331
1902
331
1905
331
1908
331
190B
331
190E
331
1911
331
1914
331
1917
331
191A
331
191D
331
1650
331
1653
331
1656
331
1659
331
165C
331
165F
331
1662
331
1665
331
1668
331
166B
331
166E
331
1671
331
1674
331
1677
331
167A
331
167D
331
1680
331
1683
331
1686
331
1689
331
168C
331
168F
331
1692
331
1695
331
1698
331
169B
331
169E
331
16A1
331
16A4
331
16A7
331
16AA
331
16AD
331
16B0
331
16B3
331
16B6
331
16B9
331
16BC
331
16BF
331
16C2
331
16C5
331
16C8
331
16CB
331
16CE
331
16D1
331
16D4
331
16D7
331
16DA
331
16DD
331
16E0
331
16E3
331
16E6
331
16E9
331
16EC
331
16EF
331
16F2
331
16F5
331
16F8
331
16FB
331
16FE
331
1779
331
177C
331
177F
331
1782
331
1785
331
1788
331
178B
331
178E
331
1791
331
1794
331
1797
331
179A
331
179D
331
17A0
331
17A3
331
17A6
331
17A9
331
17AC
331
17AF
331
17B2
331
17B5
331
17B8
331
17BB
331
17BE
331
17C1
331
17C4
331
17C7
331
17CA
331
17CD
331
17D0
331
17D3
331
17D6
331
17D9
331
17DC
331
17DF
331
17E2
331
17E5
331
17E8
331
17EB
331
17EE
331
1959
331
195C
331
195F
331
1962
331
1965
331
1968
331
196B
331
196E
331
1971
331
1974
331
1977
331
197A
331
197D
331
1980
331
1983
331
1986
331
1989
331
198C
331
198F
331
1992
331
1995
331
1830
331
1833
331
1836
331
1839
331
183C
331
183F
331
1842
331
1845
331
1848
331
184B
331
184E
331
1851
331
1854
331
1857
331
185A
331
185D
331
1860
331
1863
331
1866
331
1611
331
1614
331
1617
331
161A
331
161D
331
1620
331
1623
331
1626
331
1629
331
162C
331
162F
331
1632
331
1635
331
1638
331
163B
331
163E
331
1641
331
1644
331
1647
331
164A
331
164D
331
1740
331
1743
331
1746
331
1749
331
174C
331
174F
331
1752
331
1755
331
1758
331
175B
331
175E
331
1761
331
1764
331
1767
331
176A
331
176D
331
1770
331
1773
331
1776
331
17F1
331
17F4
331
17F7
331
17FA
331
17FD
331
1800
331
1803
331
1806
331
1809
331
180C
331
180F
331
1812
331
1815
331
1818
331
181B
331
181E
331
1821
331
1824
331
1827
331
182A
331
182D
331
12F6
331
12F9
331
1701
331
1704
331
1707
331
170A
331
170D
331
1710
331
1713
331
1716
331
1719
331
171C
331
171F
331
1722
331
1725
331
1728
331
172B
331
172E
331
1731
331
1734
331
1737
331
173A
331
173D
102
}
 70
     0
280
     1
281
     0
  0
BLOCK_RECORD
  5
262
330
1
100
AcDbSymbolTableRecord
100
AcDbBlockTableRecord
  2
gc170
340
0
102
{BLKREFS
331
131B
331
131F
331
1320
331
132B
331
13E3
331
1331
331
1334
102
}
 70
     0
280
     1
281
     0
  0
BLOCK_RECORD
  5
266
330
1
100
AcDbSymbolTableRecord
100
AcDbBlockTableRecord
  2
gc097
340
0
102
{BLKREFS
331
1328
331
132E
102
}
 70
     0
280
     1
281
     0
  0
BLOCK_RECORD
  5
271
330
1
100
AcDbSymbolTableRecord
100
AcDbBlockTableRecord
  2
gc120
340
0
102
{BLKREFS
331
133E
331
1341
331
1344
331
1347
331
134A
331
134D
331
1350
331
1353
331
1356
331
1359
331
135C
331
135F
331
1362
331
1365
331
1368
331
136B
331
136E
331
1371
331
1374
331
1377
331
137A
331
137D
331
1380
331
1383
331
1386
331
15FA
331
15FD
331
1389
331
138C
331
138F
331
1392
331
1395
331
1398
331
139B
331
139E
331
13A1
331
15A6
331
15A9
331
15AC
331
15AF
331
15B2
331
15B5
331
15B8
331
15BB
331
15BE
331
15C1
331
15C4
331
15C7
331
15CA
331
15CD
331
15D0
331
15D3
331
15D6
331
15D9
331
15DC
331
15DF
331
15E2
331
15E5
331
15E8
331
15EB
331
15EE
331
15F1
331
15F4
331
15F7
102
}
 70
     0
280
     1
281
     0
  0
BLOCK_RECORD
  5
277
330
1
100
AcDbSymbolTableRecord
100
AcDbBlockTableRecord
  2
gc123
340
0
102
{BLKREFS
331
13FF
331
1400
331
1401
331
1402
331
1403
331
1404
331
1405
331
1406
102
}
 70
     0
280
     1
281
     0
  0
BLOCK_RECORD
  5
27E
330
1
100
AcDbSymbolTableRecord
100
AcDbBlockTableRecord
  2
gc121
340
0
102
{BLKREFS
331
1499
331
149C
331
149F
331
14A2
331
14A5
331
14D2
331
14D5
331
14D8
331
14DB
331
14DE
331
14E1
331
14E4
331
14E7
331
14EA
331
14ED
331
14F0
331
14F3
331
14F6
331
1430
331
1433
331
1436
331
1439
331
143C
331
143F
331
1442
331
1445
331
1448
331
146F
331
1472
331
1475
331
1478
331
147B
331
147E
331
1481
331
1484
331
1487
331
148A
331
148D
331
1490
331
1493
331
1496
331
13C2
331
13C5
331
13C8
331
13CB
331
13CE
331
13D1
331
13D4
331
13D7
331
13DA
331
13DD
331
1424
331
1427
331
142A
331
142D
331
14A8
331
14AB
331
14AE
331
14B1
331
14B4
331
14B7
331
14BA
331
14BD
331
14C0
331
14C3
331
14C6
331
14C9
331
14CC
331
14CF
102
}
 70
     0
280
     1
281
     0
  0
BLOCK_RECORD
  5
283
330
1
100
AcDbSymbolTableRecord
100
AcDbBlockTableRecord
  2
gc208
340
0
102
{BLKREFS
331
1558
331
1559
331
155A
331
155B
331
155C
331
155D
331
155E
331
155F
331
1560
331
1561
331
1562
331
1563
331
1564
331
1565
331
1566
331
1567
331
1568
331
1569
331
156A
331
156B
331
156C
331
156D
331
156E
331
156F
331
1570
331
1571
331
1572
331
1573
331
1574
331
1575
331
1450
331
1451
331
1452
331
1453
331
1454
331
1455
331
1456
331
1457
331
1458
331
1459
331
145A
331
145B
331
145C
331
145D
331
145E
331
145F
331
1460
331
1461
331
1462
331
1463
331
1464
331
1465
331
1466
331
1467
331
144E
331
144F
331
1468
331
1469
331
146A
331
146B
331
146C
331
146D
331
146E
102
}
 70
     0
280
     1
281
     0
  0
BLOCK_RECORD
  5
288
330
1
100
AcDbSymbolTableRecord
100
AcDbBlockTableRecord
  2
gc326
340
0
102
{BLKREFS
331
1520
331
1521
331
1522
331
1523
331
1524
331
1525
331
1526
331
1527
331
1528
331
1529
331
152A
331
152B
331
152C
331
152D
331
152E
331
152F
331
1530
331
1531
331
1532
331
1533
331
1534
331
1535
331
1536
331
1537
331
1538
331
1539
331
153A
331
153B
331
153C
331
153D
331
153E
331
153F
331
1540
331
1541
331
1542
331
1543
331
1544
331
1545
331
1546
331
1547
331
1548
331
1549
331
154A
331
154B
331
154C
331
154D
331
154E
331
154F
331
1550
331
1551
331
1552
331
1553
331
1554
331
1555
331
1556
331
1557
331
14F9
331
14FA
331
14FB
331
14FC
331
14FD
331
14FE
331
14FF
331
1500
331
1501
331
1502
331
1503
331
1504
331
1505
331
1506
331
1507
331
1508
331
1509
331
150A
331
150B
331
150C
331
150D
331
150E
331
150F
331
1510
331
1511
331
1512
331
1513
331
1514
331
1515
331
1516
331
1517
331
1518
331
1519
331
151A
331
151B
331
151C
331
151D
331
151E
331
151F
102
}
 70
     0
280
     1
281
     0
  0
BLOCK_RECORD
  5
28C
330
1
100
AcDbSymbolTableRecord
100
AcDbBlockTableRecord
  2
*U15
340
0
102
{BLKREFS
331
2EA
102
}
 70
     0
280
     1
281
     0
  0
BLOCK_RECORD
  5
2A1
330
1
100
AcDbSymbolTableRecord
100
AcDbBlockTableRecord
  2
*U16
340
0
102
{BLKREFS
331
2E9
102
}
 70
     0
280
     1
281
     0
  0
BLOCK_RECORD
  5
2B6
330
1
100
AcDbSymbolTableRecord
100
AcDbBlockTableRecord
  2
*U17
340
0
102
{BLKREFS
331
2E8
102
}
 70
     0
280
     1
281
     0
  0
BLOCK_RECORD
  5
2CB
330
1
100
AcDbSymbolTableRecord
100
AcDbBlockTableRecord
  2
*U18
340
0
102
{BLKREFS
331
2E7
102
}
 70
     0
280
     1
281
     0
  0
BLOCK_RECORD
  5
2E0
330
1
100
AcDbSymbolTableRecord
100
AcDbBlockTableRecord
  2
gc160
340
0
102
{BLKREFS
331
1576
331
1577
331
1578
331
1579
331
157A
331
157B
331
157C
331
157D
331
157E
331
157F
331
1580
331
1581
331
1582
331
1583
331
1584
331
1585
331
1586
331
1587
331
1588
331
1589
331
158A
331
158B
331
158C
331
158D
331
158E
331
158F
331
1590
331
1591
331
1592
331
1593
331
1594
331
1595
331
1596
331
1597
331
1598
331
1599
331
159A
331
159B
331
159C
331
159D
331
159E
331
159F
331
1606
331
1607
331
1608
331
1609
331
160A
331
160B
331
160C
331
160D
331
160E
331
160F
331
15A0
331
15A1
331
15A2
331
1610
102
}
 70
     0
280
     1
281
     0
  0
BLOCK_RECORD
  5
2EC
102
{ACAD_XDICTIONARY
360
2ED
102
}
330
1
100
AcDbSymbolTableRecord
100
AcDbBlockTableRecord
  2
hwgasgsftagsf
340
0
310
2800000020000000200000000100080000000000000400000000000000000000000000000000000000000000000080000080000000808000800000008000800080800000C0C0C000C0DCC000F0CAA6000020400000206000002080000020A0000020C0000020E00000400000004020000040400000406000004080000040A0
310
000040C0000040E00000600000006020000060400000606000006080000060A0000060C0000060E00000800000008020000080400000806000008080000080A0000080C0000080E00000A0000000A0200000A0400000A0600000A0800000A0A00000A0C00000A0E00000C0000000C0200000C0400000C0600000C0800000C0
310
A00000C0C00000C0E00000E0000000E0200000E0400000E0600000E0800000E0A00000E0C00000E0E00040000000400020004000400040006000400080004000A0004000C0004000E00040200000402020004020400040206000402080004020A0004020C0004020E000404000004040200040404000404060004040800040
310
40A0004040C0004040E00040600000406020004060400040606000406080004060A0004060C0004060E00040800000408020004080400040806000408080004080A0004080C0004080E00040A0000040A0200040A0400040A0600040A0800040A0A00040A0C00040A0E00040C0000040C0200040C0400040C0600040C08000
310
40C0A00040C0C00040C0E00040E0000040E0200040E0400040E0600040E0800040E0A00040E0C00040E0E00080000000800020008000400080006000800080008000A0008000C0008000E00080200000802020008020400080206000802080008020A0008020C0008020E00080400000804020008040400080406000804080
310
008040A0008040C0008040E00080600000806020008060400080606000806080008060A0008060C0008060E00080800000808020008080400080806000808080008080A0008080C0008080E00080A0000080A0200080A0400080A0600080A0800080A0A00080A0C00080A0E00080C0000080C0200080C0400080C0600080C0
310
800080C0A00080C0C00080C0E00080E0000080E0200080E0400080E0600080E0800080E0A00080E0C00080E0E000C0000000C0002000C0004000C0006000C0008000C000A000C000C000C000E000C0200000C0202000C0204000C0206000C0208000C020A000C020C000C020E000C0400000C0402000C0404000C0406000C0
310
408000C040A000C040C000C040E000C0600000C0602000C0604000C0606000C0608000C060A000C060C000C060E000C0800000C0802000C0804000C0806000C0808000C080A000C080C000C080E000C0A00000C0A02000C0A04000C0A06000C0A08000C0A0A000C0A0C000C0A0E000C0C00000C0C02000C0C04000C0C06000
310
C0C08000C0C0A000F0FBFF00A4A0A000808080000000FF0000FF000000FFFF00FF000000FF00FF00FFFF0000FFFFFF000000000000000000000000000000000000000000000000000000000000000000000000000000000000000000000000000000000000000000000000000000000000000000FB0000000000FB00000000
310
000000FB00000000FB000000000000000000000000FB0000000000FB00000000000000FB00000000FA000000000000000000000000FEFEFAFA0000FB0000FAFA000000FB0000FAFAFA000000000000000000000000FAFAFAFA0000FB0000FAFA000000FB0000FAFAFB000000000000000000000000FAFA00000000FB000000
310
FA000000FB000000FEFE000000000000000000000000FEFBFAFAFAFBA4A4A4A4A4A4A4A4A4FBFBFAFAFE000000000000000000000000FEFEFEFEFEFEA4A4A4A4A4A4A4A4A4FEFEFEFEFE0000000000000000000000000000000000FBA4A4A4A4A4A4A4A4FB0000000000000000000000000000000000000000000000A4A400
310
A400A400A4000000000000000000000000000000000000000000000000A4A400A400A400A4000000000000000000000000000000000000000000000000A4A400A400A400A4000000000000000000000000000000000000000000000000A4A400A400A400A4000000000000000000000000000000000000000000000000A4A4
310
00A400A400A4000000000000000000000000000000000000000000000000A4A400A400A400A4000000000000000000000000000000000000000000000000A4A400A400A400A4000000000000000000000000000000000000000000000000A4A400A400A400A4000000000000000000000000000000000000000000000000A4
310
A400A400A400A4000000000000000000000000000000000000000000FBF9FBA4A4FBA4F9A4FBA4FBF9FBFBFBFBFBFBF9000000000000000000000000F9FEFEFEFEFEFEFEFEFEFEFEFEFEFEFEFEFEFEFEF90000000000000000000000FBFEFEFEA400A4F9A400A4FEFE0000A4A40000FEFB0000000000000000000000FBFEFB
310
FEFEFEFBFBFB00A4FBFE0000A4A40000FEFB0000000000000000000000FBFEFBFEFEFEFBFBFBFEFEFBFEF9F9F9F90808FE000000000000000000000000FBFEFBFEFEFEFBFBFBFEFEFBFE000000000000FE000000000000000000000000FBFEFBFDFDFDFBFBFBFDFDFBFEA4A4A4A4A400FE000000000000000000000000FBFE
310
A4A4A4A4FFF9A4A4A400FE000000FFFF00FE000000000000000000000000F9FEFEFEFEFEFEFEFEFEFEFEFEFEFEFEFEFEFEFEF90000000000000000000000FBF9FBFBFBFBFBF9FBFBFBFBF9FBFBFBFBFBFBF900000000000000000000000000FBFBFBFB0000000000000000000000FBFBFBFB00000000000000000000000000
310
0000000000000000000000000000000000000000000000000000000000000000000000000000000000000000000000000000000000000000
102
{BLKREFS
331
1D1B
102
}
 70
     4
280
     1
281
     0
1001
AcDbDynamicBlockGUID
1000
{B9628EDE-75E7-FE49-A291-81F23806600A}
  0
BLOCK_RECORD
  5
67F
330
1
100
AcDbSymbolTableRecord
100
AcDbBlockTableRecord
  2
GFSDAFSAFSDAGDS
340
0
310
2800000020000000200000000100080000000000000400000000000000000000000000000000000000000000000080000080000000808000800000008000800080800000C0C0C000C0DCC000F0CAA6000020400000206000002080000020A0000020C0000020E00000400000004020000040400000406000004080000040A0
310
000040C0000040E00000600000006020000060400000606000006080000060A0000060C0000060E00000800000008020000080400000806000008080000080A0000080C0000080E00000A0000000A0200000A0400000A0600000A0800000A0A00000A0C00000A0E00000C0000000C0200000C0400000C0600000C0800000C0
310
A00000C0C00000C0E00000E0000000E0200000E0400000E0600000E0800000E0A00000E0C00000E0E00040000000400020004000400040006000400080004000A0004000C0004000E00040200000402020004020400040206000402080004020A0004020C0004020E000404000004040200040404000404060004040800040
310
40A0004040C0004040E00040600000406020004060400040606000406080004060A0004060C0004060E00040800000408020004080400040806000408080004080A0004080C0004080E00040A0000040A0200040A0400040A0600040A0800040A0A00040A0C00040A0E00040C0000040C0200040C0400040C0600040C08000
310
40C0A00040C0C00040C0E00040E0000040E0200040E0400040E0600040E0800040E0A00040E0C00040E0E00080000000800020008000400080006000800080008000A0008000C0008000E00080200000802020008020400080206000802080008020A0008020C0008020E00080400000804020008040400080406000804080
310
008040A0008040C0008040E00080600000806020008060400080606000806080008060A0008060C0008060E00080800000808020008080400080806000808080008080A0008080C0008080E00080A0000080A0200080A0400080A0600080A0800080A0A00080A0C00080A0E00080C0000080C0200080C0400080C0600080C0
310
800080C0A00080C0C00080C0E00080E0000080E0200080E0400080E0600080E0800080E0A00080E0C00080E0E000C0000000C0002000C0004000C0006000C0008000C000A000C000C000C000E000C0200000C0202000C0204000C0206000C0208000C020A000C020C000C020E000C0400000C0402000C0404000C0406000C0
310
408000C040A000C040C000C040E000C0600000C0602000C0604000C0606000C0608000C060A000C060C000C060E000C0800000C0802000C0804000C0806000C0808000C080A000C080C000C080E000C0A00000C0A02000C0A04000C0A06000C0A08000C0A0A000C0A0C000C0A0E000C0C00000C0C02000C0C04000C0C06000
310
C0C08000C0C0A000F0FBFF00A4A0A000808080000000FF0000FF000000FFFF00FF000000FF00FF00FFFF0000FFFFFF0000000000000000000000000000000000000000000000000000000000000000000000000000000000000000000000000000000000000000000000000000000000000000000000000000000000000000
310
000000000000000000000000000000000000000000000000000000000000000000000000000000000000000000000000000000000000000000000000000000000000000000000000000000000000000000000000000000000000000000000000000000000000000000000000000000000000FEFEFEFEFEFEFEFEFEFEFEFEFE
310
FEFEFEFEFEFEFEFEFEFEFEFEFEFEFEFEFE0000000000000000000000000000000000000000000000000000000000000000000000000000000000000000000000000000000000000000000000000000000000000000000000000000000000000000000000000000000000000000000000000000000000000000000000000000
310
0000000000000000000000000000000000000000000000000000000000000000000000FEFEFEFEFEFEFEFEFEFEFEFEFEFEFE0000000000000000000000000000000000000000000000000000000000000000000000000000000000000000000000000000000000000000000000000000000000000000000000000000000000
310
000000000000000000000000000000000000000000FEFEFEFEFEFEFEFEFEFEFEFEFEFEFEFEFEFEFEFEFEFEFEFEFEFEFEFEFEFE00000000000000000000000000000000000000000000000000000000000000000000000000000000000000000000000000000000000000000000000000000000000000000000000000000000
310
000000000000000000000000000000000000000000000000000000000000000000000000000000000000000000000000000000000000000000000000000000000000000000FEFEFEFEFEFEFEFEFEFEFEFEFEFEFE00000000000000000000000000000000000000000000000000000000000000000000000000000000000000
310
000000000000000000000000000000000000000000000000000000000000000000000000000000000000000000000000000000000000000000000000000000000000000000000000000000000000000000000000000000FEFEFEFEFEFEFEFEFEFEFEFEFEFEFEFEFEFEFEFEFEFEFEFEFEFEFEFEFEFE00000000000000000000
310
00000000000000000000000000000000000000000000000000000000000000000000000000000000000000000000000000000000000000000000000000000000000000000000000000000000000000000000000000000000000000000000000000000000000000000000000000000000000000000000000000000000000000
310
0000000000000000000000000000000000000000000000000000000000000000000000000000000000000000000000000000000000000000
102
{BLKREFS
331
1D30
331
1D31
331
1D32
331
1D33
331
1D39
331
1D3D
102
}
 70
     4
280
     1
281
     0
  0
BLOCK_RECORD
  5
687
330
1
100
AcDbSymbolTableRecord
100
AcDbBlockTableRecord
  2
GAFASFASGASAFCCCXV
340
0
310
2800000020000000200000000100080000000000000400000000000000000000000000000000000000000000000080000080000000808000800000008000800080800000C0C0C000C0DCC000F0CAA6000020400000206000002080000020A0000020C0000020E00000400000004020000040400000406000004080000040A0
310
000040C0000040E00000600000006020000060400000606000006080000060A0000060C0000060E00000800000008020000080400000806000008080000080A0000080C0000080E00000A0000000A0200000A0400000A0600000A0800000A0A00000A0C00000A0E00000C0000000C0200000C0400000C0600000C0800000C0
310
A00000C0C00000C0E00000E0000000E0200000E0400000E0600000E0800000E0A00000E0C00000E0E00040000000400020004000400040006000400080004000A0004000C0004000E00040200000402020004020400040206000402080004020A0004020C0004020E000404000004040200040404000404060004040800040
310
40A0004040C0004040E00040600000406020004060400040606000406080004060A0004060C0004060E00040800000408020004080400040806000408080004080A0004080C0004080E00040A0000040A0200040A0400040A0600040A0800040A0A00040A0C00040A0E00040C0000040C0200040C0400040C0600040C08000
310
40C0A00040C0C00040C0E00040E0000040E0200040E0400040E0600040E0800040E0A00040E0C00040E0E00080000000800020008000400080006000800080008000A0008000C0008000E00080200000802020008020400080206000802080008020A0008020C0008020E00080400000804020008040400080406000804080
310
008040A0008040C0008040E00080600000806020008060400080606000806080008060A0008060C0008060E00080800000808020008080400080806000808080008080A0008080C0008080E00080A0000080A0200080A0400080A0600080A0800080A0A00080A0C00080A0E00080C0000080C0200080C0400080C0600080C0
310
800080C0A00080C0C00080C0E00080E0000080E0200080E0400080E0600080E0800080E0A00080E0C00080E0E000C0000000C0002000C0004000C0006000C0008000C000A000C000C000C000E000C0200000C0202000C0204000C0206000C0208000C020A000C020C000C020E000C0400000C0402000C0404000C0406000C0
310
408000C040A000C040C000C040E000C0600000C0602000C0604000C0606000C0608000C060A000C060C000C060E000C0800000C0802000C0804000C0806000C0808000C080A000C080C000C080E000C0A00000C0A02000C0A04000C0A06000C0A08000C0A0A000C0A0C000C0A0E000C0C00000C0C02000C0C04000C0C06000
310
C0C08000C0C0A000F0FBFF00A4A0A000808080000000FF0000FF000000FFFF00FF000000FF00FF00FFFF0000FFFFFF0000000000000000000000000000000000000000000000000000000000000000000000000000000000000000FBFBFBFBFBFBFBFBFBFB00000000000000000000000000000000000000000000FB000000
310
0000000000FB00000000000000000000000000000000000000000000FBFBFBFBFBFBFBFBFBFB00000000000000000000000000000000000000000000FBFBFBFBFBFBFBFBFBFB00000000000000000000000000000000000000000000FBFBFBFBFBFBFBFBFBFB00000000000000000000000000000000000000000000FBFBFB
310
FBFBFBFBFBFBFB00000000000000000000000000000000000000000000FBFBFBFBFBFBFBFBFBFB00000000000000000000000000000000000000000000FBFBFBFBFBFBFBFBFBFB00000000000000000000000000000000000000000000FBFBFBFBFBFBFBFBFBFB00000000000000000000000000000000000000000000FBFB
310
FBFBFBFBFBFBFBFB00000000000000000000000000000000000000000000FB0000000000000000FB00000000000000000000000000000000000000000000FBFBFBFBFBFBFBFBFBFB00000000000000000000000000000000000000000000FBFBFBFBFBFBFBFBFBFB00000000000000000000000000000000000000000000FB
310
FBFBFBFBFBFBFBFBFB00000000000000000000000000000000000000000000FBFBFBFBFBFBFBFBFBFB00000000000000000000000000000000000000000000FBFBFBFBFBFBFBFBFBFB00000000000000000000000000000000000000000000FBFBFBFBFBFBFBFBFBFB00000000000000000000000000000000000000000000
310
FBFBFBFBFBFBFBFBFBFB00000000000000000000000000000000000000000000FBFBFBFBFBFBFBFBFBFB00000000000000000000000000000000000000000000FB0000000000000000FB00000000000000000000000000000000000000000000FBFBFBFBFBFBFBFBFBFB000000000000000000000000000000000000000000
310
00FBFBFBFBFBFBFBFBFBFB00000000000000000000000000000000000000000000FBFBFBFBFBFBFBFBFBFB00000000000000000000000000000000000000000000FBFBFBFBFBFBFBFBFBFB00000000000000000000000000000000000000000000FBFBFBFBFBFBFBFBFBFB0000000000000000000000000000000000000000
310
0000FBFBFBFBFBFBFBFBFBFB00000000000000000000000000000000000000000000FBFBFBFBFBFBFBFBFBFB00000000000000000000000000000000000000000000FBFBFBFBFBFBFBFBFBFB00000000000000000000000000000000000000000000FB0000000000000000FB00000000000000000000000000000000000000
310
000000FBFBFBFBFBFBFBFBFBFB00000000000000000000000000000000000000000000FBFBFBFBFBFBFBFBFBFB0000000000000000000000
102
{BLKREFS
331
1D51
102
}
 70
     4
280
     1
281
     0
  0
BLOCK_RECORD
  5
6A6
102
{ACAD_XDICTIONARY
360
6A7
102
}
330
1
100
AcDbSymbolTableRecord
100
AcDbBlockTableRecord
  2
_FZH
340
0
102
{BLKREFS
331
540
331
545
331
54A
331
54F
331
554
331
559
331
536
331
53B
102
}
 70
     0
280
     1
281
     0
  0
ENDTAB
  0
ENDSEC
  0
SECTION
  2
BLOCKS
  0
BLOCK
  5
20
330
1F
100
AcDbEntity
  8
0
100
AcDbBlockBegin
  2
*Model_Space
 70
     0
 10
0.0
 20
0.0
 30
0.0
  3
*Model_Space
  1

  0
ENDBLK
  5
21
330
1F
100
AcDbEntity
  8
0
100
AcDbBlockEnd
  0
BLOCK
  5
5A
330
58
100
AcDbEntity
 67
     1
  8
0
100
AcDbBlockBegin
  2
*Paper_Space
 70
     0
 10
0.0
 20
0.0
 30
0.0
  3
*Paper_Space
  1

  0
ENDBLK
  5
5B
330
58
100
AcDbEntity
 67
     1
  8
0
100
AcDbBlockEnd
  0
BLOCK
  5
5F
330
5D
100
AcDbEntity
 67
     1
  8
0
100
AcDbBlockBegin
  2
*Paper_Space0
 70
     0
 10
0.0
 20
0.0
 30
0.0
  3
*Paper_Space0
  1

  0
ENDBLK
  5
60
330
5D
100
AcDbEntity
 67
     1
  8
0
100
AcDbBlockEnd
  0
BLOCK
  5
21B
330
21A
100
AcDbEntity
  8
0
100
AcDbBlockBegin
  2
_ArchTick
 70
     0
 10
0.0
 20
0.0
 30
0.0
  3
_ArchTick
  1

  0
LWPOLYLINE
  5
21C
330
21A
100
AcDbEntity
  8
0
  6
ByBlock
 62
     0
100
AcDbPolyline
 90
        2
 70
     0
 43
0.4
 10
-0.5
 20
-0.5
 10
0.5
 20
0.5
  0
ENDBLK
  5
21D
330
21A
100
AcDbEntity
  8
0
100
AcDbBlockEnd
  0
BLOCK
  5
21F
330
21E
100
AcDbEntity
  8
0
100
AcDbBlockBegin
  2
$DorLib2D$00000002
 70
     0
 10
0.0
 20
0.0
 30
0.0
  3
$DorLib2D$00000002
  1

  0
LINE
  5
220
330
21E
100
AcDbEntity
  8
0
100
AcDbLine
 10
-0.5
 20
-0.0000000000000001
 30
0.0
 11
-0.5000000000000007
 21
0.4875
 31
0.0
  0
LINE
  5
221
330
21E
100
AcDbEntity
  8
0
100
AcDbLine
 10
-0.475
 20
0.0
 30
0.0
 11
-0.4750000000000007
 21
0.4875
 31
0.0
  0
LINE
  5
222
330
21E
100
AcDbEntity
  8
0
100
AcDbLine
 10
-0.5
 20
-0.0000000000000001
 30
0.0
 11
-0.475
 21
0.0
 31
0.0
  0
LINE
  5
223
330
21E
100
AcDbEntity
  8
0
100
AcDbLine
 10
-0.4750000000000007
 20
0.4875
 30
0.0
 11
-0.5000000000000007
 21
0.4875
 31
0.0
  0
ARC
  5
224
330
21E
100
AcDbEntity
  8
0
370
    13
100
AcDbCircle
 10
-0.4875
 20
0.0
 30
0.0
 40
0.4875
100
AcDbArc
 50
0.0
 51
88.53071641864632
  0
ARC
  5
225
330
21E
100
AcDbEntity
  8
0
370
    13
100
AcDbCircle
 10
0.4875
 20
0.0
 30
0.0
 40
0.4875
100
AcDbArc
 50
91.46928358135372
 51
180.0
  0
LINE
  5
226
330
21E
100
AcDbEntity
  8
0
100
AcDbLine
 10
0.475
 20
0.0
 30
0.0
 11
0.4750000000000007
 21
0.4875
 31
0.0
  0
LINE
  5
227
330
21E
100
AcDbEntity
  8
0
100
AcDbLine
 10
0.5
 20
-0.0000000000000001
 30
0.0
 11
0.5000000000000007
 21
0.4875
 31
0.0
  0
LINE
  5
228
330
21E
100
AcDbEntity
  8
0
100
AcDbLine
 10
0.4750000000000007
 20
0.4875
 30
0.0
 11
0.5000000000000007
 21
0.4875
 31
0.0
  0
LINE
  5
229
330
21E
100
AcDbEntity
  8
0
100
AcDbLine
 10
0.5
 20
-0.0000000000000001
 30
0.0
 11
0.475
 21
0.0
 31
0.0
  0
ENDBLK
  5
22A
330
21E
100
AcDbEntity
  8
0
100
AcDbBlockEnd
  0
BLOCK
  5
22C
330
22B
100
AcDbEntity
  8
0
100
AcDbBlockBegin
  2
$WINLIB2D$00000001
 70
     0
 10
0.0
 20
0.0
 30
0.0
  3
$WINLIB2D$00000001
  1

  0
LWPOLYLINE
  5
22D
330
22B
100
AcDbEntity
  8
0
 62
     0
100
AcDbPolyline
 90
        2
 70
     0
 43
0.0
 10
0.5000000000000036
 20
-0.4999999999999858
 10
0.5000000000000036
 20
0.5000000000000142
  0
LWPOLYLINE
  5
22E
330
22B
100
AcDbEntity
  8
0
 62
     0
100
AcDbPolyline
 90
        2
 70
     0
 43
0.0
 10
-0.4999999999999968
 20
0.5000000000000142
 10
-0.4999999999999968
 20
-0.4999999999999858
  0
LWPOLYLINE
  5
22F
330
22B
100
AcDbEntity
  8
0
 62
     0
100
AcDbPolyline
 90
        2
 70
     0
 43
0.0
 10
0.5000000000000036
 20
0.1666666666666714
 10
-0.4999999999999968
 20
0.1666666666666714
  0
LWPOLYLINE
  5
230
330
22B
100
AcDbEntity
  8
0
 62
     0
100
AcDbPolyline
 90
        2
 70
     0
 43
0.0
 10
0.5000000000000036
 20
-0.1666666666666572
 10
-0.4999999999999968
 20
-0.1666666666666572
  0
LWPOLYLINE
  5
231
330
22B
100
AcDbEntity
  8
0
 62
     0
100
AcDbPolyline
 90
        2
 70
     0
 43
0.0
 10
-0.4999999999999968
 20
-0.4999999999999858
 10
0.5000000000000036
 20
-0.4999999999999858
  0
LWPOLYLINE
  5
232
330
22B
100
AcDbEntity
  8
0
 62
     0
100
AcDbPolyline
 90
        2
 70
     0
 43
0.0
 10
-0.4999999999999968
 20
0.5000000000000142
 10
0.5000000000000036
 20
0.5000000000000142
  0
ENDBLK
  5
233
330
22B
100
AcDbEntity
  8
0
100
AcDbBlockEnd
  0
BLOCK
  5
236
330
234
100
AcDbEntity
  8
0
100
AcDbBlockBegin
  2
$DorLib2D$00000001
 70
     0
 10
0.0
 20
0.0
 30
0.0
  3
$DorLib2D$00000001
  1

  0
LINE
  5
237
330
234
100
AcDbEntity
  8
0
100
AcDbLine
 10
0.45
 20
0.975
 30
0.0
 11
0.5000000000000002
 21
0.975
 31
0.0
  0
LINE
  5
238
330
234
100
AcDbEntity
  8
0
100
AcDbLine
 10
0.5
 20
0.0
 30
0.0
 11
0.45
 21
0.0
 31
0.0
  0
ARC
  5
239
330
234
100
AcDbEntity
  8
0
370
    13
100
AcDbCircle
 10
0.475
 20
0.0
 30
0.0
 40
0.975
100
AcDbArc
 50
91.46928358135379
 51
180.0
  0
LINE
  5
23A
330
234
100
AcDbEntity
  8
0
100
AcDbLine
 10
0.5
 20
0.0
 30
0.0
 11
0.5
 21
0.975
 31
0.0
  0
LINE
  5
23B
330
234
100
AcDbEntity
  8
0
100
AcDbLine
 10
0.45
 20
0.0
 30
0.0
 11
0.45
 21
0.975
 31
0.0
  0
ENDBLK
  5
23C
330
234
100
AcDbEntity
  8
0
100
AcDbBlockEnd
  0
BLOCK
  5
23E
330
23D
100
AcDbEntity
  8
0
100
AcDbBlockBegin
  2
$DorLib2D$00000148
 70
     0
 10
0.0
 20
0.0
 30
0.0
  3
$DorLib2D$00000148
  1

  0
LWPOLYLINE
  5
23F
330
23D
100
AcDbEntity
  8
0
 62
     0
100
AcDbPolyline
 90
        2
 70
     0
 43
0.0
 10
0.450000000000003
 20
0.9749999999999944
 10
0.5
 20
0.9749999999999944
  0
LWPOLYLINE
  5
240
330
23D
100
AcDbEntity
  8
0
 62
     0
100
AcDbPolyline
 90
        2
 70
     0
 43
0.0
 10
0.450000000000003
 20
-0.0000000000000071
 10
0.450000000000003
 20
0.9749999999999944
  0
LWPOLYLINE
  5
241
330
23D
100
AcDbEntity
  8
0
 62
     0
100
AcDbPolyline
 90
        2
 70
     0
 43
0.0
 10
0.5
 20
-0.0000000000000071
 10
0.5
 20
0.9749999999999944
  0
LWPOLYLINE
  5
242
330
23D
100
AcDbEntity
  8
0
 62
     0
100
AcDbPolyline
 90
        8
 70
     0
 43
0.0
 10
0.4500000000014312
 20
0.9746794344809259
 10
0.2372025778258404
 20
0.945556654043969
 10
0.0359447261037786
 20
0.8705489454722297
 10
-0.1440071365970539
 20
0.7532961999373811
 10
-0.2939205051936042
 20
0.5994883290692316
 10
-0.4065205494416091
 20
0.4165891512134934
 10
-0.4763431388564359
 20
0.2134741955052348
 10
-0.4999999999974776
 20
0.0000000000016271
  0
LWPOLYLINE
  5
243
330
23D
100
AcDbEntity
  8
0
  6
DASHED2
 62
     0
100
AcDbPolyline
 90
        8
 70
     0
 43
0.0
 10
-0.5000000000000071
 20
0.0000000000004761
 10
-0.4763431388589371
 20
-0.2134741955033164
 10
-0.4065205494440465
 20
-0.4165891512117528
 10
-0.2939205051959419
 20
-0.5994883290676613
 10
-0.1440071365992637
 20
-0.7532961999359458
 10
0.0359447261017394
 20
-0.8705489454708937
 10
0.2372025778239646
 20
-0.9455566540427039
 10
0.4499999999997544
 20
-0.9746794344796823
  0
LWPOLYLINE
  5
244
330
23D
100
AcDbEntity
  8
0
 62
     0
100
AcDbPolyline
 90
        2
 70
     0
 43
0.0
 10
0.5
 20
-0.0000000000000071
 10
0.450000000000003
 20
-0.0000000000000071
  0
LWPOLYLINE
  5
245
330
23D
100
AcDbEntity
  8
0
  6
DASHED2
 62
     0
100
AcDbPolyline
 90
        2
 70
     0
 43
0.0
 10
0.450000000000003
 20
-0.9750000000000083
 10
0.5
 20
-0.9750000000000083
  0
LWPOLYLINE
  5
246
330
23D
100
AcDbEntity
  8
0
  6
DASHED2
 62
     0
100
AcDbPolyline
 90
        2
 70
     0
 43
0.0
 10
0.5
 20
-0.0000000000000071
 10
0.5
 20
-0.9750000000000083
  0
ENDBLK
  5
247
330
23D
100
AcDbEntity
  8
0
100
AcDbBlockEnd
  0
BLOCK
  5
24A
330
248
100
AcDbEntity
  8
0
100
AcDbBlockBegin
  2
WT
 70
     0
 10
0.0
 20
0.0
 30
0.0
  3
WT
  1

  0
LINE
  5
24B
330
248
100
AcDbEntity
  8
管
 62
     8
370
    -2
100
AcDbLine
 10
45.39957615273306
 20
-88.77476988334455
 30
0.0
 11
-124.5367727975244
 21
-343.1024890086301
 31
0.0
  0
LINE
  5
24C
330
248
100
AcDbEntity
  8
管
 62
     8
370
    -2
100
AcDbLine
 10
104.7169809750048
 20
-404.7169805249904
 30
0.0
 11
104.7169809750048
 21
-104.7169809749939
 31
0.0
  0
LINE
  5
24D
330
248
100
AcDbEntity
  8
管
 62
     8
370
    -2
100
AcDbLine
 10
83.88747838442212
 20
-104.7169809749939
 30
0.0
 11
24.2137682599714
 21
-404.7169805249904
 31
0.0
  0
LINE
  5
24E
330
248
100
AcDbEntity
  8
管
 62
     8
370
    -2
100
AcDbLine
 10
-124.5367727975244
 20
-343.1024890086301
 30
0.0
 11
24.2137682599714
 21
-404.7169805249904
 31
0.0
  0
LINE
  5
24F
330
248
100
AcDbEntity
  8
管
 62
     8
370
    -2
100
AcDbLine
 10
0.0
 20
-20.82950259058634
 30
0.0
 11
0.0
 21
-0.000000000003638
 31
0.0
  0
LINE
  5
250
330
248
100
AcDbEntity
  8
管
 62
     8
370
    -2
100
AcDbLine
 10
83.88747838442212
 20
-104.7169809749939
 30
0.0
 11
45.39957615273306
 21
-88.77476988334455
 31
0.0
  0
LINE
  5
251
330
248
100
AcDbEntity
  8
管
 62
     8
370
    -2
100
AcDbLine
 10
45.39957615273306
 20
-88.77476988334455
 30
0.0
 11
15.94221109163482
 21
-59.31740482226087
 31
0.0
  0
LINE
  5
252
330
248
100
AcDbEntity
  8
管
 62
     8
370
    -2
100
AcDbLine
 10
15.94221109163482
 20
-59.31740482226087
 30
0.0
 11
0.0
 21
-20.82950259057179
 31
0.0
  0
LINE
  5
253
330
248
100
AcDbEntity
  8
管
 62
     8
370
    -2
100
AcDbLine
 10
-238.3855080336798
 20
-229.2537537725038
 30
0.0
 11
-299.9999995500548
 21
-80.50321271496432
 31
0.0
  0
LINE
  5
254
330
248
100
AcDbEntity
  8
管
 62
     8
370
    -2
100
AcDbLine
 10
-299.9999995500548
 20
-80.50321271496432
 30
0.0
 11
-299.9999995500548
 21
-0.000000000003638
 31
0.0
  0
LINE
  5
255
330
248
100
AcDbEntity
  8
管
 62
     8
370
    -2
100
AcDbLine
 10
15.94221109163482
 20
-59.31740482224633
 30
0.0
 11
-238.3855080336798
 21
-229.2537537725038
 31
0.0
  0
ARC
  5
256
330
248
100
AcDbEntity
  8
管
 62
     8
370
    -2
100
AcDbCircle
 10
104.7169809750048
 20
-0.000000000003638
 30
0.0
 40
254.7169807499998
100
AcDbArc
 50
180.0
 51
270.0
  0
LINE
  5
257
330
248
100
AcDbEntity
  8
管
 62
     8
370
    -2
100
AcDbLine
 10
-124.5367727975244
 20
-343.1024890086301
 30
0.0
 11
-238.3855080336798
 21
-229.2537537725038
 31
0.0
  0
LINE
  5
258
330
248
100
AcDbEntity
  8
管
 62
     8
370
    -2
100
AcDbLine
 10
-299.9999995500548
 20
-0.000000000003638
 30
0.0
 11
0.0
 21
-0.000000000003638
 31
0.0
  0
LINE
  5
259
330
248
100
AcDbEntity
  8
管
 62
     8
370
    -2
100
AcDbLine
 10
0.0
 20
-20.82950259058634
 30
0.0
 11
-299.9999995500548
 21
-80.50321271496432
 31
0.0
  0
LINE
  5
25A
330
248
100
AcDbEntity
  8
管
 62
     8
370
    -2
100
AcDbLine
 10
83.88747838442212
 20
-104.7169809749939
 30
0.0
 11
104.7169809750048
 21
-104.7169809749939
 31
0.0
  0
LINE
  5
25B
330
248
100
AcDbEntity
  8
管
 62
     8
370
    -2
100
AcDbLine
 10
104.7169809750048
 20
-404.7169805249904
 30
0.0
 11
24.2137682599714
 21
-404.7169805249904
 31
0.0
  0
ENDBLK
  5
25C
330
248
100
AcDbEntity
  8
0
100
AcDbBlockEnd
  0
BLOCK
  5
25E
330
25D
100
AcDbEntity
  8
0
100
AcDbBlockBegin
  2
gc200
 70
     0
 10
0.0
 20
0.0
 30
0.0
  3
gc200
  1

  0
HATCH
  5
25F
330
25D
100
AcDbEntity
  8
0
100
AcDbHatch
 10
0.0
 20
0.0
 30
0.0
210
0.0
220
0.0
230
1.0
  2
SOLID
 70
     1
 71
     0
 91
        1
 92
        1
 93
        1
 72
     2
 10
0.0
 20
-0.0000000000000001
 40
0.25
 50
0.0
 51
360.0
 73
     1
 97
        0
 75
     0
 76
     1
 98
        1
 10
0.0
 20
0.0
450
        0
451
        0
460
0.0
461
0.0
452
        0
462
0.0
453
        0
470

  0
CIRCLE
  5
260
330
25D
100
AcDbEntity
  8
0
100
AcDbCircle
 10
0.0
 20
-0.0000000000000001
 30
0.0
 40
0.25
  0
ENDBLK
  5
261
330
25D
100
AcDbEntity
  8
0
100
AcDbBlockEnd
  0
BLOCK
  5
263
330
262
100
AcDbEntity
  8
0
100
AcDbBlockBegin
  2
gc170
 70
     0
 10
0.0
 20
0.0
 30
0.0
  3
gc170
  1

  0
CIRCLE
  5
264
330
262
100
AcDbEntity
  8
0
  6
Continuous
100
AcDbCircle
 10
0.0
 20
0.0
 30
0.0
 40
0.5
  0
ENDBLK
  5
265
330
262
100
AcDbEntity
  8
0
100
AcDbBlockEnd
  0
BLOCK
  5
267
330
266
100
AcDbEntity
  8
0
100
AcDbBlockBegin
  2
gc097
 70
     0
 10
0.0
 20
0.0
 30
0.0
  3
gc097
  1

  0
LINE
  5
268
330
266
100
AcDbEntity
  8
0
370
    15
100
AcDbLine
 10
-0.4
 20
0.0
 30
0.0
 11
0.3999999999999999
 21
0.0
 31
0.0
  0
LINE
  5
269
330
266
100
AcDbEntity
  8
0
370
    15
100
AcDbLine
 10
0.0
 20
0.0
 30
0.0
 11
0.0
 21
2.399999999999999
 31
0.0
  0
LINE
  5
26A
330
266
100
AcDbEntity
  8
0
370
    15
100
AcDbLine
 10
-0.6
 20
2.399999999999999
 30
0.0
 11
-0.6
 21
2.1
 31
0.0
  0
LINE
  5
26B
330
266
100
AcDbEntity
  8
0
370
    15
100
AcDbLine
 10
0.6000000000000001
 20
2.399999999999999
 30
0.0
 11
0.6000000000000001
 21
2.1
 31
0.0
  0
CIRCLE
  5
26C
330
266
100
AcDbEntity
  8
0
370
    15
100
AcDbCircle
 10
-0.6
 20
1.8
 30
0.0
 40
0.3
  0
CIRCLE
  5
26D
330
266
100
AcDbEntity
  8
0
370
    15
100
AcDbCircle
 10
0.6000000000000001
 20
1.8
 30
0.0
 40
0.3
  0
LINE
  5
26E
330
266
100
AcDbEntity
  8
0
100
AcDbLine
 10
0.0
 20
2.399999999999999
 30
0.0
 11
0.6000000000000001
 21
2.399999999999999
 31
0.0
  0
LINE
  5
26F
330
266
100
AcDbEntity
  8
0
100
AcDbLine
 10
0.0
 20
2.399999999999999
 30
0.0
 11
-0.6
 21
2.399999999999999
 31
0.0
  0
ENDBLK
  5
270
330
266
100
AcDbEntity
  8
0
100
AcDbBlockEnd
  0
BLOCK
  5
272
330
271
100
AcDbEntity
  8
0
100
AcDbBlockBegin
  2
gc120
 70
     0
 10
0.0
 20
0.0
 30
0.0
  3
gc120
  1

  0
LINE
  5
273
330
271
100
AcDbEntity
  8
0
100
AcDbLine
 10
0.0
 20
0.0
 30
0.0
 11
0.0
 21
2.5
 31
0.0
  0
LINE
  5
274
330
271
100
AcDbEntity
  8
0
100
AcDbLine
 10
-0.5000000000000006
 20
0.8660254037844381
 30
0.0
 11
0.0
 21
0.0
 31
0.0
  0
LINE
  5
275
330
271
100
AcDbEntity
  8
0
100
AcDbLine
 10
0.0
 20
0.0
 30
0.0
 11
0.5000000000000002
 21
0.8660254037844385
 31
0.0
  0
ENDBLK
  5
276
330
271
100
AcDbEntity
  8
0
100
AcDbBlockEnd
  0
BLOCK
  5
278
330
277
100
AcDbEntity
  8
0
100
AcDbBlockBegin
  2
gc123
 70
     0
 10
0.0
 20
0.0
 30
0.0
  3
gc123
  1

  0
LWPOLYLINE
  5
279
330
277
100
AcDbEntity
  8
0
100
AcDbPolyline
 90
        2
 70
   128
 10
1.0
 20
2.0
 40
0.1
 41
0.3
 42
0.2530019108387138
 10
0.0
 20
0.5553584641348709
 40
0.1500000000000001
 41
0.15
  0
LWPOLYLINE
  5
27A
330
277
100
AcDbEntity
  8
0
100
AcDbPolyline
 90
        2
 70
   128
 10
0.0
 20
0.5553584641348709
 40
0.3
 41
0.1
 42
0.5881943822799994
 10
-0.9999999999999998
 20
0.9999999999999996
 40
0.05
 41
0.1
  0
LWPOLYLINE
  5
27B
330
277
100
AcDbEntity
  8
0
  6
Continuous
100
AcDbPolyline
 90
        2
 70
     0
 43
0.3
 10
-0.5
 20
0.0
 10
0.5
 20
0.0
  0
LWPOLYLINE
  5
27C
330
277
100
AcDbEntity
  8
0
  6
Continuous
100
AcDbPolyline
 90
        2
 70
   128
 43
0.3
 10
0.0
 20
0.5553584641348709
 10
0.0
 20
0.0
  0
ENDBLK
  5
27D
330
277
100
AcDbEntity
  8
0
100
AcDbBlockEnd
  0
BLOCK
  5
27F
330
27E
100
AcDbEntity
  8
0
100
AcDbBlockBegin
  2
gc121
 70
     0
 10
0.0
 20
0.0
 30
0.0
  3
gc121
  1

  0
LINE
  5
280
330
27E
100
AcDbEntity
  8
0
100
AcDbLine
 10
-0.5
 20
0.0
 30
0.0
 11
-0.5
 21
2.0
 31
0.0
  0
LINE
  5
281
330
27E
100
AcDbEntity
  8
0
100
AcDbLine
 10
0.5
 20
0.0
 30
0.0
 11
0.5
 21
2.0
 31
0.0
  0
ENDBLK
  5
282
330
27E
100
AcDbEntity
  8
0
100
AcDbBlockEnd
  0
BLOCK
  5
284
330
283
100
AcDbEntity
  8
0
100
AcDbBlockBegin
  2
gc208
 70
     0
 10
0.0
 20
0.0
 30
0.0
  3
gc208
  1

  0
CIRCLE
  5
285
330
283
100
AcDbEntity
  8
0
100
AcDbCircle
 10
0.0
 20
0.0
 30
0.0
 40
0.8
  0
LINE
  5
286
330
283
100
AcDbEntity
  8
0
100
AcDbLine
 10
0.0
 20
-0.8
 30
0.0
 11
1.199999999999999
 21
-0.8
 31
0.0
  0
ENDBLK
  5
287
330
283
100
AcDbEntity
  8
0
100
AcDbBlockEnd
  0
BLOCK
  5
289
330
288
100
AcDbEntity
  8
0
100
AcDbBlockBegin
  2
gc326
 70
     0
 10
0.0
 20
0.0
 30
0.0
  3
gc326
  1

  0
CIRCLE
  5
28A
330
288
100
AcDbEntity
  8
0
100
AcDbCircle
 10
0.0
 20
0.0
 30
0.0
 40
0.8
  0
ENDBLK
  5
28B
330
288
100
AcDbEntity
  8
0
100
AcDbBlockEnd
  0
BLOCK
  5
28D
330
28C
100
AcDbEntity
  8
0
100
AcDbBlockBegin
  2
*U15
 70
     1
 10
0.0
 20
0.0
 30
0.0
  3
*U15
  1

  0
SOLID
  5
28E
330
28C
100
AcDbEntity
  8
0
  6
Continuous
100
AcDbTrace
 10
1.25
 20
-0.6000000000000001
 30
0.0
 11
1.237764129073787
 21
-0.5227457514062632
 31
0.0
 12
1.237764129073787
 22
-0.6772542485937371
 32
0.0
 13
1.237764129073787
 23
-0.6772542485937371
 33
0.0
  0
SOLID
  5
28F
330
28C
100
AcDbEntity
  8
0
  6
Continuous
100
AcDbTrace
 10
1.202254248593735
 20
-0.4530536869268821
 30
0.0
 11
1.237764129073787
 21
-0.6772542485937371
 31
0.0
 12
1.237764129073787
 22
-0.5227457514062632
 32
0.0
 13
1.237764129073787
 23
-0.5227457514062632
 33
0.0
  0
SOLID
  5
290
330
28C
100
AcDbEntity
  8
0
  6
Continuous
100
AcDbTrace
 10
1.237764129073787
 20
-0.6772542485937371
 30
0.0
 11
1.202254248593735
 21
-0.4530536869268821
 31
0.0
 12
1.202254248593735
 22
-0.7469463130731187
 32
0.0
 13
1.202254248593735
 23
-0.7469463130731187
 33
0.0
  0
SOLID
  5
291
330
28C
100
AcDbEntity
  8
0
  6
Continuous
100
AcDbTrace
 10
1.146946313073117
 20
-0.3977457514062633
 30
0.0
 11
1.202254248593735
 21
-0.7469463130731187
 31
0.0
 12
1.202254248593735
 22
-0.4530536869268821
 32
0.0
 13
1.202254248593735
 23
-0.4530536869268821
 33
0.0
  0
SOLID
  5
292
330
28C
100
AcDbEntity
  8
0
  6
Continuous
100
AcDbTrace
 10
1.202254248593735
 20
-0.7469463130731187
 30
0.0
 11
1.146946313073117
 21
-0.3977457514062633
 31
0.0
 12
1.146946313073117
 22
-0.8022542485937368
 32
0.0
 13
1.146946313073117
 23
-0.8022542485937368
 33
0.0
  0
SOLID
  5
293
330
28C
100
AcDbEntity
  8
0
  6
Continuous
100
AcDbTrace
 10
1.077254248593733
 20
-0.3622358709262117
 30
0.0
 11
1.146946313073117
 21
-0.8022542485937368
 31
0.0
 12
1.146946313073117
 22
-0.3977457514062633
 32
0.0
 13
1.146946313073117
 23
-0.3977457514062633
 33
0.0
  0
SOLID
  5
294
330
28C
100
AcDbEntity
  8
0
  6
Continuous
100
AcDbTrace
 10
1.146946313073117
 20
-0.8022542485937368
 30
0.0
 11
1.077254248593733
 21
-0.3622358709262117
 31
0.0
 12
1.077254248593733
 22
-0.8377641290737884
 32
0.0
 13
1.077254248593733
 23
-0.8377641290737884
 33
0.0
  0
SOLID
  5
295
330
28C
100
AcDbEntity
  8
0
  6
Continuous
100
AcDbTrace
 10
1.0
 20
-0.3500000000000001
 30
0.0
 11
1.077254248593733
 21
-0.8377641290737884
 31
0.0
 12
1.077254248593733
 22
-0.3622358709262117
 32
0.0
 13
1.077254248593733
 23
-0.3622358709262117
 33
0.0
  0
SOLID
  5
296
330
28C
100
AcDbEntity
  8
0
  6
Continuous
100
AcDbTrace
 10
1.077254248593733
 20
-0.8377641290737884
 30
0.0
 11
1.0
 21
-0.3500000000000001
 31
0.0
 12
0.9999999999999998
 22
-0.8499999999999998
 32
0.0
 13
0.9999999999999998
 23
-0.8499999999999998
 33
0.0
  0
SOLID
  5
297
330
28C
100
AcDbEntity
  8
0
  6
Continuous
100
AcDbTrace
 10
0.9227457514062631
 20
-0.3622358709262118
 30
0.0
 11
0.9999999999999998
 21
-0.8499999999999998
 31
0.0
 12
1.0
 22
-0.3500000000000001
 32
0.0
 13
1.0
 23
-0.3500000000000001
 33
0.0
  0
SOLID
  5
298
330
28C
100
AcDbEntity
  8
0
  6
Continuous
100
AcDbTrace
 10
0.9999999999999998
 20
-0.8499999999999998
 30
0.0
 11
0.9227457514062631
 21
-0.3622358709262118
 31
0.0
 12
0.9227457514062628
 22
-0.8377641290737882
 32
0.0
 13
0.9227457514062628
 23
-0.8377641290737882
 33
0.0
  0
SOLID
  5
299
330
28C
100
AcDbEntity
  8
0
  6
Continuous
100
AcDbTrace
 10
0.8530536869268818
 20
-0.3977457514062633
 30
0.0
 11
0.9227457514062628
 21
-0.8377641290737882
 31
0.0
 12
0.9227457514062631
 22
-0.3622358709262118
 32
0.0
 13
0.9227457514062631
 23
-0.3622358709262118
 33
0.0
  0
SOLID
  5
29A
330
28C
100
AcDbEntity
  8
0
  6
Continuous
100
AcDbTrace
 10
0.9227457514062628
 20
-0.8377641290737882
 30
0.0
 11
0.8530536869268818
 21
-0.3977457514062633
 31
0.0
 12
0.8530536869268814
 22
-0.8022542485937368
 32
0.0
 13
0.8530536869268814
 23
-0.8022542485937368
 33
0.0
  0
SOLID
  5
29B
330
28C
100
AcDbEntity
  8
0
  6
Continuous
100
AcDbTrace
 10
0.7977457514062633
 20
-0.4530536869268821
 30
0.0
 11
0.8530536869268814
 21
-0.8022542485937368
 31
0.0
 12
0.8530536869268818
 22
-0.3977457514062633
 32
0.0
 13
0.8530536869268818
 23
-0.3977457514062633
 33
0.0
  0
SOLID
  5
29C
330
28C
100
AcDbEntity
  8
0
  6
Continuous
100
AcDbTrace
 10
0.8530536869268814
 20
-0.8022542485937368
 30
0.0
 11
0.7977457514062633
 21
-0.4530536869268821
 31
0.0
 12
0.7977457514062633
 22
-0.7469463130731182
 32
0.0
 13
0.7977457514062633
 23
-0.7469463130731182
 33
0.0
  0
SOLID
  5
29D
330
28C
100
AcDbEntity
  8
0
  6
Continuous
100
AcDbTrace
 10
0.7622358709262118
 20
-0.5227457514062632
 30
0.0
 11
0.7977457514062633
 21
-0.7469463130731182
 31
0.0
 12
0.7977457514062633
 22
-0.4530536869268821
 32
0.0
 13
0.7977457514062633
 23
-0.4530536869268821
 33
0.0
  0
SOLID
  5
29E
330
28C
100
AcDbEntity
  8
0
  6
Continuous
100
AcDbTrace
 10
0.7977457514062633
 20
-0.7469463130731182
 30
0.0
 11
0.7622358709262118
 21
-0.5227457514062632
 31
0.0
 12
0.7622358709262117
 22
-0.6772542485937371
 32
0.0
 13
0.7622358709262117
 23
-0.6772542485937371
 33
0.0
  0
SOLID
  5
29F
330
28C
100
AcDbEntity
  8
0
  6
Continuous
100
AcDbTrace
 10
0.7500000000000001
 20
-0.6
 30
0.0
 11
0.7622358709262117
 21
-0.6772542485937371
 31
0.0
 12
0.7622358709262118
 22
-0.5227457514062632
 32
0.0
 13
0.7622358709262118
 23
-0.5227457514062632
 33
0.0
  0
ENDBLK
  5
2A0
330
28C
100
AcDbEntity
  8
0
100
AcDbBlockEnd
  0
BLOCK
  5
2A2
330
2A1
100
AcDbEntity
  8
0
100
AcDbBlockBegin
  2
*U16
 70
     1
 10
0.0
 20
0.0
 30
0.0
  3
*U16
  1

  0
SOLID
  5
2A3
330
2A1
100
AcDbEntity
  8
0
  6
Continuous
100
AcDbTrace
 10
-0.75
 20
-0.6
 30
0.0
 11
-0.7622358709262116
 21
-0.5227457514062631
 31
0.0
 12
-0.7622358709262118
 22
-0.6772542485937371
 32
0.0
 13
-0.7622358709262118
 23
-0.6772542485937371
 33
0.0
  0
SOLID
  5
2A4
330
2A1
100
AcDbEntity
  8
0
  6
Continuous
100
AcDbTrace
 10
-0.7977457514062633
 20
-0.4530536869268821
 30
0.0
 11
-0.7622358709262118
 21
-0.6772542485937371
 31
0.0
 12
-0.7622358709262116
 22
-0.5227457514062631
 32
0.0
 13
-0.7622358709262116
 23
-0.5227457514062631
 33
0.0
  0
SOLID
  5
2A5
330
2A1
100
AcDbEntity
  8
0
  6
Continuous
100
AcDbTrace
 10
-0.7622358709262118
 20
-0.6772542485937371
 30
0.0
 11
-0.7977457514062633
 21
-0.4530536869268821
 31
0.0
 12
-0.7977457514062634
 22
-0.7469463130731182
 32
0.0
 13
-0.7977457514062634
 23
-0.7469463130731182
 33
0.0
  0
SOLID
  5
2A6
330
2A1
100
AcDbEntity
  8
0
  6
Continuous
100
AcDbTrace
 10
-0.8530536869268814
 20
-0.3977457514062632
 30
0.0
 11
-0.7977457514062634
 21
-0.7469463130731182
 31
0.0
 12
-0.7977457514062633
 22
-0.4530536869268821
 32
0.0
 13
-0.7977457514062633
 23
-0.4530536869268821
 33
0.0
  0
SOLID
  5
2A7
330
2A1
100
AcDbEntity
  8
0
  6
Continuous
100
AcDbTrace
 10
-0.7977457514062634
 20
-0.7469463130731182
 30
0.0
 11
-0.8530536869268814
 21
-0.3977457514062632
 31
0.0
 12
-0.8530536869268818
 22
-0.8022542485937368
 32
0.0
 13
-0.8530536869268818
 23
-0.8022542485937368
 33
0.0
  0
SOLID
  5
2A8
330
2A1
100
AcDbEntity
  8
0
  6
Continuous
100
AcDbTrace
 10
-0.9227457514062631
 20
-0.3622358709262116
 30
0.0
 11
-0.8530536869268818
 21
-0.8022542485937368
 31
0.0
 12
-0.8530536869268814
 22
-0.3977457514062632
 32
0.0
 13
-0.8530536869268814
 23
-0.3977457514062632
 33
0.0
  0
SOLID
  5
2A9
330
2A1
100
AcDbEntity
  8
0
  6
Continuous
100
AcDbTrace
 10
-0.8530536869268818
 20
-0.8022542485937368
 30
0.0
 11
-0.9227457514062631
 21
-0.3622358709262116
 31
0.0
 12
-0.9227457514062631
 22
-0.8377641290737882
 32
0.0
 13
-0.9227457514062631
 23
-0.8377641290737882
 33
0.0
  0
SOLID
  5
2AA
330
2A1
100
AcDbEntity
  8
0
  6
Continuous
100
AcDbTrace
 10
-1.0
 20
-0.35
 30
0.0
 11
-0.9227457514062631
 21
-0.8377641290737882
 31
0.0
 12
-0.9227457514062631
 22
-0.3622358709262116
 32
0.0
 13
-0.9227457514062631
 23
-0.3622358709262116
 33
0.0
  0
SOLID
  5
2AB
330
2A1
100
AcDbEntity
  8
0
  6
Continuous
100
AcDbTrace
 10
-0.9227457514062631
 20
-0.8377641290737882
 30
0.0
 11
-1.0
 21
-0.35
 31
0.0
 12
-1.0
 22
-0.8499999999999998
 32
0.0
 13
-1.0
 23
-0.8499999999999998
 33
0.0
  0
SOLID
  5
2AC
330
2A1
100
AcDbEntity
  8
0
  6
Continuous
100
AcDbTrace
 10
-1.077254248593733
 20
-0.3622358709262117
 30
0.0
 11
-1.0
 21
-0.8499999999999998
 31
0.0
 12
-1.0
 22
-0.35
 32
0.0
 13
-1.0
 23
-0.35
 33
0.0
  0
SOLID
  5
2AD
330
2A1
100
AcDbEntity
  8
0
  6
Continuous
100
AcDbTrace
 10
-1.0
 20
-0.8499999999999998
 30
0.0
 11
-1.077254248593733
 21
-0.3622358709262117
 31
0.0
 12
-1.077254248593733
 22
-0.8377641290737882
 32
0.0
 13
-1.077254248593733
 23
-0.8377641290737882
 33
0.0
  0
SOLID
  5
2AE
330
2A1
100
AcDbEntity
  8
0
  6
Continuous
100
AcDbTrace
 10
-1.146946313073117
 20
-0.3977457514062632
 30
0.0
 11
-1.077254248593733
 21
-0.8377641290737882
 31
0.0
 12
-1.077254248593733
 22
-0.3622358709262117
 32
0.0
 13
-1.077254248593733
 23
-0.3622358709262117
 33
0.0
  0
SOLID
  5
2AF
330
2A1
100
AcDbEntity
  8
0
  6
Continuous
100
AcDbTrace
 10
-1.077254248593733
 20
-0.8377641290737882
 30
0.0
 11
-1.146946313073117
 21
-0.3977457514062632
 31
0.0
 12
-1.146946313073117
 22
-0.8022542485937366
 32
0.0
 13
-1.146946313073117
 23
-0.8022542485937366
 33
0.0
  0
SOLID
  5
2B0
330
2A1
100
AcDbEntity
  8
0
  6
Continuous
100
AcDbTrace
 10
-1.202254248593735
 20
-0.4530536869268817
 30
0.0
 11
-1.146946313073117
 21
-0.8022542485937366
 31
0.0
 12
-1.146946313073117
 22
-0.3977457514062632
 32
0.0
 13
-1.146946313073117
 23
-0.3977457514062632
 33
0.0
  0
SOLID
  5
2B1
330
2A1
100
AcDbEntity
  8
0
  6
Continuous
100
AcDbTrace
 10
-1.146946313073117
 20
-0.8022542485937366
 30
0.0
 11
-1.202254248593735
 21
-0.4530536869268817
 31
0.0
 12
-1.202254248593735
 22
-0.7469463130731181
 32
0.0
 13
-1.202254248593735
 23
-0.7469463130731181
 33
0.0
  0
SOLID
  5
2B2
330
2A1
100
AcDbEntity
  8
0
  6
Continuous
100
AcDbTrace
 10
-1.237764129073787
 20
-0.522745751406263
 30
0.0
 11
-1.202254248593735
 21
-0.7469463130731181
 31
0.0
 12
-1.202254248593735
 22
-0.4530536869268817
 32
0.0
 13
-1.202254248593735
 23
-0.4530536869268817
 33
0.0
  0
SOLID
  5
2B3
330
2A1
100
AcDbEntity
  8
0
  6
Continuous
100
AcDbTrace
 10
-1.202254248593735
 20
-0.7469463130731181
 30
0.0
 11
-1.237764129073787
 21
-0.522745751406263
 31
0.0
 12
-1.237764129073787
 22
-0.6772542485937371
 32
0.0
 13
-1.237764129073787
 23
-0.6772542485937371
 33
0.0
  0
SOLID
  5
2B4
330
2A1
100
AcDbEntity
  8
0
  6
Continuous
100
AcDbTrace
 10
-1.249999999999998
 20
-0.5999999999999999
 30
0.0
 11
-1.237764129073787
 21
-0.6772542485937371
 31
0.0
 12
-1.237764129073787
 22
-0.522745751406263
 32
0.0
 13
-1.237764129073787
 23
-0.522745751406263
 33
0.0
  0
ENDBLK
  5
2B5
330
2A1
100
AcDbEntity
  8
0
100
AcDbBlockEnd
  0
BLOCK
  5
2B7
330
2B6
100
AcDbEntity
  8
0
100
AcDbBlockBegin
  2
*U17
 70
     1
 10
0.0
 20
0.0
 30
0.0
  3
*U17
  1

  0
SOLID
  5
2B8
330
2B6
100
AcDbEntity
  8
0
  6
Continuous
100
AcDbTrace
 10
0.25
 20
1.199999999999999
 30
0.0
 11
0.2377641290737884
 21
1.277254248593735
 31
0.0
 12
0.2377641290737881
 22
1.122745751406261
 32
0.0
 13
0.2377641290737881
 23
1.122745751406261
 33
0.0
  0
SOLID
  5
2B9
330
2B6
100
AcDbEntity
  8
0
  6
Continuous
100
AcDbTrace
 10
0.2022542485937368
 20
1.346946313073118
 30
0.0
 11
0.2377641290737881
 21
1.122745751406261
 31
0.0
 12
0.2377641290737884
 22
1.277254248593735
 32
0.0
 13
0.2377641290737884
 23
1.277254248593735
 33
0.0
  0
SOLID
  5
2BA
330
2B6
100
AcDbEntity
  8
0
  6
Continuous
100
AcDbTrace
 10
0.2377641290737881
 20
1.122745751406261
 30
0.0
 11
0.2022542485937368
 21
1.346946313073118
 31
0.0
 12
0.2022542485937366
 22
1.05305368692688
 32
0.0
 13
0.2022542485937366
 23
1.05305368692688
 33
0.0
  0
SOLID
  5
2BB
330
2B6
100
AcDbEntity
  8
0
  6
Continuous
100
AcDbTrace
 10
0.1469463130731183
 20
1.402254248593735
 30
0.0
 11
0.2022542485937366
 21
1.05305368692688
 31
0.0
 12
0.2022542485937368
 22
1.346946313073118
 32
0.0
 13
0.2022542485937368
 23
1.346946313073118
 33
0.0
  0
SOLID
  5
2BC
330
2B6
100
AcDbEntity
  8
0
  6
Continuous
100
AcDbTrace
 10
0.2022542485937366
 20
1.05305368692688
 30
0.0
 11
0.1469463130731183
 21
1.402254248593735
 31
0.0
 12
0.1469463130731181
 22
0.9977457514062631
 32
0.0
 13
0.1469463130731181
 23
0.9977457514062631
 33
0.0
  0
SOLID
  5
2BD
330
2B6
100
AcDbEntity
  8
0
  6
Continuous
100
AcDbTrace
 10
0.0772542485937369
 20
1.437764129073788
 30
0.0
 11
0.1469463130731181
 21
0.9977457514062631
 31
0.0
 12
0.1469463130731183
 22
1.402254248593735
 32
0.0
 13
0.1469463130731183
 23
1.402254248593735
 33
0.0
  0
SOLID
  5
2BE
330
2B6
100
AcDbEntity
  8
0
  6
Continuous
100
AcDbTrace
 10
0.1469463130731181
 20
0.9977457514062631
 30
0.0
 11
0.0772542485937369
 21
1.437764129073788
 31
0.0
 12
0.0772542485937367
 22
0.9622358709262115
 32
0.0
 13
0.0772542485937367
 23
0.9622358709262115
 33
0.0
  0
SOLID
  5
2BF
330
2B6
100
AcDbEntity
  8
0
  6
Continuous
100
AcDbTrace
 10
0.0
 20
1.45
 30
0.0
 11
0.0772542485937367
 21
0.9622358709262115
 31
0.0
 12
0.0772542485937369
 22
1.437764129073788
 32
0.0
 13
0.0772542485937369
 23
1.437764129073788
 33
0.0
  0
SOLID
  5
2C0
330
2B6
100
AcDbEntity
  8
0
  6
Continuous
100
AcDbTrace
 10
0.0772542485937367
 20
0.9622358709262115
 30
0.0
 11
0.0
 21
1.45
 31
0.0
 12
-0.0000000000000001
 22
0.95
 32
0.0
 13
-0.0000000000000001
 23
0.95
 33
0.0
  0
SOLID
  5
2C1
330
2B6
100
AcDbEntity
  8
0
  6
Continuous
100
AcDbTrace
 10
-0.0772542485937368
 20
1.437764129073788
 30
0.0
 11
-0.0000000000000001
 21
0.95
 31
0.0
 12
0.0
 22
1.45
 32
0.0
 13
0.0
 23
1.45
 33
0.0
  0
SOLID
  5
2C2
330
2B6
100
AcDbEntity
  8
0
  6
Continuous
100
AcDbTrace
 10
-0.0000000000000001
 20
0.95
 30
0.0
 11
-0.0772542485937368
 21
1.437764129073788
 31
0.0
 12
-0.0772542485937369
 22
0.9622358709262115
 32
0.0
 13
-0.0772542485937369
 23
0.9622358709262115
 33
0.0
  0
SOLID
  5
2C3
330
2B6
100
AcDbEntity
  8
0
  6
Continuous
100
AcDbTrace
 10
-0.1469463130731182
 20
1.402254248593735
 30
0.0
 11
-0.0772542485937369
 21
0.9622358709262115
 31
0.0
 12
-0.0772542485937368
 22
1.437764129073788
 32
0.0
 13
-0.0772542485937368
 23
1.437764129073788
 33
0.0
  0
SOLID
  5
2C4
330
2B6
100
AcDbEntity
  8
0
  6
Continuous
100
AcDbTrace
 10
-0.0772542485937369
 20
0.9622358709262115
 30
0.0
 11
-0.1469463130731182
 21
1.402254248593735
 31
0.0
 12
-0.1469463130731183
 22
0.9977457514062631
 32
0.0
 13
-0.1469463130731183
 23
0.9977457514062631
 33
0.0
  0
SOLID
  5
2C5
330
2B6
100
AcDbEntity
  8
0
  6
Continuous
100
AcDbTrace
 10
-0.2022542485937367
 20
1.346946313073118
 30
0.0
 11
-0.1469463130731183
 21
0.9977457514062631
 31
0.0
 12
-0.1469463130731182
 22
1.402254248593735
 32
0.0
 13
-0.1469463130731182
 23
1.402254248593735
 33
0.0
  0
SOLID
  5
2C6
330
2B6
100
AcDbEntity
  8
0
  6
Continuous
100
AcDbTrace
 10
-0.1469463130731183
 20
0.9977457514062631
 30
0.0
 11
-0.2022542485937367
 21
1.346946313073118
 31
0.0
 12
-0.2022542485937368
 22
1.05305368692688
 32
0.0
 13
-0.2022542485937368
 23
1.05305368692688
 33
0.0
  0
SOLID
  5
2C7
330
2B6
100
AcDbEntity
  8
0
  6
Continuous
100
AcDbTrace
 10
-0.2377641290737882
 20
1.277254248593735
 30
0.0
 11
-0.2022542485937368
 21
1.05305368692688
 31
0.0
 12
-0.2022542485937367
 22
1.346946313073118
 32
0.0
 13
-0.2022542485937367
 23
1.346946313073118
 33
0.0
  0
SOLID
  5
2C8
330
2B6
100
AcDbEntity
  8
0
  6
Continuous
100
AcDbTrace
 10
-0.2022542485937368
 20
1.05305368692688
 30
0.0
 11
-0.2377641290737882
 21
1.277254248593735
 31
0.0
 12
-0.2377641290737883
 22
1.122745751406261
 32
0.0
 13
-0.2377641290737883
 23
1.122745751406261
 33
0.0
  0
SOLID
  5
2C9
330
2B6
100
AcDbEntity
  8
0
  6
Continuous
100
AcDbTrace
 10
-0.2499999999999999
 20
1.199999999999999
 30
0.0
 11
-0.2377641290737883
 21
1.122745751406261
 31
0.0
 12
-0.2377641290737882
 22
1.277254248593735
 32
0.0
 13
-0.2377641290737882
 23
1.277254248593735
 33
0.0
  0
ENDBLK
  5
2CA
330
2B6
100
AcDbEntity
  8
0
100
AcDbBlockEnd
  0
BLOCK
  5
2CC
330
2CB
100
AcDbEntity
  8
0
100
AcDbBlockBegin
  2
*U18
 70
     1
 10
0.0
 20
0.0
 30
0.0
  3
*U18
  1

  0
SOLID
  5
2CD
330
2CB
100
AcDbEntity
  8
0
  6
Continuous
100
AcDbTrace
 10
0.25
 20
2.2
 30
0.0
 11
0.2377641290737884
 21
2.277254248593733
 31
0.0
 12
0.2377641290737881
 22
2.122745751406263
 32
0.0
 13
0.2377641290737881
 23
2.122745751406263
 33
0.0
  0
SOLID
  5
2CE
330
2CB
100
AcDbEntity
  8
0
  6
Continuous
100
AcDbTrace
 10
0.2022542485937368
 20
2.346946313073118
 30
0.0
 11
0.2377641290737881
 21
2.122745751406263
 31
0.0
 12
0.2377641290737884
 22
2.277254248593733
 32
0.0
 13
0.2377641290737884
 23
2.277254248593733
 33
0.0
  0
SOLID
  5
2CF
330
2CB
100
AcDbEntity
  8
0
  6
Continuous
100
AcDbTrace
 10
0.2377641290737881
 20
2.122745751406263
 30
0.0
 11
0.2022542485937368
 21
2.346946313073118
 31
0.0
 12
0.2022542485937366
 22
2.05305368692688
 32
0.0
 13
0.2022542485937366
 23
2.05305368692688
 33
0.0
  0
SOLID
  5
2D0
330
2CB
100
AcDbEntity
  8
0
  6
Continuous
100
AcDbTrace
 10
0.1469463130731183
 20
2.402254248593733
 30
0.0
 11
0.2022542485937366
 21
2.05305368692688
 31
0.0
 12
0.2022542485937368
 22
2.346946313073118
 32
0.0
 13
0.2022542485937368
 23
2.346946313073118
 33
0.0
  0
SOLID
  5
2D1
330
2CB
100
AcDbEntity
  8
0
  6
Continuous
100
AcDbTrace
 10
0.2022542485937366
 20
2.05305368692688
 30
0.0
 11
0.1469463130731183
 21
2.402254248593733
 31
0.0
 12
0.1469463130731181
 22
1.997745751406263
 32
0.0
 13
0.1469463130731181
 23
1.997745751406263
 33
0.0
  0
SOLID
  5
2D2
330
2CB
100
AcDbEntity
  8
0
  6
Continuous
100
AcDbTrace
 10
0.0772542485937369
 20
2.437764129073788
 30
0.0
 11
0.1469463130731181
 21
1.997745751406263
 31
0.0
 12
0.1469463130731183
 22
2.402254248593733
 32
0.0
 13
0.1469463130731183
 23
2.402254248593733
 33
0.0
  0
SOLID
  5
2D3
330
2CB
100
AcDbEntity
  8
0
  6
Continuous
100
AcDbTrace
 10
0.1469463130731181
 20
1.997745751406263
 30
0.0
 11
0.0772542485937369
 21
2.437764129073788
 31
0.0
 12
0.0772542485937367
 22
1.962235870926209
 32
0.0
 13
0.0772542485937367
 23
1.962235870926209
 33
0.0
  0
SOLID
  5
2D4
330
2CB
100
AcDbEntity
  8
0
  6
Continuous
100
AcDbTrace
 10
0.0
 20
2.45
 30
0.0
 11
0.0772542485937367
 21
1.962235870926209
 31
0.0
 12
0.0772542485937369
 22
2.437764129073788
 32
0.0
 13
0.0772542485937369
 23
2.437764129073788
 33
0.0
  0
SOLID
  5
2D5
330
2CB
100
AcDbEntity
  8
0
  6
Continuous
100
AcDbTrace
 10
0.0772542485937367
 20
1.962235870926209
 30
0.0
 11
0.0
 21
2.45
 31
0.0
 12
-0.0000000000000001
 22
1.95
 32
0.0
 13
-0.0000000000000001
 23
1.95
 33
0.0
  0
SOLID
  5
2D6
330
2CB
100
AcDbEntity
  8
0
  6
Continuous
100
AcDbTrace
 10
-0.0772542485937368
 20
2.437764129073788
 30
0.0
 11
-0.0000000000000001
 21
1.95
 31
0.0
 12
0.0
 22
2.45
 32
0.0
 13
0.0
 23
2.45
 33
0.0
  0
SOLID
  5
2D7
330
2CB
100
AcDbEntity
  8
0
  6
Continuous
100
AcDbTrace
 10
-0.0000000000000001
 20
1.95
 30
0.0
 11
-0.0772542485937368
 21
2.437764129073788
 31
0.0
 12
-0.0772542485937369
 22
1.962235870926209
 32
0.0
 13
-0.0772542485937369
 23
1.962235870926209
 33
0.0
  0
SOLID
  5
2D8
330
2CB
100
AcDbEntity
  8
0
  6
Continuous
100
AcDbTrace
 10
-0.1469463130731182
 20
2.402254248593733
 30
0.0
 11
-0.0772542485937369
 21
1.962235870926209
 31
0.0
 12
-0.0772542485937368
 22
2.437764129073788
 32
0.0
 13
-0.0772542485937368
 23
2.437764129073788
 33
0.0
  0
SOLID
  5
2D9
330
2CB
100
AcDbEntity
  8
0
  6
Continuous
100
AcDbTrace
 10
-0.0772542485937369
 20
1.962235870926209
 30
0.0
 11
-0.1469463130731182
 21
2.402254248593733
 31
0.0
 12
-0.1469463130731183
 22
1.997745751406263
 32
0.0
 13
-0.1469463130731183
 23
1.997745751406263
 33
0.0
  0
SOLID
  5
2DA
330
2CB
100
AcDbEntity
  8
0
  6
Continuous
100
AcDbTrace
 10
-0.2022542485937367
 20
2.346946313073118
 30
0.0
 11
-0.1469463130731183
 21
1.997745751406263
 31
0.0
 12
-0.1469463130731182
 22
2.402254248593733
 32
0.0
 13
-0.1469463130731182
 23
2.402254248593733
 33
0.0
  0
SOLID
  5
2DB
330
2CB
100
AcDbEntity
  8
0
  6
Continuous
100
AcDbTrace
 10
-0.1469463130731183
 20
1.997745751406263
 30
0.0
 11
-0.2022542485937367
 21
2.346946313073118
 31
0.0
 12
-0.2022542485937368
 22
2.05305368692688
 32
0.0
 13
-0.2022542485937368
 23
2.05305368692688
 33
0.0
  0
SOLID
  5
2DC
330
2CB
100
AcDbEntity
  8
0
  6
Continuous
100
AcDbTrace
 10
-0.2377641290737882
 20
2.277254248593734
 30
0.0
 11
-0.2022542485937368
 21
2.05305368692688
 31
0.0
 12
-0.2022542485937367
 22
2.346946313073118
 32
0.0
 13
-0.2022542485937367
 23
2.346946313073118
 33
0.0
  0
SOLID
  5
2DD
330
2CB
100
AcDbEntity
  8
0
  6
Continuous
100
AcDbTrace
 10
-0.2022542485937368
 20
2.05305368692688
 30
0.0
 11
-0.2377641290737882
 21
2.277254248593734
 31
0.0
 12
-0.2377641290737883
 22
2.122745751406263
 32
0.0
 13
-0.2377641290737883
 23
2.122745751406263
 33
0.0
  0
SOLID
  5
2DE
330
2CB
100
AcDbEntity
  8
0
  6
Continuous
100
AcDbTrace
 10
-0.2499999999999999
 20
2.2
 30
0.0
 11
-0.2377641290737883
 21
2.122745751406263
 31
0.0
 12
-0.2377641290737882
 22
2.277254248593734
 32
0.0
 13
-0.2377641290737882
 23
2.277254248593734
 33
0.0
  0
ENDBLK
  5
2DF
330
2CB
100
AcDbEntity
  8
0
100
AcDbBlockEnd
  0
BLOCK
  5
2E1
330
2E0
100
AcDbEntity
  8
0
100
AcDbBlockBegin
  2
gc160
 70
     0
 10
0.0
 20
0.0
 30
0.0
  3
gc160
  1

  0
CIRCLE
  5
2E2
330
2E0
100
AcDbEntity
  8
0
100
AcDbCircle
 10
0.0
 20
0.0
 30
0.0
 40
0.5
  0
CIRCLE
  5
2E3
330
2E0
100
AcDbEntity
  8
0
100
AcDbCircle
 10
1.0
 20
-0.6000000000000001
 30
0.0
 40
0.25
  0
CIRCLE
  5
2E4
330
2E0
100
AcDbEntity
  8
0
100
AcDbCircle
 10
-1.0
 20
-0.6
 30
0.0
 40
0.25
  0
CIRCLE
  5
2E5
330
2E0
100
AcDbEntity
  8
0
100
AcDbCircle
 10
0.0
 20
1.199999999999999
 30
0.0
 40
0.25
  0
CIRCLE
  5
2E6
330
2E0
100
AcDbEntity
  8
0
100
AcDbCircle
 10
0.0
 20
2.2
 30
0.0
 40
0.25
  0
INSERT
  5
2E7
330
2E0
100
AcDbEntity
  8
0
  6
Continuous
100
AcDbBlockReference
  2
*U18
 10
0.0
 20
0.0
 30
0.0
1001
ACAD
1002
{
1000
R14_HATCH_DATA
1000
CB
1011
1.0
1021
0.0
1031
0.0
1011
0.0
1021
1.0
1031
0.0
1011
0.0
1021
0.0
1031
1.0
1040
0.0
1010
0.0
1020
0.0
1030
1.0
1000
SOLID
1070
     1
1070
     0
1071
        1
1071
        1
1071
        1
1070
     2
1040
0.0
1040
2.2
1040
0.25
1040
0.0
1040
6.283185307179584
1070
     1
1071
        0
1070
     0
1070
     1
1071
        1
1040
0.0
1040
0.0
1040
0.0
1002
}
  0
INSERT
  5
2E8
330
2E0
100
AcDbEntity
  8
0
  6
Continuous
100
AcDbBlockReference
  2
*U17
 10
0.0
 20
0.0
 30
0.0
1001
ACAD
1002
{
1000
R14_HATCH_DATA
1000
CC
1011
1.0
1021
0.0
1031
0.0
1011
0.0
1021
1.0
1031
0.0
1011
0.0
1021
0.0
1031
1.0
1040
0.0
1010
0.0
1020
0.0
1030
1.0
1000
SOLID
1070
     1
1070
     0
1071
        1
1071
        1
1071
        1
1070
     2
1040
0.0
1040
1.199999999999999
1040
0.25
1040
0.0
1040
6.283185307179584
1070
     1
1071
        0
1070
     0
1070
     1
1071
        1
1040
0.0
1040
0.0
1040
0.0
1002
}
  0
INSERT
  5
2E9
330
2E0
100
AcDbEntity
  8
0
  6
Continuous
100
AcDbBlockReference
  2
*U16
 10
0.0
 20
0.0
 30
0.0
1001
ACAD
1002
{
1000
R14_HATCH_DATA
1000
CD
1011
1.0
1021
0.0
1031
0.0
1011
0.0
1021
1.0
1031
0.0
1011
0.0
1021
0.0
1031
1.0
1040
0.0
1010
0.0
1020
0.0
1030
1.0
1000
SOLID
1070
     1
1070
     0
1071
        1
1071
        1
1071
        1
1070
     2
1040
-1.0
1040
-0.6
1040
0.25
1040
0.0
1040
6.283185307179584
1070
     1
1071
        0
1070
     0
1070
     1
1071
        1
1040
0.0
1040
0.0
1040
0.0
1002
}
  0
INSERT
  5
2EA
330
2E0
100
AcDbEntity
  8
0
  6
Continuous
100
AcDbBlockReference
  2
*U15
 10
0.0
 20
0.0
 30
0.0
1001
ACAD
1002
{
1000
R14_HATCH_DATA
1000
CE
1011
1.0
1021
0.0
1031
0.0
1011
0.0
1021
1.0
1031
0.0
1011
0.0
1021
0.0
1031
1.0
1040
0.0
1010
0.0
1020
0.0
1030
1.0
1000
SOLID
1070
     1
1070
     0
1071
        1
1071
        1
1071
        1
1070
     2
1040
1.0
1040
-0.6000000000000001
1040
0.25
1040
0.0
1040
6.283185307179584
1070
     1
1071
        0
1070
     0
1070
     1
1071
        1
1040
0.0
1040
0.0
1040
0.0
1002
}
  0
ENDBLK
  5
2EB
330
2E0
100
AcDbEntity
  8
0
100
AcDbBlockEnd
  0
BLOCK
  5
2EF
330
2EC
100
AcDbEntity
  8
0
100
AcDbBlockBegin
  2
hwgasgsftagsf
 70
     0
 10
0.0
 20
0.0
 30
0.0
  3
hwgasgsftagsf
  1

  0
LINE
  5
2F0
330
2EC
100
AcDbEntity
  8
轮廓线
100
AcDbLine
 10
1941330.544612707
 20
2787584.611244034
 30
0.0
 11
1948930.544612708
 21
2787584.611244034
 31
0.0
  0
LINE
  5
2F1
330
2EC
100
AcDbEntity
  8
轮廓线
100
AcDbLine
 10
1940830.544612707
 20
2788084.611244034
 30
0.0
 11
1949430.544612708
 21
2788084.611244034
 31
0.0
  0
LINE
  5
2F2
330
2EC
100
AcDbEntity
  8
轮廓线
100
AcDbLine
 10
1948930.544612708
 20
2785284.611244033
 30
0.0
 11
1948930.544612708
 21
2787584.611244034
 31
0.0
  0
LINE
  5
2F3
330
2EC
100
AcDbEntity
  8
1
100
AcDbLine
 10
1949130.544612894
 20
2785584.611244022
 30
0.0
 11
1949130.544612894
 21
2785884.61124401
 31
0.0
  0
LINE
  5
2F4
330
2EC
100
AcDbEntity
  8
轮廓线
100
AcDbLine
 10
1949430.544612708
 20
2785284.611244033
 30
0.0
 11
1949430.544612708
 21
2788084.611244034
 31
0.0
  0
LINE
  5
2F5
330
2EC
100
AcDbEntity
  8
轮廓线
100
AcDbLine
 10
1941330.544612707
 20
2785284.611244033
 30
0.0
 11
1941330.544612707
 21
2787584.611244034
 31
0.0
  0
LINE
  5
2F6
330
2EC
100
AcDbEntity
  8
1
100
AcDbLine
 10
1941130.544612986
 20
2785584.611244022
 30
0.0
 11
1941130.544612986
 21
2785884.61124401
 31
0.0
  0
LINE
  5
2F7
330
2EC
100
AcDbEntity
  8
轮廓线
100
AcDbLine
 10
1940830.544612707
 20
2785284.611244033
 30
0.0
 11
1940830.544612707
 21
2788084.611244034
 31
0.0
  0
LWPOLYLINE
  5
2F8
330
2EC
100
AcDbEntity
  8
轮廓线
100
AcDbPolyline
 90
        2
 70
     0
 43
0.0
 10
1940830.544612707
 20
2785284.611244033
 10
1949430.544612708
 20
2785284.611244033
  0
LWPOLYLINE
  5
2F9
330
2EC
100
AcDbEntity
  8
轮廓线
100
AcDbPolyline
 90
        2
 70
     0
 43
0.0
 10
1941130.544612986
 20
2785584.611244022
 10
1941330.544612707
 20
2785584.611244022
  0
LWPOLYLINE
  5
2FA
330
2EC
100
AcDbEntity
  8
轮廓线
100
AcDbPolyline
 90
        2
 70
     0
 43
0.0
 10
1948930.544612708
 20
2785584.611244022
 10
1949130.544612894
 20
2785584.611244022
  0
LWPOLYLINE
  5
2FB
330
2EC
100
AcDbEntity
  8
轮廓线
100
AcDbPolyline
 90
        2
 70
     0
 43
0.0
 10
1941130.544612986
 20
2785884.61124401
 10
1941330.544612707
 20
2785884.61124401
  0
LWPOLYLINE
  5
2FC
330
2EC
100
AcDbEntity
  8
轮廓线
100
AcDbPolyline
 90
        2
 70
     0
 43
0.0
 10
1948930.544612708
 20
2785884.61124401
 10
1949130.544612894
 20
2785884.61124401
  0
LINE
  5
2FD
330
2EC
100
AcDbEntity
  8
线框
370
    -3
100
AcDbLine
 10
1941130.544612986
 20
2785654.345981998
 30
0.0
 11
1949130.544612894
 21
2785654.345981998
 31
0.0
  0
LINE
  5
2FE
330
2EC
100
AcDbEntity
  8
文字
 48
1000.0
370
     0
100
AcDbLine
 10
1941130.544612986
 20
2785804.345982021
 30
0.0
 11
1949130.544612894
 21
2785804.345982021
 31
0.0
  0
HATCH
  5
2FF
330
2EC
100
AcDbEntity
  8
细线
  6
Continuous
 62
     8
 48
0.5
370
     0
100
AcDbHatch
 10
0.0
 20
0.0
 30
0.0
210
0.0
220
0.0
230
1.0
  2
AR-CONC
 70
     0
 71
     0
 91
        2
 92
        1
 93
        4
 72
     1
 10
1941130.544612986
 20
2785884.61124401
 11
1941130.544612986
 21
2785804.345981963
 72
     1
 10
1941130.544612986
 20
2785804.345982021
 11
1941330.544613173
 21
2785804.345982021
 72
     1
 10
1941330.544612707
 20
2785804.345982021
 11
1941330.544612707
 21
2785884.611244069
 72
     1
 10
1941330.544612707
 20
2785884.61124401
 11
1941130.544612521
 21
2785884.61124401
 97
        0
 92
        1
 93
        4
 72
     1
 10
1941130.544612986
 20
2785654.345981998
 11
1941130.544612986
 21
2785584.611244022
 72
     1
 10
1941130.544612986
 20
2785584.611244022
 11
1941330.544613173
 21
2785584.611244022
 72
     1
 10
1941330.544612707
 20
2785584.611244022
 11
1941330.544612707
 21
2785654.345981998
 72
     1
 10
1941330.544612707
 20
2785654.345981998
 11
1941130.544612521
 21
2785654.345981998
 97
        0
 75
     1
 76
     1
 52
-90.00000000000001
 41
1.0
 77
     0
 78
    13
 53
320.0
 43
2007200.875124206
 44
2790761.704225785
 45
-15.93908553890312
 46
-182.184668996004
 79
     2
 49
19.05
 49
-209.55
 53
265.0
 43
2007200.875124206
 44
2790761.704225785
 45
191.0568452390351
 46
35.24342142496931
 79
     2
 49
15.24
 49
-167.64058417
 53
10.45144469999994
 43
2007199.546870553
 44
2790746.522218798
 45
175.1177519121951
 46
-146.9412470903533
 79
     2
 49
16.19000879999999
 49
-178.0902445999999
 53
316.1842
 43
2007251.675124058
 44
2790761.704225785
 45
-42.0423279327272
 46
-271.0790408921299
 79
     2
 49
28.57499999999935
 49
-314.3249999999927
 53
6.635557609999684
 43
2007248.17162404
 44
2790739.114325778
 45
247.4261245977215
 46
-237.4041340515031
 79
     2
 49
24.28502314
 49
-267.13560816
 53
261.1841511699999
 43
2007251.675124058
 44
2790761.704225785
 45
247.4261245855326
 46
-237.4041340649771
 79
     2
 49
22.85996707
 49
-251.45973192
 53
291.0
 43
2007238.975124211
 44
2790736.304225801
 45
-102.2651981870876
 46
-151.6143912691324
 79
     2
 49
19.05
 49
-209.55
 53
236.0
 43
2007238.975124211
 44
2790736.304225801
 45
184.1879661223192
 46
-61.80202834764711
 79
     2
 49
15.24
 49
-167.64
 53
341.451445
 43
2007230.453023931
 44
2790723.669693217
 45
81.92276888590518
 46
-213.4164192787162
 79
     2
 49
16.19000879999999
 49
-178.0899375999999
 53
307.5
 43
2007200.875124206
 44
2790761.704225785
 45
84.55503887315312
 46
-3.088603250591831
 79
     6
 49
0.0
 49
-165.608
 49
0.0
 49
-170.1799999999999
 49
0.0
 49
-168.275
 53
277.5
 43
2007200.875124206
 44
2790761.704225785
 45
100.1805748181195
 46
-66.81966251030576
 79
     6
 49
0.0
 49
-97.02800000000001
 49
0.0
 49
-161.798
 49
0.0
 49
-64.13499999999999
 53
237.5
 43
2007200.875124206
 44
2790818.346225766
 45
-5.728743992673467
 46
-135.5905951668714
 79
     6
 49
0.0
 49
-63.50000000000001
 49
0.0
 49
-198.1200000000001
 49
0.0
 49
-262.8900000000001
 53
227.5
 43
2007200.875124206
 44
2790843.746225809
 45
25.426491033333
 46
-148.129181386018
 79
     6
 49
0.0
 49
-82.55
 49
0.0
 49
-131.572
 49
0.0
 49
-186.69
 98
        2
 10
1941234.815013466
 20
2785832.69753108
 10
1941247.24472115
 20
2785569.681268523
1001
GradientColor1ACI
1070
     5
1001
GradientColor2ACI
1070
     2
1001
ACAD
1010
0.0
1020
0.0
1030
0.0
  0
HATCH
  5
300
330
2EC
100
AcDbEntity
  8
细线
  6
Continuous
 62
     8
 48
0.5
370
     0
100
AcDbHatch
 10
0.0
 20
0.0
 30
0.0
210
0.0
220
0.0
230
1.0
  2
ANSI32
 70
     0
 71
     0
 91
        2
 92
        1
 93
        4
 72
     1
 10
1941130.544612986
 20
2785654.345981998
 11
1941130.544612986
 21
2785584.611244022
 72
     1
 10
1941130.544612986
 20
2785584.611244022
 11
1941330.544613173
 21
2785584.611244022
 72
     1
 10
1941330.544612707
 20
2785584.611244022
 11
1941330.544612707
 21
2785654.345981998
 72
     1
 10
1941330.544612707
 20
2785654.345981998
 11
1941130.544612521
 21
2785654.345981998
 97
        0
 92
        1
 93
        4
 72
     1
 10
1941130.544612986
 20
2785884.61124401
 11
1941130.544612986
 21
2785804.345981963
 72
     1
 10
1941130.544612986
 20
2785804.345982021
 11
1941330.544613173
 21
2785804.345982021
 72
     1
 10
1941330.544612707
 20
2785804.345982021
 11
1941330.544612707
 21
2785884.611244069
 72
     1
 10
1941330.544612707
 20
2785884.61124401
 11
1941130.544612521
 21
2785884.61124401
 97
        0
 75
     1
 76
     1
 52
-90.00000000000001
 41
10.0
 77
     0
 78
     2
 53
315.0
 43
2007200.875124206
 44
2790761.704225785
 45
67.35192090801866
 46
67.35192090801864
 79
     0
 53
315.0
 43
2007200.875124206
 44
2790716.802925796
 45
67.35192090801866
 46
67.35192090801864
 79
     0
 98
        2
 10
1941218.167580535
 20
2785580.223191459
 10
1941236.007166897
 20
2785885.530875867
1001
GradientColor1ACI
1070
     5
1001
GradientColor2ACI
1070
     2
1001
ACAD
1010
0.0
1020
0.0
1030
0.0
  0
HATCH
  5
301
330
2EC
100
AcDbEntity
  8
细线
  6
Continuous
 62
     8
 48
0.5
370
     0
100
AcDbHatch
 10
0.0
 20
0.0
 30
0.0
210
0.0
220
0.0
230
1.0
  2
AR-CONC
 70
     0
 71
     0
 91
        2
 92
        1
 93
        4
 72
     1
 10
1948930.544612708
 20
2785884.61124401
 11
1948930.544612708
 21
2785804.345981963
 72
     1
 10
1948930.544612708
 20
2785804.345982021
 11
1949130.544612894
 21
2785804.345982021
 72
     1
 10
1949130.544612894
 20
2785804.345982021
 11
1949130.544612894
 21
2785884.611244069
 72
     1
 10
1949130.544612894
 20
2785884.61124401
 11
1948930.544612708
 21
2785884.61124401
 97
        0
 92
        1
 93
        4
 72
     1
 10
1948930.544612708
 20
2785654.345981998
 11
1948930.544612708
 21
2785584.611244022
 72
     1
 10
1948930.544612708
 20
2785584.611244022
 11
1949130.544612894
 21
2785584.611244022
 72
     1
 10
1949130.544612894
 20
2785584.611244022
 11
1949130.544612894
 21
2785654.345981998
 72
     1
 10
1949130.544612894
 20
2785654.345981998
 11
1948930.544612708
 21
2785654.345981998
 97
        0
 75
     1
 76
     1
 52
-90.00000000000001
 41
1.0
 77
     0
 78
    13
 53
320.0
 43
1994400.875124019
 44
2790761.704225785
 45
-15.93908553890312
 46
-182.184668996004
 79
     2
 49
19.05
 49
-209.55
 53
265.0
 43
1994400.875124019
 44
2790761.704225785
 45
191.0568452390351
 46
35.24342142496931
 79
     2
 49
15.24
 49
-167.64058417
 53
10.45144469999994
 43
1994399.546870366
 44
2790746.522218798
 45
175.1177519121951
 46
-146.9412470903533
 79
     2
 49
16.19000879999999
 49
-178.0902445999999
 53
316.1842
 43
1994451.675123871
 44
2790761.704225785
 45
-42.0423279327272
 46
-271.0790408921299
 79
     2
 49
28.57499999999935
 49
-314.3249999999928
 53
6.635557609999684
 43
1994448.171623853
 44
2790739.114325778
 45
247.4261245977215
 46
-237.4041340515031
 79
     2
 49
24.28502314
 49
-267.13560816
 53
261.1841511699999
 43
1994451.675123871
 44
2790761.704225785
 45
247.4261245855326
 46
-237.4041340649771
 79
     2
 49
22.85996707
 49
-251.45973192
 53
291.0
 43
1994438.975124024
 44
2790736.304225801
 45
-102.2651981870876
 46
-151.6143912691324
 79
     2
 49
19.05
 49
-209.55
 53
236.0
 43
1994438.975124024
 44
2790736.304225801
 45
184.1879661223192
 46
-61.80202834764711
 79
     2
 49
15.24
 49
-167.64
 53
341.451445
 43
1994430.453024209
 44
2790723.669693217
 45
81.92276888590518
 46
-213.4164192787162
 79
     2
 49
16.19000879999999
 49
-178.0899375999999
 53
307.5
 43
1994400.875124019
 44
2790761.704225785
 45
84.55503887315312
 46
-3.088603250591831
 79
     6
 49
0.0
 49
-165.608
 49
0.0
 49
-170.1799999999999
 49
0.0
 49
-168.275
 53
277.5
 43
1994400.875124019
 44
2790761.704225785
 45
100.1805748181195
 46
-66.81966251030576
 79
     6
 49
0.0
 49
-97.02800000000001
 49
0.0
 49
-161.798
 49
0.0
 49
-64.13499999999999
 53
237.5
 43
1994400.875124019
 44
2790818.346225766
 45
-5.728743992673467
 46
-135.5905951668714
 79
     6
 49
0.0
 49
-63.50000000000001
 49
0.0
 49
-198.1200000000001
 49
0.0
 49
-262.8900000000001
 53
227.5
 43
1994400.875124019
 44
2790843.746225809
 45
25.426491033333
 46
-148.129181386018
 79
     6
 49
0.0
 49
-82.55
 49
0.0
 49
-131.572
 49
0.0
 49
-186.69
 98
        2
 10
1949034.815013653
 20
2785832.69753108
 10
1949047.244721337
 20
2785569.681268523
1001
GradientColor1ACI
1070
     5
1001
GradientColor2ACI
1070
     2
1001
ACAD
1010
0.0
1020
0.0
1030
0.0
  0
HATCH
  5
302
330
2EC
100
AcDbEntity
  8
细线
  6
Continuous
 62
     8
 48
0.5
370
     0
100
AcDbHatch
 10
0.0
 20
0.0
 30
0.0
210
0.0
220
0.0
230
1.0
  2
ANSI32
 70
     0
 71
     0
 91
        2
 92
        1
 93
        4
 72
     1
 10
1948930.544612708
 20
2785654.345981998
 11
1948930.544612708
 21
2785584.611244022
 72
     1
 10
1948930.544612708
 20
2785584.611244022
 11
1949130.544612894
 21
2785584.611244022
 72
     1
 10
1949130.544612894
 20
2785584.611244022
 11
1949130.544612894
 21
2785654.345981998
 72
     1
 10
1949130.544612894
 20
2785654.345981998
 11
1948930.544612708
 21
2785654.345981998
 97
        0
 92
        1
 93
        4
 72
     1
 10
1948930.544612708
 20
2785884.61124401
 11
1948930.544612708
 21
2785804.345981963
 72
     1
 10
1948930.544612708
 20
2785804.345982021
 11
1949130.544612894
 21
2785804.345982021
 72
     1
 10
1949130.544612894
 20
2785804.345982021
 11
1949130.544612894
 21
2785884.611244069
 72
     1
 10
1949130.544612894
 20
2785884.61124401
 11
1948930.544612708
 21
2785884.61124401
 97
        0
 75
     1
 76
     1
 52
-90.00000000000001
 41
10.0
 77
     0
 78
     2
 53
315.0
 43
1994400.875124019
 44
2790761.704225785
 45
67.35192090801866
 46
67.35192090801864
 79
     0
 53
315.0
 43
1994400.875124019
 44
2790716.802925796
 45
67.35192090801866
 46
67.35192090801864
 79
     0
 98
        2
 10
1949018.167580722
 20
2785580.223191459
 10
1949036.007166619
 20
2785885.530875867
1001
GradientColor1ACI
1070
     5
1001
GradientColor2ACI
1070
     2
1001
ACAD
1010
0.0
1020
0.0
1030
0.0
  0
LWPOLYLINE
  5
303
330
2EC
100
AcDbEntity
  8
轮廓线
  6
DASH
100
AcDbPolyline
 90
        4
 70
     1
 43
0.0
 10
1941130.544612986
 20
2785654.345981998
 10
1941130.544612986
 20
2787784.611244045
 10
1949130.544612894
 20
2787784.611244045
 10
1949130.544612894
 20
2785654.345981998
  0
CIRCLE
  5
304
330
2EC
100
AcDbEntity
  8
文字
370
     0
100
AcDbCircle
 10
1946828.627701266
 20
2785734.611244046
 30
0.0
 40
23.05563611950493
  0
CIRCLE
  5
305
330
2EC
100
AcDbEntity
  8
文字
370
     0
100
AcDbCircle
 10
1947054.252115893
 20
2785734.611244046
 30
0.0
 40
23.05563611950493
  0
CIRCLE
  5
306
330
2EC
100
AcDbEntity
  8
文字
370
     0
100
AcDbCircle
 10
1947279.876530519
 20
2785734.611244046
 30
0.0
 40
23.05563611950493
  0
CIRCLE
  5
307
330
2EC
100
AcDbEntity
  8
文字
370
     0
100
AcDbCircle
 10
1946377.378872013
 20
2785734.611244046
 30
0.0
 40
23.05563611950493
  0
CIRCLE
  5
308
330
2EC
100
AcDbEntity
  8
文字
370
     0
100
AcDbCircle
 10
1946603.00328664
 20
2785734.611244046
 30
0.0
 40
23.05563611950493
  0
CIRCLE
  5
309
330
2EC
100
AcDbEntity
  8
文字
370
     0
100
AcDbCircle
 10
1945926.13004276
 20
2785734.611244046
 30
0.0
 40
23.05563611950493
  0
CIRCLE
  5
30A
330
2EC
100
AcDbEntity
  8
文字
370
     0
100
AcDbCircle
 10
1946151.754457387
 20
2785734.611244046
 30
0.0
 40
23.05563611950493
  0
CIRCLE
  5
30B
330
2EC
100
AcDbEntity
  8
文字
370
     0
100
AcDbCircle
 10
1945700.505628134
 20
2785734.611244046
 30
0.0
 40
23.05563611950493
  0
LWPOLYLINE
  5
30C
330
2EC
100
AcDbEntity
  8
轮廓线
100
AcDbPolyline
 90
        2
 70
   128
 43
0.0
 10
1940830.544612707
 20
2785284.611244033
 10
1940830.544612707
 20
2788084.611244034
  0
LWPOLYLINE
  5
30D
330
2EC
100
AcDbEntity
  8
轮廓线
100
AcDbPolyline
 90
        2
 70
   128
 43
0.0
 10
1949430.544612708
 20
2785284.611244033
 10
1949430.544612708
 20
2788084.611244034
  0
CIRCLE
  5
30E
330
2EC
100
AcDbEntity
  8
文字
370
     0
100
AcDbCircle
 10
1945249.256798881
 20
2785734.611244046
 30
0.0
 40
23.05563611950493
  0
CIRCLE
  5
30F
330
2EC
100
AcDbEntity
  8
文字
370
     0
100
AcDbCircle
 10
1945474.881213507
 20
2785734.611244046
 30
0.0
 40
23.05563611950493
  0
CIRCLE
  5
310
330
2EC
100
AcDbEntity
  8
文字
370
     0
100
AcDbCircle
 10
1944798.007969628
 20
2785734.611244046
 30
0.0
 40
23.05563611950493
  0
CIRCLE
  5
311
330
2EC
100
AcDbEntity
  8
文字
370
     0
100
AcDbCircle
 10
1945023.632384254
 20
2785734.611244046
 30
0.0
 40
23.05563611950493
  0
CIRCLE
  5
312
330
2EC
100
AcDbEntity
  8
文字
370
     0
100
AcDbCircle
 10
1944572.383555001
 20
2785734.611244046
 30
0.0
 40
23.05563611950493
  0
CIRCLE
  5
313
330
2EC
100
AcDbEntity
  8
文字
370
     0
100
AcDbCircle
 10
1944121.134725748
 20
2785734.611244046
 30
0.0
 40
23.05563611950493
  0
CIRCLE
  5
314
330
2EC
100
AcDbEntity
  8
文字
370
     0
100
AcDbCircle
 10
1944346.759140375
 20
2785734.611244046
 30
0.0
 40
23.05563611950493
  0
CIRCLE
  5
315
330
2EC
100
AcDbEntity
  8
文字
370
     0
100
AcDbCircle
 10
1943669.885896495
 20
2785734.611244046
 30
0.0
 40
23.05563611950493
  0
CIRCLE
  5
316
330
2EC
100
AcDbEntity
  8
文字
370
     0
100
AcDbCircle
 10
1943895.510311122
 20
2785734.611244046
 30
0.0
 40
23.05563611950493
  0
CIRCLE
  5
317
330
2EC
100
AcDbEntity
  8
文字
370
     0
100
AcDbCircle
 10
1943444.261481869
 20
2785734.611244046
 30
0.0
 40
23.05563611950493
  0
CIRCLE
  5
318
330
2EC
100
AcDbEntity
  8
文字
370
     0
100
AcDbCircle
 10
1942993.012652616
 20
2785734.611244046
 30
0.0
 40
23.05563611950493
  0
CIRCLE
  5
319
330
2EC
100
AcDbEntity
  8
文字
370
     0
100
AcDbCircle
 10
1943218.637067242
 20
2785734.611244046
 30
0.0
 40
23.05563611950493
  0
LINE
  5
31A
330
2EC
100
AcDbEntity
  8
轮廓线
100
AcDbLine
 10
1941330.544612707
 20
2785284.611244033
 30
0.0
 11
1941330.54461267
 21
2777284.611243799
 31
0.0
  0
LINE
  5
31B
330
2EC
100
AcDbEntity
  8
轮廓线
100
AcDbLine
 10
1949430.544612633
 20
2777284.611243799
 30
0.0
 11
1949430.544612708
 21
2785284.611244188
 31
0.0
  0
LWPOLYLINE
  5
31C
330
2EC
100
AcDbEntity
  8
轮廓线
100
AcDbPolyline
 90
        4
 70
     0
 43
0.0
 10
1940830.544612707
 20
2785284.61124391
 10
1936130.544612547
 20
2785284.611243968
 10
1936130.544612553
 20
2785784.611243968
 10
1940830.544612707
 20
2785784.611243881
  0
LWPOLYLINE
  5
31D
330
2EC
100
AcDbEntity
  8
轮廓线
100
AcDbPolyline
 90
        4
 70
     0
 43
0.0
 10
1949430.544612708
 20
2785284.611243858
 10
1954130.544612501
 20
2785284.611243799
 10
1954130.544612507
 20
2785784.611243799
 10
1949430.544612708
 20
2785784.611243831
  0
LWPOLYLINE
  5
31E
330
2EC
100
AcDbEntity
  8
轮廓线
100
AcDbPolyline
 90
        2
 70
     0
 43
0.0
 10
1936130.544612547
 20
2785284.611243968
 10
1936130.544612547
 20
2775354.611243799
  0
LWPOLYLINE
  5
31F
330
2EC
100
AcDbEntity
  8
轮廓线
100
AcDbPolyline
 90
        2
 70
     0
 43
0.0
 10
1954130.544612501
 20
2785284.611243799
 10
1954130.544612409
 20
2775354.611243799
  0
LINE
  5
320
330
2EC
100
AcDbEntity
  8
文字
 62
     3
100
AcDbLine
 10
1940132.498622269
 20
2786308.310705265
 30
0.0
 11
1940132.498622266
 21
2785784.611243908
 31
0.0
  0
LINE
  5
321
330
2EC
100
AcDbEntity
  8
文字
 62
     3
100
AcDbLine
 10
1939969.897770136
 20
2786046.46097459
 30
0.0
 11
1939969.897770136
 21
2785784.61124391
 31
0.0
  0
LINE
  5
322
330
2EC
100
AcDbEntity
  8
文字
 62
     3
100
AcDbLine
 10
1939800.792505734
 20
2786308.310705268
 30
0.0
 11
1939800.792505731
 21
2785784.611243911
 31
0.0
  0
LINE
  5
323
330
2EC
100
AcDbEntity
  8
文字
 62
     3
100
AcDbLine
 10
1939638.191653602
 20
2786046.460974593
 30
0.0
 11
1939638.191653602
 21
2785784.611243912
 31
0.0
  0
LINE
  5
324
330
2EC
100
AcDbEntity
  8
文字
 62
     3
100
AcDbLine
 10
1939469.086389223
 20
2786308.310705272
 30
0.0
 11
1939469.08638922
 21
2785784.611243914
 31
0.0
  0
TEXT
  5
325
330
2EC
100
AcDbEntity
  8
0
 62
     3
100
AcDbText
 10
1938127.608642605
 20
2785886.582577844
 30
0.0
 40
525.0
  1
1:0.4
 41
0.7
  7
TSSD_Rein
 72
     2
 11
1939258.377873374
 21
2786149.082577844
 31
0.0
100
AcDbText
 73
     2
  0
LINE
  5
326
330
2EC
100
AcDbEntity
  8
文字
 62
     3
100
AcDbLine
 10
1951916.45993544
 20
2786308.310705159
 30
0.0
 11
1951916.459935437
 21
2785784.611243802
 31
0.0
  0
LINE
  5
327
330
2EC
100
AcDbEntity
  8
文字
 62
     3
100
AcDbLine
 10
1952079.060787568
 20
2786046.460974481
 30
0.0
 11
1952079.060787568
 21
2785784.6112438
 31
0.0
  0
LINE
  5
328
330
2EC
100
AcDbEntity
  8
文字
 62
     3
100
AcDbLine
 10
1952248.166051975
 20
2786308.310705156
 30
0.0
 11
1952248.166051972
 21
2785784.611243798
 31
0.0
  0
LINE
  5
329
330
2EC
100
AcDbEntity
  8
文字
 62
     3
100
AcDbLine
 10
1952410.766904102
 20
2786046.460974477
 30
0.0
 11
1952410.766904102
 21
2785784.611243797
 31
0.0
  0
LINE
  5
32A
330
2EC
100
AcDbEntity
  8
文字
 62
     3
100
AcDbLine
 10
1952579.872168487
 20
2786308.310705154
 30
0.0
 11
1952579.872168484
 21
2785784.611243796
 31
0.0
  0
LINE
  5
32B
330
2EC
100
AcDbEntity
  8
文字
100
AcDbLine
 10
1937119.29803096
 20
2781166.180391062
 30
0.0
 11
1936130.544612522
 21
2781166.180391071
 31
0.0
  0
LINE
  5
32C
330
2EC
100
AcDbEntity
  8
文字
100
AcDbLine
 10
1936624.921321737
 20
2781005.859391092
 30
0.0
 11
1936130.544612518
 21
2781005.859391097
 31
0.0
  0
LINE
  5
32D
330
2EC
100
AcDbEntity
  8
文字
100
AcDbLine
 10
1937119.298030957
 20
2780845.538391115
 30
0.0
 11
1936130.544612518
 21
2780845.538391123
 31
0.0
  0
LINE
  5
32E
330
2EC
100
AcDbEntity
  8
文字
100
AcDbLine
 10
1936624.921321735
 20
2780685.217391086
 30
0.0
 11
1936130.544612516
 21
2780685.217391091
 31
0.0
  0
LINE
  5
32F
330
2EC
100
AcDbEntity
  8
文字
100
AcDbLine
 10
1937119.298030951
 20
2780524.896391108
 30
0.0
 11
1936130.544612512
 21
2780524.896391117
 31
0.0
  0
LINE
  5
330
330
2EC
100
AcDbEntity
  8
文字
100
AcDbLine
 10
1953141.791194499
 20
2781481.886301174
 30
0.0
 11
1954130.544612472
 21
2781481.886301163
 31
0.0
  0
LINE
  5
331
330
2EC
100
AcDbEntity
  8
文字
100
AcDbLine
 10
1953636.167903718
 20
2781321.565301194
 30
0.0
 11
1954130.544612472
 21
2781321.56530119
 31
0.0
  0
LINE
  5
332
330
2EC
100
AcDbEntity
  8
文字
100
AcDbLine
 10
1953141.791194497
 20
2781161.244301226
 30
0.0
 11
1954130.544612469
 21
2781161.244301216
 31
0.0
  0
LINE
  5
333
330
2EC
100
AcDbEntity
  8
文字
100
AcDbLine
 10
1953636.167903716
 20
2781000.923301188
 30
0.0
 11
1954130.544612469
 21
2781000.923301184
 31
0.0
  0
LINE
  5
334
330
2EC
100
AcDbEntity
  8
文字
100
AcDbLine
 10
1953141.791194493
 20
2780840.602301219
 30
0.0
 11
1954130.544612466
 21
2780840.602301211
 31
0.0
  0
LWPOLYLINE
  5
335
330
2EC
100
AcDbEntity
  8
DXPM
  6
DASHED
 62
     4
 48
0.03
100
AcDbPolyline
 90
        3
 70
   128
 43
0.0
 10
1954130.544612507
 20
2785784.611243799
 10
1954130.54461251
 20
2786284.611243799
 10
1949430.544612708
 20
2787076.375949701
  0
LWPOLYLINE
  5
336
330
2EC
100
AcDbEntity
  8
DXPM
  6
DASHED
 62
     4
 48
0.03
100
AcDbPolyline
 90
        3
 70
   128
 43
0.0
 10
1936130.544612547
 20
2785784.611243968
 10
1936130.54461255
 20
2786284.611243968
 10
1940830.544612707
 20
2787076.37594982
  0
CIRCLE
  5
337
330
2EC
100
AcDbEntity
  8
文字
370
     0
100
AcDbCircle
 10
1947956.749774399
 20
2785734.611244046
 30
0.0
 40
23.05563611950493
  0
CIRCLE
  5
338
330
2EC
100
AcDbEntity
  8
文字
370
     0
100
AcDbCircle
 10
1948182.374189025
 20
2785734.611244046
 30
0.0
 40
23.05563611950493
  0
CIRCLE
  5
339
330
2EC
100
AcDbEntity
  8
文字
370
     0
100
AcDbCircle
 10
1948407.998603652
 20
2785734.611244046
 30
0.0
 40
23.05563611950493
  0
CIRCLE
  5
33A
330
2EC
100
AcDbEntity
  8
文字
370
     0
100
AcDbCircle
 10
1947505.500945146
 20
2785734.611244046
 30
0.0
 40
23.05563611950493
  0
CIRCLE
  5
33B
330
2EC
100
AcDbEntity
  8
文字
370
     0
100
AcDbCircle
 10
1947731.125359772
 20
2785734.611244046
 30
0.0
 40
23.05563611950493
  0
CIRCLE
  5
33C
330
2EC
100
AcDbEntity
  8
文字
370
     0
100
AcDbCircle
 10
1948633.623018278
 20
2785734.611244046
 30
0.0
 40
23.05563611950493
  0
CIRCLE
  5
33D
330
2EC
100
AcDbEntity
  8
文字
370
     0
100
AcDbCircle
 10
1948859.247432905
 20
2785734.611244046
 30
0.0
 40
23.05563611950493
  0
CIRCLE
  5
33E
330
2EC
100
AcDbEntity
  8
文字
370
     0
100
AcDbCircle
 10
1942767.388237989
 20
2785734.611244046
 30
0.0
 40
23.05563611950493
  0
CIRCLE
  5
33F
330
2EC
100
AcDbEntity
  8
文字
370
     0
100
AcDbCircle
 10
1942316.139408736
 20
2785734.611244046
 30
0.0
 40
23.05563611950493
  0
CIRCLE
  5
340
330
2EC
100
AcDbEntity
  8
文字
370
     0
100
AcDbCircle
 10
1942541.763823363
 20
2785734.611244046
 30
0.0
 40
23.05563611950493
  0
CIRCLE
  5
341
330
2EC
100
AcDbEntity
  8
文字
370
     0
100
AcDbCircle
 10
1941864.890579483
 20
2785734.611244046
 30
0.0
 40
23.05563611950493
  0
CIRCLE
  5
342
330
2EC
100
AcDbEntity
  8
文字
370
     0
100
AcDbCircle
 10
1942090.51499411
 20
2785734.611244046
 30
0.0
 40
23.05563611950493
  0
CIRCLE
  5
343
330
2EC
100
AcDbEntity
  8
文字
370
     0
100
AcDbCircle
 10
1941639.266164857
 20
2785734.611244046
 30
0.0
 40
23.05563611950493
  0
CIRCLE
  5
344
330
2EC
100
AcDbEntity
  8
文字
370
     0
100
AcDbCircle
 10
1941413.64175023
 20
2785734.611244046
 30
0.0
 40
23.05563611950493
  0
TEXT
  5
345
330
2EC
100
AcDbEntity
  8
0
 62
     3
100
AcDbText
 10
1944361.076695979
 20
2780333.162892278
 30
0.0
 40
700.0
  1
引水渠道
 50
90.0
 41
0.7
  7
TSSD_Rein
100
AcDbText
  0
TEXT
  5
346
330
2EC
100
AcDbEntity
  8
0
 62
     3
100
AcDbText
 10
1951861.250193817
 20
2780564.127099172
 30
0.0
 40
700.0
  1
引水渠道
 50
90.0
 41
0.7
  7
TSSD_Rein
100
AcDbText
  0
TEXT
  5
347
330
2EC
100
AcDbEntity
  8
0
 62
     3
100
AcDbText
 10
1952850.392554493
 20
2780144.60244716
 30
0.0
 40
700.0
  1
C20素混凝土护坡
 50
90.0
 41
0.7
  7
TSSD_Rein
100
AcDbText
  0
TEXT
  5
348
330
2EC
100
AcDbEntity
  8
0
 62
     3
100
AcDbText
 10
1945363.682756299
 20
2779895.482856214
 30
0.0
 40
700.0
  1
C20素混凝土护底
 50
90.0
 41
0.7
  7
TSSD_Rein
100
AcDbText
  0
TEXT
  5
349
330
2EC
100
AcDbEntity
  8
0
 62
     3
100
AcDbText
 10
1938344.565635041
 20
2780055.410262119
 30
0.0
 40
700.0
  1
引水渠道
 50
90.0
 41
0.7
  7
TSSD_Rein
100
AcDbText
  0
TEXT
  5
34A
330
2EC
100
AcDbEntity
  8
0
 62
     3
100
AcDbText
 10
1939169.591593693
 20
2779608.548542745
 30
0.0
 40
700.0
  1
C20素混凝土护坡
 50
90.0
 41
0.7
  7
TSSD_Rein
100
AcDbText
  0
TEXT
  5
34B
330
2EC
100
AcDbEntity
  8
0
 62
     3
100
AcDbText
 10
1954033.584505815
 20
2779261.103915955
 30
0.0
 40
700.0
  1
1:5.0
 50
90.0
 41
0.7
  7
TSSD_Rein
 72
     2
 11
1953683.584505815
 21
2780749.950069801
 31
0.0
100
AcDbText
 73
     2
  0
HATCH
  5
34C
330
2EC
100
AcDbEntity
  8
0
 62
     8
100
AcDbHatch
 10
0.0
 20
0.0
 30
0.0
210
0.0
220
0.0
230
1.0
  2
ANGLE
 70
     0
 71
     0
 91
        1
 92
       33
 93
        4
 72
     1
 10
1941330.544612707
 20
2787284.611244034
 11
1941330.544612707
 21
2785654.345981998
 72
     1
 10
1941330.544612707
 20
2785654.345981998
 11
1948930.544612708
 21
2785654.345981998
 72
     1
 10
1948930.544612708
 20
2785654.345981998
 11
1948930.544612708
 21
2787584.611244034
 72
     1
 10
1948930.544612708
 20
2787584.611244034
 11
1941330.544612707
 21
2787584.611244034
 97
        0
 75
     1
 76
     1
 52
-90.00000000000001
 41
100.0
 77
     0
 78
     2
 53
270.0
 43
2034930.491450599
 44
3043420.65408447
 45
349.25
 46
-0.0000000000000642
 79
     2
 49
254.0
 49
-95.25
 53
360.0
 43
2034930.491450599
 44
3043420.65408447
 45
0.0000000000000855
 46
349.25
 79
     2
 49
254.0
 49
-95.25
 98
        1
 10
1861330.597774815
 20
3043420.65408447
1001
GradientColor1ACI
1070
     5
1001
GradientColor2ACI
1070
     2
1001
ACAD
1010
0.0
1020
0.0
1030
0.0
  0
LWPOLYLINE
  5
34D
330
2EC
100
AcDbEntity
  8
轮廓线
100
AcDbPolyline
 90
        2
 70
     0
 43
0.0
 10
1949430.544612633
 20
2777284.611243799
 10
1941330.54461267
 20
2777284.611243799
  0
TEXT
  5
34E
330
2EC
100
AcDbEntity
  8
0
 62
     3
100
AcDbText
 10
1936846.999864779
 20
2778706.279443355
 30
0.0
 40
700.0
  1
1:5.0
 50
90.0
 41
0.7
  7
TSSD_Rein
 72
     2
 11
1936496.999864779
 21
2780195.125597201
 31
0.0
100
AcDbText
 73
     2
  0
LWPOLYLINE
  5
34F
330
2EC
100
AcDbEntity
  8
轮廓线
100
AcDbPolyline
 90
        2
 70
     0
 43
0.0
 10
1954130.544612501
 20
2785284.611243799
 10
1954630.544612501
 20
2785284.611243794
  0
LWPOLYLINE
  5
350
330
2EC
100
AcDbEntity
  8
轮廓线
100
AcDbPolyline
 90
        2
 70
     0
 43
0.0
 10
1936130.544612547
 20
2785284.611243796
 10
1935630.544612648
 20
2785284.611244231
  0
LWPOLYLINE
  5
351
330
2EC
100
AcDbEntity
  8
轮廓线
100
AcDbPolyline
 90
        2
 70
     0
 43
0.0
 10
1954130.544612425
 20
2775354.611243799
 10
1936130.544612547
 20
2775354.611243799
  0
LWPOLYLINE
  5
352
330
2EC
100
AcDbEntity
  8
轮廓线
100
AcDbPolyline
 90
        2
 70
     0
 43
0.0
 10
1949430.544612633
 20
2777284.611243799
 10
1954130.544612425
 20
2775354.611243799
  0
LWPOLYLINE
  5
353
330
2EC
100
AcDbEntity
  8
轮廓线
100
AcDbPolyline
 90
        2
 70
     0
 43
0.0
 10
1941330.54461267
 20
2777284.611243799
 10
1936130.544612547
 20
2775354.611243799
  0
LWPOLYLINE
  5
354
330
2EC
100
AcDbEntity
  8
轮廓线
100
AcDbPolyline
 90
        4
 70
     0
 43
0.0
 10
1954630.544612501
 20
2785284.611243794
 10
1954630.544612403
 20
2774854.611243799
 10
1935630.544612542
 20
2774854.611243799
 10
1935630.544612648
 20
2785284.611243974
  0
LINE
  5
355
330
2EC
100
AcDbEntity
  8
文字
100
AcDbLine
 10
1942899.003729437
 20
2776343.364662237
 30
0.0
 11
1942899.003729428
 21
2775354.611243799
 31
0.0
  0
LINE
  5
356
330
2EC
100
AcDbEntity
  8
文字
100
AcDbLine
 10
1943059.324729406
 20
2775848.987953015
 30
0.0
 11
1943059.324729402
 21
2775354.611243796
 31
0.0
  0
LINE
  5
357
330
2EC
100
AcDbEntity
  8
文字
100
AcDbLine
 10
1943219.645729385
 20
2776343.364662234
 30
0.0
 11
1943219.645729375
 21
2775354.611243796
 31
0.0
  0
LINE
  5
358
330
2EC
100
AcDbEntity
  8
文字
100
AcDbLine
 10
1943379.966729412
 20
2775848.987953012
 30
0.0
 11
1943379.966729408
 21
2775354.611243794
 31
0.0
  0
LINE
  5
359
330
2EC
100
AcDbEntity
  8
文字
100
AcDbLine
 10
1943540.287729391
 20
2776343.364662228
 30
0.0
 11
1943540.287729381
 21
2775354.61124379
 31
0.0
  0
TEXT
  5
35A
330
2EC
100
AcDbEntity
  8
0
 62
     3
100
AcDbText
 10
1948809.4170465
 20
2776052.432150531
 30
0.0
 40
700.0
  1
引水渠道
 50
180.0
 41
0.7
  7
TSSD_Rein
100
AcDbText
  0
TEXT
  5
35B
330
2EC
100
AcDbEntity
  8
0
 62
     3
100
AcDbText
 10
1949256.278765874
 20
2776877.458109182
 30
0.0
 40
700.0
  1
C20素混凝土护坡
 50
180.0
 41
0.7
  7
TSSD_Rein
100
AcDbText
  0
TEXT
  5
35C
330
2EC
100
AcDbEntity
  8
0
 62
     3
100
AcDbText
 10
1945358.904677144
 20
2776071.066496057
 30
0.0
 40
700.0
  1
1:2.0
 50
180.0
 41
0.7
  7
TSSD_Rein
 72
     2
 11
1943870.058523298
 21
2775721.066496057
 31
0.0
100
AcDbText
 73
     2
  0
LWPOLYLINE
  5
35D
330
2EC
100
AcDbEntity
  8
YHG_粗线
100
AcDbPolyline
 90
        2
 70
     0
 43
0.0
 10
1954130.544612502
 20
2785344.611244137
 10
1949370.544612341
 20
2785344.611244204
  0
LWPOLYLINE
  5
35E
330
2EC
100
AcDbEntity
  8
YHG_粗线
100
AcDbPolyline
 90
        3
 70
     0
 43
0.0
 10
1949370.544612341
 20
2785344.611244204
 10
1949370.544612341
 20
2788024.611244203
 10
1946275.544612341
 20
2788024.611244203
  0
LWPOLYLINE
  5
35F
330
2EC
100
AcDbEntity
  8
YHG_粗线
100
AcDbPolyline
 90
        2
 70
     0
 43
0.0
 10
1940890.544612341
 20
2785344.611244028
 10
1936130.544612547
 20
2785344.611243955
  0
LWPOLYLINE
  5
360
330
2EC
100
AcDbEntity
  8
YHJ_剖面_梁板
 62
    14
100
AcDbPolyline
 90
        4
 70
     0
 43
50.0
 10
1944830.544612708
 20
2787584.611244034
 10
1944830.544612708
 20
2787284.611244034
 10
1945430.544612708
 20
2787284.611244034
 10
1945430.544612708
 20
2787584.611244034
  0
LWPOLYLINE
  5
361
330
2EC
100
AcDbEntity
  8
YHG_粗线
100
AcDbPolyline
 90
        3
 70
     0
 43
0.0
 10
1944525.544612341
 20
2788024.611244203
 10
1940890.544612341
 20
2788024.611244203
 10
1940890.544612341
 20
2785344.611244028
  0
LWPOLYLINE
  5
362
330
2EC
100
AcDbEntity
  8
YHJ_剖面_梁板
100
AcDbPolyline
 90
        4
 70
     1
 43
0.0
 10
1951430.544612707
 20
2801084.611244034
 10
1949330.544612707
 20
2801084.611244034
 10
1949330.544612707
 20
2799884.611244034
 10
1951430.544612707
 20
2799884.611244034
  0
LWPOLYLINE
  5
363
330
2EC
100
AcDbEntity
  8
WALL
  6
DASH
100
AcDbPolyline
 90
        2
 70
     0
 43
0.0
 10
1945780.544612707
 20
2804834.611244034
 10
1951280.544612707
 20
2804834.611244034
  0
LWPOLYLINE
  5
364
330
2EC
100
AcDbEntity
  8
WALL
100
AcDbPolyline
 90
        2
 70
     0
 43
0.0
 10
1951430.544612707
 20
2804684.611244034
 10
1951430.544612707
 20
2798484.611244033
  0
LWPOLYLINE
  5
365
330
2EC
100
AcDbEntity
  8
WALL
100
AcDbPolyline
 90
        2
 70
     0
 43
0.0
 10
1951280.544612707
 20
2798334.611244034
 10
1945780.544612707
 20
2798334.611244034
  0
LWPOLYLINE
  5
366
330
2EC
100
AcDbEntity
  8
WALL
100
AcDbPolyline
 90
        2
 70
     0
 43
0.0
 10
1945380.544612707
 20
2798334.611244034
 10
1940180.544612707
 20
2798334.611244034
  0
LWPOLYLINE
  5
367
330
2EC
100
AcDbEntity
  8
WALL
100
AcDbPolyline
 90
        2
 70
     0
 43
0.0
 10
1940030.544612707
 20
2798484.611244033
 10
1940030.544612707
 20
2804684.611244034
  0
LWPOLYLINE
  5
368
330
2EC
100
AcDbEntity
  8
WALL
  6
DASH
100
AcDbPolyline
 90
        2
 70
     0
 43
0.0
 10
1940180.544612707
 20
2804834.611244034
 10
1945380.544612707
 20
2804834.611244034
  0
LINE
  5
369
330
2EC
100
AcDbEntity
  8
管
 62
     8
100
AcDbLine
 10
1944438.878032846
 20
2802341.804118015
 30
0.0
 11
1944438.878032846
 21
2802283.784304895
 31
0.0
  0
LINE
  5
36A
330
2EC
100
AcDbEntity
  8
管
 62
     8
100
AcDbLine
 10
1944438.878032846
 20
2802157.983586294
 30
0.0
 11
1944438.878032846
 21
2802099.963773175
 31
0.0
  0
LINE
  5
36B
330
2EC
100
AcDbEntity
  8
管
 62
     8
100
AcDbLine
 10
1944438.878032846
 20
2801958.469728941
 30
0.0
 11
1944438.878032846
 21
2801900.44991582
 31
0.0
  0
LINE
  5
36C
330
2EC
100
AcDbEntity
  8
管
 62
     8
100
AcDbLine
 10
1944438.878032846
 20
2802522.081455536
 30
0.0
 11
1944438.878032846
 21
2802464.061642415
 31
0.0
  0
HATCH
  5
36D
330
2EC
100
AcDbEntity
  8
管
 62
     8
100
AcDbHatch
 10
0.0
 20
0.0
 30
0.0
210
0.0
220
0.0
230
1.0
  2
SOLID
 70
     1
 71
     0
 91
        1
 92
        7
 72
     1
 73
     1
 93
        3
 10
1944230.544612707
 20
2802383.109798276
 42
0.0
 10
1944230.544612707
 20
2802402.932880215
 42
0.0
 10
1944212.736856805
 20
2802394.224355237
 42
0.2864620087565961
 97
        0
 75
     0
 76
     1
 47
4.19284404818135
 98
        1
 10
1944221.267925452
 20
2802389.761166359
450
        0
451
        0
460
0.0
461
0.0
452
        0
462
0.0
453
        0
470

  0
HATCH
  5
36E
330
2EC
100
AcDbEntity
  8
管
 62
     8
100
AcDbHatch
 10
0.0
 20
0.0
 30
0.0
210
0.0
220
0.0
230
1.0
  2
SOLID
 70
     1
 71
     0
 91
        3
 92
        7
 72
     1
 73
     1
 93
        4
 10
1944230.544612707
 20
2802402.932880215
 42
0.0
 10
1944230.544612707
 20
2802422.755962155
 42
0.4142135623731491
 10
1944210.721530768
 20
2802402.932880215
 42
0.1142008824207983
 10
1944212.736856805
 20
2802394.224355237
 42
0.0
 97
        0
 92
        7
 72
     1
 73
     1
 93
        3
 10
1944248.352368609
 20
2802411.641405194
 42
0.2864620087565155
 10
1944230.544612707
 20
2802422.755962155
 42
0.0
 10
1944230.544612707
 20
2802402.932880215
 42
0.0
 97
        0
 92
        7
 72
     1
 73
     1
 93
        4
 10
1944250.367694647
 20
2802402.932880215
 42
0.1142008824208555
 10
1944248.352368609
 20
2802411.641405194
 42
0.0
 10
1944230.544612707
 20
2802402.932880215
 42
0.0
 10
1944230.544612707
 20
2802383.109798276
 42
0.4142135623730413
 97
        0
 75
     0
 76
     1
 47
6.762651915397315
 98
        3
 10
1944220.726556553
 20
2802407.175106647
 10
1944237.647649801
 20
2802410.556426348
 10
1944241.031816954
 20
2802393.649755928
450
        0
451
        0
460
0.0
461
0.0
452
        0
462
0.0
453
        0
470

  0
LINE
  5
36F
330
2EC
100
AcDbEntity
  8
管
 62
     8
100
AcDbLine
 10
1944362.536464849
 20
2801743.175890591
 30
0.0
 11
1944362.536464849
 21
2801684.611244034
 31
0.0
  0
LINE
  5
370
330
2EC
100
AcDbEntity
  8
管
 62
     8
100
AcDbLine
 10
1944098.552760565
 20
2801743.175890591
 30
0.0
 11
1944098.552760565
 21
2801684.611244034
 31
0.0
  0
LINE
  5
371
330
2EC
100
AcDbEntity
  8
管
 62
     8
100
AcDbLine
 10
1944022.211192569
 20
2802341.804118015
 30
0.0
 11
1944022.211192569
 21
2802283.784304895
 31
0.0
  0
LINE
  5
372
330
2EC
100
AcDbEntity
  8
管
 62
     8
100
AcDbLine
 10
1944022.211192569
 20
2802157.983586294
 30
0.0
 11
1944022.211192569
 21
2802099.963773175
 31
0.0
  0
LINE
  5
373
330
2EC
100
AcDbEntity
  8
管
 62
     8
100
AcDbLine
 10
1944362.536464849
 20
2801743.175890591
 30
0.0
 11
1944098.552760565
 21
2801743.175890591
 31
0.0
  0
LWPOLYLINE
  5
374
330
2EC
100
AcDbEntity
  8
管
 62
     8
100
AcDbPolyline
 90
        2
 70
     0
 43
10.0
 10
1944330.544554374
 20
2801743.175890591
 10
1944380.544575207
 20
2801900.44991582
  0
LWPOLYLINE
  5
375
330
2EC
100
AcDbEntity
  8
管
 62
     8
100
AcDbPolyline
 90
        2
 70
     0
 43
10.0
 10
1944380.544575207
 20
2802157.983586294
 10
1944380.544575207
 20
2802215.788453231
  0
LINE
  5
376
330
2EC
100
AcDbEntity
  8
管
 62
     8
100
AcDbLine
 10
1944341.229463556
 20
2802215.892334295
 30
0.0
 11
1944380.544575207
 21
2802242.192836955
 31
0.0
  0
LINE
  5
377
330
2EC
100
AcDbEntity
  8
管
 62
     8
100
AcDbLine
 10
1944341.229463556
 20
2802183.682744254
 30
0.0
 11
1944341.229463556
 21
2802215.892334295
 31
0.0
  0
LWPOLYLINE
  5
378
330
2EC
100
AcDbEntity
  8
管
 62
     8
100
AcDbPolyline
 90
        2
 70
     0
 43
10.0
 10
1944380.544575207
 20
2802242.192836955
 10
1944380.544575207
 20
2802283.784304895
  0
LWPOLYLINE
  5
379
330
2EC
100
AcDbEntity
  8
管
 62
     8
100
AcDbPolyline
 90
        2
 70
     0
 43
10.0
 10
1944130.544571041
 20
2801743.175890591
 10
1944080.544550208
 20
2801900.44991582
  0
LWPOLYLINE
  5
37A
330
2EC
100
AcDbEntity
  8
管
 62
     8
100
AcDbPolyline
 90
        2
 70
     0
 43
10.0
 10
1944080.544550208
 20
2802157.983586294
 10
1944080.544550208
 20
2802215.788453231
  0
LINE
  5
37B
330
2EC
100
AcDbEntity
  8
管
 62
     8
100
AcDbLine
 10
1944119.859661859
 20
2802183.682744254
 30
0.0
 11
1944119.859661859
 21
2802215.892334295
 31
0.0
  0
LWPOLYLINE
  5
37C
330
2EC
100
AcDbEntity
  8
管
 62
     8
100
AcDbPolyline
 90
        2
 70
     0
 43
10.0
 10
1944080.544550208
 20
2802242.192836955
 10
1944080.544550208
 20
2802283.784304895
  0
LINE
  5
37D
330
2EC
100
AcDbEntity
  8
管
 62
     8
100
AcDbLine
 10
1944119.859661859
 20
2802215.892334295
 30
0.0
 11
1944080.544550208
 21
2802242.192836955
 31
0.0
  0
LINE
  5
37E
330
2EC
100
AcDbEntity
  8
管
 62
     8
100
AcDbLine
 10
1944022.211192569
 20
2801958.469728941
 30
0.0
 11
1944022.211192569
 21
2801900.44991582
 31
0.0
  0
LINE
  5
37F
330
2EC
100
AcDbEntity
  8
管
 62
     8
100
AcDbLine
 10
1944362.536464849
 20
2801713.893567312
 30
0.0
 11
1944098.552760565
 21
2801713.893567312
 31
0.0
  0
LINE
  5
380
330
2EC
100
AcDbEntity
  8
管
 62
     8
100
AcDbLine
 10
1944080.544550208
 20
2801958.469728941
 30
0.0
 11
1944380.544675207
 21
2802099.963773175
 31
0.0
  0
LINE
  5
381
330
2EC
100
AcDbEntity
  8
管
 62
     8
100
AcDbLine
 10
1944362.536464849
 20
2801684.611244034
 30
0.0
 11
1944098.552760565
 21
2801684.611244034
 31
0.0
  0
LWPOLYLINE
  5
382
330
2EC
100
AcDbEntity
  8
管
 62
     8
100
AcDbPolyline
 90
        2
 70
     0
 43
10.0
 10
1944380.544370315
 20
2804068.082028022
 10
1944380.544575207
 20
2802522.081455536
  0
LWPOLYLINE
  5
383
330
2EC
100
AcDbEntity
  8
管
 62
     8
100
AcDbPolyline
 90
        2
 70
     0
 43
10.0
 10
1944080.544345317
 20
2804068.082028022
 10
1944080.544550208
 20
2802522.081455536
  0
LINE
  5
384
330
2EC
100
AcDbEntity
  8
管
 62
     8
100
AcDbLine
 10
1944022.211192569
 20
2802522.081455536
 30
0.0
 11
1944022.211192569
 21
2802464.061642415
 31
0.0
  0
LWPOLYLINE
  5
385
330
2EC
100
AcDbEntity
  8
管
 62
     8
100
AcDbPolyline
 90
        2
 70
     0
 43
10.0
 10
1944380.544575207
 20
2802341.804118015
 10
1944380.544575207
 20
2802464.061642415
  0
LWPOLYLINE
  5
386
330
2EC
100
AcDbEntity
  8
管
 62
     8
100
AcDbPolyline
 90
        2
 70
     0
 43
10.0
 10
1944080.544550208
 20
2802341.804118015
 10
1944080.544550208
 20
2802464.061642415
  0
LINE
  5
387
330
2EC
100
AcDbEntity
  8
管
 62
     8
100
AcDbLine
 10
1944080.544550208
 20
2802341.804118015
 30
0.0
 11
1944380.544675207
 21
2802464.061642415
 31
0.0
  0
LINE
  5
388
330
2EC
100
AcDbEntity
  8
管
 62
     8
100
AcDbLine
 10
1944438.878032846
 20
2802493.071548976
 30
0.0
 11
1944022.211192569
 21
2802493.071548976
 31
0.0
  0
LINE
  5
389
330
2EC
100
AcDbEntity
  8
管
 62
     8
100
AcDbLine
 10
1944438.878032846
 20
2802522.081455536
 30
0.0
 11
1944022.211192569
 21
2802522.081455536
 31
0.0
  0
LINE
  5
38A
330
2EC
100
AcDbEntity
  8
管
 62
     8
100
AcDbLine
 10
1944438.878032846
 20
2802464.061642415
 30
0.0
 11
1944022.211192569
 21
2802464.061642415
 31
0.0
  0
LINE
  5
38B
330
2EC
100
AcDbEntity
  8
管
 62
     8
100
AcDbLine
 10
1944438.878032846
 20
2802312.794211455
 30
0.0
 11
1944022.211192569
 21
2802312.794211455
 31
0.0
  0
LINE
  5
38C
330
2EC
100
AcDbEntity
  8
管
 62
     8
100
AcDbLine
 10
1944438.878032846
 20
2802341.804118015
 30
0.0
 11
1944022.211192569
 21
2802341.804118015
 31
0.0
  0
LINE
  5
38D
330
2EC
100
AcDbEntity
  8
管
 62
     8
100
AcDbLine
 10
1944438.878032846
 20
2802128.973679734
 30
0.0
 11
1944022.211192569
 21
2802128.973679734
 31
0.0
  0
LINE
  5
38E
330
2EC
100
AcDbEntity
  8
管
 62
     8
100
AcDbLine
 10
1944438.878032846
 20
2802157.983586294
 30
0.0
 11
1944022.211192569
 21
2802157.983586294
 31
0.0
  0
LINE
  5
38F
330
2EC
100
AcDbEntity
  8
管
 62
     8
100
AcDbLine
 10
1944438.878032846
 20
2801958.469728941
 30
0.0
 11
1944022.211192569
 21
2801958.469728941
 31
0.0
  0
LINE
  5
390
330
2EC
100
AcDbEntity
  8
管
 62
     8
100
AcDbLine
 10
1944438.878032846
 20
2802283.784304895
 30
0.0
 11
1944022.211192569
 21
2802283.784304895
 31
0.0
  0
LINE
  5
391
330
2EC
100
AcDbEntity
  8
管
 62
     8
100
AcDbLine
 10
1944438.878032846
 20
2802099.963773175
 30
0.0
 11
1944022.211192569
 21
2802099.963773175
 31
0.0
  0
LINE
  5
392
330
2EC
100
AcDbEntity
  8
管
 62
     8
100
AcDbLine
 10
1944438.878032846
 20
2801900.44991582
 30
0.0
 11
1944022.211192569
 21
2801900.44991582
 31
0.0
  0
LINE
  5
393
330
2EC
100
AcDbEntity
  8
管
 62
     8
100
AcDbLine
 10
1944438.878032846
 20
2801929.459822381
 30
0.0
 11
1944022.211192569
 21
2801929.459822381
 31
0.0
  0
LINE
  5
394
330
2EC
100
AcDbEntity
  8
管
 62
     8
100
AcDbLine
 10
1944022.211192569
 20
2800226.932227405
 30
0.0
 11
1944022.211192569
 21
2800284.952040526
 31
0.0
  0
LINE
  5
395
330
2EC
100
AcDbEntity
  8
管
 62
     8
100
AcDbLine
 10
1944022.211192569
 20
2800410.752759126
 30
0.0
 11
1944022.211192569
 21
2800468.772572247
 31
0.0
  0
LINE
  5
396
330
2EC
100
AcDbEntity
  8
管
 62
     8
100
AcDbLine
 10
1944022.211192569
 20
2800046.654889885
 30
0.0
 11
1944022.211192569
 21
2800104.674703007
 31
0.0
  0
HATCH
  5
397
330
2EC
100
AcDbEntity
  8
管
 62
     8
100
AcDbHatch
 10
0.0
 20
0.0
 30
0.0
210
0.0
220
0.0
230
1.0
  2
SOLID
 70
     1
 71
     0
 91
        1
 92
        7
 72
     1
 73
     1
 93
        3
 10
1944230.544612707
 20
2800185.626547145
 42
0.0
 10
1944230.544612708
 20
2800165.803465206
 42
0.0
 10
1944248.352368609
 20
2800174.511990184
 42
0.2864620087565961
 97
        0
 75
     0
 76
     1
 47
4.19284404818135
 98
        1
 10
1944239.821299963
 20
2800178.975179061
450
        0
451
        0
460
0.0
461
0.0
452
        0
462
0.0
453
        0
470

  0
HATCH
  5
398
330
2EC
100
AcDbEntity
  8
管
 62
     8
100
AcDbHatch
 10
0.0
 20
0.0
 30
0.0
210
0.0
220
0.0
230
1.0
  2
SOLID
 70
     1
 71
     0
 91
        3
 92
        7
 72
     1
 73
     1
 93
        4
 10
1944230.544612707
 20
2800165.803465206
 42
0.0
 10
1944230.544612707
 20
2800145.980383267
 42
0.4142135623731491
 10
1944250.367694647
 20
2800165.803465206
 42
0.1142008824207983
 10
1944248.352368609
 20
2800174.511990184
 42
0.0
 97
        0
 92
        7
 72
     1
 73
     1
 93
        3
 10
1944212.736856805
 20
2800157.094940227
 42
0.2864620087565155
 10
1944230.544612707
 20
2800145.980383267
 42
0.0
 10
1944230.544612707
 20
2800165.803465206
 42
0.0
 97
        0
 92
        7
 72
     1
 73
     1
 93
        4
 10
1944210.721530768
 20
2800165.803465206
 42
0.1142008824208555
 10
1944212.736856805
 20
2800157.094940227
 42
0.0
 10
1944230.544612707
 20
2800165.803465206
 42
0.0
 10
1944230.544612707
 20
2800185.626547145
 42
0.4142135623730413
 97
        0
 75
     0
 76
     1
 47
6.762651915397315
 98
        3
 10
1944240.362668862
 20
2800161.561238773
 10
1944223.441575613
 20
2800158.179919072
 10
1944220.057408461
 20
2800175.086589492
450
        0
451
        0
460
0.0
461
0.0
452
        0
462
0.0
453
        0
470

  0
LINE
  5
399
330
2EC
100
AcDbEntity
  8
管
 62
     8
100
AcDbLine
 10
1944098.552760566
 20
2800626.046597476
 30
0.0
 11
1944098.552760566
 21
2800684.611244033
 31
0.0
  0
LINE
  5
39A
330
2EC
100
AcDbEntity
  8
管
 62
     8
100
AcDbLine
 10
1944362.536464849
 20
2800626.046597476
 30
0.0
 11
1944362.536464849
 21
2800684.611244033
 31
0.0
  0
LINE
  5
39B
330
2EC
100
AcDbEntity
  8
管
 62
     8
100
AcDbLine
 10
1944438.878032846
 20
2800226.932227405
 30
0.0
 11
1944438.878032846
 21
2800284.952040526
 31
0.0
  0
LINE
  5
39C
330
2EC
100
AcDbEntity
  8
管
 62
     8
100
AcDbLine
 10
1944098.552760566
 20
2800626.046597476
 30
0.0
 11
1944362.536464849
 21
2800626.046597476
 31
0.0
  0
LWPOLYLINE
  5
39D
330
2EC
100
AcDbEntity
  8
管
 62
     8
100
AcDbPolyline
 90
        2
 70
     0
 43
10.0
 10
1944130.544671041
 20
2800626.046597476
 10
1944080.544650208
 20
2800468.772572247
  0
LWPOLYLINE
  5
39E
330
2EC
100
AcDbEntity
  8
管
 62
     8
100
AcDbPolyline
 90
        2
 70
     0
 43
10.0
 10
1944080.544650208
 20
2800410.752759126
 10
1944080.544650208
 20
2800352.947892189
  0
LINE
  5
39F
330
2EC
100
AcDbEntity
  8
管
 62
     8
100
AcDbLine
 10
1944119.859761858
 20
2800352.844011126
 30
0.0
 11
1944080.544650208
 21
2800326.543508466
 31
0.0
  0
LINE
  5
3A0
330
2EC
100
AcDbEntity
  8
管
 62
     8
100
AcDbLine
 10
1944119.859761858
 20
2800385.053601167
 30
0.0
 11
1944119.859761858
 21
2800352.844011126
 31
0.0
  0
LWPOLYLINE
  5
3A1
330
2EC
100
AcDbEntity
  8
管
 62
     8
100
AcDbPolyline
 90
        2
 70
     0
 43
10.0
 10
1944080.544650208
 20
2800326.543508466
 10
1944080.544650208
 20
2800284.952040526
  0
LWPOLYLINE
  5
3A2
330
2EC
100
AcDbEntity
  8
管
 62
     8
100
AcDbPolyline
 90
        2
 70
     0
 43
10.0
 10
1944330.544654374
 20
2800626.046597476
 10
1944380.544675207
 20
2800468.772572247
  0
LWPOLYLINE
  5
3A3
330
2EC
100
AcDbEntity
  8
管
 62
     8
100
AcDbPolyline
 90
        2
 70
     0
 43
10.0
 10
1944380.544675207
 20
2800410.752759126
 10
1944380.544675207
 20
2800352.947892189
  0
LINE
  5
3A4
330
2EC
100
AcDbEntity
  8
管
 62
     8
100
AcDbLine
 10
1944341.229563556
 20
2800385.053601167
 30
0.0
 11
1944341.229563556
 21
2800352.844011126
 31
0.0
  0
LWPOLYLINE
  5
3A5
330
2EC
100
AcDbEntity
  8
管
 62
     8
100
AcDbPolyline
 90
        2
 70
     0
 43
10.0
 10
1944380.544675207
 20
2800326.543508466
 10
1944380.544675207
 20
2800284.952040526
  0
LINE
  5
3A6
330
2EC
100
AcDbEntity
  8
管
 62
     8
100
AcDbLine
 10
1944341.229563556
 20
2800352.844011126
 30
0.0
 11
1944380.544675207
 21
2800326.543508466
 31
0.0
  0
LINE
  5
3A7
330
2EC
100
AcDbEntity
  8
管
 62
     8
100
AcDbLine
 10
1944438.878032846
 20
2800410.752759126
 30
0.0
 11
1944438.878032846
 21
2800468.772572247
 31
0.0
  0
LINE
  5
3A8
330
2EC
100
AcDbEntity
  8
管
 62
     8
100
AcDbLine
 10
1944098.552760566
 20
2800655.328920755
 30
0.0
 11
1944362.536464849
 21
2800655.328920755
 31
0.0
  0
LINE
  5
3A9
330
2EC
100
AcDbEntity
  8
管
 62
     8
100
AcDbLine
 10
1944098.552760566
 20
2800684.611244033
 30
0.0
 11
1944362.536464849
 21
2800684.611244033
 31
0.0
  0
LWPOLYLINE
  5
3AA
330
2EC
100
AcDbEntity
  8
管
 62
     8
100
AcDbPolyline
 90
        2
 70
     0
 43
10.0
 10
1944080.544910237
 20
2798084.611244034
 10
1944080.544650208
 20
2800046.654889885
  0
LWPOLYLINE
  5
3AB
330
2EC
100
AcDbEntity
  8
管
 62
     8
100
AcDbPolyline
 90
        2
 70
     0
 43
10.0
 10
1944380.544675207
 20
2798084.611244034
 10
1944380.544675207
 20
2800046.654889885
  0
LINE
  5
3AC
330
2EC
100
AcDbEntity
  8
管
 62
     8
100
AcDbLine
 10
1944438.878032846
 20
2800046.654889885
 30
0.0
 11
1944438.878032846
 21
2800104.674703007
 31
0.0
  0
LWPOLYLINE
  5
3AD
330
2EC
100
AcDbEntity
  8
管
 62
     8
100
AcDbPolyline
 90
        2
 70
     0
 43
10.0
 10
1944080.544650208
 20
2800226.932227405
 10
1944080.544650208
 20
2800104.674703007
  0
LWPOLYLINE
  5
3AE
330
2EC
100
AcDbEntity
  8
管
 62
     8
100
AcDbPolyline
 90
        2
 70
     0
 43
10.0
 10
1944380.544675207
 20
2800226.932227405
 10
1944380.544675207
 20
2800104.674703007
  0
LINE
  5
3AF
330
2EC
100
AcDbEntity
  8
管
 62
     8
100
AcDbLine
 10
1944380.544675207
 20
2800226.932227405
 30
0.0
 11
1944080.544550208
 21
2800104.674703007
 31
0.0
  0
LINE
  5
3B0
330
2EC
100
AcDbEntity
  8
管
 62
     8
100
AcDbLine
 10
1944022.211192569
 20
2800075.664796445
 30
0.0
 11
1944438.878032846
 21
2800075.664796445
 31
0.0
  0
LINE
  5
3B1
330
2EC
100
AcDbEntity
  8
管
 62
     8
100
AcDbLine
 10
1944022.211192569
 20
2800046.654889885
 30
0.0
 11
1944438.878032846
 21
2800046.654889885
 31
0.0
  0
LINE
  5
3B2
330
2EC
100
AcDbEntity
  8
管
 62
     8
100
AcDbLine
 10
1944022.211192569
 20
2800104.674703007
 30
0.0
 11
1944438.878032846
 21
2800104.674703007
 31
0.0
  0
LINE
  5
3B3
330
2EC
100
AcDbEntity
  8
管
 62
     8
100
AcDbLine
 10
1944022.211192569
 20
2800255.942133966
 30
0.0
 11
1944438.878032846
 21
2800255.942133966
 31
0.0
  0
LINE
  5
3B4
330
2EC
100
AcDbEntity
  8
管
 62
     8
100
AcDbLine
 10
1944022.211192569
 20
2800226.932227405
 30
0.0
 11
1944438.878032846
 21
2800226.932227405
 31
0.0
  0
LINE
  5
3B5
330
2EC
100
AcDbEntity
  8
管
 62
     8
100
AcDbLine
 10
1944022.211192569
 20
2800410.752759126
 30
0.0
 11
1944438.878032846
 21
2800410.752759126
 31
0.0
  0
LINE
  5
3B6
330
2EC
100
AcDbEntity
  8
管
 62
     8
100
AcDbLine
 10
1944022.211192569
 20
2800284.952040526
 30
0.0
 11
1944438.878032846
 21
2800284.952040526
 31
0.0
  0
LINE
  5
3B7
330
2EC
100
AcDbEntity
  8
管
 62
     8
100
AcDbLine
 10
1944022.211192569
 20
2800468.772572247
 30
0.0
 11
1944438.878032846
 21
2800468.772572247
 31
0.0
  0
LINE
  5
3B8
330
2EC
100
AcDbEntity
  8
管
 62
     8
100
AcDbLine
 10
1944022.211192569
 20
2800439.762665687
 30
0.0
 11
1944438.878032846
 21
2800439.762665687
 31
0.0
  0
LINE
  5
3B9
330
2EC
100
AcDbEntity
  8
中轴
  6
CENTER2
 62
     8
 48
10.0
100
AcDbLine
 10
1939780.544612707
 20
2804322.799008772
 30
0.0
 11
1943975.827631957
 21
2804322.799008772
 31
0.0
  0
LINE
  5
3BA
330
2EC
100
AcDbEntity
  8
中轴
  6
CENTER2
 62
     8
 48
10.0
100
AcDbLine
 10
1946257.903150069
 20
2804322.799008772
 30
0.0
 11
1947803.186122331
 21
2804322.799008772
 31
0.0
  0
INSERT
  5
3BB
330
2EC
100
AcDbEntity
  8
0
 62
     8
100
AcDbBlockReference
  2
WT
 10
1944080.544612932
 20
2804068.082028022
 30
0.0
 50
180.0
  0
LWPOLYLINE
  5
3BC
330
2EC
100
AcDbEntity
  8
管
 62
     8
100
AcDbPolyline
 90
        2
 70
     0
 43
10.0
 10
1939780.544612707
 20
2804122.799987959
 10
1942080.544338064
 20
2804122.800259646
  0
LWPOLYLINE
  5
3BD
330
2EC
100
AcDbEntity
  8
管
 62
     8
100
AcDbPolyline
 90
        2
 70
     0
 43
10.0
 10
1942380.544634186
 20
2804122.799127381
 10
1943267.465798155
 20
2804122.798983332
  0
LWPOLYLINE
  5
3BE
330
2EC
100
AcDbEntity
  8
管
 62
     8
100
AcDbPolyline
 90
        2
 70
     0
 43
10.0
 10
1943467.465714822
 20
2804172.799113646
 10
1943975.827631957
 20
2804172.799046272
  0
LWPOLYLINE
  5
3BF
330
2EC
100
AcDbEntity
  8
管
 62
     8
100
AcDbPolyline
 90
        2
 70
     0
 43
10.0
 10
1939780.544612707
 20
2804522.799008331
 10
1943267.465798155
 20
2804522.799008331
  0
LWPOLYLINE
  5
3C0
330
2EC
100
AcDbEntity
  8
管
 62
     8
100
AcDbPolyline
 90
        2
 70
     0
 43
10.0
 10
1943467.465714822
 20
2804472.799071271
 10
1943975.827631957
 20
2804472.799071271
  0
LWPOLYLINE
  5
3C1
330
2EC
100
AcDbEntity
  8
管
 62
     8
100
AcDbPolyline
 90
        2
 70
     0
 43
10.0
 10
1943467.465798155
 20
2804172.799004165
 10
1943267.465798155
 20
2804122.798983332
  0
LWPOLYLINE
  5
3C2
330
2EC
100
AcDbEntity
  8
管
 62
     8
100
AcDbPolyline
 90
        2
 70
     0
 43
10.0
 10
1943467.465798155
 20
2804472.798987498
 10
1943267.465798155
 20
2804522.799008331
  0
LWPOLYLINE
  5
3C3
330
2EC
100
AcDbEntity
  8
管
 62
     8
100
AcDbPolyline
 90
        2
 70
     0
 43
10.0
 10
1943267.465798155
 20
2804522.799008331
 10
1943267.465798155
 20
2804122.798983332
  0
LWPOLYLINE
  5
3C4
330
2EC
100
AcDbEntity
  8
管
 62
     8
100
AcDbPolyline
 90
        2
 70
     0
 43
10.0
 10
1943467.465714822
 20
2804472.799008331
 10
1943467.465714822
 20
2804172.799009214
  0
LWPOLYLINE
  5
3C5
330
2EC
100
AcDbEntity
  8
管
 62
     8
100
AcDbPolyline
 90
        3
 70
     0
 43
10.0
 10
1942380.544584487
 20
2804122.799193647
 10
1942230.544612707
 20
2804322.799008772
 10
1942080.544775658
 20
2804122.799233406
  0
LWPOLYLINE
  5
3C6
330
2EC
100
AcDbEntity
  8
管
 62
     8
100
AcDbPolyline
 90
        2
 70
     0
 43
10.0
 10
1942530.544612708
 20
2804522.799008331
 10
1942530.544612708
 20
2804122.798983332
  0
LWPOLYLINE
  5
3C7
330
2EC
100
AcDbEntity
  8
管
 62
     8
100
AcDbPolyline
 90
        2
 70
     0
 43
10.0
 10
1941930.544612707
 20
2804522.799008331
 10
1941930.544612707
 20
2804122.798983332
  0
LINE
  5
3C8
330
2EC
100
AcDbEntity
  8
中轴
  6
CENTER2
 62
     8
 48
10.0
100
AcDbLine
 10
1944230.544612708
 20
2798084.611244034
 30
0.0
 11
1944230.544612707
 21
2804068.082028022
 31
0.0
  0
LINE
  5
3C9
330
2EC
100
AcDbEntity
  8
管
 62
     8
100
AcDbLine
 10
1942438.878032845
 20
2802341.804118015
 30
0.0
 11
1942438.878032845
 21
2802283.784304895
 31
0.0
  0
LINE
  5
3CA
330
2EC
100
AcDbEntity
  8
管
 62
     8
100
AcDbLine
 10
1942438.878032845
 20
2802157.983586294
 30
0.0
 11
1942438.878032845
 21
2802099.963773175
 31
0.0
  0
LINE
  5
3CB
330
2EC
100
AcDbEntity
  8
管
 62
     8
100
AcDbLine
 10
1942438.878032845
 20
2801958.469728941
 30
0.0
 11
1942438.878032845
 21
2801900.44991582
 31
0.0
  0
LINE
  5
3CC
330
2EC
100
AcDbEntity
  8
管
 62
     8
100
AcDbLine
 10
1942438.878032845
 20
2802522.081455536
 30
0.0
 11
1942438.878032845
 21
2802464.061642415
 31
0.0
  0
HATCH
  5
3CD
330
2EC
100
AcDbEntity
  8
管
 62
     8
100
AcDbHatch
 10
0.0
 20
0.0
 30
0.0
210
0.0
220
0.0
230
1.0
  2
SOLID
 70
     1
 71
     0
 91
        1
 92
        7
 72
     1
 73
     1
 93
        3
 10
1942230.544612707
 20
2802383.109798276
 42
0.0
 10
1942230.544612707
 20
2802402.932880215
 42
0.0
 10
1942212.736856805
 20
2802394.224355237
 42
0.2864620087565961
 97
        0
 75
     0
 76
     1
 47
4.19284404818135
 98
        1
 10
1942221.267925452
 20
2802389.761166359
450
        0
451
        0
460
0.0
461
0.0
452
        0
462
0.0
453
        0
470

  0
HATCH
  5
3CE
330
2EC
100
AcDbEntity
  8
管
 62
     8
100
AcDbHatch
 10
0.0
 20
0.0
 30
0.0
210
0.0
220
0.0
230
1.0
  2
SOLID
 70
     1
 71
     0
 91
        3
 92
        7
 72
     1
 73
     1
 93
        4
 10
1942230.544612707
 20
2802402.932880215
 42
0.0
 10
1942230.544612707
 20
2802422.755962155
 42
0.4142135623731491
 10
1942210.721530768
 20
2802402.932880215
 42
0.1142008824207983
 10
1942212.736856805
 20
2802394.224355237
 42
0.0
 97
        0
 92
        7
 72
     1
 73
     1
 93
        3
 10
1942248.35236861
 20
2802411.641405194
 42
0.2864620087565155
 10
1942230.544612707
 20
2802422.755962155
 42
0.0
 10
1942230.544612707
 20
2802402.932880215
 42
0.0
 97
        0
 92
        7
 72
     1
 73
     1
 93
        4
 10
1942250.367694646
 20
2802402.932880215
 42
0.1142008824208555
 10
1942248.35236861
 20
2802411.641405194
 42
0.0
 10
1942230.544612707
 20
2802402.932880215
 42
0.0
 10
1942230.544612707
 20
2802383.109798276
 42
0.4142135623730413
 97
        0
 75
     0
 76
     1
 47
6.762651915397315
 98
        3
 10
1942220.726556553
 20
2802407.175106647
 10
1942237.647649801
 20
2802410.556426348
 10
1942241.031816954
 20
2802393.649755928
450
        0
451
        0
460
0.0
461
0.0
452
        0
462
0.0
453
        0
470

  0
LINE
  5
3CF
330
2EC
100
AcDbEntity
  8
管
 62
     8
100
AcDbLine
 10
1942362.536464849
 20
2801743.175890591
 30
0.0
 11
1942362.536464849
 21
2801684.611244034
 31
0.0
  0
LINE
  5
3D0
330
2EC
100
AcDbEntity
  8
管
 62
     8
100
AcDbLine
 10
1942098.552760565
 20
2801743.175890591
 30
0.0
 11
1942098.552760565
 21
2801684.611244034
 31
0.0
  0
LINE
  5
3D1
330
2EC
100
AcDbEntity
  8
管
 62
     8
100
AcDbLine
 10
1942022.211192569
 20
2802341.804118015
 30
0.0
 11
1942022.211192569
 21
2802283.784304895
 31
0.0
  0
LINE
  5
3D2
330
2EC
100
AcDbEntity
  8
管
 62
     8
100
AcDbLine
 10
1942022.211192569
 20
2802157.983586294
 30
0.0
 11
1942022.211192569
 21
2802099.963773175
 31
0.0
  0
LINE
  5
3D3
330
2EC
100
AcDbEntity
  8
管
 62
     8
100
AcDbLine
 10
1942362.536464849
 20
2801743.175890591
 30
0.0
 11
1942098.552760565
 21
2801743.175890591
 31
0.0
  0
LWPOLYLINE
  5
3D4
330
2EC
100
AcDbEntity
  8
管
 62
     8
100
AcDbPolyline
 90
        2
 70
     0
 43
10.0
 10
1942330.544554374
 20
2801743.175890591
 10
1942380.544575207
 20
2801900.44991582
  0
LWPOLYLINE
  5
3D5
330
2EC
100
AcDbEntity
  8
管
 62
     8
100
AcDbPolyline
 90
        2
 70
     0
 43
10.0
 10
1942380.544575207
 20
2802157.983586294
 10
1942380.544575207
 20
2802215.788453231
  0
LINE
  5
3D6
330
2EC
100
AcDbEntity
  8
管
 62
     8
100
AcDbLine
 10
1942341.229463556
 20
2802215.892334295
 30
0.0
 11
1942380.544575207
 21
2802242.192836955
 31
0.0
  0
LINE
  5
3D7
330
2EC
100
AcDbEntity
  8
管
 62
     8
100
AcDbLine
 10
1942341.229463556
 20
2802183.682744254
 30
0.0
 11
1942341.229463556
 21
2802215.892334295
 31
0.0
  0
LWPOLYLINE
  5
3D8
330
2EC
100
AcDbEntity
  8
管
 62
     8
100
AcDbPolyline
 90
        2
 70
     0
 43
10.0
 10
1942380.544575207
 20
2802242.192836955
 10
1942380.544575207
 20
2802283.784304895
  0
LWPOLYLINE
  5
3D9
330
2EC
100
AcDbEntity
  8
管
 62
     8
100
AcDbPolyline
 90
        2
 70
     0
 43
10.0
 10
1942130.544571041
 20
2801743.175890591
 10
1942080.544550208
 20
2801900.44991582
  0
LWPOLYLINE
  5
3DA
330
2EC
100
AcDbEntity
  8
管
 62
     8
100
AcDbPolyline
 90
        2
 70
     0
 43
10.0
 10
1942080.544550208
 20
2802157.983586294
 10
1942080.544550208
 20
2802215.788453231
  0
LINE
  5
3DB
330
2EC
100
AcDbEntity
  8
管
 62
     8
100
AcDbLine
 10
1942119.859661859
 20
2802183.682744254
 30
0.0
 11
1942119.859661859
 21
2802215.892334295
 31
0.0
  0
LWPOLYLINE
  5
3DC
330
2EC
100
AcDbEntity
  8
管
 62
     8
100
AcDbPolyline
 90
        2
 70
     0
 43
10.0
 10
1942080.544550208
 20
2802242.192836955
 10
1942080.544550208
 20
2802283.784304895
  0
LINE
  5
3DD
330
2EC
100
AcDbEntity
  8
管
 62
     8
100
AcDbLine
 10
1942119.859661859
 20
2802215.892334295
 30
0.0
 11
1942080.544550208
 21
2802242.192836955
 31
0.0
  0
LINE
  5
3DE
330
2EC
100
AcDbEntity
  8
管
 62
     8
100
AcDbLine
 10
1942022.211192569
 20
2801958.469728941
 30
0.0
 11
1942022.211192569
 21
2801900.44991582
 31
0.0
  0
LINE
  5
3DF
330
2EC
100
AcDbEntity
  8
管
 62
     8
100
AcDbLine
 10
1942362.536464849
 20
2801713.893567312
 30
0.0
 11
1942098.552760565
 21
2801713.893567312
 31
0.0
  0
LINE
  5
3E0
330
2EC
100
AcDbEntity
  8
管
 62
     8
100
AcDbLine
 10
1942080.544550208
 20
2801958.469728941
 30
0.0
 11
1942380.544675207
 21
2802099.963773175
 31
0.0
  0
LINE
  5
3E1
330
2EC
100
AcDbEntity
  8
管
 62
     8
100
AcDbLine
 10
1942362.536464849
 20
2801684.611244034
 30
0.0
 11
1942098.552760565
 21
2801684.611244034
 31
0.0
  0
LWPOLYLINE
  5
3E2
330
2EC
100
AcDbEntity
  8
管
 62
     8
100
AcDbPolyline
 90
        2
 70
     0
 43
10.0
 10
1942380.544363064
 20
2804122.799127381
 10
1942380.544575207
 20
2802522.081455536
  0
LWPOLYLINE
  5
3E3
330
2EC
100
AcDbEntity
  8
管
 62
     8
100
AcDbPolyline
 90
        2
 70
     0
 43
10.0
 10
1942080.544338065
 20
2804122.79916714
 10
1942080.544550208
 20
2802522.081455536
  0
LINE
  5
3E4
330
2EC
100
AcDbEntity
  8
管
 62
     8
100
AcDbLine
 10
1942022.211192569
 20
2802522.081455536
 30
0.0
 11
1942022.211192569
 21
2802464.061642415
 31
0.0
  0
LWPOLYLINE
  5
3E5
330
2EC
100
AcDbEntity
  8
管
 62
     8
100
AcDbPolyline
 90
        2
 70
     0
 43
10.0
 10
1942380.544575207
 20
2802341.804118015
 10
1942380.544575207
 20
2802464.061642415
  0
LWPOLYLINE
  5
3E6
330
2EC
100
AcDbEntity
  8
管
 62
     8
100
AcDbPolyline
 90
        2
 70
     0
 43
10.0
 10
1942080.544550208
 20
2802341.804118015
 10
1942080.544550208
 20
2802464.061642415
  0
LINE
  5
3E7
330
2EC
100
AcDbEntity
  8
管
 62
     8
100
AcDbLine
 10
1942080.544550208
 20
2802341.804118015
 30
0.0
 11
1942380.544675207
 21
2802464.061642415
 31
0.0
  0
LINE
  5
3E8
330
2EC
100
AcDbEntity
  8
管
 62
     8
100
AcDbLine
 10
1942438.878032845
 20
2802493.071548976
 30
0.0
 11
1942022.211192569
 21
2802493.071548976
 31
0.0
  0
LINE
  5
3E9
330
2EC
100
AcDbEntity
  8
管
 62
     8
100
AcDbLine
 10
1942438.878032845
 20
2802522.081455536
 30
0.0
 11
1942022.211192569
 21
2802522.081455536
 31
0.0
  0
LINE
  5
3EA
330
2EC
100
AcDbEntity
  8
管
 62
     8
100
AcDbLine
 10
1942438.878032845
 20
2802464.061642415
 30
0.0
 11
1942022.211192569
 21
2802464.061642415
 31
0.0
  0
LINE
  5
3EB
330
2EC
100
AcDbEntity
  8
管
 62
     8
100
AcDbLine
 10
1942438.878032845
 20
2802312.794211455
 30
0.0
 11
1942022.211192569
 21
2802312.794211455
 31
0.0
  0
LINE
  5
3EC
330
2EC
100
AcDbEntity
  8
管
 62
     8
100
AcDbLine
 10
1942438.878032845
 20
2802341.804118015
 30
0.0
 11
1942022.211192569
 21
2802341.804118015
 31
0.0
  0
LINE
  5
3ED
330
2EC
100
AcDbEntity
  8
管
 62
     8
100
AcDbLine
 10
1942438.878032845
 20
2802128.973679734
 30
0.0
 11
1942022.211192569
 21
2802128.973679734
 31
0.0
  0
LINE
  5
3EE
330
2EC
100
AcDbEntity
  8
管
 62
     8
100
AcDbLine
 10
1942438.878032845
 20
2802157.983586294
 30
0.0
 11
1942022.211192569
 21
2802157.983586294
 31
0.0
  0
LINE
  5
3EF
330
2EC
100
AcDbEntity
  8
管
 62
     8
100
AcDbLine
 10
1942438.878032845
 20
2801958.469728941
 30
0.0
 11
1942022.211192569
 21
2801958.469728941
 31
0.0
  0
LINE
  5
3F0
330
2EC
100
AcDbEntity
  8
管
 62
     8
100
AcDbLine
 10
1942438.878032845
 20
2802283.784304895
 30
0.0
 11
1942022.211192569
 21
2802283.784304895
 31
0.0
  0
LINE
  5
3F1
330
2EC
100
AcDbEntity
  8
管
 62
     8
100
AcDbLine
 10
1942438.878032845
 20
2802099.963773175
 30
0.0
 11
1942022.211192569
 21
2802099.963773175
 31
0.0
  0
LINE
  5
3F2
330
2EC
100
AcDbEntity
  8
管
 62
     8
100
AcDbLine
 10
1942438.878032845
 20
2801900.44991582
 30
0.0
 11
1942022.211192569
 21
2801900.44991582
 31
0.0
  0
LINE
  5
3F3
330
2EC
100
AcDbEntity
  8
管
 62
     8
100
AcDbLine
 10
1942438.878032845
 20
2801929.459822381
 30
0.0
 11
1942022.211192569
 21
2801929.459822381
 31
0.0
  0
LINE
  5
3F4
330
2EC
100
AcDbEntity
  8
管
 62
     8
100
AcDbLine
 10
1942022.211192569
 20
2800226.932227405
 30
0.0
 11
1942022.211192569
 21
2800284.952040526
 31
0.0
  0
LINE
  5
3F5
330
2EC
100
AcDbEntity
  8
管
 62
     8
100
AcDbLine
 10
1942022.211192569
 20
2800410.752759126
 30
0.0
 11
1942022.211192569
 21
2800468.772572247
 31
0.0
  0
LINE
  5
3F6
330
2EC
100
AcDbEntity
  8
管
 62
     8
100
AcDbLine
 10
1942022.211192569
 20
2800046.654889885
 30
0.0
 11
1942022.211192569
 21
2800104.674703007
 31
0.0
  0
HATCH
  5
3F7
330
2EC
100
AcDbEntity
  8
管
 62
     8
100
AcDbHatch
 10
0.0
 20
0.0
 30
0.0
210
0.0
220
0.0
230
1.0
  2
SOLID
 70
     1
 71
     0
 91
        1
 92
        7
 72
     1
 73
     1
 93
        3
 10
1942230.544612707
 20
2800185.626547145
 42
0.0
 10
1942230.544612707
 20
2800165.803465206
 42
0.0
 10
1942248.35236861
 20
2800174.511990184
 42
0.2864620087565961
 97
        0
 75
     0
 76
     1
 47
4.19284404818135
 98
        1
 10
1942239.821299963
 20
2800178.975179061
450
        0
451
        0
460
0.0
461
0.0
452
        0
462
0.0
453
        0
470

  0
HATCH
  5
3F8
330
2EC
100
AcDbEntity
  8
管
 62
     8
100
AcDbHatch
 10
0.0
 20
0.0
 30
0.0
210
0.0
220
0.0
230
1.0
  2
SOLID
 70
     1
 71
     0
 91
        3
 92
        7
 72
     1
 73
     1
 93
        4
 10
1942230.544612707
 20
2800165.803465206
 42
0.0
 10
1942230.544612707
 20
2800145.980383267
 42
0.4142135623731491
 10
1942250.367694646
 20
2800165.803465206
 42
0.1142008824207983
 10
1942248.35236861
 20
2800174.511990184
 42
0.0
 97
        0
 92
        7
 72
     1
 73
     1
 93
        3
 10
1942212.736856805
 20
2800157.094940227
 42
0.2864620087565155
 10
1942230.544612707
 20
2800145.980383267
 42
0.0
 10
1942230.544612707
 20
2800165.803465206
 42
0.0
 97
        0
 92
        7
 72
     1
 73
     1
 93
        4
 10
1942210.721530768
 20
2800165.803465206
 42
0.1142008824208555
 10
1942212.736856805
 20
2800157.094940227
 42
0.0
 10
1942230.544612707
 20
2800165.803465206
 42
0.0
 10
1942230.544612707
 20
2800185.626547145
 42
0.4142135623730413
 97
        0
 75
     0
 76
     1
 47
6.762651915397315
 98
        3
 10
1942240.362668862
 20
2800161.561238773
 10
1942223.441575613
 20
2800158.179919072
 10
1942220.057408461
 20
2800175.086589492
450
        0
451
        0
460
0.0
461
0.0
452
        0
462
0.0
453
        0
470

  0
LINE
  5
3F9
330
2EC
100
AcDbEntity
  8
管
 62
     8
100
AcDbLine
 10
1942098.552760566
 20
2800626.046597476
 30
0.0
 11
1942098.552760566
 21
2800684.611244033
 31
0.0
  0
LINE
  5
3FA
330
2EC
100
AcDbEntity
  8
管
 62
     8
100
AcDbLine
 10
1942362.536464849
 20
2800626.046597476
 30
0.0
 11
1942362.536464849
 21
2800684.611244033
 31
0.0
  0
LINE
  5
3FB
330
2EC
100
AcDbEntity
  8
管
 62
     8
100
AcDbLine
 10
1942438.878032845
 20
2800226.932227405
 30
0.0
 11
1942438.878032845
 21
2800284.952040526
 31
0.0
  0
LINE
  5
3FC
330
2EC
100
AcDbEntity
  8
管
 62
     8
100
AcDbLine
 10
1942098.552760566
 20
2800626.046597476
 30
0.0
 11
1942362.536464849
 21
2800626.046597476
 31
0.0
  0
LWPOLYLINE
  5
3FD
330
2EC
100
AcDbEntity
  8
管
 62
     8
100
AcDbPolyline
 90
        2
 70
     0
 43
10.0
 10
1942130.544671041
 20
2800626.046597476
 10
1942080.544650208
 20
2800468.772572247
  0
LWPOLYLINE
  5
3FE
330
2EC
100
AcDbEntity
  8
管
 62
     8
100
AcDbPolyline
 90
        2
 70
     0
 43
10.0
 10
1942080.544650208
 20
2800410.752759126
 10
1942080.544650208
 20
2800352.947892189
  0
LINE
  5
3FF
330
2EC
100
AcDbEntity
  8
管
 62
     8
100
AcDbLine
 10
1942119.859761858
 20
2800352.844011126
 30
0.0
 11
1942080.544650208
 21
2800326.543508466
 31
0.0
  0
LINE
  5
400
330
2EC
100
AcDbEntity
  8
管
 62
     8
100
AcDbLine
 10
1942119.859761858
 20
2800385.053601167
 30
0.0
 11
1942119.859761858
 21
2800352.844011126
 31
0.0
  0
LWPOLYLINE
  5
401
330
2EC
100
AcDbEntity
  8
管
 62
     8
100
AcDbPolyline
 90
        2
 70
     0
 43
10.0
 10
1942080.544650208
 20
2800326.543508466
 10
1942080.544650208
 20
2800284.952040526
  0
LWPOLYLINE
  5
402
330
2EC
100
AcDbEntity
  8
管
 62
     8
100
AcDbPolyline
 90
        2
 70
     0
 43
10.0
 10
1942330.544654374
 20
2800626.046597476
 10
1942380.544675207
 20
2800468.772572247
  0
LWPOLYLINE
  5
403
330
2EC
100
AcDbEntity
  8
管
 62
     8
100
AcDbPolyline
 90
        2
 70
     0
 43
10.0
 10
1942380.544675207
 20
2800410.752759126
 10
1942380.544675207
 20
2800352.947892189
  0
LINE
  5
404
330
2EC
100
AcDbEntity
  8
管
 62
     8
100
AcDbLine
 10
1942341.229563556
 20
2800385.053601167
 30
0.0
 11
1942341.229563556
 21
2800352.844011126
 31
0.0
  0
LWPOLYLINE
  5
405
330
2EC
100
AcDbEntity
  8
管
 62
     8
100
AcDbPolyline
 90
        2
 70
     0
 43
10.0
 10
1942380.544675207
 20
2800326.543508466
 10
1942380.544675207
 20
2800284.952040526
  0
LINE
  5
406
330
2EC
100
AcDbEntity
  8
管
 62
     8
100
AcDbLine
 10
1942341.229563556
 20
2800352.844011126
 30
0.0
 11
1942380.544675207
 21
2800326.543508466
 31
0.0
  0
LINE
  5
407
330
2EC
100
AcDbEntity
  8
管
 62
     8
100
AcDbLine
 10
1942438.878032845
 20
2800410.752759126
 30
0.0
 11
1942438.878032845
 21
2800468.772572247
 31
0.0
  0
LINE
  5
408
330
2EC
100
AcDbEntity
  8
管
 62
     8
100
AcDbLine
 10
1942098.552760566
 20
2800655.328920755
 30
0.0
 11
1942362.536464849
 21
2800655.328920755
 31
0.0
  0
LINE
  5
409
330
2EC
100
AcDbEntity
  8
管
 62
     8
100
AcDbLine
 10
1942098.552760566
 20
2800684.611244033
 30
0.0
 11
1942362.536464849
 21
2800684.611244033
 31
0.0
  0
LWPOLYLINE
  5
40A
330
2EC
100
AcDbEntity
  8
管
 62
     8
100
AcDbPolyline
 90
        2
 70
     0
 43
10.0
 10
1942080.544910237
 20
2798084.61124404
 10
1942080.544650208
 20
2800046.654889885
  0
LWPOLYLINE
  5
40B
330
2EC
100
AcDbEntity
  8
管
 62
     8
100
AcDbPolyline
 90
        2
 70
     0
 43
10.0
 10
1942380.544675207
 20
2798084.611244034
 10
1942380.544675207
 20
2800046.654889885
  0
LINE
  5
40C
330
2EC
100
AcDbEntity
  8
管
 62
     8
100
AcDbLine
 10
1942438.878032845
 20
2800046.654889885
 30
0.0
 11
1942438.878032845
 21
2800104.674703007
 31
0.0
  0
LWPOLYLINE
  5
40D
330
2EC
100
AcDbEntity
  8
管
 62
     8
100
AcDbPolyline
 90
        2
 70
     0
 43
10.0
 10
1942080.544650208
 20
2800226.932227405
 10
1942080.544650208
 20
2800104.674703007
  0
LWPOLYLINE
  5
40E
330
2EC
100
AcDbEntity
  8
管
 62
     8
100
AcDbPolyline
 90
        2
 70
     0
 43
10.0
 10
1942380.544675207
 20
2800226.932227405
 10
1942380.544675207
 20
2800104.674703007
  0
LINE
  5
40F
330
2EC
100
AcDbEntity
  8
管
 62
     8
100
AcDbLine
 10
1942380.544675207
 20
2800226.932227405
 30
0.0
 11
1942080.544550208
 21
2800104.674703007
 31
0.0
  0
LINE
  5
410
330
2EC
100
AcDbEntity
  8
管
 62
     8
100
AcDbLine
 10
1942022.211192569
 20
2800075.664796445
 30
0.0
 11
1942438.878032845
 21
2800075.664796445
 31
0.0
  0
LINE
  5
411
330
2EC
100
AcDbEntity
  8
管
 62
     8
100
AcDbLine
 10
1942022.211192569
 20
2800046.654889885
 30
0.0
 11
1942438.878032845
 21
2800046.654889885
 31
0.0
  0
LINE
  5
412
330
2EC
100
AcDbEntity
  8
管
 62
     8
100
AcDbLine
 10
1942022.211192569
 20
2800104.674703007
 30
0.0
 11
1942438.878032845
 21
2800104.674703007
 31
0.0
  0
LINE
  5
413
330
2EC
100
AcDbEntity
  8
管
 62
     8
100
AcDbLine
 10
1942022.211192569
 20
2800255.942133966
 30
0.0
 11
1942438.878032845
 21
2800255.942133966
 31
0.0
  0
LINE
  5
414
330
2EC
100
AcDbEntity
  8
管
 62
     8
100
AcDbLine
 10
1942022.211192569
 20
2800226.932227405
 30
0.0
 11
1942438.878032845
 21
2800226.932227405
 31
0.0
  0
LINE
  5
415
330
2EC
100
AcDbEntity
  8
管
 62
     8
100
AcDbLine
 10
1942022.211192569
 20
2800410.752759126
 30
0.0
 11
1942438.878032845
 21
2800410.752759126
 31
0.0
  0
LINE
  5
416
330
2EC
100
AcDbEntity
  8
管
 62
     8
100
AcDbLine
 10
1942022.211192569
 20
2800284.952040526
 30
0.0
 11
1942438.878032845
 21
2800284.952040526
 31
0.0
  0
LINE
  5
417
330
2EC
100
AcDbEntity
  8
管
 62
     8
100
AcDbLine
 10
1942022.211192569
 20
2800468.772572247
 30
0.0
 11
1942438.878032845
 21
2800468.772572247
 31
0.0
  0
LINE
  5
418
330
2EC
100
AcDbEntity
  8
管
 62
     8
100
AcDbLine
 10
1942022.211192569
 20
2800439.762665687
 30
0.0
 11
1942438.878032845
 21
2800439.762665687
 31
0.0
  0
LINE
  5
419
330
2EC
100
AcDbEntity
  8
中轴
  6
CENTER2
 62
     8
 48
10.0
100
AcDbLine
 10
1942230.544612707
 20
2798084.611244034
 30
0.0
 11
1942230.544612707
 21
2804322.799008772
 31
0.0
  0
LINE
  5
41A
330
2EC
100
AcDbEntity
  8
管
 62
     8
100
AcDbLine
 10
1946011.794547604
 20
2800541.351981562
 30
0.0
 11
1946011.794547604
 21
2800584.866841402
 31
0.0
  0
LINE
  5
41B
330
2EC
100
AcDbEntity
  8
管
 62
     8
100
AcDbLine
 10
1946011.794547604
 20
2800679.217380353
 30
0.0
 11
1946011.794547604
 21
2800722.732240194
 31
0.0
  0
LINE
  5
41C
330
2EC
100
AcDbEntity
  8
管
 62
     8
100
AcDbLine
 10
1946011.794547604
 20
2800406.143978422
 30
0.0
 11
1946011.794547604
 21
2800449.658838262
 31
0.0
  0
HATCH
  5
41D
330
2EC
100
AcDbEntity
  8
管
 62
     8
100
AcDbHatch
 10
0.0
 20
0.0
 30
0.0
210
0.0
220
0.0
230
1.0
  2
SOLID
 70
     1
 71
     0
 91
        1
 92
        7
 72
     1
 73
     1
 93
        3
 10
1946130.544612707
 20
2800510.372721367
 42
0.0
 10
1946130.544612708
 20
2800495.505409913
 42
0.0
 10
1946143.900429634
 20
2800502.036803647
 42
0.2864620087565961
 97
        0
 75
     0
 76
     1
 47
4.19284404818135
 98
        1
 10
1946137.502128149
 20
2800505.384195304
450
        0
451
        0
460
0.0
461
0.0
452
        0
462
0.0
453
        0
470

  0
HATCH
  5
41E
330
2EC
100
AcDbEntity
  8
管
 62
     8
100
AcDbHatch
 10
0.0
 20
0.0
 30
0.0
210
0.0
220
0.0
230
1.0
  2
SOLID
 70
     1
 71
     0
 91
        3
 92
        7
 72
     1
 73
     1
 93
        4
 10
1946130.544612707
 20
2800495.505409913
 42
0.0
 10
1946130.544612707
 20
2800480.638098459
 42
0.4142135623731491
 10
1946145.411924161
 20
2800495.505409913
 42
0.1142008824207983
 10
1946143.900429634
 20
2800502.036803647
 42
0.0
 97
        0
 92
        7
 72
     1
 73
     1
 93
        3
 10
1946117.188795781
 20
2800488.974016179
 42
0.2864620087565155
 10
1946130.544612707
 20
2800480.638098459
 42
0.0
 10
1946130.544612707
 20
2800495.505409913
 42
0.0
 97
        0
 92
        7
 72
     1
 73
     1
 93
        4
 10
1946115.677301253
 20
2800495.505409913
 42
0.1142008824208555
 10
1946117.188795781
 20
2800488.974016179
 42
0.0
 10
1946130.544612707
 20
2800495.505409913
 42
0.0
 10
1946130.544612707
 20
2800510.372721367
 42
0.4142135623730413
 97
        0
 75
     0
 76
     1
 47
6.762651915397315
 98
        3
 10
1946137.908154823
 20
2800492.323740089
 10
1946125.217334887
 20
2800489.787750314
 10
1946122.679209523
 20
2800502.467753128
450
        0
451
        0
460
0.0
461
0.0
452
        0
462
0.0
453
        0
470

  0
LINE
  5
41F
330
2EC
100
AcDbEntity
  8
管
 62
     8
100
AcDbLine
 10
1946069.050723601
 20
2800840.687759116
 30
0.0
 11
1946069.050723601
 21
2800884.611244033
 31
0.0
  0
LINE
  5
420
330
2EC
100
AcDbEntity
  8
管
 62
     8
100
AcDbLine
 10
1946192.038501814
 20
2800840.687759116
 30
0.0
 11
1946192.038501814
 21
2800884.611244033
 31
0.0
  0
LINE
  5
421
330
2EC
100
AcDbEntity
  8
管
 62
     8
100
AcDbLine
 10
1946249.294677811
 20
2800541.351981562
 30
0.0
 11
1946249.294677811
 21
2800584.866841402
 31
0.0
  0
LINE
  5
422
330
2EC
100
AcDbEntity
  8
管
 62
     8
100
AcDbLine
 10
1946069.050723601
 20
2800840.687759116
 30
0.0
 11
1946192.038501814
 21
2800840.687759116
 31
0.0
  0
LWPOLYLINE
  5
423
330
2EC
100
AcDbEntity
  8
管
 62
     8
100
AcDbPolyline
 90
        2
 70
     0
 43
7.5
 10
1946093.044656457
 20
2800840.687759116
 10
1946055.544640833
 20
2800722.732240194
  0
LWPOLYLINE
  5
424
330
2EC
100
AcDbEntity
  8
管
 62
     8
100
AcDbPolyline
 90
        2
 70
     0
 43
7.5
 10
1946055.544640833
 20
2800679.217380353
 10
1946055.544640833
 20
2800635.863730151
  0
LINE
  5
425
330
2EC
100
AcDbEntity
  8
管
 62
     8
100
AcDbLine
 10
1946085.030974571
 20
2800635.785819352
 30
0.0
 11
1946055.544640833
 21
2800616.060442358
 31
0.0
  0
LINE
  5
426
330
2EC
100
AcDbEntity
  8
管
 62
     8
100
AcDbLine
 10
1946085.030974571
 20
2800659.943011883
 30
0.0
 11
1946085.030974571
 21
2800635.785819352
 31
0.0
  0
LWPOLYLINE
  5
427
330
2EC
100
AcDbEntity
  8
管
 62
     8
100
AcDbPolyline
 90
        2
 70
     0
 43
7.5
 10
1946055.544640833
 20
2800616.060442358
 10
1946055.544640833
 20
2800584.866841402
  0
LWPOLYLINE
  5
428
330
2EC
100
AcDbEntity
  8
管
 62
     8
100
AcDbPolyline
 90
        2
 70
     0
 43
7.5
 10
1946168.044643957
 20
2800840.687759116
 10
1946205.544659582
 20
2800722.732240194
  0
LWPOLYLINE
  5
429
330
2EC
100
AcDbEntity
  8
管
 62
     8
100
AcDbPolyline
 90
        2
 70
     0
 43
7.5
 10
1946205.544659582
 20
2800679.217380353
 10
1946205.544659582
 20
2800635.863730151
  0
LINE
  5
42A
330
2EC
100
AcDbEntity
  8
管
 62
     8
100
AcDbLine
 10
1946176.058325844
 20
2800659.943011883
 30
0.0
 11
1946176.058325844
 21
2800635.785819352
 31
0.0
  0
LWPOLYLINE
  5
42B
330
2EC
100
AcDbEntity
  8
管
 62
     8
100
AcDbPolyline
 90
        2
 70
     0
 43
7.5
 10
1946205.544659582
 20
2800616.060442358
 10
1946205.544659582
 20
2800584.866841402
  0
LINE
  5
42C
330
2EC
100
AcDbEntity
  8
管
 62
     8
100
AcDbLine
 10
1946176.058325844
 20
2800635.785819352
 30
0.0
 11
1946205.544659582
 21
2800616.060442358
 31
0.0
  0
LINE
  5
42D
330
2EC
100
AcDbEntity
  8
管
 62
     8
100
AcDbLine
 10
1946249.294677811
 20
2800679.217380353
 30
0.0
 11
1946249.294677811
 21
2800722.732240194
 31
0.0
  0
LINE
  5
42E
330
2EC
100
AcDbEntity
  8
管
 62
     8
100
AcDbLine
 10
1946069.050723601
 20
2800862.649501576
 30
0.0
 11
1946192.038501814
 21
2800862.649501576
 31
0.0
  0
LINE
  5
42F
330
2EC
100
AcDbEntity
  8
管
 62
     8
100
AcDbLine
 10
1946069.050723601
 20
2800884.611244033
 30
0.0
 11
1946192.038501814
 21
2800884.611244033
 31
0.0
  0
LWPOLYLINE
  5
430
330
2EC
100
AcDbEntity
  8
管
 62
     8
100
AcDbPolyline
 90
        2
 70
     0
 43
7.5
 10
1946055.544930684
 20
2798084.611244034
 10
1946055.544640833
 20
2800406.143978422
  0
LWPOLYLINE
  5
431
330
2EC
100
AcDbEntity
  8
管
 62
     8
100
AcDbPolyline
 90
        2
 70
     0
 43
7.5
 10
1946205.544659582
 20
2798084.611244034
 10
1946205.544659582
 20
2800406.143978422
  0
LINE
  5
432
330
2EC
100
AcDbEntity
  8
管
 62
     8
100
AcDbLine
 10
1946249.294677811
 20
2800406.143978422
 30
0.0
 11
1946249.294677811
 21
2800449.658838262
 31
0.0
  0
LWPOLYLINE
  5
433
330
2EC
100
AcDbEntity
  8
管
 62
     8
100
AcDbPolyline
 90
        2
 70
     0
 43
7.5
 10
1946055.544640833
 20
2800541.351981562
 10
1946055.544640833
 20
2800449.658838262
  0
LWPOLYLINE
  5
434
330
2EC
100
AcDbEntity
  8
管
 62
     8
100
AcDbPolyline
 90
        2
 70
     0
 43
7.5
 10
1946205.544659582
 20
2800541.351981562
 10
1946205.544659582
 20
2800449.658838262
  0
LINE
  5
435
330
2EC
100
AcDbEntity
  8
管
 62
     8
100
AcDbLine
 10
1946205.544659582
 20
2800541.351981562
 30
0.0
 11
1946055.544640833
 21
2800449.658838262
 31
0.0
  0
LINE
  5
436
330
2EC
100
AcDbEntity
  8
管
 62
     8
100
AcDbLine
 10
1946011.794547604
 20
2800427.901408342
 30
0.0
 11
1946249.294677811
 21
2800427.901408342
 31
0.0
  0
LINE
  5
437
330
2EC
100
AcDbEntity
  8
管
 62
     8
100
AcDbLine
 10
1946011.794547604
 20
2800406.143978422
 30
0.0
 11
1946249.294677811
 21
2800406.143978422
 31
0.0
  0
LINE
  5
438
330
2EC
100
AcDbEntity
  8
管
 62
     8
100
AcDbLine
 10
1946011.794547604
 20
2800449.658838262
 30
0.0
 11
1946249.294677811
 21
2800449.658838262
 31
0.0
  0
LINE
  5
439
330
2EC
100
AcDbEntity
  8
管
 62
     8
100
AcDbLine
 10
1946011.794547604
 20
2800563.109411482
 30
0.0
 11
1946249.294677811
 21
2800563.109411482
 31
0.0
  0
LINE
  5
43A
330
2EC
100
AcDbEntity
  8
管
 62
     8
100
AcDbLine
 10
1946011.794547604
 20
2800541.351981562
 30
0.0
 11
1946249.294677811
 21
2800541.351981562
 31
0.0
  0
LINE
  5
43B
330
2EC
100
AcDbEntity
  8
管
 62
     8
100
AcDbLine
 10
1946011.794547604
 20
2800679.217380353
 30
0.0
 11
1946249.294677811
 21
2800679.217380353
 31
0.0
  0
LINE
  5
43C
330
2EC
100
AcDbEntity
  8
管
 62
     8
100
AcDbLine
 10
1946011.794547604
 20
2800584.866841402
 30
0.0
 11
1946249.294677811
 21
2800584.866841402
 31
0.0
  0
LINE
  5
43D
330
2EC
100
AcDbEntity
  8
管
 62
     8
100
AcDbLine
 10
1946011.794547604
 20
2800722.732240194
 30
0.0
 11
1946249.294677811
 21
2800722.732240194
 31
0.0
  0
LINE
  5
43E
330
2EC
100
AcDbEntity
  8
管
 62
     8
100
AcDbLine
 10
1946011.794547604
 20
2800700.974810274
 30
0.0
 11
1946249.294677811
 21
2800700.974810274
 31
0.0
  0
LINE
  5
43F
330
2EC
100
AcDbEntity
  8
管
 62
     8
100
AcDbLine
 10
1946249.294677811
 20
2801977.50589952
 30
0.0
 11
1946249.294677811
 21
2801933.99103968
 31
0.0
  0
LINE
  5
440
330
2EC
100
AcDbEntity
  8
管
 62
     8
100
AcDbLine
 10
1946249.294677811
 20
2801839.64050073
 30
0.0
 11
1946249.294677811
 21
2801796.125640888
 31
0.0
  0
LINE
  5
441
330
2EC
100
AcDbEntity
  8
管
 62
     8
100
AcDbLine
 10
1946249.294677811
 20
2801690.005107715
 30
0.0
 11
1946249.294677811
 21
2801646.490247873
 31
0.0
  0
LINE
  5
442
330
2EC
100
AcDbEntity
  8
管
 62
     8
100
AcDbLine
 10
1946249.294677811
 20
2802112.71390266
 30
0.0
 11
1946249.294677811
 21
2802069.19904282
 31
0.0
  0
HATCH
  5
443
330
2EC
100
AcDbEntity
  8
管
 62
     8
100
AcDbHatch
 10
0.0
 20
0.0
 30
0.0
210
0.0
220
0.0
230
1.0
  2
SOLID
 70
     1
 71
     0
 91
        1
 92
        7
 72
     1
 73
     1
 93
        3
 10
1946130.544612707
 20
2802008.485159715
 42
0.0
 10
1946130.544612707
 20
2802023.35247117
 42
0.0
 10
1946117.188795781
 20
2802016.821077436
 42
0.2864620087565961
 97
        0
 75
     0
 76
     1
 47
4.19284404818135
 98
        1
 10
1946123.587097265
 20
2802013.47368578
450
        0
451
        0
460
0.0
461
0.0
452
        0
462
0.0
453
        0
470

  0
HATCH
  5
444
330
2EC
100
AcDbEntity
  8
管
 62
     8
100
AcDbHatch
 10
0.0
 20
0.0
 30
0.0
210
0.0
220
0.0
230
1.0
  2
SOLID
 70
     1
 71
     0
 91
        3
 92
        7
 72
     1
 73
     1
 93
        4
 10
1946130.544612707
 20
2802023.35247117
 42
0.0
 10
1946130.544612707
 20
2802038.219782624
 42
0.4142135623731491
 10
1946115.677301253
 20
2802023.35247117
 42
0.1142008824207983
 10
1946117.188795781
 20
2802016.821077436
 42
0.0
 97
        0
 92
        7
 72
     1
 73
     1
 93
        3
 10
1946143.900429634
 20
2802029.883864904
 42
0.2864620087565155
 10
1946130.544612707
 20
2802038.219782624
 42
0.0
 10
1946130.544612707
 20
2802023.35247117
 42
0.0
 97
        0
 92
        7
 72
     1
 73
     1
 93
        4
 10
1946145.411924161
 20
2802023.35247117
 42
0.1142008824208555
 10
1946143.900429634
 20
2802029.883864904
 42
0.0
 10
1946130.544612707
 20
2802023.35247117
 42
0.0
 10
1946130.544612707
 20
2802008.485159715
 42
0.4142135623730413
 97
        0
 75
     0
 76
     1
 47
6.762651915397315
 98
        3
 10
1946123.181070591
 20
2802026.534140994
 10
1946135.871890528
 20
2802029.070130771
 10
1946138.410015892
 20
2802016.390127954
450
        0
451
        0
460
0.0
461
0.0
452
        0
462
0.0
453
        0
470

  0
LINE
  5
445
330
2EC
100
AcDbEntity
  8
管
 62
     8
100
AcDbLine
 10
1946192.038501814
 20
2801528.534728951
 30
0.0
 11
1946192.038501814
 21
2801484.611244033
 31
0.0
  0
LINE
  5
446
330
2EC
100
AcDbEntity
  8
管
 62
     8
100
AcDbLine
 10
1946069.050723601
 20
2801528.534728951
 30
0.0
 11
1946069.050723601
 21
2801484.611244033
 31
0.0
  0
LINE
  5
447
330
2EC
100
AcDbEntity
  8
管
 62
     8
100
AcDbLine
 10
1946011.794547603
 20
2801977.50589952
 30
0.0
 11
1946011.794547603
 21
2801933.99103968
 31
0.0
  0
LINE
  5
448
330
2EC
100
AcDbEntity
  8
管
 62
     8
100
AcDbLine
 10
1946011.794547603
 20
2801839.64050073
 30
0.0
 11
1946011.794547603
 21
2801796.125640888
 31
0.0
  0
LINE
  5
449
330
2EC
100
AcDbEntity
  8
管
 62
     8
100
AcDbLine
 10
1946192.038501814
 20
2801528.534728951
 30
0.0
 11
1946069.050723601
 21
2801528.534728951
 31
0.0
  0
LWPOLYLINE
  5
44A
330
2EC
100
AcDbEntity
  8
管
 62
     8
100
AcDbPolyline
 90
        2
 70
     0
 43
7.5
 10
1946168.044568957
 20
2801528.534728951
 10
1946205.544584582
 20
2801646.490247873
  0
LWPOLYLINE
  5
44B
330
2EC
100
AcDbEntity
  8
管
 62
     8
100
AcDbPolyline
 90
        2
 70
     0
 43
7.5
 10
1946205.544584582
 20
2801839.64050073
 10
1946205.544584582
 20
2801882.994150932
  0
LINE
  5
44C
330
2EC
100
AcDbEntity
  8
管
 62
     8
100
AcDbLine
 10
1946176.058250844
 20
2801883.07206173
 30
0.0
 11
1946205.544584582
 21
2801902.797438724
 31
0.0
  0
LINE
  5
44D
330
2EC
100
AcDbEntity
  8
管
 62
     8
100
AcDbLine
 10
1946176.058250844
 20
2801858.914869199
 30
0.0
 11
1946176.058250844
 21
2801883.07206173
 31
0.0
  0
LWPOLYLINE
  5
44E
330
2EC
100
AcDbEntity
  8
管
 62
     8
100
AcDbPolyline
 90
        2
 70
     0
 43
7.5
 10
1946205.544584582
 20
2801902.797438724
 10
1946205.544584582
 20
2801933.99103968
  0
LWPOLYLINE
  5
44F
330
2EC
100
AcDbEntity
  8
管
 62
     8
100
AcDbPolyline
 90
        2
 70
     0
 43
7.5
 10
1946093.044581457
 20
2801528.534728951
 10
1946055.544565833
 20
2801646.490247873
  0
LWPOLYLINE
  5
450
330
2EC
100
AcDbEntity
  8
管
 62
     8
100
AcDbPolyline
 90
        2
 70
     0
 43
7.5
 10
1946055.544565833
 20
2801839.64050073
 10
1946055.544565833
 20
2801882.994150932
  0
LINE
  5
451
330
2EC
100
AcDbEntity
  8
管
 62
     8
100
AcDbLine
 10
1946085.030899571
 20
2801858.914869199
 30
0.0
 11
1946085.030899571
 21
2801883.07206173
 31
0.0
  0
LWPOLYLINE
  5
452
330
2EC
100
AcDbEntity
  8
管
 62
     8
100
AcDbPolyline
 90
        2
 70
     0
 43
7.5
 10
1946055.544565833
 20
2801902.797438724
 10
1946055.544565833
 20
2801933.99103968
  0
LINE
  5
453
330
2EC
100
AcDbEntity
  8
管
 62
     8
100
AcDbLine
 10
1946085.030899571
 20
2801883.07206173
 30
0.0
 11
1946055.544565833
 21
2801902.797438724
 31
0.0
  0
LINE
  5
454
330
2EC
100
AcDbEntity
  8
管
 62
     8
100
AcDbLine
 10
1946011.794547603
 20
2801690.005107715
 30
0.0
 11
1946011.794547603
 21
2801646.490247873
 31
0.0
  0
LINE
  5
455
330
2EC
100
AcDbEntity
  8
管
 62
     8
100
AcDbLine
 10
1946192.038501814
 20
2801506.572986493
 30
0.0
 11
1946069.050723601
 21
2801506.572986493
 31
0.0
  0
LINE
  5
456
330
2EC
100
AcDbEntity
  8
管
 62
     8
100
AcDbLine
 10
1946055.544565833
 20
2801690.005107715
 30
0.0
 11
1946205.544659582
 21
2801796.125640888
 31
0.0
  0
LINE
  5
457
330
2EC
100
AcDbEntity
  8
管
 62
     8
100
AcDbLine
 10
1946192.038501814
 20
2801484.611244033
 30
0.0
 11
1946069.050723601
 21
2801484.611244033
 31
0.0
  0
LINE
  5
458
330
2EC
100
AcDbEntity
  8
管
 62
     8
100
AcDbLine
 10
1946011.794547603
 20
2802112.71390266
 30
0.0
 11
1946011.794547603
 21
2802069.19904282
 31
0.0
  0
LWPOLYLINE
  5
459
330
2EC
100
AcDbEntity
  8
管
 62
     8
100
AcDbPolyline
 90
        2
 70
     0
 43
7.5
 10
1946205.544584582
 20
2801977.50589952
 10
1946205.544584582
 20
2802069.19904282
  0
LWPOLYLINE
  5
45A
330
2EC
100
AcDbEntity
  8
管
 62
     8
100
AcDbPolyline
 90
        2
 70
     0
 43
7.5
 10
1946055.544565833
 20
2801977.50589952
 10
1946055.544565833
 20
2802069.19904282
  0
LINE
  5
45B
330
2EC
100
AcDbEntity
  8
管
 62
     8
100
AcDbLine
 10
1946055.544565833
 20
2801977.50589952
 30
0.0
 11
1946205.544584582
 21
2802069.19904282
 31
0.0
  0
LINE
  5
45C
330
2EC
100
AcDbEntity
  8
管
 62
     8
100
AcDbLine
 10
1946249.294677811
 20
2802090.95647274
 30
0.0
 11
1946011.794547603
 21
2802090.95647274
 31
0.0
  0
LINE
  5
45D
330
2EC
100
AcDbEntity
  8
管
 62
     8
100
AcDbLine
 10
1946249.294677811
 20
2802112.71390266
 30
0.0
 11
1946011.794547603
 21
2802112.71390266
 31
0.0
  0
LINE
  5
45E
330
2EC
100
AcDbEntity
  8
管
 62
     8
100
AcDbLine
 10
1946249.294677811
 20
2802069.19904282
 30
0.0
 11
1946011.794547603
 21
2802069.19904282
 31
0.0
  0
LINE
  5
45F
330
2EC
100
AcDbEntity
  8
管
 62
     8
100
AcDbLine
 10
1946249.294677811
 20
2801955.7484696
 30
0.0
 11
1946011.794547603
 21
2801955.7484696
 31
0.0
  0
LINE
  5
460
330
2EC
100
AcDbEntity
  8
管
 62
     8
100
AcDbLine
 10
1946249.294677811
 20
2801977.50589952
 30
0.0
 11
1946011.794547603
 21
2801977.50589952
 31
0.0
  0
LINE
  5
461
330
2EC
100
AcDbEntity
  8
管
 62
     8
100
AcDbLine
 10
1946249.294677811
 20
2801817.883070809
 30
0.0
 11
1946011.794547603
 21
2801817.883070809
 31
0.0
  0
LINE
  5
462
330
2EC
100
AcDbEntity
  8
管
 62
     8
100
AcDbLine
 10
1946249.294677811
 20
2801839.64050073
 30
0.0
 11
1946011.794547603
 21
2801839.64050073
 31
0.0
  0
LINE
  5
463
330
2EC
100
AcDbEntity
  8
管
 62
     8
100
AcDbLine
 10
1946249.294677811
 20
2801690.005107715
 30
0.0
 11
1946011.794547603
 21
2801690.005107715
 31
0.0
  0
LINE
  5
464
330
2EC
100
AcDbEntity
  8
管
 62
     8
100
AcDbLine
 10
1946249.294677811
 20
2801933.99103968
 30
0.0
 11
1946011.794547603
 21
2801933.99103968
 31
0.0
  0
LINE
  5
465
330
2EC
100
AcDbEntity
  8
管
 62
     8
100
AcDbLine
 10
1946249.294677811
 20
2801796.125640888
 30
0.0
 11
1946011.794547603
 21
2801796.125640888
 31
0.0
  0
LINE
  5
466
330
2EC
100
AcDbEntity
  8
管
 62
     8
100
AcDbLine
 10
1946249.294677811
 20
2801646.490247873
 30
0.0
 11
1946011.794547603
 21
2801646.490247873
 31
0.0
  0
LINE
  5
467
330
2EC
100
AcDbEntity
  8
管
 62
     8
100
AcDbLine
 10
1946249.294677811
 20
2801668.247677794
 30
0.0
 11
1946011.794547603
 21
2801668.247677794
 31
0.0
  0
LINE
  5
468
330
2EC
100
AcDbEntity
  8
中轴
  6
CENTER2
 62
     8
 48
10.0
100
AcDbLine
 10
1946130.544612708
 20
2798084.611244034
 30
0.0
 11
1946130.544612707
 21
2804195.440518396
 31
0.0
  0
LWPOLYLINE
  5
469
330
2EC
100
AcDbEntity
  8
管
 62
     8
100
AcDbPolyline
 90
        2
 70
     0
 43
7.5
 10
1946055.544811006
 20
2802112.71390266
 10
1946055.544561487
 20
2804195.440518396
  0
LWPOLYLINE
  5
46A
330
2EC
100
AcDbEntity
  8
管
 62
     8
100
AcDbPolyline
 90
        2
 70
     0
 43
7.5
 10
1946205.544659582
 20
2802112.71390266
 10
1946205.544659582
 20
2804195.440518396
  0
INSERT
  5
46B
330
2EC
100
AcDbEntity
  8
0
 62
     8
100
AcDbBlockReference
  2
WT
 10
1947855.54461282
 20
2804195.440518396
 30
0.0
 41
0.5
 42
0.5
 43
0.5
 50
180.0
  0
LWPOLYLINE
  5
46C
330
2EC
100
AcDbEntity
  8
管
 62
     8
100
AcDbPolyline
 90
        2
 70
     0
 43
5.0
 10
1946257.903150069
 20
2804247.799106415
 10
1947803.186122331
 20
2804247.798901619
  0
LWPOLYLINE
  5
46D
330
2EC
100
AcDbEntity
  8
管
 62
     8
100
AcDbPolyline
 90
        2
 70
     0
 43
5.0
 10
1946257.903150069
 20
2804397.799040022
 10
1946930.425570625
 20
2804397.799040022
  0
LWPOLYLINE
  5
46E
330
2EC
100
AcDbEntity
  8
管
 62
     8
100
AcDbPolyline
 90
        2
 70
     0
 43
5.0
 10
1947130.42524447
 20
2804397.799040022
 10
1947803.186122331
 20
2804397.799040022
  0
LWPOLYLINE
  5
46F
330
2EC
100
AcDbEntity
  8
管
 62
     8
100
AcDbPolyline
 90
        3
 70
     0
 43
5.0
 10
1947130.42524447
 20
2804397.799040022
 10
1947030.425382267
 20
2804322.799008772
 10
1946930.425570625
 20
2804397.799040022
  0
LWPOLYLINE
  5
470
330
2EC
100
AcDbEntity
  8
管
 62
     8
100
AcDbPolyline
 90
        2
 70
     0
 43
5.0
 10
1947180.425382267
 20
2804247.798990779
 10
1947180.425382267
 20
2804397.799040022
  0
LWPOLYLINE
  5
471
330
2EC
100
AcDbEntity
  8
管
 62
     8
100
AcDbPolyline
 90
        2
 70
     0
 43
5.0
 10
1946880.425382267
 20
2804247.799030538
 10
1946880.425382267
 20
2804397.799040022
  0
LINE
  5
472
330
2EC
100
AcDbEntity
  8
管
 62
     8
100
AcDbLine
 10
1947811.794547604
 20
2800541.351981562
 30
0.0
 11
1947811.794547604
 21
2800584.866841402
 31
0.0
  0
LINE
  5
473
330
2EC
100
AcDbEntity
  8
管
 62
     8
100
AcDbLine
 10
1947811.794547604
 20
2800679.217380353
 30
0.0
 11
1947811.794547604
 21
2800722.732240194
 31
0.0
  0
LINE
  5
474
330
2EC
100
AcDbEntity
  8
管
 62
     8
100
AcDbLine
 10
1947811.794547604
 20
2800406.143978422
 30
0.0
 11
1947811.794547604
 21
2800449.658838262
 31
0.0
  0
HATCH
  5
475
330
2EC
100
AcDbEntity
  8
管
 62
     8
100
AcDbHatch
 10
0.0
 20
0.0
 30
0.0
210
0.0
220
0.0
230
1.0
  2
SOLID
 70
     1
 71
     0
 91
        1
 92
        7
 72
     1
 73
     1
 93
        3
 10
1947930.544612707
 20
2800510.372721367
 42
0.0
 10
1947930.544612708
 20
2800495.505409913
 42
0.0
 10
1947943.900429634
 20
2800502.036803647
 42
0.2864620087565961
 97
        0
 75
     0
 76
     1
 47
4.19284404818135
 98
        1
 10
1947937.50212815
 20
2800505.384195304
450
        0
451
        0
460
0.0
461
0.0
452
        0
462
0.0
453
        0
470

  0
HATCH
  5
476
330
2EC
100
AcDbEntity
  8
管
 62
     8
100
AcDbHatch
 10
0.0
 20
0.0
 30
0.0
210
0.0
220
0.0
230
1.0
  2
SOLID
 70
     1
 71
     0
 91
        3
 92
        7
 72
     1
 73
     1
 93
        4
 10
1947930.544612707
 20
2800495.505409913
 42
0.0
 10
1947930.544612707
 20
2800480.638098459
 42
0.4142135623731491
 10
1947945.411924161
 20
2800495.505409913
 42
0.1142008824207983
 10
1947943.900429634
 20
2800502.036803647
 42
0.0
 97
        0
 92
        7
 72
     1
 73
     1
 93
        3
 10
1947917.188795781
 20
2800488.974016179
 42
0.2864620087565155
 10
1947930.544612707
 20
2800480.638098459
 42
0.0
 10
1947930.544612707
 20
2800495.505409913
 42
0.0
 97
        0
 92
        7
 72
     1
 73
     1
 93
        4
 10
1947915.677301253
 20
2800495.505409913
 42
0.1142008824208555
 10
1947917.188795781
 20
2800488.974016179
 42
0.0
 10
1947930.544612707
 20
2800495.505409913
 42
0.0
 10
1947930.544612707
 20
2800510.372721367
 42
0.4142135623730413
 97
        0
 75
     0
 76
     1
 47
6.762651915397315
 98
        3
 10
1947937.908154823
 20
2800492.323740089
 10
1947925.217334887
 20
2800489.787750314
 10
1947922.679209522
 20
2800502.467753128
450
        0
451
        0
460
0.0
461
0.0
452
        0
462
0.0
453
        0
470

  0
LINE
  5
477
330
2EC
100
AcDbEntity
  8
管
 62
     8
100
AcDbLine
 10
1947869.050723601
 20
2800840.687759116
 30
0.0
 11
1947869.050723601
 21
2800884.611244033
 31
0.0
  0
LINE
  5
478
330
2EC
100
AcDbEntity
  8
管
 62
     8
100
AcDbLine
 10
1947992.038501814
 20
2800840.687759116
 30
0.0
 11
1947992.038501814
 21
2800884.611244033
 31
0.0
  0
LINE
  5
479
330
2EC
100
AcDbEntity
  8
管
 62
     8
100
AcDbLine
 10
1948049.294677811
 20
2800541.351981562
 30
0.0
 11
1948049.294677811
 21
2800584.866841402
 31
0.0
  0
LINE
  5
47A
330
2EC
100
AcDbEntity
  8
管
 62
     8
100
AcDbLine
 10
1947869.050723601
 20
2800840.687759116
 30
0.0
 11
1947992.038501814
 21
2800840.687759116
 31
0.0
  0
LWPOLYLINE
  5
47B
330
2EC
100
AcDbEntity
  8
管
 62
     8
100
AcDbPolyline
 90
        2
 70
     0
 43
7.5
 10
1947893.044656458
 20
2800840.687759116
 10
1947855.544640833
 20
2800722.732240194
  0
LWPOLYLINE
  5
47C
330
2EC
100
AcDbEntity
  8
管
 62
     8
100
AcDbPolyline
 90
        2
 70
     0
 43
7.5
 10
1947855.544640833
 20
2800679.217380353
 10
1947855.544640833
 20
2800635.863730151
  0
LINE
  5
47D
330
2EC
100
AcDbEntity
  8
管
 62
     8
100
AcDbLine
 10
1947885.030974571
 20
2800635.785819352
 30
0.0
 11
1947855.544640833
 21
2800616.060442358
 31
0.0
  0
LINE
  5
47E
330
2EC
100
AcDbEntity
  8
管
 62
     8
100
AcDbLine
 10
1947885.030974571
 20
2800659.943011883
 30
0.0
 11
1947885.030974571
 21
2800635.785819352
 31
0.0
  0
LWPOLYLINE
  5
47F
330
2EC
100
AcDbEntity
  8
管
 62
     8
100
AcDbPolyline
 90
        2
 70
     0
 43
7.5
 10
1947855.544640833
 20
2800616.060442358
 10
1947855.544640833
 20
2800584.866841402
  0
LWPOLYLINE
  5
480
330
2EC
100
AcDbEntity
  8
管
 62
     8
100
AcDbPolyline
 90
        2
 70
     0
 43
7.5
 10
1947968.044643957
 20
2800840.687759116
 10
1948005.544659582
 20
2800722.732240194
  0
LWPOLYLINE
  5
481
330
2EC
100
AcDbEntity
  8
管
 62
     8
100
AcDbPolyline
 90
        2
 70
     0
 43
7.5
 10
1948005.544659582
 20
2800679.217380353
 10
1948005.544659582
 20
2800635.863730151
  0
LINE
  5
482
330
2EC
100
AcDbEntity
  8
管
 62
     8
100
AcDbLine
 10
1947976.058325844
 20
2800659.943011883
 30
0.0
 11
1947976.058325844
 21
2800635.785819352
 31
0.0
  0
LWPOLYLINE
  5
483
330
2EC
100
AcDbEntity
  8
管
 62
     8
100
AcDbPolyline
 90
        2
 70
     0
 43
7.5
 10
1948005.544659582
 20
2800616.060442358
 10
1948005.544659582
 20
2800584.866841402
  0
LINE
  5
484
330
2EC
100
AcDbEntity
  8
管
 62
     8
100
AcDbLine
 10
1947976.058325844
 20
2800635.785819352
 30
0.0
 11
1948005.544659582
 21
2800616.060442358
 31
0.0
  0
LINE
  5
485
330
2EC
100
AcDbEntity
  8
管
 62
     8
100
AcDbLine
 10
1948049.294677811
 20
2800679.217380353
 30
0.0
 11
1948049.294677811
 21
2800722.732240194
 31
0.0
  0
LINE
  5
486
330
2EC
100
AcDbEntity
  8
管
 62
     8
100
AcDbLine
 10
1947869.050723601
 20
2800862.649501576
 30
0.0
 11
1947992.038501814
 21
2800862.649501576
 31
0.0
  0
LINE
  5
487
330
2EC
100
AcDbEntity
  8
管
 62
     8
100
AcDbLine
 10
1947869.050723601
 20
2800884.611244033
 30
0.0
 11
1947992.038501814
 21
2800884.611244033
 31
0.0
  0
LWPOLYLINE
  5
488
330
2EC
100
AcDbEntity
  8
管
 62
     8
100
AcDbPolyline
 90
        2
 70
     0
 43
7.5
 10
1947855.544930684
 20
2798084.611244034
 10
1947855.544640833
 20
2800406.143978422
  0
LWPOLYLINE
  5
489
330
2EC
100
AcDbEntity
  8
管
 62
     8
100
AcDbPolyline
 90
        2
 70
     0
 43
7.5
 10
1948005.544659582
 20
2798084.611244034
 10
1948005.544659582
 20
2800406.143978422
  0
LINE
  5
48A
330
2EC
100
AcDbEntity
  8
管
 62
     8
100
AcDbLine
 10
1948049.294677811
 20
2800406.143978422
 30
0.0
 11
1948049.294677811
 21
2800449.658838262
 31
0.0
  0
LWPOLYLINE
  5
48B
330
2EC
100
AcDbEntity
  8
管
 62
     8
100
AcDbPolyline
 90
        2
 70
     0
 43
7.5
 10
1947855.544640833
 20
2800541.351981562
 10
1947855.544640833
 20
2800449.658838262
  0
LWPOLYLINE
  5
48C
330
2EC
100
AcDbEntity
  8
管
 62
     8
100
AcDbPolyline
 90
        2
 70
     0
 43
7.5
 10
1948005.544659582
 20
2800541.351981562
 10
1948005.544659582
 20
2800449.658838262
  0
LINE
  5
48D
330
2EC
100
AcDbEntity
  8
管
 62
     8
100
AcDbLine
 10
1948005.544659582
 20
2800541.351981562
 30
0.0
 11
1947855.544640833
 21
2800449.658838262
 31
0.0
  0
LINE
  5
48E
330
2EC
100
AcDbEntity
  8
管
 62
     8
100
AcDbLine
 10
1947811.794547604
 20
2800427.901408342
 30
0.0
 11
1948049.294677811
 21
2800427.901408342
 31
0.0
  0
LINE
  5
48F
330
2EC
100
AcDbEntity
  8
管
 62
     8
100
AcDbLine
 10
1947811.794547604
 20
2800406.143978422
 30
0.0
 11
1948049.294677811
 21
2800406.143978422
 31
0.0
  0
LINE
  5
490
330
2EC
100
AcDbEntity
  8
管
 62
     8
100
AcDbLine
 10
1947811.794547604
 20
2800449.658838262
 30
0.0
 11
1948049.294677811
 21
2800449.658838262
 31
0.0
  0
LINE
  5
491
330
2EC
100
AcDbEntity
  8
管
 62
     8
100
AcDbLine
 10
1947811.794547604
 20
2800563.109411482
 30
0.0
 11
1948049.294677811
 21
2800563.109411482
 31
0.0
  0
LINE
  5
492
330
2EC
100
AcDbEntity
  8
管
 62
     8
100
AcDbLine
 10
1947811.794547604
 20
2800541.351981562
 30
0.0
 11
1948049.294677811
 21
2800541.351981562
 31
0.0
  0
LINE
  5
493
330
2EC
100
AcDbEntity
  8
管
 62
     8
100
AcDbLine
 10
1947811.794547604
 20
2800679.217380353
 30
0.0
 11
1948049.294677811
 21
2800679.217380353
 31
0.0
  0
LINE
  5
494
330
2EC
100
AcDbEntity
  8
管
 62
     8
100
AcDbLine
 10
1947811.794547604
 20
2800584.866841402
 30
0.0
 11
1948049.294677811
 21
2800584.866841402
 31
0.0
  0
LINE
  5
495
330
2EC
100
AcDbEntity
  8
管
 62
     8
100
AcDbLine
 10
1947811.794547604
 20
2800722.732240194
 30
0.0
 11
1948049.294677811
 21
2800722.732240194
 31
0.0
  0
LINE
  5
496
330
2EC
100
AcDbEntity
  8
管
 62
     8
100
AcDbLine
 10
1947811.794547604
 20
2800700.974810274
 30
0.0
 11
1948049.294677811
 21
2800700.974810274
 31
0.0
  0
LINE
  5
497
330
2EC
100
AcDbEntity
  8
管
 62
     8
100
AcDbLine
 10
1948049.294677811
 20
2801977.50589952
 30
0.0
 11
1948049.294677811
 21
2801933.99103968
 31
0.0
  0
LINE
  5
498
330
2EC
100
AcDbEntity
  8
管
 62
     8
100
AcDbLine
 10
1948049.294677811
 20
2801839.64050073
 30
0.0
 11
1948049.294677811
 21
2801796.125640888
 31
0.0
  0
LINE
  5
499
330
2EC
100
AcDbEntity
  8
管
 62
     8
100
AcDbLine
 10
1948049.294677811
 20
2801690.005107715
 30
0.0
 11
1948049.294677811
 21
2801646.490247873
 31
0.0
  0
LINE
  5
49A
330
2EC
100
AcDbEntity
  8
管
 62
     8
100
AcDbLine
 10
1948049.294677811
 20
2802112.71390266
 30
0.0
 11
1948049.294677811
 21
2802069.19904282
 31
0.0
  0
HATCH
  5
49B
330
2EC
100
AcDbEntity
  8
管
 62
     8
100
AcDbHatch
 10
0.0
 20
0.0
 30
0.0
210
0.0
220
0.0
230
1.0
  2
SOLID
 70
     1
 71
     0
 91
        1
 92
        7
 72
     1
 73
     1
 93
        3
 10
1947930.544612707
 20
2802008.485159715
 42
0.0
 10
1947930.544612707
 20
2802023.35247117
 42
0.0
 10
1947917.188795781
 20
2802016.821077436
 42
0.2864620087565961
 97
        0
 75
     0
 76
     1
 47
4.19284404818135
 98
        1
 10
1947923.587097265
 20
2802013.47368578
450
        0
451
        0
460
0.0
461
0.0
452
        0
462
0.0
453
        0
470

  0
HATCH
  5
49C
330
2EC
100
AcDbEntity
  8
管
 62
     8
100
AcDbHatch
 10
0.0
 20
0.0
 30
0.0
210
0.0
220
0.0
230
1.0
  2
SOLID
 70
     1
 71
     0
 91
        3
 92
        7
 72
     1
 73
     1
 93
        4
 10
1947930.544612707
 20
2802023.35247117
 42
0.0
 10
1947930.544612707
 20
2802038.219782624
 42
0.4142135623731491
 10
1947915.677301253
 20
2802023.35247117
 42
0.1142008824207983
 10
1947917.188795781
 20
2802016.821077436
 42
0.0
 97
        0
 92
        7
 72
     1
 73
     1
 93
        3
 10
1947943.900429634
 20
2802029.883864904
 42
0.2864620087565155
 10
1947930.544612707
 20
2802038.219782624
 42
0.0
 10
1947930.544612707
 20
2802023.35247117
 42
0.0
 97
        0
 92
        7
 72
     1
 73
     1
 93
        4
 10
1947945.411924161
 20
2802023.35247117
 42
0.1142008824208555
 10
1947943.900429634
 20
2802029.883864904
 42
0.0
 10
1947930.544612707
 20
2802023.35247117
 42
0.0
 10
1947930.544612707
 20
2802008.485159715
 42
0.4142135623730413
 97
        0
 75
     0
 76
     1
 47
6.762651915397315
 98
        3
 10
1947923.181070591
 20
2802026.534140994
 10
1947935.871890528
 20
2802029.070130771
 10
1947938.410015892
 20
2802016.390127954
450
        0
451
        0
460
0.0
461
0.0
452
        0
462
0.0
453
        0
470

  0
LINE
  5
49D
330
2EC
100
AcDbEntity
  8
管
 62
     8
100
AcDbLine
 10
1947992.038501814
 20
2801528.534728951
 30
0.0
 11
1947992.038501814
 21
2801484.611244033
 31
0.0
  0
LINE
  5
49E
330
2EC
100
AcDbEntity
  8
管
 62
     8
100
AcDbLine
 10
1947869.050723601
 20
2801528.534728951
 30
0.0
 11
1947869.050723601
 21
2801484.611244033
 31
0.0
  0
LINE
  5
49F
330
2EC
100
AcDbEntity
  8
管
 62
     8
100
AcDbLine
 10
1947811.794547604
 20
2801977.50589952
 30
0.0
 11
1947811.794547604
 21
2801933.99103968
 31
0.0
  0
LINE
  5
4A0
330
2EC
100
AcDbEntity
  8
管
 62
     8
100
AcDbLine
 10
1947811.794547604
 20
2801839.64050073
 30
0.0
 11
1947811.794547604
 21
2801796.125640888
 31
0.0
  0
LINE
  5
4A1
330
2EC
100
AcDbEntity
  8
管
 62
     8
100
AcDbLine
 10
1947992.038501814
 20
2801528.534728951
 30
0.0
 11
1947869.050723601
 21
2801528.534728951
 31
0.0
  0
LWPOLYLINE
  5
4A2
330
2EC
100
AcDbEntity
  8
管
 62
     8
100
AcDbPolyline
 90
        2
 70
     0
 43
7.5
 10
1947968.044568957
 20
2801528.534728951
 10
1948005.544584582
 20
2801646.490247873
  0
LWPOLYLINE
  5
4A3
330
2EC
100
AcDbEntity
  8
管
 62
     8
100
AcDbPolyline
 90
        2
 70
     0
 43
7.5
 10
1948005.544584582
 20
2801839.64050073
 10
1948005.544584582
 20
2801882.994150932
  0
LINE
  5
4A4
330
2EC
100
AcDbEntity
  8
管
 62
     8
100
AcDbLine
 10
1947976.058250844
 20
2801883.07206173
 30
0.0
 11
1948005.544584582
 21
2801902.797438724
 31
0.0
  0
LINE
  5
4A5
330
2EC
100
AcDbEntity
  8
管
 62
     8
100
AcDbLine
 10
1947976.058250844
 20
2801858.914869199
 30
0.0
 11
1947976.058250844
 21
2801883.07206173
 31
0.0
  0
LWPOLYLINE
  5
4A6
330
2EC
100
AcDbEntity
  8
管
 62
     8
100
AcDbPolyline
 90
        2
 70
     0
 43
7.5
 10
1948005.544584582
 20
2801902.797438724
 10
1948005.544584582
 20
2801933.99103968
  0
LWPOLYLINE
  5
4A7
330
2EC
100
AcDbEntity
  8
管
 62
     8
100
AcDbPolyline
 90
        2
 70
     0
 43
7.5
 10
1947893.044581457
 20
2801528.534728951
 10
1947855.544565833
 20
2801646.490247873
  0
LWPOLYLINE
  5
4A8
330
2EC
100
AcDbEntity
  8
管
 62
     8
100
AcDbPolyline
 90
        2
 70
     0
 43
7.5
 10
1947855.544565833
 20
2801839.64050073
 10
1947855.544565833
 20
2801882.994150932
  0
LINE
  5
4A9
330
2EC
100
AcDbEntity
  8
管
 62
     8
100
AcDbLine
 10
1947885.030899571
 20
2801858.914869199
 30
0.0
 11
1947885.030899571
 21
2801883.07206173
 31
0.0
  0
LWPOLYLINE
  5
4AA
330
2EC
100
AcDbEntity
  8
管
 62
     8
100
AcDbPolyline
 90
        2
 70
     0
 43
7.5
 10
1947855.544565833
 20
2801902.797438724
 10
1947855.544565833
 20
2801933.99103968
  0
LINE
  5
4AB
330
2EC
100
AcDbEntity
  8
管
 62
     8
100
AcDbLine
 10
1947885.030899571
 20
2801883.07206173
 30
0.0
 11
1947855.544565833
 21
2801902.797438724
 31
0.0
  0
LINE
  5
4AC
330
2EC
100
AcDbEntity
  8
管
 62
     8
100
AcDbLine
 10
1947811.794547604
 20
2801690.005107715
 30
0.0
 11
1947811.794547604
 21
2801646.490247873
 31
0.0
  0
LINE
  5
4AD
330
2EC
100
AcDbEntity
  8
管
 62
     8
100
AcDbLine
 10
1947992.038501814
 20
2801506.572986493
 30
0.0
 11
1947869.050723601
 21
2801506.572986493
 31
0.0
  0
LINE
  5
4AE
330
2EC
100
AcDbEntity
  8
管
 62
     8
100
AcDbLine
 10
1947855.544565833
 20
2801690.005107715
 30
0.0
 11
1948005.544659582
 21
2801796.125640888
 31
0.0
  0
LINE
  5
4AF
330
2EC
100
AcDbEntity
  8
管
 62
     8
100
AcDbLine
 10
1947992.038501814
 20
2801484.611244033
 30
0.0
 11
1947869.050723601
 21
2801484.611244033
 31
0.0
  0
LINE
  5
4B0
330
2EC
100
AcDbEntity
  8
管
 62
     8
100
AcDbLine
 10
1947811.794547604
 20
2802112.71390266
 30
0.0
 11
1947811.794547604
 21
2802069.19904282
 31
0.0
  0
LWPOLYLINE
  5
4B1
330
2EC
100
AcDbEntity
  8
管
 62
     8
100
AcDbPolyline
 90
        2
 70
     0
 43
7.5
 10
1948005.544584582
 20
2801977.50589952
 10
1948005.544584582
 20
2802069.19904282
  0
LWPOLYLINE
  5
4B2
330
2EC
100
AcDbEntity
  8
管
 62
     8
100
AcDbPolyline
 90
        2
 70
     0
 43
7.5
 10
1947855.544565833
 20
2801977.50589952
 10
1947855.544565833
 20
2802069.19904282
  0
LINE
  5
4B3
330
2EC
100
AcDbEntity
  8
管
 62
     8
100
AcDbLine
 10
1947855.544565833
 20
2801977.50589952
 30
0.0
 11
1948005.544584582
 21
2802069.19904282
 31
0.0
  0
LINE
  5
4B4
330
2EC
100
AcDbEntity
  8
管
 62
     8
100
AcDbLine
 10
1948049.294677811
 20
2802090.95647274
 30
0.0
 11
1947811.794547604
 21
2802090.95647274
 31
0.0
  0
LINE
  5
4B5
330
2EC
100
AcDbEntity
  8
管
 62
     8
100
AcDbLine
 10
1948049.294677811
 20
2802112.71390266
 30
0.0
 11
1947811.794547604
 21
2802112.71390266
 31
0.0
  0
LINE
  5
4B6
330
2EC
100
AcDbEntity
  8
管
 62
     8
100
AcDbLine
 10
1948049.294677811
 20
2802069.19904282
 30
0.0
 11
1947811.794547604
 21
2802069.19904282
 31
0.0
  0
LINE
  5
4B7
330
2EC
100
AcDbEntity
  8
管
 62
     8
100
AcDbLine
 10
1948049.294677811
 20
2801955.7484696
 30
0.0
 11
1947811.794547604
 21
2801955.7484696
 31
0.0
  0
LINE
  5
4B8
330
2EC
100
AcDbEntity
  8
管
 62
     8
100
AcDbLine
 10
1948049.294677811
 20
2801977.50589952
 30
0.0
 11
1947811.794547604
 21
2801977.50589952
 31
0.0
  0
LINE
  5
4B9
330
2EC
100
AcDbEntity
  8
管
 62
     8
100
AcDbLine
 10
1948049.294677811
 20
2801817.883070809
 30
0.0
 11
1947811.794547604
 21
2801817.883070809
 31
0.0
  0
LINE
  5
4BA
330
2EC
100
AcDbEntity
  8
管
 62
     8
100
AcDbLine
 10
1948049.294677811
 20
2801839.64050073
 30
0.0
 11
1947811.794547604
 21
2801839.64050073
 31
0.0
  0
LINE
  5
4BB
330
2EC
100
AcDbEntity
  8
管
 62
     8
100
AcDbLine
 10
1948049.294677811
 20
2801690.005107715
 30
0.0
 11
1947811.794547604
 21
2801690.005107715
 31
0.0
  0
LINE
  5
4BC
330
2EC
100
AcDbEntity
  8
管
 62
     8
100
AcDbLine
 10
1948049.294677811
 20
2801933.99103968
 30
0.0
 11
1947811.794547604
 21
2801933.99103968
 31
0.0
  0
LINE
  5
4BD
330
2EC
100
AcDbEntity
  8
管
 62
     8
100
AcDbLine
 10
1948049.294677811
 20
2801796.125640888
 30
0.0
 11
1947811.794547604
 21
2801796.125640888
 31
0.0
  0
LINE
  5
4BE
330
2EC
100
AcDbEntity
  8
管
 62
     8
100
AcDbLine
 10
1948049.294677811
 20
2801646.490247873
 30
0.0
 11
1947811.794547604
 21
2801646.490247873
 31
0.0
  0
LINE
  5
4BF
330
2EC
100
AcDbEntity
  8
管
 62
     8
100
AcDbLine
 10
1948049.294677811
 20
2801668.247677794
 30
0.0
 11
1947811.794547604
 21
2801668.247677794
 31
0.0
  0
LINE
  5
4C0
330
2EC
100
AcDbEntity
  8
中轴
  6
CENTER2
 62
     8
 48
10.0
100
AcDbLine
 10
1947930.544612708
 20
2798084.611244034
 30
0.0
 11
1947930.544612707
 21
2804195.440518396
 31
0.0
  0
LWPOLYLINE
  5
4C1
330
2EC
100
AcDbEntity
  8
管
 62
     8
100
AcDbPolyline
 90
        2
 70
     0
 43
7.5
 10
1947855.544811006
 20
2802112.71390266
 10
1947855.544561488
 20
2804195.440518396
  0
LWPOLYLINE
  5
4C2
330
2EC
100
AcDbEntity
  8
管
 62
     8
100
AcDbPolyline
 90
        2
 70
     0
 43
7.5
 10
1948005.544659582
 20
2802112.71390266
 10
1948005.544659582
 20
2804195.440518396
  0
INSERT
  5
4C3
330
2EC
100
AcDbEntity
  8
0
 62
     8
100
AcDbBlockReference
  2
WT
 10
1946205.544659582
 20
2804195.440518396
 30
0.0
 41
-0.5
 42
0.5
 43
0.5
 50
180.0
  0
LINE
  5
4C4
330
2EC
100
AcDbEntity
  8
中轴
  6
CENTER2
 62
     8
 48
10.0
100
AcDbLine
 10
1947030.425382267
 20
2804322.799008772
 30
0.0
 11
1947030.425382267
 21
2805084.611244033
 31
0.0
  0
LWPOLYLINE
  5
4C5
330
2EC
100
AcDbEntity
  8
管
 62
     8
100
AcDbPolyline
 90
        2
 70
     0
 43
7.5
 10
1946930.425570625
 20
2804397.799040022
 10
1946930.425479602
 20
2805084.611244033
  0
LWPOLYLINE
  5
4C6
330
2EC
100
AcDbEntity
  8
管
 62
     8
100
AcDbPolyline
 90
        2
 70
     0
 43
7.5
 10
1947130.425429141
 20
2804397.799040022
 10
1947130.425429141
 20
2805084.611244033
  0
LWPOLYLINE
  5
4C7
330
2EC
100
AcDbEntity
  8
管
370
    50
100
AcDbPolyline
 90
        2
 70
     0
 43
25.0
 10
1940030.544612707
 20
2804572.79900833
 10
1939780.544612707
 20
2804572.799008334
  0
LWPOLYLINE
  5
4C8
330
2EC
100
AcDbEntity
  8
管
370
    50
100
AcDbPolyline
 90
        2
 70
     0
 43
25.0
 10
1939880.544612707
 20
2804572.799008333
 10
1939880.544612709
 20
2804672.799008333
  0
LWPOLYLINE
  5
4C9
330
2EC
100
AcDbEntity
  8
管
370
    50
100
AcDbPolyline
 90
        2
 70
     0
 43
25.0
 10
1940030.544612707
 20
2804072.799195357
 10
1939780.544612707
 20
2804072.799195351
  0
LWPOLYLINE
  5
4CA
330
2EC
100
AcDbEntity
  8
管
370
    50
100
AcDbPolyline
 90
        2
 70
     0
 43
25.0
 10
1939880.544612715
 20
2804072.799195354
 10
1939880.544612717
 20
2803972.799195354
  0
LWPOLYLINE
  5
4CB
330
2EC
100
AcDbEntity
  8
WALL
100
AcDbPolyline
 90
        4
 70
     1
 43
0.0
 10
1949930.544612707
 20
2798334.611244034
 10
1951430.544612707
 20
2798334.611244034
 10
1951430.544612707
 20
2799334.611244034
 10
1949930.544612707
 20
2799334.611244034
  0
LWPOLYLINE
  5
4CC
330
2EC
100
AcDbEntity
  8
WALL
100
AcDbPolyline
 90
        3
 70
     0
 43
0.0
 10
1940180.544612707
 20
2798484.611244033
 10
1941180.544612707
 20
2798484.611244033
 10
1941180.544612707
 20
2799384.611244034
  0
LWPOLYLINE
  5
4CD
330
2EC
100
AcDbEntity
  8
WALL
100
AcDbPolyline
 90
        3
 70
     0
 43
0.0
 10
1941180.544612707
 20
2799484.611244034
 10
1940180.544612707
 20
2799484.611244034
 10
1940180.544612707
 20
2798484.611244033
  0
LWPOLYLINE
  5
4CE
330
2EC
100
AcDbEntity
  8
WALL
100
AcDbPolyline
 90
        2
 70
     0
 43
0.0
 10
1941630.544612707
 20
2801884.611244034
 10
1944830.544612706
 20
2801884.611244034
  0
LWPOLYLINE
  5
4CF
330
2EC
100
AcDbEntity
  8
WALL
100
AcDbPolyline
 90
        2
 70
     0
 43
0.0
 10
1944830.544612706
 20
2801684.611244034
 10
1948430.544612707
 20
2801684.611244034
  0
LWPOLYLINE
  5
4D0
330
2EC
100
AcDbEntity
  8
WALL
100
AcDbPolyline
 90
        2
 70
     0
 43
0.0
 10
1941180.544612707
 20
2799384.611244034
 10
1941730.544612707
 20
2799384.611244034
  0
LWPOLYLINE
  5
4D1
330
2EC
100
AcDbEntity
  8
WALL
100
AcDbPolyline
 90
        2
 70
     0
 43
0.0
 10
1942830.544612707
 20
2801784.611244034
 10
1943630.544612707
 20
2801784.611244034
  0
LWPOLYLINE
  5
4D2
330
2EC
100
AcDbEntity
  8
WALL
100
AcDbPolyline
 90
        2
 70
     0
 43
0.0
 10
1944830.544612706
 20
2801584.611244034
 10
1945630.544612707
 20
2801584.611244034
  0
LWPOLYLINE
  5
4D3
330
2EC
100
AcDbEntity
  8
WALL
100
AcDbPolyline
 90
        2
 70
     0
 43
0.0
 10
1946630.544612707
 20
2801584.611244034
 10
1947430.544612707
 20
2801584.611244034
  0
LWPOLYLINE
  5
4D4
330
2EC
100
AcDbEntity
  8
YHJ_剖面_梁板
100
AcDbPolyline
 90
        4
 70
     1
 43
0.0
 10
1946530.544612707
 20
2801584.611244034
 10
1945730.544612707
 20
2801584.611244034
 10
1945730.544612707
 20
2800784.611244034
 10
1946530.544612707
 20
2800784.611244034
  0
LWPOLYLINE
  5
4D5
330
2EC
100
AcDbEntity
  8
YHJ_剖面_梁板
100
AcDbPolyline
 90
        4
 70
     0
 43
0.0
 10
1945630.544612707
 20
2801584.611244034
 10
1945630.544612707
 20
2800684.611244033
 10
1946630.544612707
 20
2800684.611244033
 10
1946630.544612707
 20
2801584.611244034
  0
LWPOLYLINE
  5
4D6
330
2EC
100
AcDbEntity
  8
YHJ_剖面_梁板
100
AcDbPolyline
 90
        3
 70
     0
 43
0.0
 10
1946630.544612707
 20
2801684.611244034
 10
1946630.544612707
 20
2801684.611244034
 10
1945630.544612707
 20
2801684.611244034
  0
LWPOLYLINE
  5
4D7
330
2EC
100
AcDbEntity
  8
YHJ_剖面_梁板
100
AcDbPolyline
 90
        4
 70
     1
 43
0.0
 10
1944730.544612707
 20
2801784.611244034
 10
1943730.544612707
 20
2801784.611244034
 10
1943730.544612707
 20
2800584.611244034
 10
1944730.544612707
 20
2800584.611244034
  0
LWPOLYLINE
  5
4D8
330
2EC
100
AcDbEntity
  8
YHJ_剖面_梁板
100
AcDbPolyline
 90
        4
 70
     0
 43
0.0
 10
1943630.544612707
 20
2801784.611244034
 10
1943630.544612707
 20
2800484.611244034
 10
1944830.544612706
 20
2800484.611244034
 10
1944830.544612706
 20
2801584.611244034
  0
LWPOLYLINE
  5
4D9
330
2EC
100
AcDbEntity
  8
YHJ_剖面_梁板
100
AcDbPolyline
 90
        3
 70
     0
 43
0.0
 10
1944830.544612706
 20
2801684.611244034
 10
1944830.544612706
 20
2801884.611244034
 10
1943630.544612707
 20
2801884.611244034
  0
LWPOLYLINE
  5
4DA
330
2EC
100
AcDbEntity
  8
YHJ_剖面_梁板
100
AcDbPolyline
 90
        4
 70
     1
 43
0.0
 10
1942730.544612707
 20
2801784.611244034
 10
1941730.544612707
 20
2801784.611244034
 10
1941730.544612707
 20
2800584.611244034
 10
1942730.544612707
 20
2800584.611244034
  0
LWPOLYLINE
  5
4DB
330
2EC
100
AcDbEntity
  8
YHJ_剖面_梁板
100
AcDbPolyline
 90
        2
 70
     0
 43
0.0
 10
1942830.544612707
 20
2800484.611244034
 10
1942830.544612707
 20
2801784.611244034
  0
LWPOLYLINE
  5
4DC
330
2EC
100
AcDbEntity
  8
YHJ_剖面_梁板
100
AcDbPolyline
 90
        4
 70
     0
 43
0.0
 10
1942830.544612707
 20
2801884.611244034
 10
1942830.544612707
 20
2801884.611244034
 10
1941630.544612707
 20
2801884.611244034
 10
1941630.544612707
 20
2800484.611244034
  0
LWPOLYLINE
  5
4DD
330
2EC
100
AcDbEntity
  8
YHJ_剖面_梁板
100
AcDbPolyline
 90
        2
 70
     0
 43
0.0
 10
1941730.544612707
 20
2800484.611244034
 10
1942830.544612707
 20
2800484.611244034
  0
LWPOLYLINE
  5
4DE
330
2EC
100
AcDbEntity
  8
YHJ_剖面_梁板
100
AcDbPolyline
 90
        4
 70
     1
 43
0.0
 10
1948330.544612707
 20
2801584.611244034
 10
1947530.544612707
 20
2801584.611244034
 10
1947530.544612707
 20
2800784.611244034
 10
1948330.544612707
 20
2800784.611244034
  0
LWPOLYLINE
  5
4DF
330
2EC
100
AcDbEntity
  8
YHJ_剖面_梁板
100
AcDbPolyline
 90
        5
 70
     0
 43
0.0
 10
1947430.544612707
 20
2801584.611244034
 10
1947430.544612707
 20
2800684.611244033
 10
1948430.544612707
 20
2800684.611244033
 10
1948430.544612707
 20
2801684.611244034
 10
1947430.544612707
 20
2801684.611244034
  0
LWPOLYLINE
  5
4E0
330
2EC
100
AcDbEntity
  8
WALL
100
AcDbPolyline
 90
        2
 70
     0
 43
0.0
 10
1941630.544612707
 20
2800484.611244034
 10
1941630.544612707
 20
2799484.611244034
  0
LWPOLYLINE
  5
4E1
330
2EC
100
AcDbEntity
  8
WALL
100
AcDbPolyline
 90
        2
 70
     0
 43
0.0
 10
1941730.544612707
 20
2800484.611244034
 10
1941730.544612707
 20
2799384.611244034
  0
LWPOLYLINE
  5
4E2
330
2EC
100
AcDbEntity
  8
WALL
100
AcDbPolyline
 90
        3
 70
     0
 43
0.0
 10
1941730.544612707
 20
2800134.611244033
 10
1941730.544612708
 20
2799384.611244034
 10
1941180.544612707
 20
2799384.611244034
  0
LWPOLYLINE
  5
4E3
330
2EC
100
AcDbEntity
  8
WALL
100
AcDbPolyline
 90
        3
 70
     0
 43
0.0
 10
1941630.544612707
 20
2800134.611244033
 10
1941630.544612707
 20
2799484.611244034
 10
1941180.544612707
 20
2799484.611244034
  0
LWPOLYLINE
  5
4E4
330
2EC
100
AcDbEntity
  8
管
 62
     8
100
AcDbPolyline
 90
        2
 70
     0
 43
10.0
 10
1944080.547083729
 20
2787584.611244028
 10
1944080.545002545
 20
2798084.611244028
  0
LWPOLYLINE
  5
4E5
330
2EC
100
AcDbEntity
  8
管
 62
     8
100
AcDbPolyline
 90
        2
 70
     0
 43
10.0
 10
1944380.544675207
 20
2787584.611244028
 10
1944380.544675207
 20
2798084.611244028
  0
LINE
  5
4E6
330
2EC
100
AcDbEntity
  8
中轴
 62
     8
 48
10.0
100
AcDbLine
 10
1944230.544612708
 20
2787584.611244028
 30
0.0
 11
1944230.544612708
 21
2798084.611244028
 31
0.0
  0
LWPOLYLINE
  5
4E7
330
2EC
100
AcDbEntity
  8
管
 62
     8
100
AcDbPolyline
 90
        2
 70
     0
 43
10.0
 10
1942080.547083729
 20
2787584.611244034
 10
1942080.545002545
 20
2798084.611244034
  0
LWPOLYLINE
  5
4E8
330
2EC
100
AcDbEntity
  8
管
 62
     8
100
AcDbPolyline
 90
        2
 70
     0
 43
10.0
 10
1942380.544675207
 20
2787584.611244034
 10
1942380.544675207
 20
2798084.611244034
  0
LINE
  5
4E9
330
2EC
100
AcDbEntity
  8
中轴
 62
     8
 48
10.0
100
AcDbLine
 10
1942230.544612707
 20
2787584.611244034
 30
0.0
 11
1942230.544612707
 21
2798084.611244034
 31
0.0
  0
LWPOLYLINE
  5
4EA
330
2EC
100
AcDbEntity
  8
管
 62
     8
100
AcDbPolyline
 90
        2
 70
     0
 43
7.5
 10
1946055.546979268
 20
2787584.611243701
 10
1946055.545036497
 20
2798084.611243701
  0
LWPOLYLINE
  5
4EB
330
2EC
100
AcDbEntity
  8
管
 62
     8
100
AcDbPolyline
 90
        2
 70
     0
 43
7.5
 10
1946205.544660569
 20
2787584.611243701
 10
1946205.544660569
 20
2798084.611243701
  0
LINE
  5
4EC
330
2EC
100
AcDbEntity
  8
中轴
 62
     8
 48
10.0
100
AcDbLine
 10
1946130.544613695
 20
2787584.611243701
 30
0.0
 11
1946130.544613694
 21
2798084.611243701
 31
0.0
  0
LWPOLYLINE
  5
4ED
330
2EC
100
AcDbEntity
  8
管
 62
     8
100
AcDbPolyline
 90
        2
 70
     0
 43
7.5
 10
1947855.546978281
 20
2787584.611244034
 10
1947855.546978281
 20
2798084.611244032
  0
LWPOLYLINE
  5
4EE
330
2EC
100
AcDbEntity
  8
管
 62
     8
100
AcDbPolyline
 90
        2
 70
     0
 43
7.5
 10
1948005.544659582
 20
2787584.611244034
 10
1948005.544659582
 20
2798084.611244032
  0
LINE
  5
4EF
330
2EC
100
AcDbEntity
  8
中轴
 62
     8
 48
10.0
100
AcDbLine
 10
1947930.544612708
 20
2787584.611244034
 30
0.0
 11
1947930.544612708
 21
2798084.611244034
 31
0.0
  0
LWPOLYLINE
  5
4F0
330
2EC
100
AcDbEntity
  8
WALL
100
AcDbPolyline
 90
        2
 70
     0
 43
0.0
 10
1951430.544612707
 20
2803184.611244034
 10
1940030.544612707
 20
2803184.611244034
  0
LWPOLYLINE
  5
4F1
330
2EC
100
AcDbEntity
  8
0
 62
     8
100
AcDbPolyline
 90
        4
 70
     1
 43
0.0
 10
1954828.85309867
 20
2799607.520715318
 10
1954828.85309867
 20
2800407.520715318
 10
1954028.85309867
 20
2800407.520715318
 10
1954028.85309867
 20
2799607.520715318
  0
LWPOLYLINE
  5
4F2
330
2EC
100
AcDbEntity
  8
0
 62
     8
100
AcDbPolyline
 90
        4
 70
     1
 43
0.0
 10
1955080.544612707
 20
2802584.611244034
 10
1955080.544612707
 20
2803384.611244034
 10
1955880.544612707
 20
2803384.611244034
 10
1955880.544612707
 20
2802584.611244034
  0
LWPOLYLINE
  5
4F3
330
2EC
100
AcDbEntity
  8
0
 62
     8
100
AcDbPolyline
 90
        4
 70
     1
 43
0.0
 10
1954280.544612707
 20
2802584.611244034
 10
1954280.544612707
 20
2803384.611244034
 10
1955080.544612707
 20
2803384.611244034
 10
1955080.544612707
 20
2802584.611244034
  0
LWPOLYLINE
  5
4F4
330
2EC
100
AcDbEntity
  8
0
 62
     8
100
AcDbPolyline
 90
        4
 70
     1
 43
0.0
 10
1953480.544612707
 20
2802584.611244034
 10
1953480.544612707
 20
2803384.611244034
 10
1954280.544612707
 20
2803384.611244034
 10
1954280.544612707
 20
2802584.611244034
  0
LWPOLYLINE
  5
4F5
330
2EC
100
AcDbEntity
  8
0
 62
     8
100
AcDbPolyline
 90
        4
 70
     1
 43
0.0
 10
1952680.544612707
 20
2802584.611244034
 10
1952680.544612707
 20
2803384.611244034
 10
1953480.544612707
 20
2803384.611244034
 10
1953480.544612707
 20
2802584.611244034
  0
LWPOLYLINE
  5
4F6
330
2EC
100
AcDbEntity
  8
0
 62
     8
100
AcDbPolyline
 90
        4
 70
     1
 43
0.0
 10
1951880.544612707
 20
2802584.611244034
 10
1951880.544612707
 20
2803384.611244034
 10
1952680.544612707
 20
2803384.611244034
 10
1952680.544612707
 20
2802584.611244034
  0
LWPOLYLINE
  5
4F7
330
2EC
100
AcDbEntity
  8
0
 62
     8
100
AcDbPolyline
 90
        4
 70
     1
 43
0.0
 10
1954828.85309867
 20
2800207.520715318
 10
1954828.85309867
 20
2799607.520715318
 10
1955428.85309867
 20
2799607.520715318
 10
1955428.85309867
 20
2800207.520715318
  0
LWPOLYLINE
  5
4F8
330
2EC
100
AcDbEntity
  8
YHJ_立面_墙线中
100
AcDbPolyline
 90
        2
 70
     0
 43
0.0
 10
1950430.544612706
 20
2803184.611244034
 10
1940030.544612707
 20
2803184.611244034
  0
LWPOLYLINE
  5
4F9
330
2EC
100
AcDbEntity
  8
附属构件
100
AcDbPolyline
 90
        2
 70
     0
 43
0.0
 10
1950490.544612707
 20
2803244.611244033
 10
1943530.544612707
 20
2803244.611244033
  0
LWPOLYLINE
  5
4FA
330
2EC
100
AcDbEntity
  8
YHJ_剖面_梁板
100
AcDbPolyline
 90
        2
 70
     0
 43
0.0
 10
1957480.544612584
 20
2798584.611243786
 10
1957480.544612584
 20
2799584.611243786
  0
LWPOLYLINE
  5
4FB
330
2EC
100
AcDbEntity
  8
YHJ_剖面_梁板
100
AcDbPolyline
 90
        2
 70
     0
 43
0.0
 10
1957530.544612584
 20
2798584.611243786
 10
1957530.544612584
 20
2799584.611243786
  0
LWPOLYLINE
  5
4FC
330
2EC
100
AcDbEntity
  8
YHJ_剖面_梁板
100
AcDbPolyline
 90
        2
 70
     0
 43
0.0
 10
1940280.544612707
 20
2805084.611244144
 10
1942080.544612707
 20
2805084.611244113
  0
LWPOLYLINE
  5
4FD
330
2EC
100
AcDbEntity
  8
附属构件
100
AcDbPolyline
 90
        5
 70
     0
 43
0.0
 10
1950490.544612707
 20
2803244.611244033
 10
1950490.544612707
 20
2801384.611244034
 10
1950490.544612707
 20
2801024.611244034
 10
1950270.544612707
 20
2801024.611244034
 10
1950270.544612707
 20
2802584.641244034
  0
LWPOLYLINE
  5
4FE
330
2EC
100
AcDbEntity
  8
附属构件
100
AcDbPolyline
 90
        3
 70
     0
 43
0.0
 10
1949391.318599397
 20
2802584.641244034
 10
1949391.318599397
 20
2799944.611244034
 10
1951430.544612707
 20
2799944.611244034
  0
TEXT
  5
4FF
330
2EC
100
AcDbEntity
  8
电缆沟
 48
1.5
100
AcDbText
 10
1956420.339584055
 20
2803352.349651563
 30
0.0
 40
700.0
  1
配电室
 50
90.0
 41
0.7
  7
tssdeng
100
AcDbText
  0
TEXT
  5
500
330
2EC
100
AcDbEntity
  8
电缆沟
 48
1.5
100
AcDbText
 10
1956424.274192707
 20
2798441.237140498
 30
0.0
 40
700.0
  1
控制室
 50
90.0
 41
0.7
  7
tssdeng
100
AcDbText
  0
LINE
  5
501
330
2EC
100
AcDbEntity
  8
GROUND
100
AcDbLine
 10
1958280.544612723
 20
2805684.611244036
 30
0.0
 11
1957480.544612707
 21
2805684.611244036
 31
0.0
  0
LINE
  5
502
330
2EC
100
AcDbEntity
  8
GROUND
100
AcDbLine
 10
1939180.544612723
 20
2805684.611244036
 30
0.0
 11
1939180.544612723
 21
2797484.611244036
 31
0.0
  0
LINE
  5
503
330
2EC
100
AcDbEntity
  8
GROUND
100
AcDbLine
 10
1939180.544612723
 20
2797484.611244036
 30
0.0
 11
1958280.544612723
 21
2797484.611244036
 31
0.0
  0
LINE
  5
504
330
2EC
100
AcDbEntity
  8
GROUND
100
AcDbLine
 10
1958280.544612723
 20
2797484.611244036
 30
0.0
 11
1958280.544612723
 21
2798284.611244032
 31
0.0
  0
LINE
  5
505
330
2EC
100
AcDbEntity
  8
GROUND
100
AcDbLine
 10
1957680.544612707
 20
2805084.611244033
 30
0.0
 11
1958280.544612723
 21
2805684.611244036
 31
0.0
  0
LINE
  5
506
330
2EC
100
AcDbEntity
  8
GROUND
100
AcDbLine
 10
1939780.544612707
 20
2805084.611244033
 30
0.0
 11
1939180.544612723
 21
2805684.611244036
 31
0.0
  0
LINE
  5
507
330
2EC
100
AcDbEntity
  8
GROUND
100
AcDbLine
 10
1939780.544612707
 20
2798084.611244034
 30
0.0
 11
1939180.544612723
 21
2797484.611244036
 31
0.0
  0
LINE
  5
508
330
2EC
100
AcDbEntity
  8
GROUND
100
AcDbLine
 10
1957680.544612707
 20
2798084.611244034
 30
0.0
 11
1958280.544612723
 21
2797484.611244036
 31
0.0
  0
LINE
  5
509
330
2EC
100
AcDbEntity
  8
GROUND
100
AcDbLine
 10
1958280.544612723
 20
2800084.611244033
 30
0.0
 11
1958280.544612723
 21
2805684.611244036
 31
0.0
  0
LINE
  5
50A
330
2EC
100
AcDbEntity
  8
GROUND
100
AcDbLine
 10
1958280.544612723
 20
2798472.11124403
 30
0.0
 11
1958280.544612723
 21
2799897.111244035
 31
0.0
  0
LINE
  5
50B
330
2EC
100
AcDbEntity
  8
GROUND
100
AcDbLine
 10
1942193.044612707
 20
2805684.611244036
 30
0.0
 11
1940168.044612707
 21
2805684.611244036
 31
0.0
  0
LINE
  5
50C
330
2EC
100
AcDbEntity
  8
GROUND
100
AcDbLine
 10
1939980.544612707
 20
2805684.611244036
 30
0.0
 11
1939180.544612723
 21
2805684.611244036
 31
0.0
  0
LINE
  5
50D
330
2EC
100
AcDbEntity
  8
GROUND
100
AcDbLine
 10
1955080.544612707
 20
2805684.611244036
 30
0.0
 11
1942380.544612707
 21
2805684.611244036
 31
0.0
  0
LINE
  5
50E
330
2EC
100
AcDbEntity
  8
GROUND
100
AcDbLine
 10
1957293.044612708
 20
2805684.611244036
 30
0.0
 11
1955268.044612707
 21
2805684.611244036
 31
0.0
  0
LWPOLYLINE
  5
50F
330
2EC
100
AcDbEntity
  8
STAIR
100
AcDbPolyline
 90
        2
 70
     0
 43
0.0
 10
1948270.524612706
 20
2798884.611244034
 10
1942970.524612707
 20
2798884.611244034
  0
LWPOLYLINE
  5
510
330
2EC
100
AcDbEntity
  8
STAIR
100
AcDbPolyline
 90
        2
 70
     0
 43
0.0
 10
1948270.524612706
 20
2799484.611244034
 10
1943270.524612707
 20
2799484.611244034
  0
LWPOLYLINE
  5
511
330
2EC
100
AcDbEntity
  8
STAIR
100
AcDbPolyline
 90
        2
 70
     0
 43
0.0
 10
1942970.524612707
 20
2799484.611244034
 10
1942970.524612707
 20
2798884.611244034
  0
LWPOLYLINE
  5
512
330
2EC
100
AcDbEntity
  8
附属构件
100
AcDbPolyline
 90
        3
 70
     0
 43
0.0
 10
1948730.544612707
 20
2798944.611244033
 10
1943030.524612706
 20
2798944.611244033
 10
1943030.524612706
 20
2799944.631244033
  0
LWPOLYLINE
  5
513
330
2EC
100
AcDbEntity
  8
附属构件
100
AcDbPolyline
 90
        2
 70
     0
 43
0.0
 10
1943510.524612707
 20
2799424.611244034
 10
1944980.524612707
 20
2799424.611244034
  0
LWPOLYLINE
  5
514
330
2EC
100
AcDbEntity
  8
附属构件
100
AcDbPolyline
 90
        2
 70
     0
 43
0.0
 10
1945460.524612707
 20
2799424.611244034
 10
1946830.524612707
 20
2799424.611244034
  0
LWPOLYLINE
  5
515
330
2EC
100
AcDbEntity
  8
附属构件
100
AcDbPolyline
 90
        2
 70
     0
 43
0.0
 10
1947310.524612707
 20
2799424.611244034
 10
1948730.544612707
 20
2799424.611244034
  0
LWPOLYLINE
  5
516
330
2EC
100
AcDbEntity
  8
附属构件
100
AcDbPolyline
 90
        2
 70
     0
 43
0.0
 10
1947310.524612707
 20
2799944.631244033
 10
1947310.524612707
 20
2799424.611244034
  0
LWPOLYLINE
  5
517
330
2EC
100
AcDbEntity
  8
附属构件
100
AcDbPolyline
 90
        2
 70
     0
 43
0.0
 10
1946830.524612707
 20
2799944.631244033
 10
1946830.524612707
 20
2799424.611244034
  0
LWPOLYLINE
  5
518
330
2EC
100
AcDbEntity
  8
附属构件
100
AcDbPolyline
 90
        2
 70
     0
 43
0.0
 10
1945460.524612707
 20
2799944.631244033
 10
1945460.524612707
 20
2799424.611244034
  0
LWPOLYLINE
  5
519
330
2EC
100
AcDbEntity
  8
附属构件
100
AcDbPolyline
 90
        2
 70
     0
 43
0.0
 10
1944980.524612707
 20
2799944.631244033
 10
1944980.524612707
 20
2799424.611244034
  0
LWPOLYLINE
  5
51A
330
2EC
100
AcDbEntity
  8
附属构件
100
AcDbPolyline
 90
        2
 70
     0
 43
0.0
 10
1943510.524612707
 20
2799944.631244033
 10
1943510.524612707
 20
2799424.611244034
  0
LWPOLYLINE
  5
51B
330
2EC
100
AcDbEntity
  8
附属构件
100
AcDbPolyline
 90
        2
 70
     0
 43
0.0
 10
1941730.544612707
 20
2803244.611244033
 10
1940930.544612707
 20
2803244.611244033
  0
LWPOLYLINE
  5
51C
330
2EC
100
AcDbEntity
  8
YHJ_立面_墙线中
100
AcDbPolyline
 90
        4
 70
     0
 43
30.0
 10
1940030.544612707
 20
2802584.611244034
 10
1940330.544612707
 20
2802584.611244034
 10
1940330.544612707
 20
2803184.611244034
 10
1940030.544612707
 20
2803184.611244034
  0
LWPOLYLINE
  5
51D
330
2EC
100
AcDbEntity
  8
附属构件
100
AcDbPolyline
 90
        3
 70
     0
 43
0.0
 10
1940930.544612707
 20
2803244.611244033
 10
1940425.433074233
 20
2803712.89206872
 42
0.2345674816588031
 10
1940030.544612707
 20
2803184.611244034
 42
-0.0385670630898999
  0
LWPOLYLINE
  5
51E
330
2EC
100
AcDbEntity
  8
附属构件
100
AcDbPolyline
 90
        3
 70
     0
 43
0.0
 10
1943530.544612707
 20
2803244.611244033
 10
1942855.544612707
 20
2803634.322675737
 42
0.1775241962695344
 10
1942630.544612707
 20
2803244.611244033
 42
1.732050807571225
  0
LWPOLYLINE
  5
51F
330
2EC
100
AcDbEntity
  8
附属构件
100
AcDbPolyline
 90
        3
 70
     0
 43
0.0
 10
1941730.544612707
 20
2803244.611244033
 10
1942405.544612707
 20
2803634.322675737
 42
-0.1775241962695344
 10
1942630.544612707
 20
2803244.611244033
 42
-1.732050807571225
  0
LWPOLYLINE
  5
520
330
2EC
100
AcDbEntity
  8
附属构件
100
AcDbPolyline
 90
        2
 70
     0
 43
0.0
 10
1941730.544612707
 20
2803244.611244033
 10
1940930.544612707
 20
2803244.611244033
  0
LINE
  5
521
330
2EC
100
AcDbEntity
  8
STAIR
100
AcDbLine
 10
1949330.544612707
 20
2801084.611244034
 30
0.0
 11
1949330.544612707
 21
2802584.641244034
 31
0.0
  0
LINE
  5
522
330
2EC
100
AcDbEntity
  8
STAIR
100
AcDbLine
 10
1950330.544612707
 20
2801084.611244034
 30
0.0
 11
1950330.544612707
 21
2802584.641244034
 31
0.0
  0
LINE
  5
523
330
2EC
100
AcDbEntity
  8
STAIR
100
AcDbLine
 10
1949330.544612707
 20
2801084.611244034
 30
0.0
 11
1950330.544612707
 21
2801084.611244034
 31
0.0
  0
LINE
  5
524
330
2EC
100
AcDbEntity
  8
STAIR
100
AcDbLine
 10
1949330.544612707
 20
2801298.901244034
 30
0.0
 11
1950330.544612707
 21
2801298.901244034
 31
0.0
  0
LINE
  5
525
330
2EC
100
AcDbEntity
  8
STAIR
100
AcDbLine
 10
1949330.544612707
 20
2801513.191244033
 30
0.0
 11
1950330.544612707
 21
2801513.191244033
 31
0.0
  0
LINE
  5
526
330
2EC
100
AcDbEntity
  8
STAIR
100
AcDbLine
 10
1949330.544612707
 20
2801727.481244034
 30
0.0
 11
1950330.544612707
 21
2801727.481244034
 31
0.0
  0
LINE
  5
527
330
2EC
100
AcDbEntity
  8
STAIR
100
AcDbLine
 10
1949330.544612707
 20
2801941.771244033
 30
0.0
 11
1950330.544612707
 21
2801941.771244033
 31
0.0
  0
LINE
  5
528
330
2EC
100
AcDbEntity
  8
STAIR
100
AcDbLine
 10
1949330.544612707
 20
2802156.061244033
 30
0.0
 11
1950330.544612707
 21
2802156.061244033
 31
0.0
  0
LINE
  5
529
330
2EC
100
AcDbEntity
  8
STAIR
100
AcDbLine
 10
1949330.544612707
 20
2802370.351244034
 30
0.0
 11
1950330.544612707
 21
2802370.351244034
 31
0.0
  0
LINE
  5
52A
330
2EC
100
AcDbEntity
  8
STAIR
100
AcDbLine
 10
1949330.544612707
 20
2802584.641244034
 30
0.0
 11
1950330.544612707
 21
2802584.641244034
 31
0.0
  0
LINE
  5
52B
330
2EC
100
AcDbEntity
  8
STAIR
100
AcDbLine
 10
1950430.544612706
 20
2801084.611244034
 30
0.0
 11
1950430.544612706
 21
2803184.611244034
 31
0.0
  0
LINE
  5
52C
330
2EC
100
AcDbEntity
  8
STAIR
100
AcDbLine
 10
1951430.544612707
 20
2801084.611244034
 30
0.0
 11
1951430.544612707
 21
2803184.611244034
 31
0.0
  0
LINE
  5
52D
330
2EC
100
AcDbEntity
  8
STAIR
100
AcDbLine
 10
1950430.544612706
 20
2801084.611244034
 30
0.0
 11
1951430.544612707
 21
2801084.611244034
 31
0.0
  0
LINE
  5
52E
330
2EC
100
AcDbEntity
  8
STAIR
100
AcDbLine
 10
1950430.544612706
 20
2801347.111244034
 30
0.0
 11
1951430.544612707
 21
2801347.111244034
 31
0.0
  0
LINE
  5
52F
330
2EC
100
AcDbEntity
  8
STAIR
100
AcDbLine
 10
1950430.544612706
 20
2801609.611244034
 30
0.0
 11
1951430.544612707
 21
2801609.611244034
 31
0.0
  0
LINE
  5
530
330
2EC
100
AcDbEntity
  8
STAIR
100
AcDbLine
 10
1950430.544612706
 20
2801872.111244033
 30
0.0
 11
1951430.544612707
 21
2801872.111244033
 31
0.0
  0
LINE
  5
531
330
2EC
100
AcDbEntity
  8
STAIR
100
AcDbLine
 10
1950430.544612706
 20
2802134.611244034
 30
0.0
 11
1951430.544612707
 21
2802134.611244034
 31
0.0
  0
LINE
  5
532
330
2EC
100
AcDbEntity
  8
STAIR
100
AcDbLine
 10
1950430.544612706
 20
2802397.111244033
 30
0.0
 11
1951430.544612707
 21
2802397.111244033
 31
0.0
  0
LINE
  5
533
330
2EC
100
AcDbEntity
  8
STAIR
100
AcDbLine
 10
1950430.544612706
 20
2802659.611244034
 30
0.0
 11
1951430.544612707
 21
2802659.611244034
 31
0.0
  0
LINE
  5
534
330
2EC
100
AcDbEntity
  8
STAIR
100
AcDbLine
 10
1950430.544612706
 20
2802922.111244034
 30
0.0
 11
1951430.544612707
 21
2802922.111244034
 31
0.0
  0
LINE
  5
535
330
2EC
100
AcDbEntity
  8
STAIR
100
AcDbLine
 10
1950430.544612706
 20
2803184.611244034
 30
0.0
 11
1951430.544612707
 21
2803184.611244034
 31
0.0
  0
INSERT
  5
536
330
2EC
100
AcDbEntity
  8
COLUMN
100
AcDbBlockReference
  2
_FZH
 10
1951580.544612707
 20
2798284.611244034
 30
0.0
 41
400.0
 42
400.0
 43
400.0
 50
90.0
  0
HATCH
  5
537
330
2EC
100
AcDbEntity
  8
PUB_WALL
100
AcDbHatch
 10
0.0
 20
0.0
 30
0.0
210
0.0
220
0.0
230
1.0
  2
SOLID
 70
     1
 71
     0
 91
        1
 92
        7
 72
     0
 73
     1
 93
        4
 10
1951780.544612707
 20
2798084.611244034
 10
1951780.544612707
 20
2798484.611244033
 10
1951740.544612707
 20
2798444.611244034
 10
1951740.544612707
 20
2798124.611244034
 97
        0
 75
     0
 76
     1
 47
0.0
 98
        1
 10
0.0
 20
0.0
450
        0
451
        0
460
0.0
461
0.0
452
        0
462
0.0
453
        0
470

  0
HATCH
  5
538
330
2EC
100
AcDbEntity
  8
PUB_WALL
100
AcDbHatch
 10
0.0
 20
0.0
 30
0.0
210
0.0
220
0.0
230
1.0
  2
SOLID
 70
     1
 71
     0
 91
        1
 92
        7
 72
     0
 73
     1
 93
        4
 10
1951780.544612707
 20
2798484.611244033
 10
1951380.544612707
 20
2798484.611244033
 10
1951420.544612707
 20
2798444.611244034
 10
1951740.544612707
 20
2798444.611244034
 97
        0
 75
     0
 76
     1
 47
0.0
 98
        1
 10
0.0
 20
0.0
450
        0
451
        0
460
0.0
461
0.0
452
        0
462
0.0
453
        0
470

  0
HATCH
  5
539
330
2EC
100
AcDbEntity
  8
PUB_WALL
100
AcDbHatch
 10
0.0
 20
0.0
 30
0.0
210
0.0
220
0.0
230
1.0
  2
SOLID
 70
     1
 71
     0
 91
        1
 92
        7
 72
     0
 73
     1
 93
        4
 10
1951380.544612707
 20
2798484.611244033
 10
1951380.544612707
 20
2798084.611244034
 10
1951420.544612707
 20
2798124.611244034
 10
1951420.544612707
 20
2798444.611244034
 97
        0
 75
     0
 76
     1
 47
0.0
 98
        1
 10
0.0
 20
0.0
450
        0
451
        0
460
0.0
461
0.0
452
        0
462
0.0
453
        0
470

  0
HATCH
  5
53A
330
2EC
100
AcDbEntity
  8
PUB_WALL
100
AcDbHatch
 10
0.0
 20
0.0
 30
0.0
210
0.0
220
0.0
230
1.0
  2
SOLID
 70
     1
 71
     0
 91
        1
 92
        7
 72
     0
 73
     1
 93
        4
 10
1951380.544612707
 20
2798084.611244034
 10
1951780.544612707
 20
2798084.611244034
 10
1951740.544612707
 20
2798124.611244034
 10
1951420.544612707
 20
2798124.611244034
 97
        0
 75
     0
 76
     1
 47
0.0
 98
        1
 10
0.0
 20
0.0
450
        0
451
        0
460
0.0
461
0.0
452
        0
462
0.0
453
        0
470

  0
INSERT
  5
53B
330
2EC
100
AcDbEntity
  8
COLUMN
100
AcDbBlockReference
  2
_FZH
 10
1945580.544612707
 20
2798284.611244034
 30
0.0
 41
400.0
 42
400.0
 43
400.0
 50
90.0
  0
HATCH
  5
53C
330
2EC
100
AcDbEntity
  8
PUB_WALL
100
AcDbHatch
 10
0.0
 20
0.0
 30
0.0
210
0.0
220
0.0
230
1.0
  2
SOLID
 70
     1
 71
     0
 91
        1
 92
        7
 72
     0
 73
     1
 93
        4
 10
1945780.544612707
 20
2798084.611244034
 10
1945780.544612707
 20
2798484.611244033
 10
1945740.544612707
 20
2798444.611244034
 10
1945740.544612707
 20
2798124.611244034
 97
        0
 75
     0
 76
     1
 47
0.0
 98
        1
 10
0.0
 20
0.0
450
        0
451
        0
460
0.0
461
0.0
452
        0
462
0.0
453
        0
470

  0
HATCH
  5
53D
330
2EC
100
AcDbEntity
  8
PUB_WALL
100
AcDbHatch
 10
0.0
 20
0.0
 30
0.0
210
0.0
220
0.0
230
1.0
  2
SOLID
 70
     1
 71
     0
 91
        1
 92
        7
 72
     0
 73
     1
 93
        4
 10
1945780.544612707
 20
2798484.611244033
 10
1945380.544612707
 20
2798484.611244033
 10
1945420.544612707
 20
2798444.611244034
 10
1945740.544612707
 20
2798444.611244034
 97
        0
 75
     0
 76
     1
 47
0.0
 98
        1
 10
0.0
 20
0.0
450
        0
451
        0
460
0.0
461
0.0
452
        0
462
0.0
453
        0
470

  0
HATCH
  5
53E
330
2EC
100
AcDbEntity
  8
PUB_WALL
100
AcDbHatch
 10
0.0
 20
0.0
 30
0.0
210
0.0
220
0.0
230
1.0
  2
SOLID
 70
     1
 71
     0
 91
        1
 92
        7
 72
     0
 73
     1
 93
        4
 10
1945380.544612707
 20
2798484.611244033
 10
1945380.544612707
 20
2798084.611244034
 10
1945420.544612707
 20
2798124.611244034
 10
1945420.544612707
 20
2798444.611244034
 97
        0
 75
     0
 76
     1
 47
0.0
 98
        1
 10
0.0
 20
0.0
450
        0
451
        0
460
0.0
461
0.0
452
        0
462
0.0
453
        0
470

  0
HATCH
  5
53F
330
2EC
100
AcDbEntity
  8
PUB_WALL
100
AcDbHatch
 10
0.0
 20
0.0
 30
0.0
210
0.0
220
0.0
230
1.0
  2
SOLID
 70
     1
 71
     0
 91
        1
 92
        7
 72
     0
 73
     1
 93
        4
 10
1945380.544612707
 20
2798084.611244034
 10
1945780.544612707
 20
2798084.611244034
 10
1945740.544612707
 20
2798124.611244034
 10
1945420.544612707
 20
2798124.611244034
 97
        0
 75
     0
 76
     1
 47
0.0
 98
        1
 10
0.0
 20
0.0
450
        0
451
        0
460
0.0
461
0.0
452
        0
462
0.0
453
        0
470

  0
INSERT
  5
540
330
2EC
100
AcDbEntity
  8
COLUMN
100
AcDbBlockReference
  2
_FZH
 10
1939980.544612707
 20
2798284.611244034
 30
0.0
 41
400.0
 42
400.0
 43
400.0
 50
90.0
  0
HATCH
  5
541
330
2EC
100
AcDbEntity
  8
PUB_WALL
100
AcDbHatch
 10
0.0
 20
0.0
 30
0.0
210
0.0
220
0.0
230
1.0
  2
SOLID
 70
     1
 71
     0
 91
        1
 92
        7
 72
     0
 73
     1
 93
        4
 10
1940180.544612707
 20
2798084.611244034
 10
1940180.544612707
 20
2798484.611244033
 10
1940140.544612707
 20
2798444.611244034
 10
1940140.544612707
 20
2798124.611244034
 97
        0
 75
     0
 76
     1
 47
0.0
 98
        1
 10
0.0
 20
0.0
450
        0
451
        0
460
0.0
461
0.0
452
        0
462
0.0
453
        0
470

  0
HATCH
  5
542
330
2EC
100
AcDbEntity
  8
PUB_WALL
100
AcDbHatch
 10
0.0
 20
0.0
 30
0.0
210
0.0
220
0.0
230
1.0
  2
SOLID
 70
     1
 71
     0
 91
        1
 92
        7
 72
     0
 73
     1
 93
        4
 10
1940180.544612707
 20
2798484.611244033
 10
1939780.544612707
 20
2798484.611244033
 10
1939820.544612707
 20
2798444.611244034
 10
1940140.544612707
 20
2798444.611244034
 97
        0
 75
     0
 76
     1
 47
0.0
 98
        1
 10
0.0
 20
0.0
450
        0
451
        0
460
0.0
461
0.0
452
        0
462
0.0
453
        0
470

  0
HATCH
  5
543
330
2EC
100
AcDbEntity
  8
PUB_WALL
100
AcDbHatch
 10
0.0
 20
0.0
 30
0.0
210
0.0
220
0.0
230
1.0
  2
SOLID
 70
     1
 71
     0
 91
        1
 92
        7
 72
     0
 73
     1
 93
        4
 10
1939780.544612707
 20
2798484.611244033
 10
1939780.544612707
 20
2798084.611244034
 10
1939820.544612707
 20
2798124.611244034
 10
1939820.544612707
 20
2798444.611244034
 97
        0
 75
     0
 76
     1
 47
0.0
 98
        1
 10
0.0
 20
0.0
450
        0
451
        0
460
0.0
461
0.0
452
        0
462
0.0
453
        0
470

  0
HATCH
  5
544
330
2EC
100
AcDbEntity
  8
PUB_WALL
100
AcDbHatch
 10
0.0
 20
0.0
 30
0.0
210
0.0
220
0.0
230
1.0
  2
SOLID
 70
     1
 71
     0
 91
        1
 92
        7
 72
     0
 73
     1
 93
        4
 10
1939780.544612707
 20
2798084.611244034
 10
1940180.544612707
 20
2798084.611244034
 10
1940140.544612707
 20
2798124.611244034
 10
1939820.544612707
 20
2798124.611244034
 97
        0
 75
     0
 76
     1
 47
0.0
 98
        1
 10
0.0
 20
0.0
450
        0
451
        0
460
0.0
461
0.0
452
        0
462
0.0
453
        0
470

  0
INSERT
  5
545
330
2EC
100
AcDbEntity
  8
COLUMN
100
AcDbBlockReference
  2
_FZH
 10
1939980.544612707
 20
2804884.611244034
 30
0.0
 41
400.0
 42
400.0
 43
400.0
 50
90.0
  0
HATCH
  5
546
330
2EC
100
AcDbEntity
  8
PUB_WALL
100
AcDbHatch
 10
0.0
 20
0.0
 30
0.0
210
0.0
220
0.0
230
1.0
  2
SOLID
 70
     1
 71
     0
 91
        1
 92
        7
 72
     0
 73
     1
 93
        4
 10
1940180.544612707
 20
2804684.611244034
 10
1940180.544612707
 20
2805084.611244033
 10
1940140.544612707
 20
2805044.611244034
 10
1940140.544612707
 20
2804724.611244034
 97
        0
 75
     0
 76
     1
 47
0.0
 98
        1
 10
0.0
 20
0.0
450
        0
451
        0
460
0.0
461
0.0
452
        0
462
0.0
453
        0
470

  0
HATCH
  5
547
330
2EC
100
AcDbEntity
  8
PUB_WALL
100
AcDbHatch
 10
0.0
 20
0.0
 30
0.0
210
0.0
220
0.0
230
1.0
  2
SOLID
 70
     1
 71
     0
 91
        1
 92
        7
 72
     0
 73
     1
 93
        4
 10
1940180.544612707
 20
2805084.611244033
 10
1939780.544612707
 20
2805084.611244033
 10
1939820.544612707
 20
2805044.611244034
 10
1940140.544612707
 20
2805044.611244034
 97
        0
 75
     0
 76
     1
 47
0.0
 98
        1
 10
0.0
 20
0.0
450
        0
451
        0
460
0.0
461
0.0
452
        0
462
0.0
453
        0
470

  0
HATCH
  5
548
330
2EC
100
AcDbEntity
  8
PUB_WALL
100
AcDbHatch
 10
0.0
 20
0.0
 30
0.0
210
0.0
220
0.0
230
1.0
  2
SOLID
 70
     1
 71
     0
 91
        1
 92
        7
 72
     0
 73
     1
 93
        4
 10
1939780.544612707
 20
2805084.611244033
 10
1939780.544612707
 20
2804684.611244034
 10
1939820.544612707
 20
2804724.611244034
 10
1939820.544612707
 20
2805044.611244034
 97
        0
 75
     0
 76
     1
 47
0.0
 98
        1
 10
0.0
 20
0.0
450
        0
451
        0
460
0.0
461
0.0
452
        0
462
0.0
453
        0
470

  0
HATCH
  5
549
330
2EC
100
AcDbEntity
  8
PUB_WALL
100
AcDbHatch
 10
0.0
 20
0.0
 30
0.0
210
0.0
220
0.0
230
1.0
  2
SOLID
 70
     1
 71
     0
 91
        1
 92
        7
 72
     0
 73
     1
 93
        4
 10
1939780.544612707
 20
2804684.611244034
 10
1940180.544612707
 20
2804684.611244034
 10
1940140.544612707
 20
2804724.611244034
 10
1939820.544612707
 20
2804724.611244034
 97
        0
 75
     0
 76
     1
 47
0.0
 98
        1
 10
0.0
 20
0.0
450
        0
451
        0
460
0.0
461
0.0
452
        0
462
0.0
453
        0
470

  0
INSERT
  5
54A
330
2EC
100
AcDbEntity
  8
COLUMN
100
AcDbBlockReference
  2
_FZH
 10
1951580.544612707
 20
2804884.611244034
 30
0.0
 41
400.0
 42
400.0
 43
400.0
 50
90.0
  0
HATCH
  5
54B
330
2EC
100
AcDbEntity
  8
PUB_WALL
100
AcDbHatch
 10
0.0
 20
0.0
 30
0.0
210
0.0
220
0.0
230
1.0
  2
SOLID
 70
     1
 71
     0
 91
        1
 92
        7
 72
     0
 73
     1
 93
        4
 10
1951780.544612707
 20
2804684.611244034
 10
1951780.544612707
 20
2805084.611244033
 10
1951740.544612707
 20
2805044.611244034
 10
1951740.544612707
 20
2804724.611244034
 97
        0
 75
     0
 76
     1
 47
0.0
 98
        1
 10
0.0
 20
0.0
450
        0
451
        0
460
0.0
461
0.0
452
        0
462
0.0
453
        0
470

  0
HATCH
  5
54C
330
2EC
100
AcDbEntity
  8
PUB_WALL
100
AcDbHatch
 10
0.0
 20
0.0
 30
0.0
210
0.0
220
0.0
230
1.0
  2
SOLID
 70
     1
 71
     0
 91
        1
 92
        7
 72
     0
 73
     1
 93
        4
 10
1951780.544612707
 20
2805084.611244033
 10
1951380.544612707
 20
2805084.611244033
 10
1951420.544612707
 20
2805044.611244034
 10
1951740.544612707
 20
2805044.611244034
 97
        0
 75
     0
 76
     1
 47
0.0
 98
        1
 10
0.0
 20
0.0
450
        0
451
        0
460
0.0
461
0.0
452
        0
462
0.0
453
        0
470

  0
HATCH
  5
54D
330
2EC
100
AcDbEntity
  8
PUB_WALL
100
AcDbHatch
 10
0.0
 20
0.0
 30
0.0
210
0.0
220
0.0
230
1.0
  2
SOLID
 70
     1
 71
     0
 91
        1
 92
        7
 72
     0
 73
     1
 93
        4
 10
1951380.544612707
 20
2805084.611244033
 10
1951380.544612707
 20
2804684.611244034
 10
1951420.544612707
 20
2804724.611244034
 10
1951420.544612707
 20
2805044.611244034
 97
        0
 75
     0
 76
     1
 47
0.0
 98
        1
 10
0.0
 20
0.0
450
        0
451
        0
460
0.0
461
0.0
452
        0
462
0.0
453
        0
470

  0
HATCH
  5
54E
330
2EC
100
AcDbEntity
  8
PUB_WALL
100
AcDbHatch
 10
0.0
 20
0.0
 30
0.0
210
0.0
220
0.0
230
1.0
  2
SOLID
 70
     1
 71
     0
 91
        1
 92
        7
 72
     0
 73
     1
 93
        4
 10
1951380.544612707
 20
2804684.611244034
 10
1951780.544612707
 20
2804684.611244034
 10
1951740.544612707
 20
2804724.611244034
 10
1951420.544612707
 20
2804724.611244034
 97
        0
 75
     0
 76
     1
 47
0.0
 98
        1
 10
0.0
 20
0.0
450
        0
451
        0
460
0.0
461
0.0
452
        0
462
0.0
453
        0
470

  0
INSERT
  5
54F
330
2EC
100
AcDbEntity
  8
COLUMN
100
AcDbBlockReference
  2
_FZH
 10
1945580.544612707
 20
2804884.611244034
 30
0.0
 41
400.0
 42
400.0
 43
400.0
 50
90.0
  0
HATCH
  5
550
330
2EC
100
AcDbEntity
  8
PUB_WALL
100
AcDbHatch
 10
0.0
 20
0.0
 30
0.0
210
0.0
220
0.0
230
1.0
  2
SOLID
 70
     1
 71
     0
 91
        1
 92
        7
 72
     0
 73
     1
 93
        4
 10
1945780.544612707
 20
2804684.611244034
 10
1945780.544612707
 20
2805084.611244033
 10
1945740.544612707
 20
2805044.611244034
 10
1945740.544612707
 20
2804724.611244034
 97
        0
 75
     0
 76
     1
 47
0.0
 98
        1
 10
0.0
 20
0.0
450
        0
451
        0
460
0.0
461
0.0
452
        0
462
0.0
453
        0
470

  0
HATCH
  5
551
330
2EC
100
AcDbEntity
  8
PUB_WALL
100
AcDbHatch
 10
0.0
 20
0.0
 30
0.0
210
0.0
220
0.0
230
1.0
  2
SOLID
 70
     1
 71
     0
 91
        1
 92
        7
 72
     0
 73
     1
 93
        4
 10
1945780.544612707
 20
2805084.611244033
 10
1945380.544612707
 20
2805084.611244033
 10
1945420.544612707
 20
2805044.611244034
 10
1945740.544612707
 20
2805044.611244034
 97
        0
 75
     0
 76
     1
 47
0.0
 98
        1
 10
0.0
 20
0.0
450
        0
451
        0
460
0.0
461
0.0
452
        0
462
0.0
453
        0
470

  0
HATCH
  5
552
330
2EC
100
AcDbEntity
  8
PUB_WALL
100
AcDbHatch
 10
0.0
 20
0.0
 30
0.0
210
0.0
220
0.0
230
1.0
  2
SOLID
 70
     1
 71
     0
 91
        1
 92
        7
 72
     0
 73
     1
 93
        4
 10
1945380.544612707
 20
2805084.611244033
 10
1945380.544612707
 20
2804684.611244034
 10
1945420.544612707
 20
2804724.611244034
 10
1945420.544612707
 20
2805044.611244034
 97
        0
 75
     0
 76
     1
 47
0.0
 98
        1
 10
0.0
 20
0.0
450
        0
451
        0
460
0.0
461
0.0
452
        0
462
0.0
453
        0
470

  0
HATCH
  5
553
330
2EC
100
AcDbEntity
  8
PUB_WALL
100
AcDbHatch
 10
0.0
 20
0.0
 30
0.0
210
0.0
220
0.0
230
1.0
  2
SOLID
 70
     1
 71
     0
 91
        1
 92
        7
 72
     0
 73
     1
 93
        4
 10
1945380.544612707
 20
2804684.611244034
 10
1945780.544612707
 20
2804684.611244034
 10
1945740.544612707
 20
2804724.611244034
 10
1945420.544612707
 20
2804724.611244034
 97
        0
 75
     0
 76
     1
 47
0.0
 98
        1
 10
0.0
 20
0.0
450
        0
451
        0
460
0.0
461
0.0
452
        0
462
0.0
453
        0
470

  0
INSERT
  5
554
330
2EC
100
AcDbEntity
  8
COLUMN
100
AcDbBlockReference
  2
_FZH
 10
1957480.544612707
 20
2804884.611244034
 30
0.0
 41
400.0
 42
400.0
 43
400.0
 50
90.0
  0
HATCH
  5
555
330
2EC
100
AcDbEntity
  8
PUB_WALL
100
AcDbHatch
 10
0.0
 20
0.0
 30
0.0
210
0.0
220
0.0
230
1.0
  2
SOLID
 70
     1
 71
     0
 91
        1
 92
        7
 72
     0
 73
     1
 93
        4
 10
1957680.544612707
 20
2804684.611244034
 10
1957680.544612707
 20
2805084.611244033
 10
1957640.544612707
 20
2805044.611244034
 10
1957640.544612707
 20
2804724.611244034
 97
        0
 75
     0
 76
     1
 47
0.0
 98
        1
 10
0.0
 20
0.0
450
        0
451
        0
460
0.0
461
0.0
452
        0
462
0.0
453
        0
470

  0
HATCH
  5
556
330
2EC
100
AcDbEntity
  8
PUB_WALL
100
AcDbHatch
 10
0.0
 20
0.0
 30
0.0
210
0.0
220
0.0
230
1.0
  2
SOLID
 70
     1
 71
     0
 91
        1
 92
        7
 72
     0
 73
     1
 93
        4
 10
1957680.544612707
 20
2805084.611244033
 10
1957280.544612707
 20
2805084.611244033
 10
1957320.544612707
 20
2805044.611244034
 10
1957640.544612707
 20
2805044.611244034
 97
        0
 75
     0
 76
     1
 47
0.0
 98
        1
 10
0.0
 20
0.0
450
        0
451
        0
460
0.0
461
0.0
452
        0
462
0.0
453
        0
470

  0
HATCH
  5
557
330
2EC
100
AcDbEntity
  8
PUB_WALL
100
AcDbHatch
 10
0.0
 20
0.0
 30
0.0
210
0.0
220
0.0
230
1.0
  2
SOLID
 70
     1
 71
     0
 91
        1
 92
        7
 72
     0
 73
     1
 93
        4
 10
1957280.544612707
 20
2805084.611244033
 10
1957280.544612707
 20
2804684.611244034
 10
1957320.544612707
 20
2804724.611244034
 10
1957320.544612707
 20
2805044.611244034
 97
        0
 75
     0
 76
     1
 47
0.0
 98
        1
 10
0.0
 20
0.0
450
        0
451
        0
460
0.0
461
0.0
452
        0
462
0.0
453
        0
470

  0
HATCH
  5
558
330
2EC
100
AcDbEntity
  8
PUB_WALL
100
AcDbHatch
 10
0.0
 20
0.0
 30
0.0
210
0.0
220
0.0
230
1.0
  2
SOLID
 70
     1
 71
     0
 91
        1
 92
        7
 72
     0
 73
     1
 93
        4
 10
1957280.544612707
 20
2804684.611244034
 10
1957680.544612707
 20
2804684.611244034
 10
1957640.544612707
 20
2804724.611244034
 10
1957320.544612707
 20
2804724.611244034
 97
        0
 75
     0
 76
     1
 47
0.0
 98
        1
 10
0.0
 20
0.0
450
        0
451
        0
460
0.0
461
0.0
452
        0
462
0.0
453
        0
470

  0
INSERT
  5
559
330
2EC
100
AcDbEntity
  8
COLUMN
100
AcDbBlockReference
  2
_FZH
 10
1957480.544612707
 20
2798284.611244034
 30
0.0
 41
400.0
 42
400.0
 43
400.0
 50
90.0
  0
HATCH
  5
55A
330
2EC
100
AcDbEntity
  8
PUB_WALL
100
AcDbHatch
 10
0.0
 20
0.0
 30
0.0
210
0.0
220
0.0
230
1.0
  2
SOLID
 70
     1
 71
     0
 91
        1
 92
        7
 72
     0
 73
     1
 93
        4
 10
1957680.544612707
 20
2798084.611244034
 10
1957680.544612707
 20
2798484.611244033
 10
1957640.544612707
 20
2798444.611244034
 10
1957640.544612707
 20
2798124.611244034
 97
        0
 75
     0
 76
     1
 47
0.0
 98
        1
 10
0.0
 20
0.0
450
        0
451
        0
460
0.0
461
0.0
452
        0
462
0.0
453
        0
470

  0
HATCH
  5
55B
330
2EC
100
AcDbEntity
  8
PUB_WALL
100
AcDbHatch
 10
0.0
 20
0.0
 30
0.0
210
0.0
220
0.0
230
1.0
  2
SOLID
 70
     1
 71
     0
 91
        1
 92
        7
 72
     0
 73
     1
 93
        4
 10
1957680.544612707
 20
2798484.611244033
 10
1957280.544612707
 20
2798484.611244033
 10
1957320.544612707
 20
2798444.611244034
 10
1957640.544612707
 20
2798444.611244034
 97
        0
 75
     0
 76
     1
 47
0.0
 98
        1
 10
0.0
 20
0.0
450
        0
451
        0
460
0.0
461
0.0
452
        0
462
0.0
453
        0
470

  0
HATCH
  5
55C
330
2EC
100
AcDbEntity
  8
PUB_WALL
100
AcDbHatch
 10
0.0
 20
0.0
 30
0.0
210
0.0
220
0.0
230
1.0
  2
SOLID
 70
     1
 71
     0
 91
        1
 92
        7
 72
     0
 73
     1
 93
        4
 10
1957280.544612707
 20
2798484.611244033
 10
1957280.544612707
 20
2798084.611244034
 10
1957320.544612707
 20
2798124.611244034
 10
1957320.544612707
 20
2798444.611244034
 97
        0
 75
     0
 76
     1
 47
0.0
 98
        1
 10
0.0
 20
0.0
450
        0
451
        0
460
0.0
461
0.0
452
        0
462
0.0
453
        0
470

  0
HATCH
  5
55D
330
2EC
100
AcDbEntity
  8
PUB_WALL
100
AcDbHatch
 10
0.0
 20
0.0
 30
0.0
210
0.0
220
0.0
230
1.0
  2
SOLID
 70
     1
 71
     0
 91
        1
 92
        7
 72
     0
 73
     1
 93
        4
 10
1957280.544612707
 20
2798084.611244034
 10
1957680.544612707
 20
2798084.611244034
 10
1957640.544612707
 20
2798124.611244034
 10
1957320.544612707
 20
2798124.611244034
 97
        0
 75
     0
 76
     1
 47
0.0
 98
        1
 10
0.0
 20
0.0
450
        0
451
        0
460
0.0
461
0.0
452
        0
462
0.0
453
        0
470

  0
HATCH
  5
55E
330
2EC
100
AcDbEntity
  8
PUB_WALL
100
AcDbHatch
 10
0.0
 20
0.0
 30
0.0
210
0.0
220
0.0
230
1.0
  2
SOLID
 70
     1
 71
     0
 91
        1
 92
        7
 72
     0
 73
     1
 93
        4
 10
1957520.544612716
 20
2804684.611244034
 10
1957480.544612716
 20
2804684.611244034
 10
1957480.544612714
 20
2803834.611245116
 10
1957520.544612714
 20
2803874.611245117
 97
        0
 75
     0
 76
     1
 47
0.0
 98
        1
 10
0.0
 20
0.0
450
        0
451
        0
460
0.0
461
0.0
452
        0
462
0.0
453
        0
470

  0
HATCH
  5
55F
330
2EC
100
AcDbEntity
  8
PUB_WALL
100
AcDbHatch
 10
0.0
 20
0.0
 30
0.0
210
0.0
220
0.0
230
1.0
  2
SOLID
 70
     1
 71
     0
 91
        1
 92
        7
 72
     0
 73
     1
 93
        4
 10
1957480.544612714
 20
2803834.611245116
 10
1957680.544612819
 20
2803834.611245116
 10
1957640.544612815
 20
2803874.611245117
 10
1957520.544612714
 20
2803874.611245117
 97
        0
 75
     0
 76
     1
 47
0.0
 98
        1
 10
0.0
 20
0.0
450
        0
451
        0
460
0.0
461
0.0
452
        0
462
0.0
453
        0
470

  0
HATCH
  5
560
330
2EC
100
AcDbEntity
  8
PUB_WALL
100
AcDbHatch
 10
0.0
 20
0.0
 30
0.0
210
0.0
220
0.0
230
1.0
  2
SOLID
 70
     1
 71
     0
 91
        1
 92
        7
 72
     0
 73
     1
 93
        4
 10
1957680.544612707
 20
2804684.611244034
 10
1957640.544612747
 20
2804684.611244034
 10
1957640.544612815
 20
2803874.611245117
 10
1957680.544612819
 20
2803834.611245116
 97
        0
 75
     0
 76
     1
 47
0.0
 98
        1
 10
0.0
 20
0.0
450
        0
451
        0
460
0.0
461
0.0
452
        0
462
0.0
453
        0
470

  0
HATCH
  5
561
330
2EC
100
AcDbEntity
  8
PUB_WALL
100
AcDbHatch
 10
0.0
 20
0.0
 30
0.0
210
0.0
220
0.0
230
1.0
  2
SOLID
 70
     1
 71
     0
 91
        1
 92
        7
 72
     0
 73
     1
 93
        4
 10
1957680.544612707
 20
2801184.611244035
 10
1957680.544612815
 20
2802334.611243896
 10
1957640.544612815
 20
2802294.611242357
 10
1957640.544612707
 20
2801184.611244035
 97
        0
 75
     0
 76
     1
 47
0.0
 98
        1
 10
0.0
 20
0.0
450
        0
451
        0
460
0.0
461
0.0
452
        0
462
0.0
453
        0
470

  0
HATCH
  5
562
330
2EC
100
AcDbEntity
  8
PUB_WALL
100
AcDbHatch
 10
0.0
 20
0.0
 30
0.0
210
0.0
220
0.0
230
1.0
  2
SOLID
 70
     1
 71
     0
 91
        1
 92
        7
 72
     0
 73
     1
 93
        4
 10
1957680.544612815
 20
2802334.611243896
 10
1957480.544612714
 20
2802334.611243897
 10
1957520.544611921
 20
2802294.611242357
 10
1957640.544612815
 20
2802294.611242357
 97
        0
 75
     0
 76
     1
 47
0.0
 98
        1
 10
0.0
 20
0.0
450
        0
451
        0
460
0.0
461
0.0
452
        0
462
0.0
453
        0
470

  0
HATCH
  5
563
330
2EC
100
AcDbEntity
  8
PUB_WALL
100
AcDbHatch
 10
0.0
 20
0.0
 30
0.0
210
0.0
220
0.0
230
1.0
  2
SOLID
 70
     1
 71
     0
 91
        1
 92
        7
 72
     0
 73
     1
 93
        4
 10
1957480.544612714
 20
2802334.611243897
 10
1957480.544612716
 20
2801284.611243978
 10
1957520.544612716
 20
2801244.611243978
 10
1957520.544611921
 20
2802294.611242357
 97
        0
 75
     0
 76
     1
 47
0.0
 98
        1
 10
0.0
 20
0.0
450
        0
451
        0
460
0.0
461
0.0
452
        0
462
0.0
453
        0
470

  0
LINE
  5
564
330
2EC
100
AcDbEntity
  8
WALL
100
AcDbLine
 10
1957480.544613113
 20
2804684.611242676
 30
0.0
 11
1957480.544612714
 21
2803834.611245116
 31
0.0
  0
LINE
  5
565
330
2EC
100
AcDbEntity
  8
WALL
100
AcDbLine
 10
1957480.544612714
 20
2803834.611245116
 30
0.0
 11
1957680.544612819
 21
2803834.611245116
 31
0.0
  0
LINE
  5
566
330
2EC
100
AcDbEntity
  8
WALL
100
AcDbLine
 10
1957680.544612819
 20
2803834.611245116
 30
0.0
 11
1957680.544613048
 21
2804684.611242676
 31
0.0
  0
LINE
  5
567
330
2EC
100
AcDbEntity
  8
WALL
100
AcDbLine
 10
1957680.544612707
 20
2801184.611244035
 30
0.0
 11
1957680.544612815
 21
2802334.611243896
 31
0.0
  0
LINE
  5
568
330
2EC
100
AcDbEntity
  8
WALL
100
AcDbLine
 10
1957680.544612815
 20
2802334.611243896
 30
0.0
 11
1957480.544612714
 21
2802334.611243897
 31
0.0
  0
LINE
  5
569
330
2EC
100
AcDbEntity
  8
WALL
100
AcDbLine
 10
1957480.544612714
 20
2802334.611243897
 30
0.0
 11
1957480.544612716
 21
2801284.611243978
 31
0.0
  0
INSERT
  5
56A
330
2EC
100
AcDbEntity
  8
WINDOW
100
AcDbBlockReference
  2
$WINLIB2D$00000001
 10
1957580.544612707
 20
2803084.611244035
 30
0.0
 41
1500.0
 42
-200.0
 43
200.0
 50
270.0
  0
HATCH
  5
56B
330
2EC
100
AcDbEntity
  8
PUB_WALL
100
AcDbHatch
 10
0.0
 20
0.0
 30
0.0
210
0.0
220
0.0
230
1.0
  2
SOLID
 70
     1
 71
     0
 91
        1
 92
        7
 72
     0
 73
     1
 93
        4
 10
1951780.544612707
 20
2804924.611244008
 10
1951780.544612707
 20
2804884.611244148
 10
1952830.544611816
 20
2804884.61124422
 10
1952790.544611816
 20
2804924.611244218
 97
        0
 75
     0
 76
     1
 47
0.0
 98
        1
 10
0.0
 20
0.0
450
        0
451
        0
460
0.0
461
0.0
452
        0
462
0.0
453
        0
470

  0
HATCH
  5
56C
330
2EC
100
AcDbEntity
  8
PUB_WALL
100
AcDbHatch
 10
0.0
 20
0.0
 30
0.0
210
0.0
220
0.0
230
1.0
  2
SOLID
 70
     1
 71
     0
 91
        1
 92
        7
 72
     0
 73
     1
 93
        4
 10
1952830.544611816
 20
2804884.61124422
 10
1952830.544611816
 20
2805084.611243999
 10
1952790.544611816
 20
2805044.611244
 10
1952790.544611816
 20
2804924.611244218
 97
        0
 75
     0
 76
     1
 47
0.0
 98
        1
 10
0.0
 20
0.0
450
        0
451
        0
460
0.0
461
0.0
452
        0
462
0.0
453
        0
470

  0
HATCH
  5
56D
330
2EC
100
AcDbEntity
  8
PUB_WALL
100
AcDbHatch
 10
0.0
 20
0.0
 30
0.0
210
0.0
220
0.0
230
1.0
  2
SOLID
 70
     1
 71
     0
 91
        1
 92
        7
 72
     0
 73
     1
 93
        4
 10
1951780.544612707
 20
2805084.611244028
 10
1951780.544612707
 20
2805044.611244028
 10
1952790.544611816
 20
2805044.611244
 10
1952830.544611816
 20
2805084.611243999
 97
        0
 75
     0
 76
     1
 47
0.0
 98
        1
 10
0.0
 20
0.0
450
        0
451
        0
460
0.0
461
0.0
452
        0
462
0.0
453
        0
470

  0
HATCH
  5
56E
330
2EC
100
AcDbEntity
  8
PUB_WALL
100
AcDbHatch
 10
0.0
 20
0.0
 30
0.0
210
0.0
220
0.0
230
1.0
  2
SOLID
 70
     1
 71
     0
 91
        1
 92
        7
 72
     0
 73
     1
 93
        4
 10
1954330.544613037
 20
2804884.61124422
 10
1955380.544613037
 20
2804884.61124422
 10
1955340.544613037
 20
2804924.611244221
 10
1954370.544613037
 20
2804924.611244221
 97
        0
 75
     0
 76
     1
 47
0.0
 98
        1
 10
0.0
 20
0.0
450
        0
451
        0
460
0.0
461
0.0
452
        0
462
0.0
453
        0
470

  0
HATCH
  5
56F
330
2EC
100
AcDbEntity
  8
PUB_WALL
100
AcDbHatch
 10
0.0
 20
0.0
 30
0.0
210
0.0
220
0.0
230
1.0
  2
SOLID
 70
     1
 71
     0
 91
        1
 92
        7
 72
     0
 73
     1
 93
        4
 10
1955380.544613037
 20
2804884.61124422
 10
1955380.544613037
 20
2805084.611243976
 10
1955340.544613037
 20
2805044.611243976
 10
1955340.544613037
 20
2804924.611244221
 97
        0
 75
     0
 76
     1
 47
0.0
 98
        1
 10
0.0
 20
0.0
450
        0
451
        0
460
0.0
461
0.0
452
        0
462
0.0
453
        0
470

  0
HATCH
  5
570
330
2EC
100
AcDbEntity
  8
PUB_WALL
100
AcDbHatch
 10
0.0
 20
0.0
 30
0.0
210
0.0
220
0.0
230
1.0
  2
SOLID
 70
     1
 71
     0
 91
        1
 92
        7
 72
     0
 73
     1
 93
        4
 10
1955380.544613037
 20
2805084.611243976
 10
1954330.544613037
 20
2805084.611243986
 10
1954370.544613037
 20
2805044.611243985
 10
1955340.544613037
 20
2805044.611243976
 97
        0
 75
     0
 76
     1
 47
0.0
 98
        1
 10
0.0
 20
0.0
450
        0
451
        0
460
0.0
461
0.0
452
        0
462
0.0
453
        0
470

  0
HATCH
  5
571
330
2EC
100
AcDbEntity
  8
PUB_WALL
100
AcDbHatch
 10
0.0
 20
0.0
 30
0.0
210
0.0
220
0.0
230
1.0
  2
SOLID
 70
     1
 71
     0
 91
        1
 92
        7
 72
     0
 73
     1
 93
        4
 10
1954330.544613037
 20
2805084.611243986
 10
1954330.544613037
 20
2804884.61124422
 10
1954370.544613037
 20
2804924.611244221
 10
1954370.544613037
 20
2805044.611243985
 97
        0
 75
     0
 76
     1
 47
0.0
 98
        1
 10
0.0
 20
0.0
450
        0
451
        0
460
0.0
461
0.0
452
        0
462
0.0
453
        0
470

  0
HATCH
  5
572
330
2EC
100
AcDbEntity
  8
PUB_WALL
100
AcDbHatch
 10
0.0
 20
0.0
 30
0.0
210
0.0
220
0.0
230
1.0
  2
SOLID
 70
     1
 71
     0
 91
        1
 92
        7
 72
     0
 73
     1
 93
        4
 10
1957280.544612707
 20
2805044.611245074
 10
1957280.544612707
 20
2805084.611243962
 10
1957180.544613037
 20
2805084.611243959
 10
1957220.544612146
 20
2805044.611245257
 97
        0
 75
     0
 76
     1
 47
0.0
 98
        1
 10
0.0
 20
0.0
450
        0
451
        0
460
0.0
461
0.0
452
        0
462
0.0
453
        0
470

  0
HATCH
  5
573
330
2EC
100
AcDbEntity
  8
PUB_WALL
100
AcDbHatch
 10
0.0
 20
0.0
 30
0.0
210
0.0
220
0.0
230
1.0
  2
SOLID
 70
     1
 71
     0
 91
        1
 92
        7
 72
     0
 73
     1
 93
        4
 10
1957180.544613037
 20
2805084.611243959
 10
1957180.544613037
 20
2804884.61124422
 10
1957220.544612146
 20
2804924.611242222
 10
1957220.544612146
 20
2805044.611245257
 97
        0
 75
     0
 76
     1
 47
0.0
 98
        1
 10
0.0
 20
0.0
450
        0
451
        0
460
0.0
461
0.0
452
        0
462
0.0
453
        0
470

  0
HATCH
  5
574
330
2EC
100
AcDbEntity
  8
PUB_WALL
100
AcDbHatch
 10
0.0
 20
0.0
 30
0.0
210
0.0
220
0.0
230
1.0
  2
SOLID
 70
     1
 71
     0
 91
        1
 92
        7
 72
     0
 73
     1
 93
        4
 10
1957280.544612707
 20
2804884.611244194
 10
1957280.544612707
 20
2804924.611242574
 10
1957220.544612146
 20
2804924.611242222
 10
1957180.544613037
 20
2804884.61124422
 97
        0
 75
     0
 76
     1
 47
0.0
 98
        1
 10
0.0
 20
0.0
450
        0
451
        0
460
0.0
461
0.0
452
        0
462
0.0
453
        0
470

  0
LINE
  5
575
330
2EC
100
AcDbEntity
  8
WALL
100
AcDbLine
 10
1951780.544614257
 20
2804884.611244181
 30
0.0
 11
1952830.544611816
 21
2804884.61124422
 31
0.0
  0
LINE
  5
576
330
2EC
100
AcDbEntity
  8
WALL
100
AcDbLine
 10
1952830.544611816
 20
2804884.61124422
 30
0.0
 11
1952830.544611816
 21
2805084.611243999
 31
0.0
  0
LINE
  5
577
330
2EC
100
AcDbEntity
  8
WALL
100
AcDbLine
 10
1952830.544611816
 20
2805084.611243999
 30
0.0
 11
1951780.544614257
 21
2805084.611244506
 31
0.0
  0
LINE
  5
578
330
2EC
100
AcDbEntity
  8
WALL
100
AcDbLine
 10
1957280.544611816
 20
2805084.611243332
 30
0.0
 11
1957180.544613037
 21
2805084.611243959
 31
0.0
  0
LINE
  5
579
330
2EC
100
AcDbEntity
  8
WALL
100
AcDbLine
 10
1957180.544613037
 20
2805084.611243959
 30
0.0
 11
1957180.544613037
 21
2804884.61124422
 31
0.0
  0
LINE
  5
57A
330
2EC
100
AcDbEntity
  8
WALL
100
AcDbLine
 10
1957180.544613037
 20
2804884.61124422
 30
0.0
 11
1957280.544611816
 21
2804884.611242164
 31
0.0
  0
LINE
  5
57B
330
2EC
100
AcDbEntity
  8
WALL
100
AcDbLine
 10
1954330.544613037
 20
2804884.61124422
 30
0.0
 11
1955380.544613037
 21
2804884.61124422
 31
0.0
  0
LINE
  5
57C
330
2EC
100
AcDbEntity
  8
WALL
100
AcDbLine
 10
1955380.544613037
 20
2804884.61124422
 30
0.0
 11
1955380.544613037
 21
2805084.611243976
 31
0.0
  0
LINE
  5
57D
330
2EC
100
AcDbEntity
  8
WALL
100
AcDbLine
 10
1955380.544613037
 20
2805084.611243976
 30
0.0
 11
1954330.544613037
 21
2805084.611243986
 31
0.0
  0
LINE
  5
57E
330
2EC
100
AcDbEntity
  8
WALL
100
AcDbLine
 10
1954330.544613037
 20
2805084.611243986
 30
0.0
 11
1954330.544613037
 21
2804884.61124422
 31
0.0
  0
INSERT
  5
57F
330
2EC
100
AcDbEntity
  8
WINDOW
100
AcDbBlockReference
  2
$WINLIB2D$00000001
 10
1953580.544612707
 20
2804984.611244034
 30
0.0
 41
1500.0
 42
-200.0
 43
200.0
  0
INSERT
  5
580
330
2EC
100
AcDbEntity
  8
DOOR_FIRE
100
AcDbBlockReference
  2
$DorLib2D$00000002
 10
1956280.544612707
 20
2804984.611244034
 30
0.0
 41
1800.0
 42
1800.0
 43
200.0
  0
HATCH
  5
581
330
2EC
100
AcDbEntity
  8
PUB_WALL
100
AcDbHatch
 10
0.0
 20
0.0
 30
0.0
210
0.0
220
0.0
230
1.0
  2
SOLID
 70
     1
 71
     0
 91
        1
 92
        7
 72
     0
 73
     1
 93
        4
 10
1957280.544612707
 20
2798244.611244121
 10
1957280.544612707
 20
2798284.611243977
 10
1955480.544613036
 20
2798284.611243967
 10
1955520.544613037
 20
2798244.611243967
 97
        0
 75
     0
 76
     1
 47
0.0
 98
        1
 10
0.0
 20
0.0
450
        0
451
        0
460
0.0
461
0.0
452
        0
462
0.0
453
        0
470

  0
HATCH
  5
582
330
2EC
100
AcDbEntity
  8
PUB_WALL
100
AcDbHatch
 10
0.0
 20
0.0
 30
0.0
210
0.0
220
0.0
230
1.0
  2
SOLID
 70
     1
 71
     0
 91
        1
 92
        7
 72
     0
 73
     1
 93
        4
 10
1955480.544613036
 20
2798284.611243967
 10
1955480.544613036
 20
2798084.611244064
 10
1955520.544613037
 20
2798124.611244063
 10
1955520.544613037
 20
2798244.611243967
 97
        0
 75
     0
 76
     1
 47
0.0
 98
        1
 10
0.0
 20
0.0
450
        0
451
        0
460
0.0
461
0.0
452
        0
462
0.0
453
        0
470

  0
HATCH
  5
583
330
2EC
100
AcDbEntity
  8
PUB_WALL
100
AcDbHatch
 10
0.0
 20
0.0
 30
0.0
210
0.0
220
0.0
230
1.0
  2
SOLID
 70
     1
 71
     0
 91
        1
 92
        7
 72
     0
 73
     1
 93
        4
 10
1957280.544612707
 20
2798084.611244034
 10
1957280.544612707
 20
2798124.611244128
 10
1955520.544613037
 20
2798124.611244063
 10
1955480.544613036
 20
2798084.611244064
 97
        0
 75
     0
 76
     1
 47
0.0
 98
        1
 10
0.0
 20
0.0
450
        0
451
        0
460
0.0
461
0.0
452
        0
462
0.0
453
        0
470

  0
HATCH
  5
584
330
2EC
100
AcDbEntity
  8
PUB_WALL
100
AcDbHatch
 10
0.0
 20
0.0
 30
0.0
210
0.0
220
0.0
230
1.0
  2
SOLID
 70
     1
 71
     0
 91
        1
 92
        7
 72
     0
 73
     1
 93
        4
 10
1951780.544612707
 20
2798124.611244016
 10
1951780.544612707
 20
2798084.611244038
 10
1953680.544613037
 20
2798084.611244081
 10
1953640.544617361
 20
2798124.611243849
 97
        0
 75
     0
 76
     1
 47
0.0
 98
        1
 10
0.0
 20
0.0
450
        0
451
        0
460
0.0
461
0.0
452
        0
462
0.0
453
        0
470

  0
HATCH
  5
585
330
2EC
100
AcDbEntity
  8
PUB_WALL
100
AcDbHatch
 10
0.0
 20
0.0
 30
0.0
210
0.0
220
0.0
230
1.0
  2
SOLID
 70
     1
 71
     0
 91
        1
 92
        7
 72
     0
 73
     1
 93
        4
 10
1953680.544613037
 20
2798084.611244081
 10
1953680.544613037
 20
2798284.611243967
 10
1953640.544617361
 20
2798244.611244134
 10
1953640.544617361
 20
2798124.611243849
 97
        0
 75
     0
 76
     1
 47
0.0
 98
        1
 10
0.0
 20
0.0
450
        0
451
        0
460
0.0
461
0.0
452
        0
462
0.0
453
        0
470

  0
HATCH
  5
586
330
2EC
100
AcDbEntity
  8
PUB_WALL
100
AcDbHatch
 10
0.0
 20
0.0
 30
0.0
210
0.0
220
0.0
230
1.0
  2
SOLID
 70
     1
 71
     0
 91
        1
 92
        7
 72
     0
 73
     1
 93
        4
 10
1951780.544612707
 20
2798284.611243977
 10
1951780.544612707
 20
2798244.61124414
 10
1953640.544617361
 20
2798244.611244134
 10
1953680.544613037
 20
2798284.611243967
 97
        0
 75
     0
 76
     1
 47
0.0
 98
        1
 10
0.0
 20
0.0
450
        0
451
        0
460
0.0
461
0.0
452
        0
462
0.0
453
        0
470

  0
LINE
  5
587
330
2EC
100
AcDbEntity
  8
WALL
100
AcDbLine
 10
1957280.544614258
 20
2798284.611244128
 30
0.0
 11
1955480.544613036
 21
2798284.611243967
 31
0.0
  0
LINE
  5
588
330
2EC
100
AcDbEntity
  8
WALL
100
AcDbLine
 10
1955480.544613036
 20
2798284.611243967
 30
0.0
 11
1955480.544613036
 21
2798084.611244064
 31
0.0
  0
LINE
  5
589
330
2EC
100
AcDbEntity
  8
WALL
100
AcDbLine
 10
1955480.544613036
 20
2798084.611244064
 30
0.0
 11
1957280.544614258
 21
2798084.611244166
 31
0.0
  0
LINE
  5
58A
330
2EC
100
AcDbEntity
  8
WALL
100
AcDbLine
 10
1951780.544611816
 20
2798084.611244279
 30
0.0
 11
1953680.544613037
 21
2798084.611244081
 31
0.0
  0
LINE
  5
58B
330
2EC
100
AcDbEntity
  8
WALL
100
AcDbLine
 10
1953680.544613037
 20
2798084.611244081
 30
0.0
 11
1953680.544613037
 21
2798284.611243967
 31
0.0
  0
LINE
  5
58C
330
2EC
100
AcDbEntity
  8
WALL
100
AcDbLine
 10
1953680.544613037
 20
2798284.611243967
 30
0.0
 11
1951780.544611816
 21
2798284.611244103
 31
0.0
  0
INSERT
  5
58D
330
2EC
100
AcDbEntity
  8
WINDOW
100
AcDbBlockReference
  2
$WINLIB2D$00000001
 10
1954580.544612707
 20
2798184.611244034
 30
0.0
 41
1800.0
 42
-200.0
 43
200.0
 50
180.0
  0
INSERT
  5
58E
330
2EC
100
AcDbEntity
  8
WINDOW
100
AcDbBlockReference
  2
$DorLib2D$00000001
 10
1957580.544612707
 20
2799084.611244033
 30
0.0
 41
1000.0
 42
1000.0
 43
200.0
 50
270.0
  0
HATCH
  5
58F
330
2EC
100
AcDbEntity
  8
PUB_WALL
100
AcDbHatch
 10
0.0
 20
0.0
 30
0.0
210
0.0
220
0.0
230
1.0
  2
SOLID
 70
     1
 71
     0
 91
        1
 92
        7
 72
     0
 73
     1
 93
        4
 10
1957480.544612716
 20
2801284.611243978
 10
1957380.544613037
 20
2801284.61124399
 10
1957420.544613037
 20
2801244.61124399
 10
1957520.544612716
 20
2801244.611243978
 97
        0
 75
     0
 76
     1
 47
0.0
 98
        1
 10
0.0
 20
0.0
450
        0
451
        0
460
0.0
461
0.0
452
        0
462
0.0
453
        0
470

  0
HATCH
  5
590
330
2EC
100
AcDbEntity
  8
PUB_WALL
100
AcDbHatch
 10
0.0
 20
0.0
 30
0.0
210
0.0
220
0.0
230
1.0
  2
SOLID
 70
     1
 71
     0
 91
        1
 92
        7
 72
     0
 73
     1
 93
        4
 10
1957380.544613037
 20
2801284.61124399
 10
1957380.544613037
 20
2801084.611244203
 10
1957420.544613037
 20
2801124.611244178
 10
1957420.544613037
 20
2801244.61124399
 97
        0
 75
     0
 76
     1
 47
0.0
 98
        1
 10
0.0
 20
0.0
450
        0
451
        0
460
0.0
461
0.0
452
        0
462
0.0
453
        0
470

  0
HATCH
  5
591
330
2EC
100
AcDbEntity
  8
PUB_WALL
100
AcDbHatch
 10
0.0
 20
0.0
 30
0.0
210
0.0
220
0.0
230
1.0
  2
SOLID
 70
     1
 71
     0
 91
        1
 92
        7
 72
     0
 73
     1
 93
        4
 10
1957380.544613037
 20
2801084.611244203
 10
1957480.544612956
 20
2801084.611244141
 10
1957520.54461263
 20
2801124.611243978
 10
1957420.544613037
 20
2801124.611244178
 97
        0
 75
     0
 76
     1
 47
0.0
 98
        1
 10
0.0
 20
0.0
450
        0
451
        0
460
0.0
461
0.0
452
        0
462
0.0
453
        0
470

  0
HATCH
  5
592
330
2EC
100
AcDbEntity
  8
PUB_WALL
100
AcDbHatch
 10
0.0
 20
0.0
 30
0.0
210
0.0
220
0.0
230
1.0
  2
SOLID
 70
     1
 71
     0
 91
        1
 92
        7
 72
     0
 73
     1
 93
        4
 10
1951680.544611003
 20
2801084.611244141
 10
1956380.544613037
 20
2801084.611244203
 10
1956340.544612536
 20
2801124.611244144
 10
1951640.544611002
 20
2801124.611243978
 97
        0
 75
     0
 76
     1
 47
0.0
 98
        1
 10
0.0
 20
0.0
450
        0
451
        0
460
0.0
461
0.0
452
        0
462
0.0
453
        0
470

  0
HATCH
  5
593
330
2EC
100
AcDbEntity
  8
PUB_WALL
100
AcDbHatch
 10
0.0
 20
0.0
 30
0.0
210
0.0
220
0.0
230
1.0
  2
SOLID
 70
     1
 71
     0
 91
        1
 92
        7
 72
     0
 73
     1
 93
        4
 10
1956380.544613037
 20
2801084.611244203
 10
1956380.544613037
 20
2801284.61124399
 10
1956340.544612535
 20
2801244.6112439
 10
1956340.544612536
 20
2801124.611244144
 97
        0
 75
     0
 76
     1
 47
0.0
 98
        1
 10
0.0
 20
0.0
450
        0
451
        0
460
0.0
461
0.0
452
        0
462
0.0
453
        0
470

  0
HATCH
  5
594
330
2EC
100
AcDbEntity
  8
PUB_WALL
100
AcDbHatch
 10
0.0
 20
0.0
 30
0.0
210
0.0
220
0.0
230
1.0
  2
SOLID
 70
     1
 71
     0
 91
        1
 92
        7
 72
     0
 73
     1
 93
        4
 10
1956380.544613037
 20
2801284.61124399
 10
1951680.544610917
 20
2801284.611243978
 10
1951640.544610917
 20
2801244.611243978
 10
1956340.544612535
 20
2801244.6112439
 97
        0
 75
     0
 76
     1
 47
0.0
 98
        1
 10
0.0
 20
0.0
450
        0
451
        0
460
0.0
461
0.0
452
        0
462
0.0
453
        0
470

  0
LINE
  5
595
330
2EC
100
AcDbEntity
  8
WALL
100
AcDbLine
 10
1957480.544612716
 20
2801284.611243978
 30
0.0
 11
1957380.544613037
 21
2801284.61124399
 31
0.0
  0
LINE
  5
596
330
2EC
100
AcDbEntity
  8
WALL
100
AcDbLine
 10
1957380.544613037
 20
2801284.61124399
 30
0.0
 11
1957380.544613037
 21
2801084.611244203
 31
0.0
  0
LINE
  5
597
330
2EC
100
AcDbEntity
  8
WALL
100
AcDbLine
 10
1957380.544613037
 20
2801084.611244203
 30
0.0
 11
1957480.544612956
 21
2801084.611244141
 31
0.0
  0
LINE
  5
598
330
2EC
100
AcDbEntity
  8
WALL
100
AcDbLine
 10
1951680.544611003
 20
2801084.611244141
 30
0.0
 11
1956380.544613037
 21
2801084.611244203
 31
0.0
  0
LINE
  5
599
330
2EC
100
AcDbEntity
  8
WALL
100
AcDbLine
 10
1956380.544613037
 20
2801084.611244203
 30
0.0
 11
1956380.544613037
 21
2801284.61124399
 31
0.0
  0
LINE
  5
59A
330
2EC
100
AcDbEntity
  8
WALL
100
AcDbLine
 10
1956380.544613037
 20
2801284.61124399
 30
0.0
 11
1951680.544610917
 21
2801284.611243978
 31
0.0
  0
INSERT
  5
59B
330
2EC
100
AcDbEntity
  8
DOOR_FIRE
 48
100.0
100
AcDbBlockReference
  2
$DorLib2D$00000148
 10
1956880.544612707
 20
2801184.611244035
 30
0.0
 41
-1000.0
 42
-1000.0
 43
200.0
 50
180.0
  0
HATCH
  5
59C
330
2EC
100
AcDbEntity
  8
PUB_WALL
100
AcDbHatch
 10
0.0
 20
0.0
 30
0.0
210
0.0
220
0.0
230
1.0
  2
SOLID
 70
     1
 71
     0
 91
        1
 92
        7
 72
     0
 73
     1
 93
        4
 10
1957480.544612956
 20
2801084.611244141
 10
1957480.544612971
 20
2799584.611243897
 10
1957520.54461297
 20
2799624.611243897
 10
1957520.54461263
 20
2801124.611243978
 97
        0
 75
     0
 76
     1
 47
0.0
 98
        1
 10
0.0
 20
0.0
450
        0
451
        0
460
0.0
461
0.0
452
        0
462
0.0
453
        0
470

  0
HATCH
  5
59D
330
2EC
100
AcDbEntity
  8
PUB_WALL
100
AcDbHatch
 10
0.0
 20
0.0
 30
0.0
210
0.0
220
0.0
230
1.0
  2
SOLID
 70
     1
 71
     0
 91
        1
 92
        7
 72
     0
 73
     1
 93
        4
 10
1957480.544612971
 20
2799584.611243897
 10
1957680.544612498
 20
2799584.611243897
 10
1957640.544612503
 20
2799624.611243897
 10
1957520.54461297
 20
2799624.611243897
 97
        0
 75
     0
 76
     1
 47
0.0
 98
        1
 10
0.0
 20
0.0
450
        0
451
        0
460
0.0
461
0.0
452
        0
462
0.0
453
        0
470

  0
HATCH
  5
59E
330
2EC
100
AcDbEntity
  8
PUB_WALL
100
AcDbHatch
 10
0.0
 20
0.0
 30
0.0
210
0.0
220
0.0
230
1.0
  2
SOLID
 70
     1
 71
     0
 91
        1
 92
        7
 72
     0
 73
     1
 93
        4
 10
1957680.544612498
 20
2799584.611243897
 10
1957680.544612707
 20
2801184.611244035
 10
1957640.544612707
 20
2801184.611244035
 10
1957640.544612503
 20
2799624.611243897
 97
        0
 75
     0
 76
     1
 47
0.0
 98
        1
 10
0.0
 20
0.0
450
        0
451
        0
460
0.0
461
0.0
452
        0
462
0.0
453
        0
470

  0
HATCH
  5
59F
330
2EC
100
AcDbEntity
  8
PUB_WALL
100
AcDbHatch
 10
0.0
 20
0.0
 30
0.0
210
0.0
220
0.0
230
1.0
  2
SOLID
 70
     1
 71
     0
 91
        1
 92
        7
 72
     0
 73
     1
 93
        4
 10
1957640.544611037
 20
2798484.611244033
 10
1957680.544612505
 20
2798484.611244033
 10
1957680.544612473
 20
2798584.611243897
 10
1957640.544610772
 20
2798544.611244108
 97
        0
 75
     0
 76
     1
 47
0.0
 98
        1
 10
0.0
 20
0.0
450
        0
451
        0
460
0.0
461
0.0
452
        0
462
0.0
453
        0
470

  0
HATCH
  5
5A0
330
2EC
100
AcDbEntity
  8
PUB_WALL
100
AcDbHatch
 10
0.0
 20
0.0
 30
0.0
210
0.0
220
0.0
230
1.0
  2
SOLID
 70
     1
 71
     0
 91
        1
 92
        7
 72
     0
 73
     1
 93
        4
 10
1957680.544612473
 20
2798584.611243897
 10
1957480.544612971
 20
2798584.611243896
 10
1957520.544611712
 20
2798544.611244108
 10
1957640.544610772
 20
2798544.611244108
 97
        0
 75
     0
 76
     1
 47
0.0
 98
        1
 10
0.0
 20
0.0
450
        0
451
        0
460
0.0
461
0.0
452
        0
462
0.0
453
        0
470

  0
HATCH
  5
5A1
330
2EC
100
AcDbEntity
  8
PUB_WALL
100
AcDbHatch
 10
0.0
 20
0.0
 30
0.0
210
0.0
220
0.0
230
1.0
  2
SOLID
 70
     1
 71
     0
 91
        1
 92
        7
 72
     0
 73
     1
 93
        4
 10
1957480.544612966
 20
2798484.611244033
 10
1957520.544611895
 20
2798484.611244033
 10
1957520.544611712
 20
2798544.611244108
 10
1957480.544612971
 20
2798584.611243896
 97
        0
 75
     0
 76
     1
 47
0.0
 98
        1
 10
0.0
 20
0.0
450
        0
451
        0
460
0.0
461
0.0
452
        0
462
0.0
453
        0
470

  0
LINE
  5
5A2
330
2EC
100
AcDbEntity
  8
WALL
100
AcDbLine
 10
1957480.544612956
 20
2801084.611244141
 30
0.0
 11
1957480.544612971
 21
2799584.611243897
 31
0.0
  0
LINE
  5
5A3
330
2EC
100
AcDbEntity
  8
WALL
100
AcDbLine
 10
1957480.544612971
 20
2799584.611243897
 30
0.0
 11
1957680.544612498
 21
2799584.611243897
 31
0.0
  0
LINE
  5
5A4
330
2EC
100
AcDbEntity
  8
WALL
100
AcDbLine
 10
1957680.544612498
 20
2799584.611243897
 30
0.0
 11
1957680.544612707
 21
2801184.611244035
 31
0.0
  0
LINE
  5
5A5
330
2EC
100
AcDbEntity
  8
WALL
100
AcDbLine
 10
1957680.54461275
 20
2798484.611242676
 30
0.0
 11
1957680.544612473
 21
2798584.611243897
 31
0.0
  0
LINE
  5
5A6
330
2EC
100
AcDbEntity
  8
WALL
100
AcDbLine
 10
1957680.544612473
 20
2798584.611243897
 30
0.0
 11
1957480.544612971
 21
2798584.611243896
 31
0.0
  0
LINE
  5
5A7
330
2EC
100
AcDbEntity
  8
WALL
100
AcDbLine
 10
1957480.544612971
 20
2798584.611243896
 30
0.0
 11
1957480.544611698
 21
2798484.611242676
 31
0.0
  0
INSERT
  5
5A8
330
2EC
100
AcDbEntity
  8
WINDOW
100
AcDbBlockReference
  2
$WINLIB2D$00000001
 10
1951580.544610948
 20
2800134.611243927
 30
0.0
 41
1500.0
 42
200.0
 43
200.0
 50
90.0
  0
INSERT
  5
5A9
330
2EC
100
AcDbEntity
  8
DOOR_FIRE
100
AcDbBlockReference
  2
$DorLib2D$00000001
 10
1951580.544610948
 20
2804184.611243928
 30
0.0
 41
1000.0
 42
1000.0
 43
200.0
 50
90.0
  0
HATCH
  5
5AA
330
2EC
100
AcDbEntity
  8
PUB_WALL
100
AcDbHatch
 10
0.0
 20
0.0
 30
0.0
210
0.0
220
0.0
230
1.0
  2
SOLID
 70
     1
 71
     0
 91
        1
 92
        7
 72
     0
 73
     1
 93
        4
 10
1951640.544610974
 20
2798484.611244033
 10
1951680.544610978
 20
2798484.611244033
 10
1951680.544610867
 20
2799384.611243896
 10
1951640.544610872
 20
2799344.611243896
 97
        0
 75
     0
 76
     1
 47
0.0
 98
        1
 10
0.0
 20
0.0
450
        0
451
        0
460
0.0
461
0.0
452
        0
462
0.0
453
        0
470

  0
HATCH
  5
5AB
330
2EC
100
AcDbEntity
  8
PUB_WALL
100
AcDbHatch
 10
0.0
 20
0.0
 30
0.0
210
0.0
220
0.0
230
1.0
  2
SOLID
 70
     1
 71
     0
 91
        1
 92
        7
 72
     0
 73
     1
 93
        4
 10
1951680.544610867
 20
2799384.611243896
 10
1951480.54461068
 20
2799384.611243897
 10
1951520.544610679
 20
2799344.611243896
 10
1951640.544610872
 20
2799344.611243896
 97
        0
 75
     0
 76
     1
 47
0.0
 98
        1
 10
0.0
 20
0.0
450
        0
451
        0
460
0.0
461
0.0
452
        0
462
0.0
453
        0
470

  0
HATCH
  5
5AC
330
2EC
100
AcDbEntity
  8
PUB_WALL
100
AcDbHatch
 10
0.0
 20
0.0
 30
0.0
210
0.0
220
0.0
230
1.0
  2
SOLID
 70
     1
 71
     0
 91
        1
 92
        7
 72
     0
 73
     1
 93
        4
 10
1951480.544610678
 20
2798484.611244033
 10
1951520.544610932
 20
2798484.611244033
 10
1951520.544610679
 20
2799344.611243896
 10
1951480.54461068
 20
2799384.611243897
 97
        0
 75
     0
 76
     1
 47
0.0
 98
        1
 10
0.0
 20
0.0
450
        0
451
        0
460
0.0
461
0.0
452
        0
462
0.0
453
        0
470

  0
HATCH
  5
5AD
330
2EC
100
AcDbEntity
  8
PUB_WALL
100
AcDbHatch
 10
0.0
 20
0.0
 30
0.0
210
0.0
220
0.0
230
1.0
  2
SOLID
 70
     1
 71
     0
 91
        1
 92
        7
 72
     0
 73
     1
 93
        4
 10
1951480.544610948
 20
2801184.611243929
 10
1951480.544610819
 20
2800884.611243897
 10
1951520.544608319
 20
2800924.611245957
 10
1951520.544610947
 20
2801184.611243929
 97
        0
 75
     0
 76
     1
 47
0.0
 98
        1
 10
0.0
 20
0.0
450
        0
451
        0
460
0.0
461
0.0
452
        0
462
0.0
453
        0
470

  0
HATCH
  5
5AE
330
2EC
100
AcDbEntity
  8
PUB_WALL
100
AcDbHatch
 10
0.0
 20
0.0
 30
0.0
210
0.0
220
0.0
230
1.0
  2
SOLID
 70
     1
 71
     0
 91
        1
 92
        7
 72
     0
 73
     1
 93
        4
 10
1951480.544610819
 20
2800884.611243897
 10
1951680.544610867
 20
2800884.611243897
 10
1951640.544614661
 20
2800924.611245957
 10
1951520.544608319
 20
2800924.611245957
 97
        0
 75
     0
 76
     1
 47
0.0
 98
        1
 10
0.0
 20
0.0
450
        0
451
        0
460
0.0
461
0.0
452
        0
462
0.0
453
        0
470

  0
HATCH
  5
5AF
330
2EC
100
AcDbEntity
  8
PUB_WALL
100
AcDbHatch
 10
0.0
 20
0.0
 30
0.0
210
0.0
220
0.0
230
1.0
  2
SOLID
 70
     1
 71
     0
 91
        1
 92
        7
 72
     0
 73
     1
 93
        4
 10
1951680.544610867
 20
2800884.611243897
 10
1951680.544611003
 20
2801084.611244141
 10
1951640.544611002
 20
2801124.611243978
 10
1951640.544614661
 20
2800924.611245957
 97
        0
 75
     0
 76
     1
 47
0.0
 98
        1
 10
0.0
 20
0.0
450
        0
451
        0
460
0.0
461
0.0
452
        0
462
0.0
453
        0
470

  0
LINE
  5
5B0
330
2EC
100
AcDbEntity
  8
WALL
100
AcDbLine
 10
1951680.544610746
 20
2798484.611242676
 30
0.0
 11
1951680.544610867
 21
2799384.611243896
 31
0.0
  0
LINE
  5
5B1
330
2EC
100
AcDbEntity
  8
WALL
100
AcDbLine
 10
1951680.544610867
 20
2799384.611243896
 30
0.0
 11
1951480.54461068
 21
2799384.611243897
 31
0.0
  0
LINE
  5
5B2
330
2EC
100
AcDbEntity
  8
WALL
100
AcDbLine
 10
1951480.54461068
 20
2799384.611243897
 30
0.0
 11
1951480.544611099
 21
2798484.611242676
 31
0.0
  0
LINE
  5
5B3
330
2EC
100
AcDbEntity
  8
WALL
100
AcDbLine
 10
1951480.544610948
 20
2801184.611243929
 30
0.0
 11
1951480.544610819
 21
2800884.611243897
 31
0.0
  0
LINE
  5
5B4
330
2EC
100
AcDbEntity
  8
WALL
100
AcDbLine
 10
1951480.544610819
 20
2800884.611243897
 30
0.0
 11
1951680.544610867
 21
2800884.611243897
 31
0.0
  0
LINE
  5
5B5
330
2EC
100
AcDbEntity
  8
WALL
100
AcDbLine
 10
1951680.544610867
 20
2800884.611243897
 30
0.0
 11
1951680.544611003
 21
2801084.611244141
 31
0.0
  0
HATCH
  5
5B6
330
2EC
100
AcDbEntity
  8
PUB_WALL
100
AcDbHatch
 10
0.0
 20
0.0
 30
0.0
210
0.0
220
0.0
230
1.0
  2
SOLID
 70
     1
 71
     0
 91
        1
 92
        7
 72
     0
 73
     1
 93
        4
 10
1951680.544610917
 20
2801284.611243978
 10
1951680.544610807
 20
2803684.611243896
 10
1951640.544610808
 20
2803644.611243896
 10
1951640.544610917
 20
2801244.611243978
 97
        0
 75
     0
 76
     1
 47
0.0
 98
        1
 10
0.0
 20
0.0
450
        0
451
        0
460
0.0
461
0.0
452
        0
462
0.0
453
        0
470

  0
HATCH
  5
5B7
330
2EC
100
AcDbEntity
  8
PUB_WALL
100
AcDbHatch
 10
0.0
 20
0.0
 30
0.0
210
0.0
220
0.0
230
1.0
  2
SOLID
 70
     1
 71
     0
 91
        1
 92
        7
 72
     0
 73
     1
 93
        4
 10
1951680.544610807
 20
2803684.611243896
 10
1951480.544610992
 20
2803684.611243896
 10
1951520.544610992
 20
2803644.611243896
 10
1951640.544610808
 20
2803644.611243896
 97
        0
 75
     0
 76
     1
 47
0.0
 98
        1
 10
0.0
 20
0.0
450
        0
451
        0
460
0.0
461
0.0
452
        0
462
0.0
453
        0
470

  0
HATCH
  5
5B8
330
2EC
100
AcDbEntity
  8
PUB_WALL
100
AcDbHatch
 10
0.0
 20
0.0
 30
0.0
210
0.0
220
0.0
230
1.0
  2
SOLID
 70
     1
 71
     0
 91
        1
 92
        7
 72
     0
 73
     1
 93
        4
 10
1951480.544610992
 20
2803684.611243896
 10
1951480.544610948
 20
2801184.611243929
 10
1951520.544610947
 20
2801184.611243929
 10
1951520.544610992
 20
2803644.611243896
 97
        0
 75
     0
 76
     1
 47
0.0
 98
        1
 10
0.0
 20
0.0
450
        0
451
        0
460
0.0
461
0.0
452
        0
462
0.0
453
        0
470

  0
LINE
  5
5B9
330
2EC
100
AcDbEntity
  8
WALL
100
AcDbLine
 10
1951680.544610917
 20
2801284.611243978
 30
0.0
 11
1951680.544610807
 21
2803684.611243896
 31
0.0
  0
LINE
  5
5BA
330
2EC
100
AcDbEntity
  8
WALL
100
AcDbLine
 10
1951680.544610807
 20
2803684.611243896
 30
0.0
 11
1951480.544610992
 21
2803684.611243896
 31
0.0
  0
LINE
  5
5BB
330
2EC
100
AcDbEntity
  8
WALL
100
AcDbLine
 10
1951480.544610992
 20
2803684.611243896
 30
0.0
 11
1951480.544610948
 21
2801184.611243929
 31
0.0
  0
HATCH
  5
5BC
330
2EC
100
AcDbEntity
  8
PUB_WALL
100
AcDbHatch
 10
0.0
 20
0.0
 30
0.0
210
0.0
220
0.0
230
1.0
  2
SOLID
 70
     1
 71
     0
 91
        1
 92
        7
 72
     0
 73
     1
 93
        4
 10
1951380.544612707
 20
2798244.611243985
 10
1951380.544612707
 20
2798284.611244139
 10
1948680.544613037
 20
2798284.611244104
 10
1948720.544613037
 20
2798244.611244104
 97
        0
 75
     0
 76
     1
 47
0.0
 98
        1
 10
0.0
 20
0.0
450
        0
451
        0
460
0.0
461
0.0
452
        0
462
0.0
453
        0
470

  0
HATCH
  5
5BD
330
2EC
100
AcDbEntity
  8
PUB_WALL
100
AcDbHatch
 10
0.0
 20
0.0
 30
0.0
210
0.0
220
0.0
230
1.0
  2
SOLID
 70
     1
 71
     0
 91
        1
 92
        7
 72
     0
 73
     1
 93
        4
 10
1948680.544613037
 20
2798284.611244104
 10
1948680.544613037
 20
2798084.611243978
 10
1948720.544613037
 20
2798124.611243979
 10
1948720.544613037
 20
2798244.611244104
 97
        0
 75
     0
 76
     1
 47
0.0
 98
        1
 10
0.0
 20
0.0
450
        0
451
        0
460
0.0
461
0.0
452
        0
462
0.0
453
        0
470

  0
HATCH
  5
5BE
330
2EC
100
AcDbEntity
  8
PUB_WALL
100
AcDbHatch
 10
0.0
 20
0.0
 30
0.0
210
0.0
220
0.0
230
1.0
  2
SOLID
 70
     1
 71
     0
 91
        1
 92
        7
 72
     0
 73
     1
 93
        4
 10
1951380.544612707
 20
2798084.611244034
 10
1951380.544612707
 20
2798124.61124403
 10
1948720.544613037
 20
2798124.611243979
 10
1948680.544613037
 20
2798084.611243978
 97
        0
 75
     0
 76
     1
 47
0.0
 98
        1
 10
0.0
 20
0.0
450
        0
451
        0
460
0.0
461
0.0
452
        0
462
0.0
453
        0
470

  0
HATCH
  5
5BF
330
2EC
100
AcDbEntity
  8
PUB_WALL
100
AcDbHatch
 10
0.0
 20
0.0
 30
0.0
210
0.0
220
0.0
230
1.0
  2
SOLID
 70
     1
 71
     0
 91
        1
 92
        7
 72
     0
 73
     1
 93
        4
 10
1945780.544612707
 20
2798124.611244021
 10
1945780.544612707
 20
2798084.611244025
 10
1946880.544613037
 20
2798084.611243978
 10
1946840.544616242
 20
2798124.611243955
 97
        0
 75
     0
 76
     1
 47
0.0
 98
        1
 10
0.0
 20
0.0
450
        0
451
        0
460
0.0
461
0.0
452
        0
462
0.0
453
        0
470

  0
HATCH
  5
5C0
330
2EC
100
AcDbEntity
  8
PUB_WALL
100
AcDbHatch
 10
0.0
 20
0.0
 30
0.0
210
0.0
220
0.0
230
1.0
  2
SOLID
 70
     1
 71
     0
 91
        1
 92
        7
 72
     0
 73
     1
 93
        4
 10
1946880.544613037
 20
2798084.611243978
 10
1946880.544613037
 20
2798284.611244071
 10
1946840.544616242
 20
2798244.611243618
 10
1946840.544616242
 20
2798124.611243955
 97
        0
 75
     0
 76
     1
 47
0.0
 98
        1
 10
0.0
 20
0.0
450
        0
451
        0
460
0.0
461
0.0
452
        0
462
0.0
453
        0
470

  0
HATCH
  5
5C1
330
2EC
100
AcDbEntity
  8
PUB_WALL
100
AcDbHatch
 10
0.0
 20
0.0
 30
0.0
210
0.0
220
0.0
230
1.0
  2
SOLID
 70
     1
 71
     0
 91
        1
 92
        7
 72
     0
 73
     1
 93
        4
 10
1945780.544612707
 20
2798284.611244039
 10
1945780.544612707
 20
2798244.611243967
 10
1946840.544616242
 20
2798244.611243618
 10
1946880.544613037
 20
2798284.611244071
 97
        0
 75
     0
 76
     1
 47
0.0
 98
        1
 10
0.0
 20
0.0
450
        0
451
        0
460
0.0
461
0.0
452
        0
462
0.0
453
        0
470

  0
LINE
  5
5C2
330
2EC
100
AcDbEntity
  8
WALL
100
AcDbLine
 10
1951380.544614258
 20
2798284.611244028
 30
0.0
 11
1948680.544613037
 21
2798284.611244104
 31
0.0
  0
LINE
  5
5C3
330
2EC
100
AcDbEntity
  8
WALL
100
AcDbLine
 10
1948680.544613037
 20
2798284.611244104
 30
0.0
 11
1948680.544613037
 21
2798084.611243978
 31
0.0
  0
LINE
  5
5C4
330
2EC
100
AcDbEntity
  8
WALL
100
AcDbLine
 10
1948680.544613037
 20
2798084.611243978
 30
0.0
 11
1951380.544614258
 21
2798084.611244038
 31
0.0
  0
LINE
  5
5C5
330
2EC
100
AcDbEntity
  8
WALL
100
AcDbLine
 10
1945780.544611816
 20
2798084.61124401
 30
0.0
 11
1946880.544613037
 21
2798084.611243978
 31
0.0
  0
LINE
  5
5C6
330
2EC
100
AcDbEntity
  8
WALL
100
AcDbLine
 10
1946880.544613037
 20
2798084.611243978
 30
0.0
 11
1946880.544613037
 21
2798284.611244071
 31
0.0
  0
LINE
  5
5C7
330
2EC
100
AcDbEntity
  8
WALL
100
AcDbLine
 10
1946880.544613037
 20
2798284.611244071
 30
0.0
 11
1945780.544611816
 21
2798284.611243578
 31
0.0
  0
INSERT
  5
5C8
330
2EC
100
AcDbEntity
  8
WINDOW
100
AcDbBlockReference
  2
$WINLIB2D$00000001
 10
1947780.544612707
 20
2798184.611244034
 30
0.0
 41
1800.0
 42
-200.0
 43
200.0
 50
180.0
  0
HATCH
  5
5C9
330
2EC
100
AcDbEntity
  8
PUB_WALL
100
AcDbHatch
 10
0.0
 20
0.0
 30
0.0
210
0.0
220
0.0
230
1.0
  2
SOLID
 70
     1
 71
     0
 91
        1
 92
        7
 72
     0
 73
     1
 93
        4
 10
1939940.544612705
 20
2798484.611244033
 10
1939980.544612812
 20
2798484.611244033
 10
1939980.544612778
 20
2799184.611243897
 10
1939940.54461278
 20
2799144.611243897
 97
        0
 75
     0
 76
     1
 47
0.0
 98
        1
 10
0.0
 20
0.0
450
        0
451
        0
460
0.0
461
0.0
452
        0
462
0.0
453
        0
470

  0
HATCH
  5
5CA
330
2EC
100
AcDbEntity
  8
PUB_WALL
100
AcDbHatch
 10
0.0
 20
0.0
 30
0.0
210
0.0
220
0.0
230
1.0
  2
SOLID
 70
     1
 71
     0
 91
        1
 92
        7
 72
     0
 73
     1
 93
        4
 10
1939980.544612778
 20
2799184.611243897
 10
1939780.544612669
 20
2799184.611243897
 10
1939820.54461267
 20
2799144.611243897
 10
1939940.54461278
 20
2799144.611243897
 97
        0
 75
     0
 76
     1
 47
0.0
 98
        1
 10
0.0
 20
0.0
450
        0
451
        0
460
0.0
461
0.0
452
        0
462
0.0
453
        0
470

  0
HATCH
  5
5CB
330
2EC
100
AcDbEntity
  8
PUB_WALL
100
AcDbHatch
 10
0.0
 20
0.0
 30
0.0
210
0.0
220
0.0
230
1.0
  2
SOLID
 70
     1
 71
     0
 91
        1
 92
        7
 72
     0
 73
     1
 93
        4
 10
1939780.544612707
 20
2798484.611244033
 10
1939820.544612675
 20
2798484.611244033
 10
1939820.54461267
 20
2799144.611243897
 10
1939780.544612669
 20
2799184.611243897
 97
        0
 75
     0
 76
     1
 47
0.0
 98
        1
 10
0.0
 20
0.0
450
        0
451
        0
460
0.0
461
0.0
452
        0
462
0.0
453
        0
470

  0
HATCH
  5
5CC
330
2EC
100
AcDbEntity
  8
PUB_WALL
100
AcDbHatch
 10
0.0
 20
0.0
 30
0.0
210
0.0
220
0.0
230
1.0
  2
SOLID
 70
     1
 71
     0
 91
        1
 92
        7
 72
     0
 73
     1
 93
        4
 10
1939980.544612778
 20
2800684.611243897
 10
1939980.544612778
 20
2802484.611243897
 10
1939940.544612778
 20
2802444.611243897
 10
1939940.544612778
 20
2800724.611243897
 97
        0
 75
     0
 76
     1
 47
0.0
 98
        1
 10
0.0
 20
0.0
450
        0
451
        0
460
0.0
461
0.0
452
        0
462
0.0
453
        0
470

  0
HATCH
  5
5CD
330
2EC
100
AcDbEntity
  8
PUB_WALL
100
AcDbHatch
 10
0.0
 20
0.0
 30
0.0
210
0.0
220
0.0
230
1.0
  2
SOLID
 70
     1
 71
     0
 91
        1
 92
        7
 72
     0
 73
     1
 93
        4
 10
1939980.544612778
 20
2802484.611243897
 10
1939780.544612669
 20
2802484.611243897
 10
1939820.544612669
 20
2802444.611243897
 10
1939940.544612778
 20
2802444.611243897
 97
        0
 75
     0
 76
     1
 47
0.0
 98
        1
 10
0.0
 20
0.0
450
        0
451
        0
460
0.0
461
0.0
452
        0
462
0.0
453
        0
470

  0
HATCH
  5
5CE
330
2EC
100
AcDbEntity
  8
PUB_WALL
100
AcDbHatch
 10
0.0
 20
0.0
 30
0.0
210
0.0
220
0.0
230
1.0
  2
SOLID
 70
     1
 71
     0
 91
        1
 92
        7
 72
     0
 73
     1
 93
        4
 10
1939780.544612669
 20
2802484.611243897
 10
1939780.544612669
 20
2800684.611243895
 10
1939820.544612669
 20
2800724.611243897
 10
1939820.544612669
 20
2802444.611243897
 97
        0
 75
     0
 76
     1
 47
0.0
 98
        1
 10
0.0
 20
0.0
450
        0
451
        0
460
0.0
461
0.0
452
        0
462
0.0
453
        0
470

  0
HATCH
  5
5CF
330
2EC
100
AcDbEntity
  8
PUB_WALL
100
AcDbHatch
 10
0.0
 20
0.0
 30
0.0
210
0.0
220
0.0
230
1.0
  2
SOLID
 70
     1
 71
     0
 91
        1
 92
        7
 72
     0
 73
     1
 93
        4
 10
1939780.544612669
 20
2800684.611243895
 10
1939980.544612778
 20
2800684.611243897
 10
1939940.544612778
 20
2800724.611243897
 10
1939820.544612669
 20
2800724.611243897
 97
        0
 75
     0
 76
     1
 47
0.0
 98
        1
 10
0.0
 20
0.0
450
        0
451
        0
460
0.0
461
0.0
452
        0
462
0.0
453
        0
470

  0
HATCH
  5
5D0
330
2EC
100
AcDbEntity
  8
PUB_WALL
100
AcDbHatch
 10
0.0
 20
0.0
 30
0.0
210
0.0
220
0.0
230
1.0
  2
SOLID
 70
     1
 71
     0
 91
        1
 92
        7
 72
     0
 73
     1
 93
        4
 10
1939820.544612849
 20
2804684.611244034
 10
1939780.544612675
 20
2804684.611244034
 10
1939780.544612669
 20
2803984.611243897
 10
1939820.544613163
 20
2804024.61124412
 97
        0
 75
     0
 76
     1
 47
0.0
 98
        1
 10
0.0
 20
0.0
450
        0
451
        0
460
0.0
461
0.0
452
        0
462
0.0
453
        0
470

  0
HATCH
  5
5D1
330
2EC
100
AcDbEntity
  8
PUB_WALL
100
AcDbHatch
 10
0.0
 20
0.0
 30
0.0
210
0.0
220
0.0
230
1.0
  2
SOLID
 70
     1
 71
     0
 91
        1
 92
        7
 72
     0
 73
     1
 93
        4
 10
1939780.544612669
 20
2803984.611243897
 10
1939980.544612778
 20
2803984.611243897
 10
1939940.544611824
 20
2804024.61124412
 10
1939820.544613163
 20
2804024.61124412
 97
        0
 75
     0
 76
     1
 47
0.0
 98
        1
 10
0.0
 20
0.0
450
        0
451
        0
460
0.0
461
0.0
452
        0
462
0.0
453
        0
470

  0
HATCH
  5
5D2
330
2EC
100
AcDbEntity
  8
PUB_WALL
100
AcDbHatch
 10
0.0
 20
0.0
 30
0.0
210
0.0
220
0.0
230
1.0
  2
SOLID
 70
     1
 71
     0
 91
        1
 92
        7
 72
     0
 73
     1
 93
        4
 10
1939980.544612812
 20
2804684.611244034
 10
1939940.54461245
 20
2804684.611244034
 10
1939940.544611824
 20
2804024.61124412
 10
1939980.544612778
 20
2803984.611243897
 97
        0
 75
     0
 76
     1
 47
0.0
 98
        1
 10
0.0
 20
0.0
450
        0
451
        0
460
0.0
461
0.0
452
        0
462
0.0
453
        0
470

  0
LINE
  5
5D3
330
2EC
100
AcDbEntity
  8
WALL
100
AcDbLine
 10
1939980.544612624
 20
2798484.611242676
 30
0.0
 11
1939980.544612778
 21
2799184.611243897
 31
0.0
  0
LINE
  5
5D4
330
2EC
100
AcDbEntity
  8
WALL
100
AcDbLine
 10
1939980.544612778
 20
2799184.611243897
 30
0.0
 11
1939780.544612669
 21
2799184.611243897
 31
0.0
  0
LINE
  5
5D5
330
2EC
100
AcDbEntity
  8
WALL
100
AcDbLine
 10
1939780.544612669
 20
2799184.611243897
 30
0.0
 11
1939780.544613269
 21
2798484.611242676
 31
0.0
  0
LINE
  5
5D6
330
2EC
100
AcDbEntity
  8
WALL
100
AcDbLine
 10
1939780.544612291
 20
2804684.611242676
 30
0.0
 11
1939780.544612669
 21
2803984.611243897
 31
0.0
  0
LINE
  5
5D7
330
2EC
100
AcDbEntity
  8
WALL
100
AcDbLine
 10
1939780.544612669
 20
2803984.611243897
 30
0.0
 11
1939980.544612778
 21
2803984.611243897
 31
0.0
  0
LINE
  5
5D8
330
2EC
100
AcDbEntity
  8
WALL
100
AcDbLine
 10
1939980.544612778
 20
2803984.611243897
 30
0.0
 11
1939980.544612936
 21
2804684.611242676
 31
0.0
  0
LINE
  5
5D9
330
2EC
100
AcDbEntity
  8
WALL
100
AcDbLine
 10
1939980.544612778
 20
2800684.611243897
 30
0.0
 11
1939980.544612778
 21
2802484.611243897
 31
0.0
  0
LINE
  5
5DA
330
2EC
100
AcDbEntity
  8
WALL
100
AcDbLine
 10
1939980.544612778
 20
2802484.611243897
 30
0.0
 11
1939780.544612669
 21
2802484.611243897
 31
0.0
  0
LINE
  5
5DB
330
2EC
100
AcDbEntity
  8
WALL
100
AcDbLine
 10
1939780.544612669
 20
2802484.611243897
 30
0.0
 11
1939780.544612669
 21
2800684.611243895
 31
0.0
  0
LINE
  5
5DC
330
2EC
100
AcDbEntity
  8
WALL
100
AcDbLine
 10
1939780.544612669
 20
2800684.611243895
 30
0.0
 11
1939980.544612778
 21
2800684.611243897
 31
0.0
  0
INSERT
  5
5DD
330
2EC
100
AcDbEntity
  8
WINDOW
100
AcDbBlockReference
  2
$WINLIB2D$00000001
 10
1939880.544612707
 20
2799934.611244034
 30
0.0
 41
1500.0
 42
-200.0
 43
200.0
 50
90.0
  0
INSERT
  5
5DE
330
2EC
100
AcDbEntity
  8
WINDOW
100
AcDbBlockReference
  2
$WINLIB2D$00000001
 10
1939880.544612707
 20
2803234.611244034
 30
0.0
 41
-1500.0
 42
-200.0
 43
200.0
 50
90.0
  0
HATCH
  5
5DF
330
2EC
100
AcDbEntity
  8
PUB_WALL
100
AcDbHatch
 10
0.0
 20
0.0
 30
0.0
210
0.0
220
0.0
230
1.0
  2
SOLID
 70
     1
 71
     0
 91
        1
 92
        7
 72
     0
 73
     1
 93
        4
 10
1940180.544612707
 20
2804924.611243997
 10
1940180.544612707
 20
2804884.611243998
 10
1940280.544613037
 20
2804884.611243995
 10
1940240.544613036
 20
2804924.611243996
 97
        0
 75
     0
 76
     1
 47
0.0
 98
        1
 10
0.0
 20
0.0
450
        0
451
        0
460
0.0
461
0.0
452
        0
462
0.0
453
        0
470

  0
HATCH
  5
5E0
330
2EC
100
AcDbEntity
  8
PUB_WALL
100
AcDbHatch
 10
0.0
 20
0.0
 30
0.0
210
0.0
220
0.0
230
1.0
  2
SOLID
 70
     1
 71
     0
 91
        1
 92
        7
 72
     0
 73
     1
 93
        4
 10
1940280.544613037
 20
2804884.611243995
 10
1940280.544613037
 20
2805084.6112443
 10
1940240.544613036
 20
2805044.61124429
 10
1940240.544613036
 20
2804924.611243996
 97
        0
 75
     0
 76
     1
 47
0.0
 98
        1
 10
0.0
 20
0.0
450
        0
451
        0
460
0.0
461
0.0
452
        0
462
0.0
453
        0
470

  0
HATCH
  5
5E1
330
2EC
100
AcDbEntity
  8
PUB_WALL
100
AcDbHatch
 10
0.0
 20
0.0
 30
0.0
210
0.0
220
0.0
230
1.0
  2
SOLID
 70
     1
 71
     0
 91
        1
 92
        7
 72
     0
 73
     1
 93
        4
 10
1940180.544612707
 20
2805084.611244033
 10
1940180.544612707
 20
2805044.61124425
 10
1940240.544613036
 20
2805044.61124429
 10
1940280.544613037
 20
2805084.6112443
 97
        0
 75
     0
 76
     1
 47
0.0
 98
        1
 10
0.0
 20
0.0
450
        0
451
        0
460
0.0
461
0.0
452
        0
462
0.0
453
        0
470

  0
HATCH
  5
5E2
330
2EC
100
AcDbEntity
  8
PUB_WALL
100
AcDbHatch
 10
0.0
 20
0.0
 30
0.0
210
0.0
220
0.0
230
1.0
  2
SOLID
 70
     1
 71
     0
 91
        1
 92
        7
 72
     0
 73
     1
 93
        4
 10
1942080.544613036
 20
2804884.611244004
 10
1942580.544613037
 20
2804884.611244006
 10
1942540.544613037
 20
2804924.611244008
 10
1942120.544613037
 20
2804924.611244004
 97
        0
 75
     0
 76
     1
 47
0.0
 98
        1
 10
0.0
 20
0.0
450
        0
451
        0
460
0.0
461
0.0
452
        0
462
0.0
453
        0
470

  0
HATCH
  5
5E3
330
2EC
100
AcDbEntity
  8
PUB_WALL
100
AcDbHatch
 10
0.0
 20
0.0
 30
0.0
210
0.0
220
0.0
230
1.0
  2
SOLID
 70
     1
 71
     0
 91
        1
 92
        7
 72
     0
 73
     1
 93
        4
 10
1942580.544613037
 20
2804884.611244006
 10
1942580.544613037
 20
2805084.611244243
 10
1942540.544613037
 20
2805044.611244245
 10
1942540.544613037
 20
2804924.611244008
 97
        0
 75
     0
 76
     1
 47
0.0
 98
        1
 10
0.0
 20
0.0
450
        0
451
        0
460
0.0
461
0.0
452
        0
462
0.0
453
        0
470

  0
HATCH
  5
5E4
330
2EC
100
AcDbEntity
  8
PUB_WALL
100
AcDbHatch
 10
0.0
 20
0.0
 30
0.0
210
0.0
220
0.0
230
1.0
  2
SOLID
 70
     1
 71
     0
 91
        1
 92
        7
 72
     0
 73
     1
 93
        4
 10
1942580.544613037
 20
2805084.611244243
 10
1942080.544613036
 20
2805084.611244256
 10
1942120.544613037
 20
2805044.611244256
 10
1942540.544613037
 20
2805044.611244245
 97
        0
 75
     0
 76
     1
 47
0.0
 98
        1
 10
0.0
 20
0.0
450
        0
451
        0
460
0.0
461
0.0
452
        0
462
0.0
453
        0
470

  0
HATCH
  5
5E5
330
2EC
100
AcDbEntity
  8
PUB_WALL
100
AcDbHatch
 10
0.0
 20
0.0
 30
0.0
210
0.0
220
0.0
230
1.0
  2
SOLID
 70
     1
 71
     0
 91
        1
 92
        7
 72
     0
 73
     1
 93
        4
 10
1942080.544613036
 20
2805084.611244256
 10
1942080.544613036
 20
2804884.611244004
 10
1942120.544613037
 20
2804924.611244004
 10
1942120.544613037
 20
2805044.611244256
 97
        0
 75
     0
 76
     1
 47
0.0
 98
        1
 10
0.0
 20
0.0
450
        0
451
        0
460
0.0
461
0.0
452
        0
462
0.0
453
        0
470

  0
HATCH
  5
5E6
330
2EC
100
AcDbEntity
  8
PUB_WALL
100
AcDbHatch
 10
0.0
 20
0.0
 30
0.0
210
0.0
220
0.0
230
1.0
  2
SOLID
 70
     1
 71
     0
 91
        1
 92
        7
 72
     0
 73
     1
 93
        4
 10
1945380.544612707
 20
2805044.611244152
 10
1945380.544612707
 20
2805084.611244061
 10
1944380.544613037
 20
2805084.611244199
 10
1944420.544615319
 20
2805044.611244716
 97
        0
 75
     0
 76
     1
 47
0.0
 98
        1
 10
0.0
 20
0.0
450
        0
451
        0
460
0.0
461
0.0
452
        0
462
0.0
453
        0
470

  0
HATCH
  5
5E7
330
2EC
100
AcDbEntity
  8
PUB_WALL
100
AcDbHatch
 10
0.0
 20
0.0
 30
0.0
210
0.0
220
0.0
230
1.0
  2
SOLID
 70
     1
 71
     0
 91
        1
 92
        7
 72
     0
 73
     1
 93
        4
 10
1944380.544613037
 20
2805084.611244199
 10
1944380.544613037
 20
2804884.611244016
 10
1944420.544615319
 20
2804924.611244507
 10
1944420.544615319
 20
2805044.611244716
 97
        0
 75
     0
 76
     1
 47
0.0
 98
        1
 10
0.0
 20
0.0
450
        0
451
        0
460
0.0
461
0.0
452
        0
462
0.0
453
        0
470

  0
HATCH
  5
5E8
330
2EC
100
AcDbEntity
  8
PUB_WALL
100
AcDbHatch
 10
0.0
 20
0.0
 30
0.0
210
0.0
220
0.0
230
1.0
  2
SOLID
 70
     1
 71
     0
 91
        1
 92
        7
 72
     0
 73
     1
 93
        4
 10
1945380.544612707
 20
2804884.611244031
 10
1945380.544612707
 20
2804924.611244116
 10
1944420.544615319
 20
2804924.611244507
 10
1944380.544613037
 20
2804884.611244016
 97
        0
 75
     0
 76
     1
 47
0.0
 98
        1
 10
0.0
 20
0.0
450
        0
451
        0
460
0.0
461
0.0
452
        0
462
0.0
453
        0
470

  0
LINE
  5
5E9
330
2EC
100
AcDbEntity
  8
WALL
100
AcDbLine
 10
1940180.544614257
 20
2804884.611243215
 30
0.0
 11
1940280.544613037
 21
2804884.611243995
 31
0.0
  0
LINE
  5
5EA
330
2EC
100
AcDbEntity
  8
WALL
100
AcDbLine
 10
1940280.544613037
 20
2804884.611243995
 30
0.0
 11
1940280.544613037
 21
2805084.6112443
 31
0.0
  0
LINE
  5
5EB
330
2EC
100
AcDbEntity
  8
WALL
100
AcDbLine
 10
1940280.544613037
 20
2805084.6112443
 30
0.0
 11
1940180.544614258
 21
2805084.611243005
 31
0.0
  0
LINE
  5
5EC
330
2EC
100
AcDbEntity
  8
WALL
100
AcDbLine
 10
1945380.544614258
 20
2805084.611243781
 30
0.0
 11
1944380.544613037
 21
2805084.611244199
 31
0.0
  0
LINE
  5
5ED
330
2EC
100
AcDbEntity
  8
WALL
100
AcDbLine
 10
1944380.544613037
 20
2805084.611244199
 30
0.0
 11
1944380.544613037
 21
2804884.611244016
 31
0.0
  0
LINE
  5
5EE
330
2EC
100
AcDbEntity
  8
WALL
100
AcDbLine
 10
1944380.544613037
 20
2804884.611244016
 30
0.0
 11
1945380.544614258
 21
2804884.61124451
 31
0.0
  0
LINE
  5
5EF
330
2EC
100
AcDbEntity
  8
WALL
100
AcDbLine
 10
1942080.544613036
 20
2804884.611244004
 30
0.0
 11
1942580.544613037
 21
2804884.611244006
 31
0.0
  0
LINE
  5
5F0
330
2EC
100
AcDbEntity
  8
WALL
100
AcDbLine
 10
1942580.544613037
 20
2804884.611244006
 30
0.0
 11
1942580.544613037
 21
2805084.611244243
 31
0.0
  0
LINE
  5
5F1
330
2EC
100
AcDbEntity
  8
WALL
100
AcDbLine
 10
1942580.544613037
 20
2805084.611244243
 30
0.0
 11
1942080.544613036
 21
2805084.611244256
 31
0.0
  0
LINE
  5
5F2
330
2EC
100
AcDbEntity
  8
WALL
100
AcDbLine
 10
1942080.544613036
 20
2805084.611244256
 30
0.0
 11
1942080.544613036
 21
2804884.611244004
 31
0.0
  0
INSERT
  5
5F3
330
2EC
100
AcDbEntity
  8
WINDOW
100
AcDbBlockReference
  2
$WINLIB2D$00000001
 10
1943480.544612707
 20
2804984.611244034
 30
0.0
 41
-1800.0
 42
-200.0
 43
200.0
  0
INSERT
  5
5F4
330
2EC
100
AcDbEntity
  8
WINDOW
100
AcDbBlockReference
  2
$DorLib2D$00000002
 10
1941180.544612707
 20
2804984.611244034
 30
0.0
 41
-1800.0
 42
1800.0
 43
200.0
  0
INSERT
  5
5F5
330
2EC
100
AcDbEntity
  8
WINDOW
100
AcDbBlockReference
  2
$WINLIB2D$00000001
 10
1947630.544612707
 20
2804984.611244034
 30
0.0
 41
1800.0
 42
-200.0
 43
200.0
  0
HATCH
  5
5F6
330
2EC
100
AcDbEntity
  8
PUB_WALL
100
AcDbHatch
 10
0.0
 20
0.0
 30
0.0
210
0.0
220
0.0
230
1.0
  2
SOLID
 70
     1
 71
     0
 91
        1
 92
        7
 72
     0
 73
     1
 93
        4
 10
1945380.544612707
 20
2798244.611244036
 10
1945380.544612707
 20
2798284.611244035
 10
1943730.544613037
 20
2798284.611244053
 10
1943770.544613037
 20
2798244.611244053
 97
        0
 75
     0
 76
     1
 47
0.0
 98
        1
 10
0.0
 20
0.0
450
        0
451
        0
460
0.0
461
0.0
452
        0
462
0.0
453
        0
470

  0
HATCH
  5
5F7
330
2EC
100
AcDbEntity
  8
PUB_WALL
100
AcDbHatch
 10
0.0
 20
0.0
 30
0.0
210
0.0
220
0.0
230
1.0
  2
SOLID
 70
     1
 71
     0
 91
        1
 92
        7
 72
     0
 73
     1
 93
        4
 10
1943730.544613037
 20
2798284.611244053
 10
1943730.544613037
 20
2798084.611243926
 10
1943770.544613037
 20
2798124.611243929
 10
1943770.544613037
 20
2798244.611244053
 97
        0
 75
     0
 76
     1
 47
0.0
 98
        1
 10
0.0
 20
0.0
450
        0
451
        0
460
0.0
461
0.0
452
        0
462
0.0
453
        0
470

  0
HATCH
  5
5F8
330
2EC
100
AcDbEntity
  8
PUB_WALL
100
AcDbHatch
 10
0.0
 20
0.0
 30
0.0
210
0.0
220
0.0
230
1.0
  2
SOLID
 70
     1
 71
     0
 91
        1
 92
        7
 72
     0
 73
     1
 93
        4
 10
1945380.544612707
 20
2798084.611244034
 10
1945380.544612707
 20
2798124.611244022
 10
1943770.544613037
 20
2798124.611243929
 10
1943730.544613037
 20
2798084.611243926
 97
        0
 75
     0
 76
     1
 47
0.0
 98
        1
 10
0.0
 20
0.0
450
        0
451
        0
460
0.0
461
0.0
452
        0
462
0.0
453
        0
470

  0
HATCH
  5
5F9
330
2EC
100
AcDbEntity
  8
PUB_WALL
100
AcDbHatch
 10
0.0
 20
0.0
 30
0.0
210
0.0
220
0.0
230
1.0
  2
SOLID
 70
     1
 71
     0
 91
        1
 92
        7
 72
     0
 73
     1
 93
        4
 10
1940180.544612707
 20
2798124.611243946
 10
1940180.544612707
 20
2798084.611243988
 10
1941930.544613036
 20
2798084.611243917
 10
1941890.544614205
 20
2798124.61124367
 97
        0
 75
     0
 76
     1
 47
0.0
 98
        1
 10
0.0
 20
0.0
450
        0
451
        0
460
0.0
461
0.0
452
        0
462
0.0
453
        0
470

  0
HATCH
  5
5FA
330
2EC
100
AcDbEntity
  8
PUB_WALL
100
AcDbHatch
 10
0.0
 20
0.0
 30
0.0
210
0.0
220
0.0
230
1.0
  2
SOLID
 70
     1
 71
     0
 91
        1
 92
        7
 72
     0
 73
     1
 93
        4
 10
1941930.544613036
 20
2798084.611243917
 10
1941930.544613036
 20
2798284.611244043
 10
1941890.544614205
 20
2798244.611243989
 10
1941890.544614205
 20
2798124.61124367
 97
        0
 75
     0
 76
     1
 47
0.0
 98
        1
 10
0.0
 20
0.0
450
        0
451
        0
460
0.0
461
0.0
452
        0
462
0.0
453
        0
470

  0
HATCH
  5
5FB
330
2EC
100
AcDbEntity
  8
PUB_WALL
100
AcDbHatch
 10
0.0
 20
0.0
 30
0.0
210
0.0
220
0.0
230
1.0
  2
SOLID
 70
     1
 71
     0
 91
        1
 92
        7
 72
     0
 73
     1
 93
        4
 10
1940180.544612707
 20
2798284.611244008
 10
1940180.544612707
 20
2798244.611244002
 10
1941890.544614205
 20
2798244.611243989
 10
1941930.544613036
 20
2798284.611244043
 97
        0
 75
     0
 76
     1
 47
0.0
 98
        1
 10
0.0
 20
0.0
450
        0
451
        0
460
0.0
461
0.0
452
        0
462
0.0
453
        0
470

  0
LINE
  5
5FC
330
2EC
100
AcDbEntity
  8
WALL
100
AcDbLine
 10
1945380.544611816
 20
2798284.61124402
 30
0.0
 11
1943730.544613037
 21
2798284.611244053
 31
0.0
  0
LINE
  5
5FD
330
2EC
100
AcDbEntity
  8
WALL
100
AcDbLine
 10
1943730.544613037
 20
2798284.611244053
 30
0.0
 11
1943730.544613037
 21
2798084.611243926
 31
0.0
  0
LINE
  5
5FE
330
2EC
100
AcDbEntity
  8
WALL
100
AcDbLine
 10
1943730.544613037
 20
2798084.611243926
 30
0.0
 11
1945380.544611816
 21
2798084.611243661
 31
0.0
  0
LINE
  5
5FF
330
2EC
100
AcDbEntity
  8
WALL
100
AcDbLine
 10
1940180.544611816
 20
2798084.611243746
 30
0.0
 11
1941930.544613036
 21
2798084.611243917
 31
0.0
  0
LINE
  5
600
330
2EC
100
AcDbEntity
  8
WALL
100
AcDbLine
 10
1941930.544613036
 20
2798084.611243917
 30
0.0
 11
1941930.544613036
 21
2798284.611244043
 31
0.0
  0
LINE
  5
601
330
2EC
100
AcDbEntity
  8
WALL
100
AcDbLine
 10
1941930.544613036
 20
2798284.611244043
 30
0.0
 11
1940180.544611816
 21
2798284.61124395
 31
0.0
  0
INSERT
  5
602
330
2EC
100
AcDbEntity
  8
WINDOW
100
AcDbBlockReference
  2
$WINLIB2D$00000001
 10
1942830.544612707
 20
2798184.611244034
 30
0.0
 41
1800.0
 42
-200.0
 43
200.0
 50
180.0
  0
HATCH
  5
603
330
2EC
100
AcDbEntity
  8
PUB_WALL
100
AcDbHatch
 10
0.0
 20
0.0
 30
0.0
210
0.0
220
0.0
230
1.0
  2
SOLID
 70
     1
 71
     0
 91
        1
 92
        7
 72
     0
 73
     1
 93
        4
 10
1945780.544612707
 20
2804924.611244012
 10
1945780.544612707
 20
2804884.611244012
 10
1946730.544613036
 20
2804884.611243908
 10
1946690.544613037
 20
2804924.611243913
 97
        0
 75
     0
 76
     1
 47
0.0
 98
        1
 10
0.0
 20
0.0
450
        0
451
        0
460
0.0
461
0.0
452
        0
462
0.0
453
        0
470

  0
HATCH
  5
604
330
2EC
100
AcDbEntity
  8
PUB_WALL
100
AcDbHatch
 10
0.0
 20
0.0
 30
0.0
210
0.0
220
0.0
230
1.0
  2
SOLID
 70
     1
 71
     0
 91
        1
 92
        7
 72
     0
 73
     1
 93
        4
 10
1946730.544613036
 20
2804884.611243908
 10
1946730.544613036
 20
2805084.611243978
 10
1946690.544613037
 20
2805044.61124398
 10
1946690.544613037
 20
2804924.611243913
 97
        0
 75
     0
 76
     1
 47
0.0
 98
        1
 10
0.0
 20
0.0
450
        0
451
        0
460
0.0
461
0.0
452
        0
462
0.0
453
        0
470

  0
HATCH
  5
605
330
2EC
100
AcDbEntity
  8
PUB_WALL
100
AcDbHatch
 10
0.0
 20
0.0
 30
0.0
210
0.0
220
0.0
230
1.0
  2
SOLID
 70
     1
 71
     0
 91
        1
 92
        7
 72
     0
 73
     1
 93
        4
 10
1945780.544612707
 20
2805084.611244025
 10
1945780.544612707
 20
2805044.611244024
 10
1946690.544613037
 20
2805044.61124398
 10
1946730.544613036
 20
2805084.611243978
 97
        0
 75
     0
 76
     1
 47
0.0
 98
        1
 10
0.0
 20
0.0
450
        0
451
        0
460
0.0
461
0.0
452
        0
462
0.0
453
        0
470

  0
HATCH
  5
606
330
2EC
100
AcDbEntity
  8
PUB_WALL
100
AcDbHatch
 10
0.0
 20
0.0
 30
0.0
210
0.0
220
0.0
230
1.0
  2
SOLID
 70
     1
 71
     0
 91
        1
 92
        7
 72
     0
 73
     1
 93
        4
 10
1951380.544612707
 20
2805044.611244036
 10
1951380.544612707
 20
2805084.61124403
 10
1948530.544613037
 20
2805084.611243978
 10
1948570.544615473
 20
2805044.611244071
 97
        0
 75
     0
 76
     1
 47
0.0
 98
        1
 10
0.0
 20
0.0
450
        0
451
        0
460
0.0
461
0.0
452
        0
462
0.0
453
        0
470

  0
HATCH
  5
607
330
2EC
100
AcDbEntity
  8
PUB_WALL
100
AcDbHatch
 10
0.0
 20
0.0
 30
0.0
210
0.0
220
0.0
230
1.0
  2
SOLID
 70
     1
 71
     0
 91
        1
 92
        7
 72
     0
 73
     1
 93
        4
 10
1948530.544613037
 20
2805084.611243978
 10
1948530.544613037
 20
2804884.61124389
 10
1948570.544615473
 20
2804924.61124416
 10
1948570.544615473
 20
2805044.611244071
 97
        0
 75
     0
 76
     1
 47
0.0
 98
        1
 10
0.0
 20
0.0
450
        0
451
        0
460
0.0
461
0.0
452
        0
462
0.0
453
        0
470

  0
HATCH
  5
608
330
2EC
100
AcDbEntity
  8
PUB_WALL
100
AcDbHatch
 10
0.0
 20
0.0
 30
0.0
210
0.0
220
0.0
230
1.0
  2
SOLID
 70
     1
 71
     0
 91
        1
 92
        7
 72
     0
 73
     1
 93
        4
 10
1951380.544612707
 20
2804884.611243975
 10
1951380.544612707
 20
2804924.611244142
 10
1948570.544615473
 20
2804924.61124416
 10
1948530.544613037
 20
2804884.61124389
 97
        0
 75
     0
 76
     1
 47
0.0
 98
        1
 10
0.0
 20
0.0
450
        0
451
        0
460
0.0
461
0.0
452
        0
462
0.0
453
        0
470

  0
LINE
  5
609
330
2EC
100
AcDbEntity
  8
WALL
100
AcDbLine
 10
1945780.544611816
 20
2804884.611243741
 30
0.0
 11
1946730.544613036
 21
2804884.611243908
 31
0.0
  0
LINE
  5
60A
330
2EC
100
AcDbEntity
  8
WALL
100
AcDbLine
 10
1946730.544613036
 20
2804884.611243908
 30
0.0
 11
1946730.544613036
 21
2805084.611243978
 31
0.0
  0
LINE
  5
60B
330
2EC
100
AcDbEntity
  8
WALL
100
AcDbLine
 10
1946730.544613036
 20
2805084.611243978
 30
0.0
 11
1945780.544611816
 21
2805084.611244619
 31
0.0
  0
LINE
  5
60C
330
2EC
100
AcDbEntity
  8
WALL
100
AcDbLine
 10
1951380.544611815
 20
2805084.611243807
 30
0.0
 11
1948530.544613037
 21
2805084.611243978
 31
0.0
  0
LINE
  5
60D
330
2EC
100
AcDbEntity
  8
WALL
100
AcDbLine
 10
1948530.544613037
 20
2805084.611243978
 30
0.0
 11
1948530.544613037
 21
2804884.61124389
 31
0.0
  0
LINE
  5
60E
330
2EC
100
AcDbEntity
  8
WALL
100
AcDbLine
 10
1948530.544613037
 20
2804884.61124389
 30
0.0
 11
1951380.544611815
 21
2804884.611244212
 31
0.0
  0
LINE
  5
60F
330
2EC
100
AcDbEntity
  8
STAIR
100
AcDbLine
 10
1959280.544612708
 20
2798284.611244031
 30
0.0
 11
1959280.544612712
 21
2800084.611244031
 31
0.0
  0
LINE
  5
610
330
2EC
100
AcDbEntity
  8
STAIR
100
AcDbLine
 10
1959280.544612708
 20
2798284.611244031
 30
0.0
 11
1957680.544612708
 21
2798284.611244034
 31
0.0
  0
LINE
  5
611
330
2EC
100
AcDbEntity
  8
STAIR
100
AcDbLine
 10
1959280.544612712
 20
2800084.611244031
 30
0.0
 11
1957680.544612712
 21
2800084.611244034
 31
0.0
  0
LINE
  5
612
330
2EC
100
AcDbEntity
  8
STAIR
100
AcDbLine
 10
1957680.544612708
 20
2798284.611244034
 30
0.0
 11
1957680.544612712
 21
2800084.611244034
 31
0.0
  0
LINE
  5
613
330
2EC
100
AcDbEntity
  8
STAIR
100
AcDbLine
 10
1957680.544612709
 20
2798584.611244034
 30
0.0
 11
1959280.544612708
 21
2798284.611244031
 31
0.0
  0
LINE
  5
614
330
2EC
100
AcDbEntity
  8
STAIR
100
AcDbLine
 10
1957680.544612711
 20
2799784.611244034
 30
0.0
 11
1959280.544612712
 21
2800084.611244031
 31
0.0
  0
LINE
  5
615
330
2EC
100
AcDbEntity
  8
STAIR
100
AcDbLine
 10
1957780.544612273
 20
2798565.861243801
 30
0.0
 11
1957780.544612275
 21
2799803.361244479
 31
0.0
  0
LINE
  5
616
330
2EC
100
AcDbEntity
  8
STAIR
100
AcDbLine
 10
1957880.544612815
 20
2798547.111243699
 30
0.0
 11
1957880.544612817
 21
2799822.111244581
 31
0.0
  0
LINE
  5
617
330
2EC
100
AcDbEntity
  8
STAIR
100
AcDbLine
 10
1957980.544612815
 20
2798528.361243699
 30
0.0
 11
1957980.544612818
 21
2799840.861244581
 31
0.0
  0
LINE
  5
618
330
2EC
100
AcDbEntity
  8
STAIR
100
AcDbLine
 10
1958080.544612815
 20
2798509.611243698
 30
0.0
 11
1958080.544612818
 21
2799859.61124458
 31
0.0
  0
LINE
  5
619
330
2EC
100
AcDbEntity
  8
STAIR
100
AcDbLine
 10
1958180.544612815
 20
2798490.861243698
 30
0.0
 11
1958180.544612817
 21
2799878.361244581
 31
0.0
  0
LINE
  5
61A
330
2EC
100
AcDbEntity
  8
STAIR
100
AcDbLine
 10
1958280.544612272
 20
2798472.1112438
 30
0.0
 11
1958280.544612275
 21
2799897.111244479
 31
0.0
  0
LINE
  5
61B
330
2EC
100
AcDbEntity
  8
STAIR
100
AcDbLine
 10
1958380.544612815
 20
2798453.361243698
 30
0.0
 11
1958380.544612818
 21
2799915.86124458
 31
0.0
  0
LINE
  5
61C
330
2EC
100
AcDbEntity
  8
STAIR
100
AcDbLine
 10
1958480.544612815
 20
2798434.611243699
 30
0.0
 11
1958480.544612817
 21
2799934.61124458
 31
0.0
  0
LINE
  5
61D
330
2EC
100
AcDbEntity
  8
STAIR
100
AcDbLine
 10
1958580.544612815
 20
2798415.861243698
 30
0.0
 11
1958580.544612818
 21
2799953.36124458
 31
0.0
  0
LINE
  5
61E
330
2EC
100
AcDbEntity
  8
STAIR
100
AcDbLine
 10
1958680.544612815
 20
2798397.111243697
 30
0.0
 11
1958680.544612818
 21
2799972.111244579
 31
0.0
  0
LINE
  5
61F
330
2EC
100
AcDbEntity
  8
STAIR
100
AcDbLine
 10
1958780.544612815
 20
2798378.361243698
 30
0.0
 11
1958780.544612818
 21
2799990.86124458
 31
0.0
  0
LINE
  5
620
330
2EC
100
AcDbEntity
  8
STAIR
100
AcDbLine
 10
1958880.544612815
 20
2798359.611243697
 30
0.0
 11
1958880.544612816
 21
2800009.611244579
 31
0.0
  0
LINE
  5
621
330
2EC
100
AcDbEntity
  8
STAIR
100
AcDbLine
 10
1958980.544612272
 20
2798340.861243799
 30
0.0
 11
1958980.544612275
 21
2800028.361244478
 31
0.0
  0
LINE
  5
622
330
2EC
100
AcDbEntity
  8
STAIR
100
AcDbLine
 10
1959080.544612815
 20
2798322.111243697
 30
0.0
 11
1959080.544612818
 21
2800047.111244579
 31
0.0
  0
LINE
  5
623
330
2EC
100
AcDbEntity
  8
STAIR
100
AcDbLine
 10
1959180.544612815
 20
2798303.361243696
 30
0.0
 11
1959180.544612818
 21
2800065.861244578
 31
0.0
  0
LINE
  5
624
330
2EC
100
AcDbEntity
  8
STAIR
100
AcDbLine
 10
1957480.544612707
 20
2806684.611244034
 30
0.0
 11
1955080.544612707
 21
2806684.611244034
 31
0.0
  0
LINE
  5
625
330
2EC
100
AcDbEntity
  8
STAIR
100
AcDbLine
 10
1957480.544612707
 20
2806684.611244034
 30
0.0
 11
1957480.544612707
 21
2805084.611244033
 31
0.0
  0
LINE
  5
626
330
2EC
100
AcDbEntity
  8
STAIR
100
AcDbLine
 10
1955080.544612707
 20
2806684.611244034
 30
0.0
 11
1955080.544612707
 21
2805084.611244033
 31
0.0
  0
LINE
  5
627
330
2EC
100
AcDbEntity
  8
STAIR
100
AcDbLine
 10
1957280.544611816
 20
2805084.611243897
 30
0.0
 11
1955080.544612707
 21
2805084.611244033
 31
0.0
  0
LINE
  5
628
330
2EC
100
AcDbEntity
  8
STAIR
100
AcDbLine
 10
1957180.544612707
 20
2805084.611244033
 30
0.0
 11
1957480.544612707
 21
2806684.611244034
 31
0.0
  0
LINE
  5
629
330
2EC
100
AcDbEntity
  8
STAIR
100
AcDbLine
 10
1955380.544612707
 20
2805084.611244033
 30
0.0
 11
1955080.544612707
 21
2806684.611244034
 31
0.0
  0
LINE
  5
62A
330
2EC
100
AcDbEntity
  8
STAIR
100
AcDbLine
 10
1957199.294612503
 20
2805184.611243896
 30
0.0
 11
1955361.79461235
 21
2805184.611243896
 31
0.0
  0
LINE
  5
62B
330
2EC
100
AcDbEntity
  8
STAIR
100
AcDbLine
 10
1957218.044612579
 20
2805284.611244303
 30
0.0
 11
1955343.044612274
 21
2805284.611244303
 31
0.0
  0
LINE
  5
62C
330
2EC
100
AcDbEntity
  8
STAIR
100
AcDbLine
 10
1957236.794612503
 20
2805384.611243897
 30
0.0
 11
1955324.29461235
 21
2805384.611243897
 31
0.0
  0
LINE
  5
62D
330
2EC
100
AcDbEntity
  8
STAIR
100
AcDbLine
 10
1957255.544612503
 20
2805484.611243897
 30
0.0
 11
1955305.54461235
 21
2805484.611243897
 31
0.0
  0
LINE
  5
62E
330
2EC
100
AcDbEntity
  8
STAIR
100
AcDbLine
 10
1957274.294612579
 20
2805584.611244303
 30
0.0
 11
1955286.794612274
 21
2805584.611244303
 31
0.0
  0
LINE
  5
62F
330
2EC
100
AcDbEntity
  8
STAIR
100
AcDbLine
 10
1957293.044612503
 20
2805684.611243897
 30
0.0
 11
1955268.044612351
 21
2805684.611243897
 31
0.0
  0
LINE
  5
630
330
2EC
100
AcDbEntity
  8
STAIR
100
AcDbLine
 10
1957311.794612503
 20
2805784.611243897
 30
0.0
 11
1955249.29461235
 21
2805784.611243897
 31
0.0
  0
LINE
  5
631
330
2EC
100
AcDbEntity
  8
STAIR
100
AcDbLine
 10
1957330.544612579
 20
2805884.611244303
 30
0.0
 11
1955230.544612274
 21
2805884.611244303
 31
0.0
  0
LINE
  5
632
330
2EC
100
AcDbEntity
  8
STAIR
100
AcDbLine
 10
1957349.294612503
 20
2805984.611243897
 30
0.0
 11
1955211.79461235
 21
2805984.611243897
 31
0.0
  0
LINE
  5
633
330
2EC
100
AcDbEntity
  8
STAIR
100
AcDbLine
 10
1957368.044612503
 20
2806084.611243897
 30
0.0
 11
1955193.04461235
 21
2806084.611243897
 31
0.0
  0
LINE
  5
634
330
2EC
100
AcDbEntity
  8
STAIR
100
AcDbLine
 10
1957386.794612579
 20
2806184.611244303
 30
0.0
 11
1955174.294612274
 21
2806184.611244303
 31
0.0
  0
LINE
  5
635
330
2EC
100
AcDbEntity
  8
STAIR
100
AcDbLine
 10
1957405.544612503
 20
2806284.611243897
 30
0.0
 11
1955155.54461235
 21
2806284.611243897
 31
0.0
  0
LINE
  5
636
330
2EC
100
AcDbEntity
  8
STAIR
100
AcDbLine
 10
1957424.294612503
 20
2806384.611243897
 30
0.0
 11
1955136.79461235
 21
2806384.611243897
 31
0.0
  0
LINE
  5
637
330
2EC
100
AcDbEntity
  8
STAIR
100
AcDbLine
 10
1957443.044612579
 20
2806484.611244304
 30
0.0
 11
1955118.044612274
 21
2806484.611244304
 31
0.0
  0
LINE
  5
638
330
2EC
100
AcDbEntity
  8
STAIR
100
AcDbLine
 10
1957461.794612503
 20
2806584.611243897
 30
0.0
 11
1955099.29461235
 21
2806584.611243897
 31
0.0
  0
LINE
  5
639
330
2EC
100
AcDbEntity
  8
STAIR
100
AcDbLine
 10
1942380.544612707
 20
2806684.611244034
 30
0.0
 11
1939980.544612707
 21
2806684.611244034
 31
0.0
  0
LINE
  5
63A
330
2EC
100
AcDbEntity
  8
STAIR
100
AcDbLine
 10
1942380.544612707
 20
2806684.611244034
 30
0.0
 11
1942380.544612707
 21
2805084.611244033
 31
0.0
  0
LINE
  5
63B
330
2EC
100
AcDbEntity
  8
STAIR
100
AcDbLine
 10
1939980.544612707
 20
2806684.611244034
 30
0.0
 11
1939980.544612707
 21
2805084.611244033
 31
0.0
  0
LINE
  5
63C
330
2EC
100
AcDbEntity
  8
STAIR
100
AcDbLine
 10
1942380.544612707
 20
2805084.611244033
 30
0.0
 11
1940180.544614257
 21
2805084.611243897
 31
0.0
  0
LINE
  5
63D
330
2EC
100
AcDbEntity
  8
STAIR
100
AcDbLine
 10
1942080.544612707
 20
2805084.611244033
 30
0.0
 11
1942380.544612707
 21
2806684.611244034
 31
0.0
  0
LINE
  5
63E
330
2EC
100
AcDbEntity
  8
STAIR
100
AcDbLine
 10
1940280.544612707
 20
2805084.611244033
 30
0.0
 11
1939980.544612707
 21
2806684.611244034
 31
0.0
  0
LINE
  5
63F
330
2EC
100
AcDbEntity
  8
STAIR
100
AcDbLine
 10
1942099.294612579
 20
2805184.611244303
 30
0.0
 11
1940261.794612274
 21
2805184.611244303
 31
0.0
  0
LINE
  5
640
330
2EC
100
AcDbEntity
  8
STAIR
100
AcDbLine
 10
1942118.044612503
 20
2805284.611243897
 30
0.0
 11
1940243.04461235
 21
2805284.611243897
 31
0.0
  0
LINE
  5
641
330
2EC
100
AcDbEntity
  8
STAIR
100
AcDbLine
 10
1942136.794612503
 20
2805384.611243897
 30
0.0
 11
1940224.29461235
 21
2805384.611243897
 31
0.0
  0
LINE
  5
642
330
2EC
100
AcDbEntity
  8
STAIR
100
AcDbLine
 10
1942155.544612579
 20
2805484.611244303
 30
0.0
 11
1940205.544612274
 21
2805484.611244303
 31
0.0
  0
LINE
  5
643
330
2EC
100
AcDbEntity
  8
STAIR
100
AcDbLine
 10
1942174.294612503
 20
2805584.611243897
 30
0.0
 11
1940186.79461235
 21
2805584.611243897
 31
0.0
  0
LINE
  5
644
330
2EC
100
AcDbEntity
  8
STAIR
100
AcDbLine
 10
1942193.044612503
 20
2805684.611243897
 30
0.0
 11
1940168.04461235
 21
2805684.611243897
 31
0.0
  0
LINE
  5
645
330
2EC
100
AcDbEntity
  8
STAIR
100
AcDbLine
 10
1942211.794612579
 20
2805784.611244303
 30
0.0
 11
1940149.294612274
 21
2805784.611244303
 31
0.0
  0
LINE
  5
646
330
2EC
100
AcDbEntity
  8
STAIR
100
AcDbLine
 10
1942230.544612503
 20
2805884.611243897
 30
0.0
 11
1940130.54461235
 21
2805884.611243897
 31
0.0
  0
LINE
  5
647
330
2EC
100
AcDbEntity
  8
STAIR
100
AcDbLine
 10
1942249.294612503
 20
2805984.611243897
 30
0.0
 11
1940111.79461235
 21
2805984.611243897
 31
0.0
  0
LINE
  5
648
330
2EC
100
AcDbEntity
  8
STAIR
100
AcDbLine
 10
1942268.044612579
 20
2806084.611244303
 30
0.0
 11
1940093.044612274
 21
2806084.611244303
 31
0.0
  0
LINE
  5
649
330
2EC
100
AcDbEntity
  8
STAIR
100
AcDbLine
 10
1942286.794612503
 20
2806184.611243897
 30
0.0
 11
1940074.29461235
 21
2806184.611243897
 31
0.0
  0
LINE
  5
64A
330
2EC
100
AcDbEntity
  8
STAIR
100
AcDbLine
 10
1942305.544612503
 20
2806284.611243897
 30
0.0
 11
1940055.54461235
 21
2806284.611243897
 31
0.0
  0
LINE
  5
64B
330
2EC
100
AcDbEntity
  8
STAIR
100
AcDbLine
 10
1942324.294612579
 20
2806384.611244303
 30
0.0
 11
1940036.794612274
 21
2806384.611244303
 31
0.0
  0
LINE
  5
64C
330
2EC
100
AcDbEntity
  8
STAIR
100
AcDbLine
 10
1942343.044612503
 20
2806484.611243897
 30
0.0
 11
1940018.04461235
 21
2806484.611243897
 31
0.0
  0
LINE
  5
64D
330
2EC
100
AcDbEntity
  8
STAIR
100
AcDbLine
 10
1942361.794612503
 20
2806584.611243897
 30
0.0
 11
1939999.29461235
 21
2806584.611243897
 31
0.0
  0
TEXT
  5
64E
330
2EC
100
AcDbEntity
  8
YHJ_引出、索引
 62
     7
100
AcDbText
 10
1950826.289293558
 20
2800629.611244034
 30
0.0
 40
337.5886524822695
  1
上
  7
_TCH_DIM
100
AcDbText
  0
LWPOLYLINE
  5
64F
330
2EC
100
AcDbEntity
  8
YHJ_引出、索引
100
AcDbPolyline
 90
        3
 70
     0
 10
1950930.544612707
 20
2801084.611244034
 40
0.0
 41
0.0
 10
1950930.544612707
 20
2803184.611244034
 40
0.0
 41
80.00000000000001
 10
1950930.544612707
 20
2802884.611244033
 40
0.0
 41
0.0
  0
TEXT
  5
650
330
2EC
100
AcDbEntity
  8
YHJ_引出、索引
 62
     7
100
AcDbText
 10
1949735.597804196
 20
2800668.637616516
 30
0.0
 40
337.5886524822695
  1
下
  7
_TCH_DIM
100
AcDbText
  0
LWPOLYLINE
  5
651
330
2EC
100
AcDbEntity
  8
YHJ_引出、索引
100
AcDbPolyline
 90
        3
 70
     0
 10
1949830.544612707
 20
2801123.637616516
 40
0.0
 41
0.0
 10
1949830.544612707
 20
2802584.641244034
 40
0.0
 41
80.00000000000001
 10
1949830.544612707
 20
2802284.641244034
 40
0.0
 41
0.0
  0
LINE
  5
652
330
2EC
100
AcDbEntity
  8
STAIR
100
AcDbLine
 10
1948270.524612706
 20
2799484.611244034
 30
0.0
 11
1948730.544612707
 21
2799484.611244034
 31
0.0
  0
LINE
  5
653
330
2EC
100
AcDbEntity
  8
STAIR
100
AcDbLine
 10
1948270.524612706
 20
2798884.611244034
 30
0.0
 11
1948730.544612707
 21
2798884.611244034
 31
0.0
  0
LINE
  5
654
330
2EC
100
AcDbEntity
  8
STAIR
100
AcDbLine
 10
1948270.524612706
 20
2799484.611244034
 30
0.0
 11
1948270.524612706
 21
2798884.611244034
 31
0.0
  0
LINE
  5
655
330
2EC
100
AcDbEntity
  8
STAIR
100
AcDbLine
 10
1948347.194612707
 20
2799484.611244034
 30
0.0
 11
1948347.194612707
 21
2798884.611244034
 31
0.0
  0
LINE
  5
656
330
2EC
100
AcDbEntity
  8
STAIR
100
AcDbLine
 10
1948423.864612707
 20
2799484.611244034
 30
0.0
 11
1948423.864612707
 21
2798884.611244034
 31
0.0
  0
LINE
  5
657
330
2EC
100
AcDbEntity
  8
STAIR
100
AcDbLine
 10
1948500.534612707
 20
2799484.611244034
 30
0.0
 11
1948500.534612707
 21
2798884.611244034
 31
0.0
  0
LINE
  5
658
330
2EC
100
AcDbEntity
  8
STAIR
100
AcDbLine
 10
1948577.204612707
 20
2799484.611244034
 30
0.0
 11
1948577.204612707
 21
2798884.611244034
 31
0.0
  0
LINE
  5
659
330
2EC
100
AcDbEntity
  8
STAIR
100
AcDbLine
 10
1948653.874612707
 20
2799484.611244034
 30
0.0
 11
1948653.874612707
 21
2798884.611244034
 31
0.0
  0
LINE
  5
65A
330
2EC
100
AcDbEntity
  8
STAIR
100
AcDbLine
 10
1948730.544612707
 20
2799484.611244034
 30
0.0
 11
1948730.544612707
 21
2798884.611244034
 31
0.0
  0
LINE
  5
65B
330
2EC
100
AcDbEntity
  8
STAIR
100
AcDbLine
 10
1946770.524612707
 20
2799484.611244034
 30
0.0
 11
1946770.524612707
 21
2799944.631244033
 31
0.0
  0
LINE
  5
65C
330
2EC
100
AcDbEntity
  8
STAIR
100
AcDbLine
 10
1947370.524612707
 20
2799484.611244034
 30
0.0
 11
1947370.524612707
 21
2799944.631244033
 31
0.0
  0
LINE
  5
65D
330
2EC
100
AcDbEntity
  8
STAIR
100
AcDbLine
 10
1946770.524612707
 20
2799484.611244034
 30
0.0
 11
1947370.524612707
 21
2799484.611244034
 31
0.0
  0
LINE
  5
65E
330
2EC
100
AcDbEntity
  8
STAIR
100
AcDbLine
 10
1946770.524612707
 20
2799561.281244034
 30
0.0
 11
1947370.524612707
 21
2799561.281244034
 31
0.0
  0
LINE
  5
65F
330
2EC
100
AcDbEntity
  8
STAIR
100
AcDbLine
 10
1946770.524612707
 20
2799637.951244033
 30
0.0
 11
1947370.524612707
 21
2799637.951244033
 31
0.0
  0
LINE
  5
660
330
2EC
100
AcDbEntity
  8
STAIR
100
AcDbLine
 10
1946770.524612707
 20
2799714.621244036
 30
0.0
 11
1947370.524612707
 21
2799714.621244036
 31
0.0
  0
LINE
  5
661
330
2EC
100
AcDbEntity
  8
STAIR
100
AcDbLine
 10
1946770.524612707
 20
2799791.291244034
 30
0.0
 11
1947370.524612707
 21
2799791.291244034
 31
0.0
  0
LINE
  5
662
330
2EC
100
AcDbEntity
  8
STAIR
100
AcDbLine
 10
1946770.524612707
 20
2799867.961244034
 30
0.0
 11
1947370.524612707
 21
2799867.961244034
 31
0.0
  0
LINE
  5
663
330
2EC
100
AcDbEntity
  8
STAIR
100
AcDbLine
 10
1946770.524612707
 20
2799944.631244033
 30
0.0
 11
1947370.524612707
 21
2799944.631244033
 31
0.0
  0
LINE
  5
664
330
2EC
100
AcDbEntity
  8
STAIR
100
AcDbLine
 10
1944920.524612707
 20
2799484.611244033
 30
0.0
 11
1944920.524612707
 21
2799944.631244033
 31
0.0
  0
LINE
  5
665
330
2EC
100
AcDbEntity
  8
STAIR
100
AcDbLine
 10
1945520.524612707
 20
2799484.611244033
 30
0.0
 11
1945520.524612707
 21
2799944.631244033
 31
0.0
  0
LINE
  5
666
330
2EC
100
AcDbEntity
  8
STAIR
100
AcDbLine
 10
1944920.524612707
 20
2799484.611244033
 30
0.0
 11
1945520.524612707
 21
2799484.611244033
 31
0.0
  0
LINE
  5
667
330
2EC
100
AcDbEntity
  8
STAIR
100
AcDbLine
 10
1944920.524612707
 20
2799561.281244034
 30
0.0
 11
1945520.524612707
 21
2799561.281244034
 31
0.0
  0
LINE
  5
668
330
2EC
100
AcDbEntity
  8
STAIR
100
AcDbLine
 10
1944920.524612707
 20
2799637.951244033
 30
0.0
 11
1945520.524612707
 21
2799637.951244033
 31
0.0
  0
LINE
  5
669
330
2EC
100
AcDbEntity
  8
STAIR
100
AcDbLine
 10
1944920.524612707
 20
2799714.621244033
 30
0.0
 11
1945520.524612707
 21
2799714.621244033
 31
0.0
  0
LINE
  5
66A
330
2EC
100
AcDbEntity
  8
STAIR
100
AcDbLine
 10
1944920.524612707
 20
2799791.291244034
 30
0.0
 11
1945520.524612707
 21
2799791.291244034
 31
0.0
  0
LINE
  5
66B
330
2EC
100
AcDbEntity
  8
STAIR
100
AcDbLine
 10
1944920.524612707
 20
2799867.961244033
 30
0.0
 11
1945520.524612707
 21
2799867.961244033
 31
0.0
  0
LINE
  5
66C
330
2EC
100
AcDbEntity
  8
STAIR
100
AcDbLine
 10
1944920.524612707
 20
2799944.631244033
 30
0.0
 11
1945520.524612707
 21
2799944.631244033
 31
0.0
  0
LINE
  5
66D
330
2EC
100
AcDbEntity
  8
STAIR
100
AcDbLine
 10
1942970.524612707
 20
2799484.611244034
 30
0.0
 11
1942970.524612707
 21
2799944.631244033
 31
0.0
  0
LINE
  5
66E
330
2EC
100
AcDbEntity
  8
STAIR
100
AcDbLine
 10
1943570.524612707
 20
2799484.611244034
 30
0.0
 11
1943570.524612707
 21
2799944.631244033
 31
0.0
  0
LINE
  5
66F
330
2EC
100
AcDbEntity
  8
STAIR
100
AcDbLine
 10
1942970.524612707
 20
2799484.611244034
 30
0.0
 11
1943570.524612707
 21
2799484.611244034
 31
0.0
  0
LINE
  5
670
330
2EC
100
AcDbEntity
  8
STAIR
100
AcDbLine
 10
1942970.524612707
 20
2799561.281244034
 30
0.0
 11
1943570.524612707
 21
2799561.281244034
 31
0.0
  0
LINE
  5
671
330
2EC
100
AcDbEntity
  8
STAIR
100
AcDbLine
 10
1942970.524612707
 20
2799637.951244033
 30
0.0
 11
1943570.524612707
 21
2799637.951244033
 31
0.0
  0
LINE
  5
672
330
2EC
100
AcDbEntity
  8
STAIR
100
AcDbLine
 10
1942970.524612707
 20
2799714.621244036
 30
0.0
 11
1943570.524612707
 21
2799714.621244036
 31
0.0
  0
LINE
  5
673
330
2EC
100
AcDbEntity
  8
STAIR
100
AcDbLine
 10
1942970.524612707
 20
2799791.291244034
 30
0.0
 11
1943570.524612707
 21
2799791.291244034
 31
0.0
  0
LINE
  5
674
330
2EC
100
AcDbEntity
  8
STAIR
100
AcDbLine
 10
1942970.524612707
 20
2799867.961244034
 30
0.0
 11
1943570.524612707
 21
2799867.961244034
 31
0.0
  0
LINE
  5
675
330
2EC
100
AcDbEntity
  8
STAIR
100
AcDbLine
 10
1942970.524612707
 20
2799944.631244033
 30
0.0
 11
1943570.524612707
 21
2799944.631244033
 31
0.0
  0
TEXT
  5
676
330
2EC
100
AcDbEntity
  8
YHJ_引出、索引
 62
     7
100
AcDbText
 10
1948772.73658445
 20
2799053.361244034
 30
0.0
 40
253.1914893617021
  1
上
  7
_TCH_DIM
100
AcDbText
  0
LWPOLYLINE
  5
677
330
2EC
100
AcDbEntity
  8
YHJ_引出、索引
100
AcDbPolyline
 90
        3
 70
     0
 10
1948693.98658445
 20
2799184.611244034
 40
0.0
 41
0.0
 10
1948233.96658445
 20
2799184.611244034
 40
0.0
 41
60.0
 10
1948458.96658445
 20
2799184.611244034
 40
0.0
 41
0.0
  0
TEXT
  5
678
330
2EC
100
AcDbEntity
  8
YHJ_引出、索引
 62
     7
100
AcDbText
 10
1946999.314506324
 20
2799143.361244034
 30
0.0
 40
253.1914893617021
  1
下
  7
_TCH_DIM
100
AcDbText
  0
LWPOLYLINE
  5
679
330
2EC
100
AcDbEntity
  8
YHJ_引出、索引
100
AcDbPolyline
 90
        3
 70
     0
 10
1947070.524612707
 20
2799484.611244034
 40
0.0
 41
0.0
 10
1947070.524612707
 20
2799944.631244033
 40
0.0
 41
60.0
 10
1947070.524612707
 20
2799719.631244033
 40
0.0
 41
0.0
  0
TEXT
  5
67A
330
2EC
100
AcDbEntity
  8
YHJ_引出、索引
 62
     7
100
AcDbText
 10
1945149.314506324
 20
2799143.361244034
 30
0.0
 40
253.1914893617021
  1
下
  7
_TCH_DIM
100
AcDbText
  0
LWPOLYLINE
  5
67B
330
2EC
100
AcDbEntity
  8
YHJ_引出、索引
100
AcDbPolyline
 90
        3
 70
     0
 10
1945220.524612707
 20
2799484.611244033
 40
0.0
 41
0.0
 10
1945220.524612707
 20
2799944.631244033
 40
0.0
 41
60.0
 10
1945220.524612707
 20
2799719.631244033
 40
0.0
 41
0.0
  0
TEXT
  5
67C
330
2EC
100
AcDbEntity
  8
YHJ_引出、索引
 62
     7
100
AcDbText
 10
1943199.314506324
 20
2799143.361244034
 30
0.0
 40
253.1914893617021
  1
下
  7
_TCH_DIM
100
AcDbText
  0
LWPOLYLINE
  5
67D
330
2EC
100
AcDbEntity
  8
YHJ_引出、索引
100
AcDbPolyline
 90
        3
 70
     0
 10
1943270.524612707
 20
2799484.611244034
 40
0.0
 41
0.0
 10
1943270.524612707
 20
2799944.631244033
 40
0.0
 41
60.0
 10
1943270.524612707
 20
2799719.631244033
 40
0.0
 41
0.0
  0
ENDBLK
  5
67E
330
2EC
100
AcDbEntity
  8
0
100
AcDbBlockEnd
  0
BLOCK
  5
680
330
67F
100
AcDbEntity
  8
0
100
AcDbBlockBegin
  2
GFSDAFSAFSDAGDS
 70
     0
 10
0.0
 20
0.0
 30
0.0
  3
GFSDAFSAFSDAGDS
  1

  0
LINE
  5
681
330
67F
100
AcDbEntity
  8
文字
100
AcDbLine
 10
2454555.989846847
 20
2893652.929158367
 30
0.0
 11
2455544.743264819
 21
2893652.929158358
 31
0.0
  0
LINE
  5
682
330
67F
100
AcDbEntity
  8
文字
100
AcDbLine
 10
2455050.366556066
 20
2893492.608158388
 30
0.0
 11
2455544.743264819
 21
2893492.608158384
 31
0.0
  0
LINE
  5
683
330
67F
100
AcDbEntity
  8
文字
100
AcDbLine
 10
2454555.989846844
 20
2893332.287158419
 30
0.0
 11
2455544.743264816
 21
2893332.287158409
 31
0.0
  0
LINE
  5
684
330
67F
100
AcDbEntity
  8
文字
100
AcDbLine
 10
2455050.366556065
 20
2893171.966158381
 30
0.0
 11
2455544.743264816
 21
2893171.966158377
 31
0.0
  0
LINE
  5
685
330
67F
100
AcDbEntity
  8
文字
100
AcDbLine
 10
2454555.98984684
 20
2893011.645158413
 30
0.0
 11
2455544.743264813
 21
2893011.645158404
 31
0.0
  0
ENDBLK
  5
686
330
67F
100
AcDbEntity
  8
0
100
AcDbBlockEnd
  0
BLOCK
  5
688
330
687
100
AcDbEntity
  8
0
100
AcDbBlockBegin
  2
GAFASFASGASAFCCCXV
 70
     0
 10
0.0
 20
0.0
 30
0.0
  3
GAFASFASGASAFCCCXV
  1

  0
LINE
  5
689
330
687
100
AcDbEntity
  8
STAIR
100
AcDbLine
 10
2070193.765728082
 20
2688244.67320513
 30
0.0
 11
2070193.765728082
 21
2695244.67320513
 31
0.0
  0
LINE
  5
68A
330
687
100
AcDbEntity
  8
STAIR
100
AcDbLine
 10
2072193.765728082
 20
2688244.67320513
 30
0.0
 11
2072193.765728082
 21
2695244.67320513
 31
0.0
  0
LINE
  5
68B
330
687
100
AcDbEntity
  8
STAIR
100
AcDbLine
 10
2070193.765728082
 20
2688244.67320513
 30
0.0
 11
2072193.765728082
 21
2688244.67320513
 31
0.0
  0
LINE
  5
68C
330
687
100
AcDbEntity
  8
STAIR
100
AcDbLine
 10
2070193.765728082
 20
2688524.67320513
 30
0.0
 11
2072193.765728082
 21
2688524.67320513
 31
0.0
  0
LINE
  5
68D
330
687
100
AcDbEntity
  8
STAIR
100
AcDbLine
 10
2070193.765728082
 20
2688804.67320513
 30
0.0
 11
2072193.765728082
 21
2688804.67320513
 31
0.0
  0
LINE
  5
68E
330
687
100
AcDbEntity
  8
STAIR
100
AcDbLine
 10
2070193.765728082
 20
2689084.67320513
 30
0.0
 11
2072193.765728082
 21
2689084.67320513
 31
0.0
  0
LINE
  5
68F
330
687
100
AcDbEntity
  8
STAIR
100
AcDbLine
 10
2070193.765728082
 20
2689364.67320513
 30
0.0
 11
2072193.765728082
 21
2689364.67320513
 31
0.0
  0
LINE
  5
690
330
687
100
AcDbEntity
  8
STAIR
100
AcDbLine
 10
2070193.765728082
 20
2689644.67320513
 30
0.0
 11
2072193.765728082
 21
2689644.67320513
 31
0.0
  0
LINE
  5
691
330
687
100
AcDbEntity
  8
STAIR
100
AcDbLine
 10
2070193.765728082
 20
2689924.67320513
 30
0.0
 11
2072193.765728082
 21
2689924.67320513
 31
0.0
  0
LINE
  5
692
330
687
100
AcDbEntity
  8
STAIR
100
AcDbLine
 10
2070193.765728082
 20
2690204.67320513
 30
0.0
 11
2072193.765728082
 21
2690204.67320513
 31
0.0
  0
LINE
  5
693
330
687
100
AcDbEntity
  8
STAIR
100
AcDbLine
 10
2070193.765728082
 20
2690484.67320513
 30
0.0
 11
2072193.765728082
 21
2690484.67320513
 31
0.0
  0
LINE
  5
694
330
687
100
AcDbEntity
  8
STAIR
100
AcDbLine
 10
2070193.765728082
 20
2690764.67320513
 30
0.0
 11
2072193.765728082
 21
2690764.67320513
 31
0.0
  0
LINE
  5
695
330
687
100
AcDbEntity
  8
STAIR
100
AcDbLine
 10
2070193.765728082
 20
2691044.67320513
 30
0.0
 11
2072193.765728082
 21
2691044.67320513
 31
0.0
  0
LINE
  5
696
330
687
100
AcDbEntity
  8
STAIR
100
AcDbLine
 10
2070193.765728082
 20
2691324.67320513
 30
0.0
 11
2072193.765728082
 21
2691324.67320513
 31
0.0
  0
LINE
  5
697
330
687
100
AcDbEntity
  8
STAIR
100
AcDbLine
 10
2070193.765728082
 20
2691604.67320513
 30
0.0
 11
2072193.765728082
 21
2691604.67320513
 31
0.0
  0
LINE
  5
698
330
687
100
AcDbEntity
  8
STAIR
100
AcDbLine
 10
2070193.765728082
 20
2691884.67320513
 30
0.0
 11
2072193.765728082
 21
2691884.67320513
 31
0.0
  0
LINE
  5
699
330
687
100
AcDbEntity
  8
STAIR
100
AcDbLine
 10
2070193.765728082
 20
2692164.67320513
 30
0.0
 11
2072193.765728082
 21
2692164.67320513
 31
0.0
  0
LINE
  5
69A
330
687
100
AcDbEntity
  8
STAIR
100
AcDbLine
 10
2070193.765728082
 20
2692444.67320513
 30
0.0
 11
2072193.765728082
 21
2692444.67320513
 31
0.0
  0
LINE
  5
69B
330
687
100
AcDbEntity
  8
STAIR
100
AcDbLine
 10
2070193.765728082
 20
2692724.67320513
 30
0.0
 11
2072193.765728082
 21
2692724.67320513
 31
0.0
  0
LINE
  5
69C
330
687
100
AcDbEntity
  8
STAIR
100
AcDbLine
 10
2070193.765728082
 20
2693004.67320513
 30
0.0
 11
2072193.765728082
 21
2693004.67320513
 31
0.0
  0
LINE
  5
69D
330
687
100
AcDbEntity
  8
STAIR
100
AcDbLine
 10
2070193.765728082
 20
2693284.67320513
 30
0.0
 11
2072193.765728082
 21
2693284.67320513
 31
0.0
  0
LINE
  5
69E
330
687
100
AcDbEntity
  8
STAIR
100
AcDbLine
 10
2070193.765728082
 20
2693564.67320513
 30
0.0
 11
2072193.765728082
 21
2693564.67320513
 31
0.0
  0
LINE
  5
69F
330
687
100
AcDbEntity
  8
STAIR
100
AcDbLine
 10
2070193.765728082
 20
2693844.67320513
 30
0.0
 11
2072193.765728082
 21
2693844.67320513
 31
0.0
  0
LINE
  5
6A0
330
687
100
AcDbEntity
  8
STAIR
100
AcDbLine
 10
2070193.765728082
 20
2694124.67320513
 30
0.0
 11
2072193.765728082
 21
2694124.67320513
 31
0.0
  0
LINE
  5
6A1
330
687
100
AcDbEntity
  8
STAIR
100
AcDbLine
 10
2070193.765728082
 20
2694404.67320513
 30
0.0
 11
2072193.765728082
 21
2694404.67320513
 31
0.0
  0
LINE
  5
6A2
330
687
100
AcDbEntity
  8
STAIR
100
AcDbLine
 10
2070193.765728082
 20
2694684.67320513
 30
0.0
 11
2072193.765728082
 21
2694684.67320513
 31
0.0
  0
LINE
  5
6A3
330
687
100
AcDbEntity
  8
STAIR
100
AcDbLine
 10
2070193.765728082
 20
2694964.67320513
 30
0.0
 11
2072193.765728082
 21
2694964.67320513
 31
0.0
  0
LINE
  5
6A4
330
687
100
AcDbEntity
  8
STAIR
100
AcDbLine
 10
2070193.765728082
 20
2695244.67320513
 30
0.0
 11
2072193.765728082
 21
2695244.67320513
 31
0.0
  0
ENDBLK
  5
6A5
330
687
100
AcDbEntity
  8
0
100
AcDbBlockEnd
  0
BLOCK
  5
6A8
330
6A6
100
AcDbEntity
  8
0
100
AcDbBlockBegin
  2
_FZH
 70
     0
 10
0.0
 20
0.0
 30
0.0
  3
_FZH
  1

  0
SOLID
  5
6A9
330
6A6
100
AcDbEntity
  8
PUB_HATCH
100
AcDbTrace
 10
-0.5
 20
-0.5
 30
0.0
 11
0.5
 21
-0.5
 31
0.0
 12
-0.5
 22
0.5
 32
0.0
 13
0.5
 23
0.5
 33
0.0
  0
LWPOLYLINE
  5
6AA
330
6A6
100
AcDbEntity
  8
0
100
AcDbPolyline
 90
        4
 70
     1
 43
0.0
 10
-0.5
 20
-0.5
 10
0.5
 20
-0.5
 10
0.5
 20
0.5
 10
-0.5
 20
0.5
  0
ENDBLK
  5
6AB
330
6A6
100
AcDbEntity
  8
0
100
AcDbBlockEnd
  0
ENDSEC
  0
SECTION
  2
ENTITIES
  0
INSERT
  5
12F6
330
1F
100
AcDbEntity
  8
GCD
  6
Continuous
100
AcDbBlockReference
 66
     1
  2
gc200
 10
574351.4799999999
 20
2880414.685
 30
168.491
 41
0.5
 42
0.5
 43
0.5
1001
S_GXRQ
1071
1718082438
1001
south
1000
202101
1000
拟建提罐站检查点1
  0
ATTRIB
  5
12F7
330
12F6
100
AcDbEntity
  8
GCD
  6
Continuous
100
AcDbText
 10
574352.0800000001
 20
2880414.185
 30
168.491
 40
1.0
  1
168.49
 41
0.8
 11
574352.0800000001
 21
2880414.685
 31
168.491
100
AcDbAttribute
280
     0
  2
height
 70
     0
 74
     2
280
     0
  0
SEQEND
  5
12F8
330
12F6
100
AcDbEntity
  8
GCD
  6
Continuous
  0
INSERT
  5
12F9
330
1F
100
AcDbEntity
  8
GCD
  6
Continuous
100
AcDbBlockReference
 66
     1
  2
gc200
 10
574352.331
 20
2880417.351000001
 30
168.508
 41
0.5
 42
0.5
 43
0.5
1001
S_GXRQ
1071
1718082438
1001
south
1000
202101
1000
拟建提罐站检查点2
  0
ATTRIB
  5
12FA
330
12F9
100
AcDbEntity
  8
GCD
  6
Continuous
100
AcDbText
 10
574352.9310000001
 20
2880416.851000001
 30
168.508
 40
1.0
  1
168.51
 41
0.8
 11
574352.9310000001
 21
2880417.351000001
 31
168.508
100
AcDbAttribute
280
     0
  2
height
 70
     0
 74
     2
280
     0
  0
SEQEND
  5
12FB
330
12F9
100
AcDbEntity
  8
GCD
  6
Continuous
  0
POINT
  5
12FC
330
1F
100
AcDbEntity
  8
zdh
  6
Continuous
100
AcDbPoint
 10
574351.4799999999
 20
2880414.685
 30
168.491
1001
NAME
1000
拟建提罐站检查点1
1001
CODE
1000

  0
TEXT
  5
12FD
330
1F
100
AcDbEntity
  8
zdh
  6
Continuous
100
AcDbText
 10
574351.605
 20
2880414.4975
 30
168.491
 40
0.5
  1
拟建提罐站检查点1
 41
0.7
  7
TSSD_Rein
100
AcDbText
  0
POINT
  5
12FE
330
1F
100
AcDbEntity
  8
zdh
  6
Continuous
100
AcDbPoint
 10
574352.331
 20
2880417.351000001
 30
168.508
1001
NAME
1000
拟建提罐站检查点2
1001
CODE
1000

  0
TEXT
  5
12FF
330
1F
100
AcDbEntity
  8
zdh
  6
Continuous
100
AcDbText
 10
574352.456
 20
2880417.1635
 30
168.508
 40
0.5
  1
拟建提罐站检查点2
 41
0.7
  7
TSSD_Rein
100
AcDbText
  0
LWPOLYLINE
  5
1303
330
1F
100
AcDbEntity
  8
DLSS
  6
Continuous
 62
     4
100
AcDbPolyline
 90
       50
 70
   128
 38
162.8508607152153
 10
574408.1028357472
 20
2880430.159872791
 40
0.054
 41
0.054
 10
574403.960612169
 20
2880428.395135631
 40
0.054
 41
0.054
 10
574400.5809457186
 20
2880425.090733616
 40
0.054
 41
0.054
 10
574398.5746640954
 20
2880423.784982696
 40
0.054
 41
0.054
 10
574395.1144590918
 20
2880423.104513432
 40
0.054
 41
0.054
 10
574390.1395465115
 20
2880422.83415856
 40
0.054
 41
0.054
 10
574385.7624226786
 20
2880423.033536563
 40
0.054
 41
0.054
 10
574379.4221543721
 20
2880423.427090666
 40
0.054
 41
0.054
 10
574374.9703585084
 20
2880423.595763816
 40
0.054
 41
0.054
 10
574369.2184980893
 20
2880423.669373484
 40
0.054
 41
0.054
 10
574365.5840578202
 20
2880423.331427637
 40
0.054
 41
0.054
 10
574362.6605403246
 20
2880422.811536158
 40
0.054
 41
0.054
 10
574360.7026064678
 20
2880421.84887625
 40
0.054
 41
0.054
 10
574358.7059357406
 20
2880420.518705905
 40
0.054
 41
0.054
 10
574357.533613973
 20
2880419.349353212
 40
0.054
 41
0.054
 10
574356.6744102128
 20
2880417.714425752
 40
0.054
 41
0.054
 10
574355.9361693964
 20
2880416.100453791
 40
0.054
 41
0.054
 10
574355.4515780022
 20
2880413.929833725
 40
0.054
 41
0.054
 10
574355.1247623225
 20
2880411.128654698
 40
0.054
 41
0.054
 10
574355.0799765769
 20
2880406.126088662
 40
0.054
 41
0.054
 10
574354.5792161417
 20
2880402.143251796
 40
0.054
 41
0.054
 10
574353.5252167433
 20
2880396.989696844
 40
0.054
 41
0.054
 10
574351.6172850608
 20
2880391.278245262
 40
0.054
 41
0.054
 10
574347.1605792076
 20
2880381.494116883
 40
0.054
 41
0.054
 10
574343.6427432359
 20
2880375.488434849
 40
0.054
 41
0.054
 10
574339.0529424709
 20
2880369.564029568
 40
0.054
 41
0.054
 10
574325.96861761
 20
2880354.923832901
 40
0.054
 41
0.054
 10
574316.084500435
 20
2880345.876669214
 40
0.054
 41
0.054
 10
574310.4779071494
 20
2880341.930558568
 40
0.054
 41
0.054
 10
574303.6074834883
 20
2880338.287842791
 40
0.054
 41
0.054
 10
574297.1422042926
 20
2880334.252290745
 40
0.054
 41
0.054
 10
574294.0201162279
 20
2880332.349702113
 40
0.054
 41
0.054
 10
574288.6829871818
 20
2880328.506547424
 40
0.054
 41
0.054
 10
574284.5590927007
 20
2880325.26205889
 40
0.054
 41
0.054
 10
574275.6930059144
 20
2880319.28238758
 40
0.054
 41
0.054
 10
574273.7777533047
 20
2880322.122141637
 40
0.054
 41
0.054
 10
574282.5397954311
 20
2880328.03164074
 40
0.054
 41
0.054
 10
574286.6223216005
 20
2880331.243582609
 40
0.054
 41
0.054
 10
574292.125331943
 20
2880335.20618494
 40
0.054
 41
0.054
 10
574295.3440853018
 20
2880337.167681036
 40
0.054
 41
0.054
 10
574301.896261988
 20
2880341.257473485
 40
0.054
 41
0.054
 10
574308.6828355801
 20
2880344.855731746
 40
0.054
 41
0.054
 10
574313.9336410484
 20
2880348.55142685
 40
0.054
 41
0.054
 10
574323.5291880823
 20
2880357.334455537
 40
0.054
 41
0.054
 10
574336.4188690787
 20
2880371.756863018
 40
0.054
 41
0.054
 10
574340.7992398904
 20
2880377.410941113
 40
0.054
 41
0.054
 10
574344.1162644566
 20
2880383.073796062
 40
0.054
 41
0.054
 10
574348.4255435848
 20
2880392.5342679
 40
0.054
 41
0.054
 10
574350.2108792252
 20
2880397.878724498
 40
0.054
 41
0.054
 10
574350.9224553411
 20
2880401.357992722
 40
0.0
 41
0.0
1001
south
1000
164100
1001
S_GXRQ
1071
1718273337
  0
LWPOLYLINE
  5
1305
102
{ACAD_XDICTIONARY
360
1306
102
}
330
1F
100
AcDbEntity
  8
DLSS
  6
Continuous
 62
     4
100
AcDbPolyline
 90
        9
 70
   128
 43
0.054
 38
162.2023318318418
 10
574350.9224553411
 20
2880401.357992722
 10
574349.6818492904
 20
2880402.739771144
 10
574349.1983361219
 20
2880404.031310927
 10
574349.8218666755
 20
2880410.827496377
 10
574350.7419183718
 20
2880414.92841401
 10
574351.2359395123
 20
2880417.901439742
 10
574352.8151566572
 20
2880421.07155718
 10
574353.915581024
 20
2880422.914868177
 10
574354.3379421236
 20
2880423.243022092
1001
S_GXRQ
1071
1718274189
1001
south
1000
164201
  0
LWPOLYLINE
  5
1308
330
1F
100
AcDbEntity
  8
DLSS
  6
Continuous
 62
     4
100
AcDbPolyline
 90
        3
 70
   128
 43
0.054
 38
162.2023318318418
 10
574358.8838522189
 20
2880425.301767647
 10
574359.9859082105
 20
2880425.649633242
 10
574361.2068252935
 20
2880425.913668803
1001
S_GXRQ
1071
1718274189
1001
south
1000
164201
  0
LWPOLYLINE
  5
1309
102
{ACAD_XDICTIONARY
360
130A
102
}
330
1F
100
AcDbEntity
  8
SXSS
  6
X0
 62
     5
 48
2.0
100
AcDbPolyline
 90
       24
 70
   128
 38
157.6341891107345
 10
574226.8688696682
 20
2880304.05329788
 40
0.0000021576341891
 41
0.0000021576341891
 10
574241.6146612989
 20
2880313.216443192
 40
0.000002158409913
 41
0.000002158409913
 10
574252.0110593762
 20
2880318.03245148
 40
0.0000021580424646
 41
0.0000021580424646
 10
574287.5219970632
 20
2880346.77944557
 40
0.0000021583912218
 41
0.0000021583912218
 10
574289.5546370233
 20
2880349.909158805
 40
0.0000021578420421
 41
0.0000021578420421
 10
574292.2500004147
 20
2880351.253772776
 40
0.0000021578233167
 41
0.0000021578233167
 10
574294.0535458415
 20
2880354.102442277
 40
0.0000021577949742
 41
0.0000021577949742
 10
574297.1114077254
 20
2880356.043051859
 40
0.0000021581411405
 41
0.0000021581411405
 10
574303.4924843889
 20
2880356.73149321
 40
0.0000021581112042
 41
0.0000021581112042
 10
574305.6927311842
 20
2880358.75058026
 40
0.0000021586125528
 41
0.0000021586125528
 10
574310.7926464833
 20
2880364.367477157
 40
0.0000021585125301
 41
0.0000021585125301
 10
574316.5040903729
 20
2880371.690853007
 40
0.0000021578749747
 41
0.0000021578749747
 10
574321.4527290689
 20
2880375.644785866
 40
0.0000021632856314
 41
0.0000021632856314
 10
574325.7465129958
 20
2880381.728136306
 40
0.0000021591680156
 41
0.0000021591680156
 10
574334.1222295502
 20
2880399.864771568
 40
0.0000021596122214
 41
0.0000021596122214
 10
574338.8528529315
 20
2880413.950457644
 40
0.0000021617337906
 41
0.0000021617337906
 10
574341.1900754157
 20
2880420.008680051
 40
0.0000021625768564
 41
0.0000021625768564
 10
574341.5864077323
 20
2880428.725319418
 40
0.0000021616798053
 41
0.0000021616798053
 10
574341.2690099255
 20
2880440.777881332
 40
0.0000021585993195
 41
0.0000021585993195
 10
574341.0686226546
 20
2880462.461013673
 40
0.0000021581538705
 41
0.0000021581538705
 10
574339.8078044937
 20
2880474.625053529
 40
0.0000021587251969
 41
0.0000021587251969
 10
574338.4804983086
 20
2880482.055417815
 40
0.0000021583560396
 41
0.0000021583560396
 10
574336.4374006754
 20
2880488.662897925
 40
0.0000021582931814
 41
0.0000021582931814
 10
574333.491727361
 20
2880496.445105944
 40
0.0000021586409567
 41
0.0000021586409567
1001
S_GXRQ
1071
1718274361
1001
south
1000
181200
  0
LWPOLYLINE
  5
130C
102
{ACAD_XDICTIONARY
360
130D
102
}
330
1F
100
AcDbEntity
  8
SXSS
  6
X0
 62
     5
 48
2.0
100
AcDbPolyline
 90
       19
 70
   128
 38
158.8225527722303
 10
574298.1700796322
 20
2880493.983202015
 40
0.0000021588225528
 41
0.0000021588225528
 10
574306.8817475834
 20
2880482.580821306
 40
0.0000021593140711
 41
0.0000021593140711
 10
574311.2760067417
 20
2880471.452100074
 40
0.0000021588679928
 41
0.0000021588679928
 10
574312.5014022989
 20
2880462.728382924
 40
0.0000021587033635
 41
0.0000021587033635
 10
574313.6104401057
 20
2880454.782531529
 40
0.0000021586871451
 41
0.0000021586871451
 10
574313.7578438022
 20
2880449.277550489
 40
0.0000021584679724
 41
0.0000021584679724
 10
574314.8903608035
 20
2880446.226014259
 40
0.0000021608371645
 41
0.0000021608371645
 10
574314.6464938715
 20
2880442.953330561
 40
0.0000021686403378
 41
0.0000021686403378
 10
574313.4621832841
 20
2880434.292913788
 40
0.0000021715325287
 41
0.0000021715325287
 10
574306.2734552736
 20
2880417.555354863
 40
0.0000021581832869
 41
0.0000021581832869
 10
574301.1732603682
 20
2880409.369964393
 40
0.000002168454598
 41
0.000002168454598
 10
574291.6904573277
 20
2880395.688393304
 40
0.0000021612235948
 41
0.0000021612235948
 10
574286.6575185519
 20
2880389.615728256
 40
0.0000021735974371
 41
0.0000021735974371
 10
574269.1421625349
 20
2880371.506528778
 40
0.000002160811833
 41
0.000002160811833
 10
574260.8598530688
 20
2880364.327287571
 40
0.0000021650560793
 41
0.0000021650560793
 10
574245.2089415279
 20
2880356.891683697
 40
0.0000021597882517
 41
0.0000021597882517
 10
574229.2249797087
 20
2880344.142915305
 40
0.0000021738114637
 41
0.0000021738114637
 10
574214.4569667781
 20
2880332.13133449
 40
0.0000021776180883
 41
0.0000021776180883
 10
574206.8377825727
 20
2880327.317210244
 40
0.000002174932091
 41
0.000002174932091
1001
S_GXRQ
1071
1718274503
1001
south
1000
181200
  0
INSERT
  5
131B
102
{ACAD_XDICTIONARY
360
131C
102
}
330
1F
100
AcDbEntity
  8
GXYZ
  6
Continuous
 62
     2
100
AcDbBlockReference
  2
gc170
 10
574362.0639891755
 20
2880426.731148785
 30
162.4377016657567
 41
0.5
 42
0.5
1001
S_GXRQ
1071
1718274857
1001
south
1000
171300
  0
LWPOLYLINE
  5
131E
330
1F
100
AcDbEntity
  8
assist
  6
Continuous
 62
     2
100
AcDbPolyline
 90
        2
 70
   129
 43
0.000002162567504
 38
162.5675039656352
 10
574352.434316339
 20
2880431.042389048
 10
574352.6536814601
 20
2880433.669769078
1001
south
1000
171600
1001
S_GXRQ
1071
1718274929
  0
INSERT
  5
131F
330
1F
100
AcDbEntity
  8
GXYZ
  6
Continuous
 62
     2
100
AcDbBlockReference
  2
gc170
 10
574352.434316339
 20
2880431.042389048
 30
162.5675039656352
 41
0.5
 42
0.5
 43
0.5
1001
south
1000
171600-2
1001
S_GXRQ
1071
1718274929
  0
INSERT
  5
1320
330
1F
100
AcDbEntity
  8
GXYZ
  6
Continuous
 62
     2
100
AcDbBlockReference
  2
gc170
 10
574352.6536814601
 20
2880433.669769078
 30
162.5675039656352
 41
0.5
 42
0.5
 43
0.5
1001
south
1000
171600-2
1001
S_GXRQ
1071
1718274929
  0
LINE
  5
1321
330
1F
100
AcDbEntity
  8
GXYZ
  6
Continuous
 62
     2
100
AcDbLine
 10
574352.1561571574
 20
2880431.316482955
 30
162.5675039656352
 11
574352.7540767554
 21
2880431.266561473
 31
162.5675039656352
1001
south
1000
171600-3
1001
S_GXRQ
1071
1718274929
  0
LINE
  5
1322
330
1F
100
AcDbEntity
  8
GXYZ
  6
Continuous
 62
     2
100
AcDbLine
 10
574352.7540767554
 20
2880431.266561473
 30
162.5675039656352
 11
574352.9318406414
 21
2880433.395675171
 31
162.5675039656352
1001
south
1000
171600-3
1001
S_GXRQ
1071
1718274929
  0
LINE
  5
1323
330
1F
100
AcDbEntity
  8
GXYZ
  6
Continuous
 62
     2
100
AcDbLine
 10
574352.9318406414
 20
2880433.395675171
 30
162.5675039656352
 11
574352.3339210434
 21
2880433.445596653
 31
162.5675039656352
1001
south
1000
171600-3
1001
S_GXRQ
1071
1718274929
  0
LINE
  5
1324
330
1F
100
AcDbEntity
  8
GXYZ
  6
Continuous
 62
     2
100
AcDbLine
 10
574352.3339210434
 20
2880433.445596653
 30
162.5675039656352
 11
574352.1561571574
 21
2880431.316482955
 31
162.5675039656352
1001
south
1000
171600-3
1001
S_GXRQ
1071
1718274929
  0
LWPOLYLINE
  5
1325
102
{ACAD_XDICTIONARY
360
1326
102
}
330
1F
100
AcDbEntity
  8
GXYZ
  6
Continuous
 62
     2
100
AcDbPolyline
 90
        2
 70
   128
 43
0.6000021625675041
 38
162.5675039604885
 10
574352.564799517
 20
2880432.605212229
 10
574352.5231982819
 20
2880432.106945897
1001
south
1000
171600-1
  0
INSERT
  5
1328
102
{ACAD_XDICTIONARY
360
1329
102
}
330
1F
100
AcDbEntity
  8
DLDW
  6
Continuous
100
AcDbBlockReference
  2
gc097
 10
574347.067178428
 20
2880413.031643407
 30
163.1237041772347
 41
0.5
 42
0.5
1001
S_GXRQ
1071
1718274980
1001
south
1000
155210
  0
INSERT
  5
132B
102
{ACAD_XDICTIONARY
360
132C
102
}
330
1F
100
AcDbEntity
  8
GXYZ
  6
Continuous
 62
     2
100
AcDbBlockReference
  2
gc170
 10
574343.3865554945
 20
2880383.929352506
 30
163.5402113325002
 41
0.5
 42
0.5
1001
south
1000
171300
1001
S_GXRQ
1071
1718275011
  0
INSERT
  5
132E
102
{ACAD_XDICTIONARY
360
132F
102
}
330
1F
100
AcDbEntity
  8
DLDW
  6
Continuous
100
AcDbBlockReference
  2
gc097
 10
574315.4059853098
 20
2880345.033360925
 30
168.340936634555
 41
0.5
 42
0.5
1001
S_GXRQ
1071
1718275027
1001
south
1000
155210
  0
INSERT
  5
1331
102
{ACAD_XDICTIONARY
360
1332
102
}
330
1F
100
AcDbEntity
  8
GXYZ
  6
Continuous
 62
     2
100
AcDbBlockReference
  2
gc170
 10
574356.9016816397
 20
2880474.008597822
 30
163.3437089105064
 41
0.5
 42
0.5
1001
south
1000
171300
1001
S_GXRQ
1071
1718275074
  0
INSERT
  5
1334
102
{ACAD_XDICTIONARY
360
1335
102
}
330
1F
100
AcDbEntity
  8
GXYZ
  6
Continuous
 62
     2
100
AcDbBlockReference
  2
gc170
 10
574368.3720232777
 20
2880454.451854814
 30
163.0464510633875
 41
0.5
 42
0.5
1001
south
1000
171300
1001
S_GXRQ
1071
1718275086
  0
LWPOLYLINE
  5
133B
102
{ACAD_XDICTIONARY
360
133C
102
}
330
1F
100
AcDbEntity
  8
ZBTZ
  6
1161
100
AcDbPolyline
 90
       16
 70
   129
 38
166.815321984937
 10
574365.7391934758
 20
2880435.807461891
 40
0.000000432395322
 41
0.000000432395322
 10
574368.2949924597
 20
2880435.522618483
 40
0.0000004324234998
 41
0.0000004324234998
 10
574371.6417127117
 20
2880435.587627145
 40
0.0000004324985827
 41
0.0000004324985827
 10
574372.5321104964
 20
2880435.962607386
 40
0.0000004324928493
 41
0.0000004324928493
 10
574373.5867714722
 20
2880437.171327888
 40
0.0000004324718258
 41
0.0000004324718258
 10
574374.6795847783
 20
2880439.669291277
 40
0.0000004324349241
 41
0.0000004324349241
 10
574374.9757434144
 20
2880440.577088513
 40
0.0000004324434988
 41
0.0000004324434988
 10
574374.9922829493
 20
2880440.914973267
 40
0.0000004323829121
 41
0.0000004323829121
 10
574375.0189023058
 20
2880443.43463335
 40
0.0000004324014535
 41
0.0000004324014535
 10
574375.2590163681
 20
2880445.418911756
 40
0.0000004323662843
 41
0.0000004323662843
 10
574367.5360180044
 20
2880445.230494457
 40
0.0000004323736639
 41
0.0000004323736639
 10
574367.6382442322
 20
2880442.659259692
 40
0.0000004323659447
 41
0.0000004323659447
 10
574367.9081944383
 20
2880440.647564949
 40
0.0000004323999445
 41
0.0000004323999445
 10
574367.4093264639
 20
2880438.688006488
 40
0.0000004324154914
 41
0.0000004324154914
 10
574366.6319457756
 20
2880437.264849633
 40
0.0000004324122955
 41
0.0000004324122955
 10
574366.0894264397
 20
2880436.301983362
 40
0.0000004324302438
 41
0.0000004324302438
1001
S_GXRQ
1071
1718275210
1001
south
1000
211100
  0
INSERT
  5
133E
102
{ACAD_XDICTIONARY
360
133F
102
}
330
1F
100
AcDbEntity
  8
ZBTZ
  6
Continuous
100
AcDbBlockReference
  2
gc120
 10
574368.7319673784
 20
2880433.709092417
 30
162.1097107908477
 41
0.5
 42
0.5
1001
south
1000
211100-1
  0
INSERT
  5
1341
102
{ACAD_XDICTIONARY
360
1342
102
}
330
1F
100
AcDbEntity
  8
ZBTZ
  6
Continuous
100
AcDbBlockReference
  2
gc120
 10
574378.7319673784
 20
2880433.709092417
 30
162.1694859487175
 41
0.5
 42
0.5
1001
south
1000
211100-1
  0
INSERT
  5
1344
102
{ACAD_XDICTIONARY
360
1345
102
}
330
1F
100
AcDbEntity
  8
ZBTZ
  6
Continuous
100
AcDbBlockReference
  2
gc120
 10
574388.7319673785
 20
2880433.709092417
 30
162.3937491212893
 41
0.5
 42
0.5
1001
south
1000
211100-1
  0
INSERT
  5
1347
102
{ACAD_XDICTIONARY
360
1348
102
}
330
1F
100
AcDbEntity
  8
ZBTZ
  6
Continuous
100
AcDbBlockReference
  2
gc120
 10
574398.7319673784
 20
2880433.709092417
 30
162.427674367941
 41
0.5
 42
0.5
1001
south
1000
211100-1
  0
INSERT
  5
134A
102
{ACAD_XDICTIONARY
360
134B
102
}
330
1F
100
AcDbEntity
  8
ZBTZ
  6
Continuous
100
AcDbBlockReference
  2
gc120
 10
574373.7319673784
 20
2880438.709092416
 30
162.0689369192335
 41
0.5
 42
0.5
1001
south
1000
211100-1
  0
INSERT
  5
134D
102
{ACAD_XDICTIONARY
360
134E
102
}
330
1F
100
AcDbEntity
  8
ZBTZ
  6
Continuous
100
AcDbBlockReference
  2
gc120
 10
574383.7319673784
 20
2880438.709092416
 30
162.2837956448393
 41
0.5
 42
0.5
1001
south
1000
211100-1
  0
INSERT
  5
1350
102
{ACAD_XDICTIONARY
360
1351
102
}
330
1F
100
AcDbEntity
  8
ZBTZ
  6
Continuous
100
AcDbBlockReference
  2
gc120
 10
574393.7319673784
 20
2880438.709092416
 30
162.4213811814774
 41
0.5
 42
0.5
1001
south
1000
211100-1
  0
INSERT
  5
1353
102
{ACAD_XDICTIONARY
360
1354
102
}
330
1F
100
AcDbEntity
  8
ZBTZ
  6
Continuous
100
AcDbBlockReference
  2
gc120
 10
574403.7319673784
 20
2880438.709092416
 30
162.333215630522
 41
0.5
 42
0.5
1001
south
1000
211100-1
  0
INSERT
  5
1356
102
{ACAD_XDICTIONARY
360
1357
102
}
330
1F
100
AcDbEntity
  8
ZBTZ
  6
Continuous
100
AcDbBlockReference
  2
gc120
 10
574378.7319673784
 20
2880443.709092416
 30
162.0710053219542
 41
0.5
 42
0.5
1001
south
1000
211100-1
  0
INSERT
  5
1359
102
{ACAD_XDICTIONARY
360
135A
102
}
330
1F
100
AcDbEntity
  8
ZBTZ
  6
Continuous
100
AcDbBlockReference
  2
gc120
 10
574388.7319673785
 20
2880443.709092416
 30
162.3981053409609
 41
0.5
 42
0.5
1001
south
1000
211100-1
  0
INSERT
  5
135C
102
{ACAD_XDICTIONARY
360
135D
102
}
330
1F
100
AcDbEntity
  8
ZBTZ
  6
Continuous
100
AcDbBlockReference
  2
gc120
 10
574398.7319673784
 20
2880443.709092416
 30
162.2983407312398
 41
0.5
 42
0.5
1001
south
1000
211100-1
  0
INSERT
  5
135F
102
{ACAD_XDICTIONARY
360
1360
102
}
330
1F
100
AcDbEntity
  8
ZBTZ
  6
Continuous
100
AcDbBlockReference
  2
gc120
 10
574373.7319673784
 20
2880448.709092416
 30
162.0432349844338
 41
0.5
 42
0.5
1001
south
1000
211100-1
  0
INSERT
  5
1362
102
{ACAD_XDICTIONARY
360
1363
102
}
330
1F
100
AcDbEntity
  8
ZBTZ
  6
Continuous
100
AcDbBlockReference
  2
gc120
 10
574383.7319673784
 20
2880448.709092416
 30
162.0242662403236
 41
0.5
 42
0.5
1001
south
1000
211100-1
  0
INSERT
  5
1365
102
{ACAD_XDICTIONARY
360
1366
102
}
330
1F
100
AcDbEntity
  8
ZBTZ
  6
Continuous
100
AcDbBlockReference
  2
gc120
 10
574393.7319673784
 20
2880448.709092416
 30
162.2634658319633
 41
0.5
 42
0.5
1001
south
1000
211100-1
  0
INSERT
  5
1368
102
{ACAD_XDICTIONARY
360
1369
102
}
330
1F
100
AcDbEntity
  8
ZBTZ
  6
Continuous
100
AcDbBlockReference
  2
gc120
 10
574403.7319673784
 20
2880448.709092416
 30
162.2092200194256
 41
0.5
 42
0.5
1001
south
1000
211100-1
  0
INSERT
  5
136B
102
{ACAD_XDICTIONARY
360
136C
102
}
330
1F
100
AcDbEntity
  8
ZBTZ
  6
Continuous
100
AcDbBlockReference
  2
gc120
 10
574378.7319673784
 20
2880453.709092416
 30
161.9997225625323
 41
0.5
 42
0.5
1001
south
1000
211100-1
  0
INSERT
  5
136E
102
{ACAD_XDICTIONARY
360
136F
102
}
330
1F
100
AcDbEntity
  8
ZBTZ
  6
Continuous
100
AcDbBlockReference
  2
gc120
 10
574388.7319673785
 20
2880453.709092416
 30
161.9997225625323
 41
0.5
 42
0.5
1001
south
1000
211100-1
  0
INSERT
  5
1371
102
{ACAD_XDICTIONARY
360
1372
102
}
330
1F
100
AcDbEntity
  8
ZBTZ
  6
Continuous
100
AcDbBlockReference
  2
gc120
 10
574398.7319673784
 20
2880453.709092416
 30
162.1840238464814
 41
0.5
 42
0.5
1001
south
1000
211100-1
  0
INSERT
  5
1374
102
{ACAD_XDICTIONARY
360
1375
102
}
330
1F
100
AcDbEntity
  8
ZBTZ
  6
Continuous
100
AcDbBlockReference
  2
gc120
 10
574408.7319673784
 20
2880453.709092416
 30
162.211874887207
 41
0.5
 42
0.5
1001
south
1000
211100-1
  0
INSERT
  5
1377
102
{ACAD_XDICTIONARY
360
1378
102
}
330
1F
100
AcDbEntity
  8
ZBTZ
  6
Continuous
100
AcDbBlockReference
  2
gc120
 10
574383.7319673784
 20
2880458.709092417
 30
161.9474796891014
 41
0.5
 42
0.5
1001
south
1000
211100-1
  0
INSERT
  5
137A
102
{ACAD_XDICTIONARY
360
137B
102
}
330
1F
100
AcDbEntity
  8
ZBTZ
  6
Continuous
100
AcDbBlockReference
  2
gc120
 10
574393.7319673784
 20
2880458.709092417
 30
161.9356511174133
 41
0.5
 42
0.5
1001
south
1000
211100-1
  0
INSERT
  5
137D
102
{ACAD_XDICTIONARY
360
137E
102
}
330
1F
100
AcDbEntity
  8
ZBTZ
  6
Continuous
100
AcDbBlockReference
  2
gc120
 10
574403.7319673784
 20
2880458.709092417
 30
161.9364284485435
 41
0.5
 42
0.5
1001
south
1000
211100-1
  0
INSERT
  5
1380
102
{ACAD_XDICTIONARY
360
1381
102
}
330
1F
100
AcDbEntity
  8
ZBTZ
  6
Continuous
100
AcDbBlockReference
  2
gc120
 10
574378.7319673784
 20
2880463.709092417
 30
161.8533297297215
 41
0.5
 42
0.5
1001
south
1000
211100-1
  0
INSERT
  5
1383
102
{ACAD_XDICTIONARY
360
1384
102
}
330
1F
100
AcDbEntity
  8
ZBTZ
  6
Continuous
100
AcDbBlockReference
  2
gc120
 10
574388.7319673785
 20
2880463.709092417
 30
161.8533402334244
 41
0.5
 42
0.5
1001
south
1000
211100-1
  0
INSERT
  5
1386
102
{ACAD_XDICTIONARY
360
1387
102
}
330
1F
100
AcDbEntity
  8
ZBTZ
  6
Continuous
100
AcDbBlockReference
  2
gc120
 10
574398.7319673784
 20
2880463.709092417
 30
161.9728289938866
 41
0.5
 42
0.5
1001
south
1000
211100-1
  0
INSERT
  5
1389
102
{ACAD_XDICTIONARY
360
138A
102
}
330
1F
100
AcDbEntity
  8
ZBTZ
  6
Continuous
100
AcDbBlockReference
  2
gc120
 10
574408.7319673784
 20
2880463.709092417
 30
161.9736063250169
 41
0.5
 42
0.5
1001
south
1000
211100-1
  0
INSERT
  5
138C
102
{ACAD_XDICTIONARY
360
138D
102
}
330
1F
100
AcDbEntity
  8
ZBTZ
  6
Continuous
100
AcDbBlockReference
  2
gc120
 10
574373.7319673784
 20
2880468.709092416
 30
161.8426023062854
 41
0.5
 42
0.5
1001
south
1000
211100-1
  0
INSERT
  5
138F
102
{ACAD_XDICTIONARY
360
1390
102
}
330
1F
100
AcDbEntity
  8
ZBTZ
  6
Continuous
100
AcDbBlockReference
  2
gc120
 10
574383.7319673784
 20
2880468.709092416
 30
161.8579985377737
 41
0.5
 42
0.5
1001
south
1000
211100-1
  0
INSERT
  5
1392
102
{ACAD_XDICTIONARY
360
1393
102
}
330
1F
100
AcDbEntity
  8
ZBTZ
  6
Continuous
100
AcDbBlockReference
  2
gc120
 10
574393.7319673784
 20
2880468.709092416
 30
161.8484489486048
 41
0.5
 42
0.5
1001
south
1000
211100-1
  0
INSERT
  5
1395
102
{ACAD_XDICTIONARY
360
1396
102
}
330
1F
100
AcDbEntity
  8
ZBTZ
  6
Continuous
100
AcDbBlockReference
  2
gc120
 10
574403.7319673784
 20
2880468.709092416
 30
162.0072673454879
 41
0.5
 42
0.5
1001
south
1000
211100-1
  0
INSERT
  5
1398
102
{ACAD_XDICTIONARY
360
1399
102
}
330
1F
100
AcDbEntity
  8
ZBTZ
  6
Continuous
100
AcDbBlockReference
  2
gc120
 10
574378.7319673784
 20
2880473.709092417
 30
161.862656842123
 41
0.5
 42
0.5
1001
south
1000
211100-1
  0
INSERT
  5
139B
102
{ACAD_XDICTIONARY
360
139C
102
}
330
1F
100
AcDbEntity
  8
ZBTZ
  6
Continuous
100
AcDbBlockReference
  2
gc120
 10
574388.7319673785
 20
2880473.709092417
 30
161.8531072529541
 41
0.5
 42
0.5
1001
south
1000
211100-1
  0
INSERT
  5
139E
102
{ACAD_XDICTIONARY
360
139F
102
}
330
1F
100
AcDbEntity
  8
ZBTZ
  6
Continuous
100
AcDbBlockReference
  2
gc120
 10
574398.7319673784
 20
2880473.709092417
 30
161.8435576637852
 41
0.5
 42
0.5
1001
south
1000
211100-1
  0
INSERT
  5
13A1
102
{ACAD_XDICTIONARY
360
13A2
102
}
330
1F
100
AcDbEntity
  8
ZBTZ
  6
Continuous
100
AcDbBlockReference
  2
gc120
 10
574408.7319673784
 20
2880473.709092417
 30
161.9151983413544
 41
0.5
 42
0.5
1001
south
1000
211100-1
  0
LWPOLYLINE
  5
13A4
102
{ACAD_XDICTIONARY
360
13A5
102
}
330
1F
100
AcDbEntity
  8
ZBTZ
  6
Continuous
100
AcDbPolyline
 90
        2
 70
   128
 43
0.1000021619955437
 38
161.9955436999574
 10
574374.68968709
 20
2880454.488700504
 10
574409.8999336959
 20
2880455.116669797
1001
S_GXRQ
1071
1718275279
1001
south
1000
211110
  0
TEXT
  5
13AD
330
1F
100
AcDbEntity
  8
YHG_文字
100
AcDbText
 10
574365.8868183941
 20
2880457.065298324
 30
163.0237566623025
 40
0.7000000000000001
  1
进场混凝土路
 50
3.399999999999999
 41
0.7
  7
TSSD_Rein
 72
     4
 11
574367.329458791
 21
2880457.504384867
 31
163.0237566623025
100
AcDbText
  0
LWPOLYLINE
  5
13AE
102
{ACAD_XDICTIONARY
360
13AF
102
}
330
1F
100
AcDbEntity
  8
DMTZ
  6
10411
100
AcDbPolyline
 90
       13
 70
   128
 38
162.8760789745816
 10
574347.7546138933
 20
2880400.223820687
 40
0.000002162876079
 41
0.000002162876079
 10
574346.1565348101
 20
2880406.535411896
 40
0.0000021632252461
 41
0.0000021632252461
 10
574345.3353839804
 20
2880414.016422108
 40
0.0000021630680294
 41
0.0000021630680294
 10
574345.2386939661
 20
2880419.707279489
 40
0.0000021622676419
 41
0.0000021622676419
 10
574346.8341497637
 20
2880425.111577002
 40
0.0000021631796965
 41
0.0000021631796965
 10
574345.6147951554
 20
2880433.186939472
 40
0.0000021627068422
 41
0.0000021627068422
 10
574345.8061173512
 20
2880442.237456584
 40
0.0000021619093153
 41
0.0000021619093153
 10
574345.1303339326
 20
2880452.058995057
 40
0.0000021609590268
 41
0.0000021609590268
 10
574345.8738383949
 20
2880468.790827908
 40
0.0000021625079882
 41
0.0000021625079882
 10
574344.1514218535
 20
2880475.252875532
 40
0.0000021618098131
 41
0.0000021618098131
 10
574343.7949339345
 20
2880481.961662442
 40
0.000002162277933
 41
0.000002162277933
 10
574340.1270491371
 20
2880491.202108069
 40
0.0000021619990823
 41
0.0000021619990823
 10
574336.0797836531
 20
2880503.766704101
 40
0.000002161438945
 41
0.000002161438945
1001
S_GXRQ
1071
1718275422
1001
south
1000
204201
1040
1.0
  0
LINE
  5
13B1
330
1F
100
AcDbEntity
  8
ZBTZ
  6
1161
100
AcDbLine
 10
574358.8577271844
 20
2880435.365728817
 30
162.3343290929564
 11
574346.1458340227
 21
2880436.335126594
 31
162.3343290929564
1001
S_GXRQ
1071
1718275512
1001
south
1000
211400
  0
LINE
  5
13B2
330
1F
100
AcDbEntity
  8
ZBTZ
  6
1161
100
AcDbLine
 10
574346.1458340227
 20
2880436.335126594
 30
162.3343290929564
 11
574346.5528200064
 21
2880443.460770186
 31
162.3343290929564
1001
S_GXRQ
1071
1718275512
1001
south
1000
211400
  0
LINE
  5
13B3
330
1F
100
AcDbEntity
  8
ZBTZ
  6
1161
100
AcDbLine
 10
574346.5528200064
 20
2880443.460770186
 30
162.3343290929564
 11
574346.2782218346
 21
2880451.53893114
 31
162.3343290929564
1001
S_GXRQ
1071
1718275512
1001
south
1000
211400
  0
LINE
  5
13B4
330
1F
100
AcDbEntity
  8
ZBTZ
  6
1161
100
AcDbLine
 10
574346.2782218346
 20
2880451.53893114
 30
162.3343290929564
 11
574345.7371244373
 21
2880458.841834951
 31
162.3343290929564
1001
S_GXRQ
1071
1718275512
1001
south
1000
211400
  0
LINE
  5
13B5
330
1F
100
AcDbEntity
  8
ZBTZ
  6
1161
100
AcDbLine
 10
574345.7371244373
 20
2880458.841834951
 30
162.3343290929564
 11
574346.5315221998
 21
2880464.683787001
 31
162.3343290929564
1001
S_GXRQ
1071
1718275512
1001
south
1000
211400
  0
LINE
  5
13B6
330
1F
100
AcDbEntity
  8
ZBTZ
  6
1161
100
AcDbLine
 10
574344.3320994161
 20
2880481.588504175
 30
162.3343290929564
 11
574366.5682076863
 21
2880481.679046403
 31
162.3343290929564
1001
S_GXRQ
1071
1718275512
1001
south
1000
211400
  0
LINE
  5
13B7
330
1F
100
AcDbEntity
  8
ZBTZ
  6
1161
100
AcDbLine
 10
574366.5682076863
 20
2880481.679046403
 30
162.3343290929564
 11
574367.3877316432
 21
2880474.336211169
 31
162.3343290929564
1001
S_GXRQ
1071
1718275512
1001
south
1000
211400
  0
LINE
  5
13B8
330
1F
100
AcDbEntity
  8
ZBTZ
  6
1161
100
AcDbLine
 10
574367.3877316432
 20
2880474.336211169
 30
162.3343290929564
 11
574368.0016220331
 21
2880466.82437115
 31
162.3343290929564
1001
S_GXRQ
1071
1718275512
1001
south
1000
211400
  0
LINE
  5
13B9
330
1F
100
AcDbEntity
  8
ZBTZ
  6
1161
100
AcDbLine
 10
574368.0016220331
 20
2880466.82437115
 30
162.3343290929564
 11
574368.4232543142
 21
2880456.191990092
 31
162.3343290929564
1001
S_GXRQ
1071
1718275512
1001
south
1000
211400
  0
LINE
  5
13BA
330
1F
100
AcDbEntity
  8
ZBTZ
  6
1161
100
AcDbLine
 10
574368.4232543142
 20
2880456.191990092
 30
162.3343290929564
 11
574367.8231980477
 21
2880452.6623649
 31
162.3343290929564
1001
S_GXRQ
1071
1718275512
1001
south
1000
211400
  0
LINE
  5
13BB
330
1F
100
AcDbEntity
  8
ZBTZ
  6
1161
100
AcDbLine
 10
574367.8231980477
 20
2880452.6623649
 30
162.3343290929564
 11
574366.1703909793
 21
2880445.952302127
 31
162.3343290929564
1001
S_GXRQ
1071
1718275512
1001
south
1000
211400
  0
LINE
  5
13BC
330
1F
100
AcDbEntity
  8
ZBTZ
  6
1161
100
AcDbLine
 10
574366.1703909793
 20
2880445.952302127
 30
162.3343290929564
 11
574361.448914235
 21
2880438.951389228
 31
162.3343290929564
1001
S_GXRQ
1071
1718275512
1001
south
1000
211400
  0
LINE
  5
13BD
330
1F
100
AcDbEntity
  8
ZBTZ
  6
1161
100
AcDbLine
 10
574361.448914235
 20
2880438.951389228
 30
162.3343290929564
 11
574359.9935398372
 21
2880437.171522078
 31
162.3343290929564
1001
S_GXRQ
1071
1718275512
1001
south
1000
211400
  0
LINE
  5
13BE
330
1F
100
AcDbEntity
  8
ZBTZ
  6
1161
100
AcDbLine
 10
574359.9935398372
 20
2880437.171522078
 30
162.3343290929564
 11
574358.8577271844
 21
2880435.365728817
 31
162.3343290929564
1001
S_GXRQ
1071
1718275512
1001
south
1000
211400
  0
LWPOLYLINE
  5
13BF
102
{ACAD_XDICTIONARY
360
13C0
102
}
330
1F
100
AcDbEntity
  8
ZBTZ
  6
Continuous
100
AcDbPolyline
 90
       26
 70
   129
 38
162.3241960920155
 10
574349.6440225616
 20
2880397.782322528
 40
0.0000021623241961
 41
0.0000021623241961
 10
574347.8815872119
 20
2880399.231169349
 40
0.000002162849915
 41
0.000002162849915
 10
574347.8260450014
 20
2880400.727804568
 40
0.0000021627067284
 41
0.0000021627067284
 10
574346.4923153664
 20
2880406.435125177
 40
0.0000021629630491
 41
0.0000021629630491
 10
574345.7432128082
 20
2880413.499550757
 40
0.0000021629769218
 41
0.0000021629769218
 10
574345.5949636232
 20
2880417.844094118
 40
0.0000021624937372
 41
0.0000021624937372
 10
574345.6327305128
 20
2880420.108760433
 40
0.0000021625467005
 41
0.0000021625467005
 10
574346.7197751433
 20
2880424.00269124
 40
0.0000021628877961
 41
0.0000021628877961
 10
574347.2264184052
 20
2880425.761046374
 40
0.0000021620994231
 41
0.0000021620994231
 10
574346.0726199423
 20
2880432.413447505
 40
0.000002163106329
 41
0.000002163106329
 10
574345.9407933166
 20
2880436.011352672
 40
0.0000021622364712
 41
0.0000021622364712
 10
574352.2274578754
 20
2880435.591937352
 40
0.0000021626497835
 41
0.0000021626497835
 10
574358.2278197354
 20
2880435.105914687
 40
0.0000021623857836
 41
0.0000021623857836
 10
574355.1938642599
 20
2880431.856969517
 40
0.0000021624625549
 41
0.0000021624625549
 10
574354.2043347622
 20
2880428.967722537
 40
0.000002162475222
 41
0.000002162475222
 10
574354.0047340547
 20
2880426.117622452
 40
0.0000021625656238
 41
0.0000021625656238
 10
574354.103039393
 20
2880423.467671977
 40
0.000002162444891
 41
0.000002162444891
 10
574352.894718135
 20
2880422.564491482
 40
0.0000021624473657
 41
0.0000021624473657
 10
574351.74637312
 20
2880419.849889396
 40
0.0000021622876649
 41
0.0000021622876649
 10
574350.5885185435
 20
2880417.367651044
 40
0.0000021622901675
 41
0.0000021622901675
 10
574349.5540429961
 20
2880412.749850573
 40
0.0000021622536483
 41
0.0000021622536483
 10
574348.7551869314
 20
2880408.83455757
 40
0.0000021624166822
 41
0.0000021624166822
 10
574348.8441805865
 20
2880405.916421325
 40
0.0000021621505312
 41
0.0000021621505312
 10
574349.0128864202
 20
2880403.135726648
 40
0.0000021621390637
 41
0.0000021621390637
 10
574350.4840297911
 20
2880401.51589164
 40
0.0000021621770966
 41
0.0000021621770966
 10
574350.2616406626
 20
2880399.352809968
 40
0.0000021622551046
 41
0.0000021622551046
1001
S_GXRQ
1071
1718275559
1001
south
1000
214100
  0
INSERT
  5
13C2
102
{ACAD_XDICTIONARY
360
13C3
102
}
330
1F
100
AcDbEntity
  8
ZBTZ
  6
Continuous
100
AcDbBlockReference
  2
gc121
 10
574350.5949636232
 20
2880422.782322528
 30
162.4096896022146
 41
0.5
 42
0.5
1001
south
1000
214100-1
  0
INSERT
  5
13C5
102
{ACAD_XDICTIONARY
360
13C6
102
}
330
1F
100
AcDbEntity
  8
ZBTZ
  6
Continuous
100
AcDbBlockReference
  2
gc121
 10
574350.5949636232
 20
2880432.782322528
 30
162.5552006466193
 41
0.5
 42
0.5
1001
south
1000
214100-1
  0
INSERT
  5
13C8
102
{ACAD_XDICTIONARY
360
13C9
102
}
330
1F
100
AcDbEntity
  8
ZBTZ
  6
Continuous
100
AcDbBlockReference
  2
gc121
 10
574348.3401303404
 20
2880416.741938098
 30
162.4096896022146
 41
0.5
 42
0.5
1001
south
1000
214100-1
1001
S_GXRQ
1071
1718275594
  0
INSERT
  5
13CB
102
{ACAD_XDICTIONARY
360
13CC
102
}
330
1F
100
AcDbEntity
  8
ZBTZ
  6
Continuous
100
AcDbBlockReference
  2
gc121
 10
574347.5348451603
 20
2880406.835747733
 30
162.4096896022146
 41
0.5
 42
0.5
1001
south
1000
214100-1
1001
S_GXRQ
1071
1718275594
  0
INSERT
  5
13CE
102
{ACAD_XDICTIONARY
360
13CF
102
}
330
1F
100
AcDbEntity
  8
ZBTZ
  6
Continuous
100
AcDbBlockReference
  2
gc121
 10
574348.6541324381
 20
2880428.272299146
 30
162.5552006466193
 41
0.5
 42
0.5
1001
south
1000
214100-1
1001
S_GXRQ
1071
1718275606
  0
INSERT
  5
13D1
102
{ACAD_XDICTIONARY
360
13D2
102
}
330
1F
100
AcDbEntity
  8
ZBTZ
  6
Continuous
100
AcDbBlockReference
  2
gc121
 10
574355.9036987969
 20
2880434.323711142
 30
162.5552006466193
 41
0.5
 42
0.5
1001
south
1000
214100-1
1001
S_GXRQ
1071
1718275606
  0
INSERT
  5
13D4
102
{ACAD_XDICTIONARY
360
13D5
102
}
330
1F
100
AcDbEntity
  8
ZBTZ
  6
Continuous
100
AcDbBlockReference
  2
gc121
 10
574351.9078775581
 20
2880426.21709046
 30
162.5552006466193
 41
0.5
 42
0.5
1001
south
1000
214100-1
1001
S_GXRQ
1071
1718275607
  0
INSERT
  5
13D7
102
{ACAD_XDICTIONARY
360
13D8
102
}
330
1F
100
AcDbEntity
  8
ZBTZ
  6
Continuous
100
AcDbBlockReference
  2
gc121
 10
574360.7873668421
 20
2880427.89072726
 30
325.0057752266341
 41
0.5
 42
0.5
1001
south
1000
214100-1
1001
S_GXRQ
1071
1718275608
  0
INSERT
  5
13DA
102
{ACAD_XDICTIONARY
360
13DB
102
}
330
1F
100
AcDbEntity
  8
ZBTZ
  6
Continuous
100
AcDbBlockReference
  2
gc121
 10
574362.5395179773
 20
2880431.983137291
 30
325.1520529694444
 41
0.5
 42
0.5
1001
south
1000
214100-1
1001
S_GXRQ
1071
1718275608
  0
INSERT
  5
13DD
102
{ACAD_XDICTIONARY
360
13DE
102
}
330
1F
100
AcDbEntity
  8
ZBTZ
  6
Continuous
100
AcDbBlockReference
  2
gc121
 10
574365.4837480544
 20
2880436.825694383
 30
324.6433329518386
 41
0.5
 42
0.5
1001
south
1000
214100-1
1001
S_GXRQ
1071
1718275611
  0
LWPOLYLINE
  5
13E0
102
{ACAD_XDICTIONARY
360
13E1
102
}
330
1F
100
AcDbEntity
  8
JMD
  6
444
100
AcDbPolyline
 90
        8
 70
   128
 38
162.8356772397125
 10
574349.6662860589
 20
2880397.547088536
 40
0.0000021628356772
 41
0.0000021628356772
 10
574347.4887595952
 20
2880391.205463638
 40
0.0000021627862224
 41
0.0000021627862224
 10
574346.36327267
 20
2880388.194312104
 40
0.0000021629480852
 41
0.0000021629480852
 10
574344.4039807393
 20
2880384.055967848
 40
0.0000021628134992
 41
0.0000021628134992
 10
574343.3726642685
 20
2880382.227545791
 40
0.0000021627926206
 41
0.0000021627926206
 10
574341.3998382129
 20
2880378.610038058
 40
0.0000021625829706
 41
0.0000021625829706
 10
574339.4410335778
 20
2880376.103013568
 40
0.0000021628903045
 41
0.0000021628903045
 10
574334.2161182824
 20
2880370.013334026
 40
0.0000021623255267
 41
0.0000021623255267
1001
S_GXRQ
1071
1718275651
1001
south
1000
144400
  0
INSERT
  5
13E3
102
{ACAD_XDICTIONARY
360
13E4
102
}
330
1F
100
AcDbEntity
  8
GXYZ
  6
Continuous
 62
     2
100
AcDbBlockReference
  2
gc170
 10
574352.4275160576
 20
2880378.155953067
 30
326.7122293199289
 41
0.5
 42
0.5
1001
south
1000
171300
1001
S_GXRQ
1071
1718275719
  0
LWPOLYLINE
  5
13E6
102
{ACAD_XDICTIONARY
360
13E7
102
}
330
1F
100
AcDbEntity
  8
JMD
  6
444
100
AcDbPolyline
 90
        4
 70
   128
 38
162.6601714845924
 10
574314.6781836066
 20
2880350.096285913
 40
0.0000021626601715
 41
0.0000021626601715
 10
574305.2197695632
 20
2880344.015601033
 40
0.0000021629707804
 41
0.0000021629707804
 10
574301.7996173622
 20
2880342.387006193
 40
0.0000021629267766
 41
0.0000021629267766
 10
574300.8405979695
 20
2880341.928321529
 40
0.0000021632048038
 41
0.0000021632048038
1001
S_GXRQ
1071
1718275750
1001
south
1000
144400
  0
LWPOLYLINE
  5
13E9
102
{ACAD_XDICTIONARY
360
13EA
102
}
330
1F
100
AcDbEntity
  8
JMD
  6
444
100
AcDbPolyline
 90
       11
 70
   128
 38
162.6046545099643
 10
574293.0548501997
 20
2880339.308834045
 40
0.0000021626046545
 41
0.0000021626046545
 10
574290.5212218463
 20
2880337.098387646
 40
0.0000021627051726
 41
0.0000021627051726
 10
574289.4685462534
 20
2880336.050593752
 40
0.0000021629034721
 41
0.0000021629034721
 10
574286.9163813892
 20
2880333.554633812
 40
0.0000021626905907
 41
0.0000021626905907
 10
574285.0786536248
 20
2880331.930841395
 40
0.000002162583602
 41
0.000002162583602
 10
574272.5252613254
 20
2880321.839537458
 40
0.0000021634280064
 41
0.0000021634280064
 10
574268.6947259789
 20
2880319.255418618
 40
0.0000021634040749
 41
0.0000021634040749
 10
574262.1071828637
 20
2880314.579882724
 40
0.0000021634616376
 41
0.0000021634616376
 10
574256.1713267424
 20
2880310.018048504
 40
0.0000021639610043
 41
0.0000021639610043
 10
574254.8867854523
 20
2880309.065971081
 40
0.0000021637045426
 41
0.0000021637045426
 10
574253.2419317378
 20
2880307.420042438
 40
0.0000021635125246
 41
0.0000021635125246
1001
S_GXRQ
1071
1718275767
1001
south
1000
144400
  0
LWPOLYLINE
  5
13EC
102
{ACAD_XDICTIONARY
360
13ED
102
}
330
1F
100
AcDbEntity
  8
JMD
  6
Continuous
100
AcDbPolyline
 90
        4
 70
   129
 43
0.0000021744704059
 38
174.4704058769026
 10
574319.5731426284
 20
2880364.946275232
 10
574321.4763291322
 20
2880363.009006511
 10
574317.7545460151
 20
2880359.352700432
 10
574315.839449196
 20
2880361.278268373
1001
S_GXRQ
1071
1718275847
1001
south
1000
141500
  0
LINE
  5
13EF
330
1F
100
AcDbEntity
  8
JMD
  6
Continuous
100
AcDbLine
 10
574319.5731426284
 20
2880364.946275232
 30
174.4704058769026
 11
574319.5687055408
 21
2880364.44629492
 31
174.4704058769026
1001
south
1000
141500-1
1001
S_GXRQ
1071
1718275856
  0
LINE
  5
13F0
330
1F
100
AcDbEntity
  8
JMD
  6
Continuous
100
AcDbLine
 10
574321.4763291322
 20
2880363.009006511
 30
174.4704058769026
 11
574320.9763488204
 21
2880363.0134436
 31
174.4704058769026
1001
south
1000
141500-1
1001
S_GXRQ
1071
1718275856
  0
LINE
  5
13F1
330
1F
100
AcDbEntity
  8
JMD
  6
Continuous
100
AcDbLine
 10
574317.7545460151
 20
2880359.352700432
 30
174.4704058769026
 11
574317.7574461659
 21
2880359.852692021
 31
174.4704058769026
1001
south
1000
141500-1
1001
S_GXRQ
1071
1718275856
  0
LINE
  5
13F2
330
1F
100
AcDbEntity
  8
JMD
  6
Continuous
100
AcDbLine
 10
574315.839449196
 20
2880361.278268373
 30
174.4704058769026
 11
574316.3394407851
 21
2880361.275368223
 31
174.4704058769026
1001
south
1000
141500-1
1001
S_GXRQ
1071
1718275856
  0
LWPOLYLINE
  5
13F6
102
{ACAD_XDICTIONARY
360
13F7
102
}
330
1F
100
AcDbEntity
  8
DMTZ
  6
10421
100
AcDbPolyline
 90
        6
 70
   128
 38
163.4974914970145
 10
574312.2972068086
 20
2880339.071418256
 40
0.0000021634974915
 41
0.0000021634974915
 10
574313.0216641535
 20
2880342.360136674
 40
0.000002162838543
 41
0.000002162838543
 10
574317.5547032545
 20
2880345.952982146
 40
0.0000021629204725
 41
0.0000021629204725
 10
574322.8559323354
 20
2880350.309971007
 40
0.0000021634230855
 41
0.0000021634230855
 10
574324.9617577023
 20
2880352.726734461
 40
0.0000021631717488
 41
0.0000021631717488
 10
574332.6840277505
 20
2880361.05915159
 40
0.0000021627767399
 41
0.0000021627767399
1001
S_GXRQ
1071
1718276087
1001
south
1000
204201
1040
1.0
  0
LWPOLYLINE
  5
13F9
102
{ACAD_XDICTIONARY
360
13FA
102
}
330
1F
100
AcDbEntity
  8
ZBTZ
  6
1161
100
AcDbPolyline
 90
       28
 70
   129
 38
164.4916855429296
 10
574316.873031338
 20
2880336.119073829
 40
0.0000021644916855
 41
0.0000021644916855
 10
574322.7354347056
 20
2880333.890068864
 40
0.0000021645598899
 41
0.0000021645598899
 10
574329.4637584931
 20
2880331.190996723
 40
0.0000021661250126
 41
0.0000021661250126
 10
574333.6591282861
 20
2880330.467210617
 40
0.0000021670854244
 41
0.0000021670854244
 10
574337.2260763161
 20
2880327.702740676
 40
0.0000021675416633
 41
0.0000021675416633
 10
574339.8981270143
 20
2880326.211005246
 40
0.0000021676687918
 41
0.0000021676687918
 10
574346.2814958999
 20
2880323.128823309
 40
0.0000021675760509
 41
0.0000021675760509
 10
574351.0919945771
 20
2880324.333793946
 40
0.000002166863348
 41
0.000002166863348
 10
574354.793031659
 20
2880330.830773406
 40
0.0000021666875419
 41
0.0000021666875419
 10
574357.4151574471
 20
2880337.313925216
 40
0.0000021639438475
 41
0.0000021639438475
 10
574359.2544707302
 20
2880343.540099097
 40
0.000002163820176
 41
0.000002163820176
 10
574360.9678236472
 20
2880350.142426187
 40
0.0000021636281142
 41
0.0000021636281142
 10
574360.0526943386
 20
2880351.263168508
 40
0.0000021635287105
 41
0.0000021635287105
 10
574347.0317339569
 20
2880358.656727977
 40
0.0000021627544716
 41
0.0000021627544716
 10
574339.3437272422
 20
2880363.136096769
 40
0.0000021627161253
 41
0.0000021627161253
 10
574338.2892091579
 20
2880365.329769528
 40
0.0000021624963552
 41
0.0000021624963552
 10
574337.4717012355
 20
2880367.245875723
 40
0.0000021625036321
 41
0.0000021625036321
 10
574332.8147392804
 20
2880361.167291379
 40
0.0000021627526971
 41
0.0000021627526971
 10
574332.535046188
 20
2880360.532740797
 40
0.0000021630108322
 41
0.0000021630108322
 10
574325.9459431754
 20
2880353.305404105
 40
0.0000021634330987
 41
0.0000021634330987
 10
574323.5648883953
 20
2880350.830597164
 40
0.000002163542293
 41
0.000002163542293
 10
574322.813613337
 20
2880350.143409805
 40
0.0000021634660993
 41
0.0000021634660993
 10
574320.5899608557
 20
2880348.154908245
 40
0.0000021634129811
 41
0.0000021634129811
 10
574316.0243842289
 20
2880344.423370333
 40
0.000002163276478
 41
0.000002163276478
 10
574313.4472040974
 20
2880342.398863378
 40
0.0000021631937752
 41
0.0000021631937752
 10
574312.7254616565
 20
2880340.518950685
 40
0.0000021634056254
 41
0.0000021634056254
 10
574312.4422955718
 20
2880339.164390854
 40
0.0000021635055424
 41
0.0000021635055424
 10
574315.0897860469
 20
2880336.874656005
 40
0.0000021641061051
 41
0.0000021641061051
1001
S_GXRQ
1071
1718276145
1001
south
1000
207800
  0
TEXT
  5
13FC
102
{ACAD_XDICTIONARY
360
13FD
102
}
330
1F
100
AcDbEntity
  8
ZBTZ
  6
1161
100
AcDbText
 10
574336.5706136181
 20
2880342.761375258
 30
164.4916855429297
 40
1.25
  1
裸土地
 72
     4
 11
574339.1899860601
 21
2880343.385522597
 31
164.4916855429297
100
AcDbText
1001
south
1000
200009
  0
INSERT
  5
13FF
330
1F
100
AcDbEntity
  8
ZBTZ
  6
Continuous
100
AcDbBlockReference
  2
gc123
 10
574334.177968694
 20
2880323.464808104
 30
169.0548645702302
 41
0.5
 42
0.5
1001
south
1000
211401
1001
S_GXRQ
1071
1718276217
  0
INSERT
  5
1400
330
1F
100
AcDbEntity
  8
ZBTZ
  6
Continuous
100
AcDbBlockReference
  2
gc123
 10
574332.5039203355
 20
2880326.601515617
 30
337.9339584623571
 41
0.5
 42
0.5
1001
south
1000
211401
1001
S_GXRQ
1071
1718276221
  0
INSERT
  5
1401
330
1F
100
AcDbEntity
  8
ZBTZ
  6
Continuous
100
AcDbBlockReference
  2
gc123
 10
574337.256731721
 20
2880324.168070816
 30
338.464809510373
 41
0.5
 42
0.5
1001
south
1000
211401
1001
S_GXRQ
1071
1718276221
  0
INSERT
  5
1402
330
1F
100
AcDbEntity
  8
ZBTZ
  6
Continuous
100
AcDbBlockReference
  2
gc123
 10
574334.3663099537
 20
2880320.595756329
 30
338.3804368678569
 41
0.5
 42
0.5
1001
south
1000
211401
1001
S_GXRQ
1071
1718276222
  0
INSERT
  5
1403
330
1F
100
AcDbEntity
  8
ZBTZ
  6
Continuous
100
AcDbBlockReference
  2
gc123
 10
574339.0529045623
 20
2880323.748896326
 30
338.2038171020223
 41
0.5
 42
0.5
1001
south
1000
211401
1001
S_GXRQ
1071
1718276222
  0
INSERT
  5
1404
330
1F
100
AcDbEntity
  8
ZBTZ
  6
Continuous
100
AcDbBlockReference
  2
gc123
 10
574333.963371635
 20
2880326.039162647
 30
338.1630616959443
 41
0.5
 42
0.5
1001
south
1000
211401
1001
S_GXRQ
1071
1718276227
  0
INSERT
  5
1405
330
1F
100
AcDbEntity
  8
ZBTZ
  6
Continuous
100
AcDbBlockReference
  2
gc123
 10
574332.5107864661
 20
2880321.968794033
 30
338.0391046402071
 41
0.5
 42
0.5
1001
south
1000
211401
1001
S_GXRQ
1071
1718276228
  0
INSERT
  5
1406
330
1F
100
AcDbEntity
  8
ZBTZ
  6
Continuous
100
AcDbBlockReference
  2
gc123
 10
574328.8093451763
 20
2880326.993807413
 30
341.1324474671417
 41
0.5
 42
0.5
1001
south
1000
211401
1001
S_GXRQ
1071
1718276230
  0
LWPOLYLINE
  5
141E
102
{ACAD_XDICTIONARY
360
141F
102
}
330
1F
100
AcDbEntity
  8
DMTZ
  6
10411
100
AcDbPolyline
 90
       13
 70
   128
 38
162.0292692182004
 10
574296.053494589
 20
2880345.274883512
 40
0.0000021620292692
 41
0.0000021620292692
 10
574298.1731451394
 20
2880347.513318663
 40
0.000002162518873
 41
0.000002162518873
 10
574311.242871644
 20
2880356.501831725
 40
0.0000021620318715
 41
0.0000021620318715
 10
574313.6381279554
 20
2880359.329340757
 40
0.0000021609858177
 41
0.0000021609858177
 10
574314.024908992
 20
2880361.383703545
 40
0.0000021621965044
 41
0.0000021621965044
 10
574319.7262676249
 20
2880366.529838261
 40
0.0000021621233471
 41
0.0000021621233471
 10
574321.8327756039
 20
2880366.410319989
 40
0.000002162422109
 41
0.000002162422109
 10
574325.2559782864
 20
2880366.678296124
 40
0.0000021630141101
 41
0.0000021630141101
 10
574331.1427677159
 20
2880372.588533806
 40
0.0000021637909121
 41
0.0000021637909121
 10
574337.8891904063
 20
2880379.453156294
 40
0.0000021614505515
 41
0.0000021614505515
 10
574340.8951977885
 20
2880384.26679067
 40
0.0000021620896857
 41
0.0000021620896857
 10
574345.8836294291
 20
2880393.708983183
 40
0.000002162181473
 41
0.000002162181473
 10
574347.7151767471
 20
2880400.226608138
 40
0.0000021628947277
 41
0.0000021628947277
1001
S_GXRQ
1071
1718276859
1001
south
1000
204101
  0
LWPOLYLINE
  5
1421
102
{ACAD_XDICTIONARY
360
1422
102
}
330
1F
100
AcDbEntity
  8
ZBTZ
  6
Continuous
100
AcDbPolyline
 90
       31
 70
   129
 38
157.7375341848151
 10
574288.5080962565
 20
2880355.209555978
 40
0.0000021577375342
 41
0.0000021577375342
 10
574286.9845290235
 20
2880355.821236042
 40
0.0000021576320543
 41
0.0000021576320543
 10
574286.9008728696
 20
2880356.810470389
 40
0.0000021577051286
 41
0.0000021577051286
 10
574287.9826191334
 20
2880358.720774238
 40
0.0000021577921997
 41
0.0000021577921997
 10
574290.3775251752
 20
2880359.480629615
 40
0.0000021580169594
 41
0.0000021580169594
 10
574292.3400247805
 20
2880363.732114129
 40
0.0000021577155168
 41
0.0000021577155168
 10
574296.2030939022
 20
2880367.778541724
 40
0.0000021580662411
 41
0.0000021580662411
 10
574299.4935964929
 20
2880370.487811322
 40
0.0000021581189557
 41
0.0000021581189557
 10
574302.2991717851
 20
2880370.471682724
 40
0.0000021585335501
 41
0.0000021585335501
 10
574306.619470614
 20
2880377.733932882
 40
0.0000021582284806
 41
0.0000021582284806
 10
574311.7638668458
 20
2880386.115658704
 40
0.0000021585825267
 41
0.0000021585825267
 10
574313.7158042281
 20
2880389.122123136
 40
0.000002158239044
 41
0.000002158239044
 10
574317.9702620555
 20
2880396.9075375
 40
0.0000021606334112
 41
0.0000021606334112
 10
574322.6379052682
 20
2880403.350883406
 40
0.0000021581124386
 41
0.0000021581124386
 10
574324.7621804248
 20
2880404.287747433
 40
0.000002158199265
 41
0.000002158199265
 10
574330.3245138868
 20
2880419.665795452
 40
0.0000021599742276
 41
0.0000021599742276
 10
574331.7574307793
 20
2880424.563273786
 40
0.0000021583963214
 41
0.0000021583963214
 10
574336.3832701188
 20
2880422.248285642
 40
0.0000021581975655
 41
0.0000021581975655
 10
574331.6430384382
 20
2880408.871015835
 40
0.0000021585474784
 41
0.0000021585474784
 10
574330.8662806363
 20
2880406.26402215
 40
0.0000021580767389
 41
0.0000021580767389
 10
574335.925154564
 20
2880407.364487922
 40
0.0000021582707374
 41
0.0000021582707374
 10
574336.2257807604
 20
2880406.835045004
 40
0.0000021584330578
 41
0.0000021584330578
 10
574330.1465005586
 20
2880392.545909653
 40
0.0000021598171257
 41
0.0000021598171257
 10
574323.8917201632
 20
2880382.193390328
 40
0.0000021724930475
 41
0.0000021724930475
 10
574317.2109892997
 20
2880376.564622555
 40
0.0000021643938648
 41
0.0000021643938648
 10
574311.2221361723
 20
2880372.415799792
 40
0.0000021582009114
 41
0.0000021582009114
 10
574305.490388199
 20
2880366.131732806
 40
0.0000021578899423
 41
0.0000021578899423
 10
574300.0150446121
 20
2880362.892338343
 40
0.0000021577633159
 41
0.0000021577633159
 10
574295.9641958822
 20
2880359.711955443
 40
0.0000021579649152
 41
0.0000021579649152
 10
574291.312091568
 20
2880357.590452521
 40
0.0000021576743781
 41
0.0000021576743781
 10
574288.9507719993
 20
2880355.830217542
 40
0.0000021579419568
 41
0.0000021579419568
1001
S_GXRQ
1071
1718277044
1001
south
1000
214100
  0
INSERT
  5
1424
102
{ACAD_XDICTIONARY
360
1425
102
}
330
1F
100
AcDbEntity
  8
ZBTZ
  6
Continuous
100
AcDbBlockReference
  2
gc121
 10
574291.9008728697
 20
2880360.209555977
 30
157.9332544133472
 41
0.5
 42
0.5
1001
south
1000
214100-1
  0
INSERT
  5
1427
102
{ACAD_XDICTIONARY
360
1428
102
}
330
1F
100
AcDbEntity
  8
ZBTZ
  6
Continuous
100
AcDbBlockReference
  2
gc121
 10
574296.9008728696
 20
2880365.209555979
 30
157.9799560322149
 41
0.5
 42
0.5
1001
south
1000
214100-1
  0
INSERT
  5
142A
102
{ACAD_XDICTIONARY
360
142B
102
}
330
1F
100
AcDbEntity
  8
ZBTZ
  6
Continuous
100
AcDbBlockReference
  2
gc121
 10
574301.9008728697
 20
2880370.209555978
 30
158.4749160626746
 41
0.5
 42
0.5
1001
south
1000
214100-1
  0
INSERT
  5
142D
102
{ACAD_XDICTIONARY
360
142E
102
}
330
1F
100
AcDbEntity
  8
ZBTZ
  6
Continuous
100
AcDbBlockReference
  2
gc121
 10
574306.9008728697
 20
2880375.209555978
 30
158.3016103401254
 41
0.5
 42
0.5
1001
south
1000
214100-1
  0
INSERT
  5
1430
102
{ACAD_XDICTIONARY
360
1431
102
}
330
1F
100
AcDbEntity
  8
ZBTZ
  6
Continuous
100
AcDbBlockReference
  2
gc121
 10
574311.9008728696
 20
2880380.209555978
 30
158.4038949934556
 41
0.5
 42
0.5
1001
south
1000
214100-1
  0
INSERT
  5
1433
102
{ACAD_XDICTIONARY
360
1434
102
}
330
1F
100
AcDbEntity
  8
ZBTZ
  6
Continuous
100
AcDbBlockReference
  2
gc121
 10
574316.9008728696
 20
2880385.209555978
 30
158.3873007584936
 41
0.5
 42
0.5
1001
south
1000
214100-1
  0
INSERT
  5
1436
102
{ACAD_XDICTIONARY
360
1437
102
}
330
1F
100
AcDbEntity
  8
ZBTZ
  6
Continuous
100
AcDbBlockReference
  2
gc121
 10
574321.9008728697
 20
2880390.209555979
 30
166.381513825326
 41
0.5
 42
0.5
1001
south
1000
214100-1
  0
INSERT
  5
1439
102
{ACAD_XDICTIONARY
360
143A
102
}
330
1F
100
AcDbEntity
  8
ZBTZ
  6
Continuous
100
AcDbBlockReference
  2
gc121
 10
574326.9008728696
 20
2880395.209555977
 30
159.711915258061
 41
0.5
 42
0.5
1001
south
1000
214100-1
  0
INSERT
  5
143C
102
{ACAD_XDICTIONARY
360
143D
102
}
330
1F
100
AcDbEntity
  8
ZBTZ
  6
Continuous
100
AcDbBlockReference
  2
gc121
 10
574321.9008728697
 20
2880400.209555978
 30
159.055494089353
 41
0.5
 42
0.5
1001
south
1000
214100-1
  0
INSERT
  5
143F
102
{ACAD_XDICTIONARY
360
1440
102
}
330
1F
100
AcDbEntity
  8
ZBTZ
  6
Continuous
100
AcDbBlockReference
  2
gc121
 10
574331.9008728697
 20
2880400.209555978
 30
159.1273665055311
 41
0.5
 42
0.5
1001
south
1000
214100-1
  0
INSERT
  5
1442
102
{ACAD_XDICTIONARY
360
1443
102
}
330
1F
100
AcDbEntity
  8
ZBTZ
  6
Continuous
100
AcDbBlockReference
  2
gc121
 10
574326.9008728696
 20
2880405.209555977
 30
158.3723099580975
 41
0.5
 42
0.5
1001
south
1000
214100-1
  0
INSERT
  5
1445
102
{ACAD_XDICTIONARY
360
1446
102
}
330
1F
100
AcDbEntity
  8
ZBTZ
  6
Continuous
100
AcDbBlockReference
  2
gc121
 10
574331.9008728697
 20
2880410.209555978
 30
158.5161432449793
 41
0.5
 42
0.5
1001
south
1000
214100-1
  0
INSERT
  5
1448
102
{ACAD_XDICTIONARY
360
1449
102
}
330
1F
100
AcDbEntity
  8
ZBTZ
  6
Continuous
100
AcDbBlockReference
  2
gc121
 10
574331.9008728697
 20
2880420.209555978
 30
159.7570858711474
 41
0.5
 42
0.5
1001
south
1000
214100-1
  0
LWPOLYLINE
  5
144B
102
{ACAD_XDICTIONARY
360
144C
102
}
330
1F
100
AcDbEntity
  8
ZBTZ
  6
1161
100
AcDbPolyline
 90
       11
 70
   129
 38
157.7594188694992
 10
574336.4237232807
 20
2880422.210738601
 40
0.0000021577594189
 41
0.0000021577594189
 10
574337.3134293019
 20
2880424.271634944
 40
0.0000021582133867
 41
0.0000021582133867
 10
574337.8334531349
 20
2880426.974002595
 40
0.0000021583071205
 41
0.0000021583071205
 10
574337.124835698
 20
2880435.789954388
 40
0.0000021580729968
 41
0.0000021580729968
 10
574335.851562164
 20
2880436.680409957
 40
0.0000021581533402
 41
0.0000021581533402
 10
574329.5252581099
 20
2880435.778921416
 40
0.0000021579758541
 41
0.0000021579758541
 10
574329.974138133
 20
2880432.869941486
 40
0.0000021581115415
 41
0.0000021581115415
 10
574332.0651660352
 20
2880429.216919712
 40
0.0000021585840877
 41
0.0000021585840877
 10
574332.6200841069
 20
2880427.860721381
 40
0.0000021581694202
 41
0.0000021581694202
 10
574331.2989520432
 20
2880426.679560181
 40
0.0000021580175854
 41
0.0000021580175854
 10
574331.7964935069
 20
2880425.054312983
 40
0.0000021583944857
 41
0.0000021583944857
1001
S_GXRQ
1071
1718277134
1001
south
1000
216100
  0
INSERT
  5
144E
330
1F
100
AcDbEntity
  8
ZBTZ
  6
Continuous
100
AcDbBlockReference
  2
gc208
 10
574306.3037433459
 20
2880348.027176084
 30
175.0351412892257
 41
0.5
 42
0.5
1001
south
1000
213301
1001
S_GXRQ
1071
1718277212
  0
INSERT
  5
144F
330
1F
100
AcDbEntity
  8
ZBTZ
  6
Continuous
100
AcDbBlockReference
  2
gc208
 10
574304.2099198414
 20
2880351.151075042
 30
347.318403634808
 41
0.5
 42
0.5
1001
south
1000
213301
1001
S_GXRQ
1071
1718277217
  0
INSERT
  5
1450
330
1F
100
AcDbEntity
  8
ZBTZ
  6
Continuous
100
AcDbBlockReference
  2
gc208
 10
574312.4032303439
 20
2880353.473646202
 30
343.047034425877
 41
0.5
 42
0.5
1001
south
1000
213301
1001
S_GXRQ
1071
1718277218
  0
INSERT
  5
1451
330
1F
100
AcDbEntity
  8
ZBTZ
  6
Continuous
100
AcDbBlockReference
  2
gc208
 10
574314.6112928807
 20
2880357.971375095
 30
345.3677928390512
 41
0.5
 42
0.5
1001
south
1000
213301
1001
S_GXRQ
1071
1718277218
  0
INSERT
  5
1452
330
1F
100
AcDbEntity
  8
ZBTZ
  6
Continuous
100
AcDbBlockReference
  2
gc208
 10
574307.5635291279
 20
2880351.88397963
 30
348.9095809501427
 41
0.5
 42
0.5
1001
south
1000
213301
1001
S_GXRQ
1071
1718277219
  0
INSERT
  5
1453
330
1F
100
AcDbEntity
  8
ZBTZ
  6
Continuous
100
AcDbBlockReference
  2
gc208
 10
574323.8458597898
 20
2880362.226210994
 30
349.7816734815547
 41
0.5
 42
0.5
1001
south
1000
213301
1001
S_GXRQ
1071
1718277220
  0
INSERT
  5
1454
330
1F
100
AcDbEntity
  8
ZBTZ
  6
Continuous
100
AcDbBlockReference
  2
gc208
 10
574318.694951506
 20
2880357.407643618
 30
342.9910416152393
 41
0.5
 42
0.5
1001
south
1000
213301
1001
S_GXRQ
1071
1718277221
  0
INSERT
  5
1455
330
1F
100
AcDbEntity
  8
ZBTZ
  6
Continuous
100
AcDbBlockReference
  2
gc208
 10
574321.6229574843
 20
2880366.7807451
 30
346.5085818476342
 41
0.5
 42
0.5
1001
south
1000
213301
1001
S_GXRQ
1071
1718277221
  0
INSERT
  5
1456
330
1F
100
AcDbEntity
  8
ZBTZ
  6
Continuous
100
AcDbBlockReference
  2
gc208
 10
574327.1900177003
 20
2880368.719643588
 30
347.4525194455468
 41
0.5
 42
0.5
1001
south
1000
213301
1001
S_GXRQ
1071
1718277222
  0
INSERT
  5
1457
330
1F
100
AcDbEntity
  8
ZBTZ
  6
Continuous
100
AcDbBlockReference
  2
gc208
 10
574327.4664558613
 20
2880373.847569725
 30
353.6237845470728
 41
0.5
 42
0.5
1001
south
1000
213301
1001
S_GXRQ
1071
1718277223
  0
INSERT
  5
1458
330
1F
100
AcDbEntity
  8
ZBTZ
  6
Continuous
100
AcDbBlockReference
  2
gc208
 10
574330.9449420311
 20
2880375.625150493
 30
354.0971094517567
 41
0.5
 42
0.5
1001
south
1000
213301
1001
S_GXRQ
1071
1718277223
  0
INSERT
  5
1459
330
1F
100
AcDbEntity
  8
ZBTZ
  6
Continuous
100
AcDbBlockReference
  2
gc208
 10
574331.5386484835
 20
2880380.27877195
 30
354.9519461199939
 41
0.5
 42
0.5
1001
south
1000
213301
1001
S_GXRQ
1071
1718277224
  0
INSERT
  5
145A
330
1F
100
AcDbEntity
  8
ZBTZ
  6
Continuous
100
AcDbBlockReference
  2
gc208
 10
574335.1774552083
 20
2880380.790530182
 30
353.1225933997025
 41
0.5
 42
0.5
1001
south
1000
213301
1001
S_GXRQ
1071
1718277224
  0
INSERT
  5
145B
330
1F
100
AcDbEntity
  8
ZBTZ
  6
Continuous
100
AcDbBlockReference
  2
gc208
 10
574333.9350490735
 20
2880385.726323622
 30
351.9456002816855
 41
0.5
 42
0.5
1001
south
1000
213301
1001
S_GXRQ
1071
1718277225
  0
INSERT
  5
145C
330
1F
100
AcDbEntity
  8
ZBTZ
  6
Continuous
100
AcDbBlockReference
  2
gc208
 10
574339.8474013682
 20
2880389.406550214
 30
339.5949002919783
 41
0.5
 42
0.5
1001
south
1000
213301
1001
S_GXRQ
1071
1718277226
  0
INSERT
  5
145D
330
1F
100
AcDbEntity
  8
ZBTZ
  6
Continuous
100
AcDbBlockReference
  2
gc208
 10
574337.5451673928
 20
2880384.43391041
 30
335.9048628021096
 41
0.5
 42
0.5
1001
south
1000
213301
1001
S_GXRQ
1071
1718277226
  0
INSERT
  5
145E
330
1F
100
AcDbEntity
  8
ZBTZ
  6
Continuous
100
AcDbBlockReference
  2
gc208
 10
574338.2576827567
 20
2880393.835411108
 30
338.0679179337871
 41
0.5
 42
0.5
1001
south
1000
213301
1001
S_GXRQ
1071
1718277227
  0
INSERT
  5
145F
330
1F
100
AcDbEntity
  8
ZBTZ
  6
Continuous
100
AcDbBlockReference
  2
gc208
 10
574342.3106248532
 20
2880392.701909041
 30
341.98799333126
 41
0.5
 42
0.5
1001
south
1000
213301
1001
S_GXRQ
1071
1718277228
  0
INSERT
  5
1460
330
1F
100
AcDbEntity
  8
ZBTZ
  6
Continuous
100
AcDbBlockReference
  2
gc208
 10
574344.708377769
 20
2880397.326524574
 30
338.975026038575
 41
0.5
 42
0.5
1001
south
1000
213301
1001
S_GXRQ
1071
1718277229
  0
INSERT
  5
1461
330
1F
100
AcDbEntity
  8
ZBTZ
  6
Continuous
100
AcDbBlockReference
  2
gc208
 10
574341.2271896882
 20
2880397.194810326
 30
343.7265981768555
 41
0.5
 42
0.5
1001
south
1000
213301
1001
S_GXRQ
1071
1718277230
  0
INSERT
  5
1462
330
1F
100
AcDbEntity
  8
ZBTZ
  6
Continuous
100
AcDbBlockReference
  2
gc208
 10
574338.119985461
 20
2880400.60859997
 30
346.3127693672263
 41
0.5
 42
0.5
1001
south
1000
213301
1001
S_GXRQ
1071
1718277230
  0
INSERT
  5
1463
330
1F
100
AcDbEntity
  8
ZBTZ
  6
Continuous
100
AcDbBlockReference
  2
gc208
 10
574343.9395148506
 20
2880402.990989141
 30
343.9682215573098
 41
0.5
 42
0.5
1001
south
1000
213301
1001
S_GXRQ
1071
1718277231
  0
INSERT
  5
1464
330
1F
100
AcDbEntity
  8
ZBTZ
  6
Continuous
100
AcDbBlockReference
  2
gc208
 10
574339.9750913617
 20
2880406.060990289
 30
343.9044280880894
 41
0.5
 42
0.5
1001
south
1000
213301
1001
S_GXRQ
1071
1718277231
  0
INSERT
  5
1465
330
1F
100
AcDbEntity
  8
ZBTZ
  6
Continuous
100
AcDbBlockReference
  2
gc208
 10
574343.9139792242
 20
2880409.813354388
 30
337.7979457608721
 41
0.5
 42
0.5
1001
south
1000
213301
1001
S_GXRQ
1071
1718277235
  0
INSERT
  5
1466
330
1F
100
AcDbEntity
  8
ZBTZ
  6
Continuous
100
AcDbBlockReference
  2
gc208
 10
574340.7827968954
 20
2880409.356346088
 30
336.5599755509589
 41
0.5
 42
0.5
1001
south
1000
213301
1001
S_GXRQ
1071
1718277235
  0
INSERT
  5
1467
330
1F
100
AcDbEntity
  8
ZBTZ
  6
Continuous
100
AcDbBlockReference
  2
gc208
 10
574339.0114883922
 20
2880409.126928867
 30
335.5221914861882
 41
0.5
 42
0.5
1001
south
1000
213301
1001
S_GXRQ
1071
1718277236
  0
INSERT
  5
1468
330
1F
100
AcDbEntity
  8
ZBTZ
  6
Continuous
100
AcDbBlockReference
  2
gc208
 10
574344.8251074068
 20
2880425.010180114
 30
337.9591777971778
 41
0.5
 42
0.5
1001
south
1000
213301
1001
S_GXRQ
1071
1718277236
  0
INSERT
  5
1469
330
1F
100
AcDbEntity
  8
ZBTZ
  6
Continuous
100
AcDbBlockReference
  2
gc208
 10
574343.5119087386
 20
2880428.391077638
 30
334.6677096651233
 41
0.5
 42
0.5
1001
south
1000
213301
1001
S_GXRQ
1071
1718277237
  0
INSERT
  5
146A
330
1F
100
AcDbEntity
  8
ZBTZ
  6
Continuous
100
AcDbBlockReference
  2
gc208
 10
574343.9081776529
 20
2880431.684610178
 30
337.256273800374
 41
0.5
 42
0.5
1001
south
1000
213301
1001
S_GXRQ
1071
1718277237
  0
INSERT
  5
146B
330
1F
100
AcDbEntity
  8
ZBTZ
  6
Continuous
100
AcDbBlockReference
  2
gc208
 10
574342.5789997285
 20
2880430.602833707
 30
336.1625876503363
 41
0.5
 42
0.5
1001
south
1000
213301
1001
S_GXRQ
1071
1718277238
  0
INSERT
  5
146C
330
1F
100
AcDbEntity
  8
ZBTZ
  6
Continuous
100
AcDbBlockReference
  2
gc208
 10
574342.9396478529
 20
2880426.184432203
 30
336.938036362973
 41
0.5
 42
0.5
1001
south
1000
213301
1001
S_GXRQ
1071
1718277239
  0
INSERT
  5
146D
330
1F
100
AcDbEntity
  8
ZBTZ
  6
Continuous
100
AcDbBlockReference
  2
gc208
 10
574343.1500114343
 20
2880421.705916149
 30
335.826129859413
 41
0.5
 42
0.5
1001
south
1000
213301
1001
S_GXRQ
1071
1718277240
  0
INSERT
  5
146E
330
1F
100
AcDbEntity
  8
ZBTZ
  6
Continuous
100
AcDbBlockReference
  2
gc208
 10
574342.0981500535
 20
2880419.571831731
 30
338.6096376139735
 41
0.5
 42
0.5
1001
south
1000
213301
1001
S_GXRQ
1071
1718277240
  0
INSERT
  5
146F
102
{ACAD_XDICTIONARY
360
1470
102
}
330
1F
100
AcDbEntity
  8
ZBTZ
  6
Continuous
100
AcDbBlockReference
  2
gc121
 10
574334.1773487255
 20
2880391.51224264
 30
159.711915258061
 41
0.5
 42
0.5
1001
south
1000
214100-1
1001
S_GXRQ
1071
1718277264
  0
INSERT
  5
1472
102
{ACAD_XDICTIONARY
360
1473
102
}
330
1F
100
AcDbEntity
  8
ZBTZ
  6
Continuous
100
AcDbBlockReference
  2
gc121
 10
574336.7593128106
 20
2880396.970171147
 30
159.711915258061
 41
0.5
 42
0.5
1001
south
1000
214100-1
1001
S_GXRQ
1071
1718277264
  0
INSERT
  5
1475
102
{ACAD_XDICTIONARY
360
1476
102
}
330
1F
100
AcDbEntity
  8
ZBTZ
  6
Continuous
100
AcDbBlockReference
  2
gc121
 10
574334.9402047147
 20
2880387.110668913
 30
159.711915258061
 41
0.5
 42
0.5
1001
south
1000
214100-1
1001
S_GXRQ
1071
1718277264
  0
INSERT
  5
1478
102
{ACAD_XDICTIONARY
360
1479
102
}
330
1F
100
AcDbEntity
  8
ZBTZ
  6
Continuous
100
AcDbBlockReference
  2
gc121
 10
574330.0109847442
 20
2880386.406444328
 30
159.711915258061
 41
0.5
 42
0.5
1001
south
1000
214100-1
1001
S_GXRQ
1071
1718277265
  0
INSERT
  5
147B
102
{ACAD_XDICTIONARY
360
147C
102
}
330
1F
100
AcDbEntity
  8
ZBTZ
  6
Continuous
100
AcDbBlockReference
  2
gc121
 10
574334.2360366437
 20
2880395.796415767
 30
159.711915258061
 41
0.5
 42
0.5
1001
south
1000
214100-1
1001
S_GXRQ
1071
1718277266
  0
INSERT
  5
147E
102
{ACAD_XDICTIONARY
360
147F
102
}
330
1F
100
AcDbEntity
  8
ZBTZ
  6
Continuous
100
AcDbBlockReference
  2
gc121
 10
574327.9571249762
 20
2880379.833442839
 30
159.711915258061
 41
0.5
 42
0.5
1001
south
1000
214100-1
1001
S_GXRQ
1071
1718277266
  0
INSERT
  5
1481
102
{ACAD_XDICTIONARY
360
1482
102
}
330
1F
100
AcDbEntity
  8
ZBTZ
  6
Continuous
100
AcDbBlockReference
  2
gc121
 10
574324.2502221844
 20
2880374.233623945
 30
159.711915258061
 41
0.5
 42
0.5
1001
south
1000
214100-1
1001
S_GXRQ
1071
1718277267
  0
INSERT
  5
1484
102
{ACAD_XDICTIONARY
360
1485
102
}
330
1F
100
AcDbEntity
  8
ZBTZ
  6
Continuous
100
AcDbBlockReference
  2
gc121
 10
574320.9640900281
 20
2880370.712393606
 30
159.711915258061
 41
0.5
 42
0.5
1001
south
1000
214100-1
1001
S_GXRQ
1071
1718277268
  0
INSERT
  5
1487
102
{ACAD_XDICTIONARY
360
1488
102
}
330
1F
100
AcDbEntity
  8
ZBTZ
  6
Continuous
100
AcDbBlockReference
  2
gc121
 10
574310.8903362954
 20
2880361.278544122
 30
318.7464549493999
 41
0.5
 42
0.5
1001
south
1000
214100-1
1001
S_GXRQ
1071
1718277271
  0
INSERT
  5
148A
102
{ACAD_XDICTIONARY
360
148B
102
}
330
1F
100
AcDbEntity
  8
ZBTZ
  6
Continuous
100
AcDbBlockReference
  2
gc121
 10
574307.5523776449
 20
2880357.84521902
 30
319.3443038768856
 41
0.5
 42
0.5
1001
south
1000
214100-1
1001
S_GXRQ
1071
1718277272
  0
INSERT
  5
148D
102
{ACAD_XDICTIONARY
360
148E
102
}
330
1F
100
AcDbEntity
  8
ZBTZ
  6
Continuous
100
AcDbBlockReference
  2
gc121
 10
574293.0667723491
 20
2880349.371089773
 30
318.4962206930177
 41
0.5
 42
0.5
1001
south
1000
214100-1
1001
S_GXRQ
1071
1718277273
  0
INSERT
  5
1490
102
{ACAD_XDICTIONARY
360
1491
102
}
330
1F
100
AcDbEntity
  8
ZBTZ
  6
Continuous
100
AcDbBlockReference
  2
gc121
 10
574297.3252922118
 20
2880351.27713411
 30
159.711915258061
 41
0.5
 42
0.5
1001
south
1000
214100-1
1001
S_GXRQ
1071
1718277275
  0
INSERT
  5
1493
102
{ACAD_XDICTIONARY
360
1494
102
}
330
1F
100
AcDbEntity
  8
ZBTZ
  6
Continuous
100
AcDbBlockReference
  2
gc121
 10
574303.3079385743
 20
2880353.812435707
 30
159.711915258061
 41
0.5
 42
0.5
1001
south
1000
214100-1
1001
S_GXRQ
1071
1718277275
  0
INSERT
  5
1496
102
{ACAD_XDICTIONARY
360
1497
102
}
330
1F
100
AcDbEntity
  8
ZBTZ
  6
Continuous
100
AcDbBlockReference
  2
gc121
 10
574300.7729248237
 20
2880354.116660441
 30
159.711915258061
 41
0.5
 42
0.5
1001
south
1000
214100-1
1001
S_GXRQ
1071
1718277276
  0
INSERT
  5
1499
102
{ACAD_XDICTIONARY
360
149A
102
}
330
1F
100
AcDbEntity
  8
ZBTZ
  6
Continuous
100
AcDbBlockReference
  2
gc121
 10
574316.6929137725
 20
2880366.995961049
 30
159.711915258061
 41
0.5
 42
0.5
1001
south
1000
214100-1
1001
S_GXRQ
1071
1718277277
  0
INSERT
  5
149C
102
{ACAD_XDICTIONARY
360
149D
102
}
330
1F
100
AcDbEntity
  8
ZBTZ
  6
Continuous
100
AcDbBlockReference
  2
gc121
 10
574313.7522578273
 20
2880366.083251042
 30
159.711915258061
 41
0.5
 42
0.5
1001
south
1000
214100-1
1001
S_GXRQ
1071
1718277277
  0
INSERT
  5
149F
102
{ACAD_XDICTIONARY
360
14A0
102
}
330
1F
100
AcDbEntity
  8
ZBTZ
  6
Continuous
100
AcDbBlockReference
  2
gc121
 10
574341.0695744697
 20
2880413.419602112
 30
321.9087996548297
 41
0.5
 42
0.5
1001
south
1000
214100-1
1001
S_GXRQ
1071
1718277283
  0
INSERT
  5
14A2
102
{ACAD_XDICTIONARY
360
14A3
102
}
330
1F
100
AcDbEntity
  8
ZBTZ
  6
Continuous
100
AcDbBlockReference
  2
gc121
 10
574343.9588688374
 20
2880419.572143972
 30
321.5436898248409
 41
0.5
 42
0.5
1001
south
1000
214100-1
1001
S_GXRQ
1071
1718277284
  0
INSERT
  5
14A5
102
{ACAD_XDICTIONARY
360
14A6
102
}
330
1F
100
AcDbEntity
  8
ZBTZ
  6
Continuous
100
AcDbBlockReference
  2
gc121
 10
574341.0677536947
 20
2880417.496034112
 30
319.0738069833279
 41
0.5
 42
0.5
1001
south
1000
214100-1
1001
S_GXRQ
1071
1718277284
  0
INSERT
  5
14A8
102
{ACAD_XDICTIONARY
360
14A9
102
}
330
1F
100
AcDbEntity
  8
ZBTZ
  6
Continuous
100
AcDbBlockReference
  2
gc121
 10
574343.3603284289
 20
2880417.031025847
 30
321.2900083459937
 41
0.5
 42
0.5
1001
south
1000
214100-1
1001
S_GXRQ
1071
1718277285
  0
INSERT
  5
14AB
102
{ACAD_XDICTIONARY
360
14AC
102
}
330
1F
100
AcDbEntity
  8
ZBTZ
  6
Continuous
100
AcDbBlockReference
  2
gc121
 10
574344.1631208665
 20
2880434.49036639
 30
321.7809047372687
 41
0.5
 42
0.5
1001
south
1000
214100-1
1001
S_GXRQ
1071
1718277296
  0
INSERT
  5
14AE
102
{ACAD_XDICTIONARY
360
14AF
102
}
330
1F
100
AcDbEntity
  8
ZBTZ
  6
Continuous
100
AcDbBlockReference
  2
gc121
 10
574342.1276210521
 20
2880434.567653473
 30
318.9384233974525
 41
0.5
 42
0.5
1001
south
1000
214100-1
1001
S_GXRQ
1071
1718277297
  0
INSERT
  5
14B1
102
{ACAD_XDICTIONARY
360
14B2
102
}
330
1F
100
AcDbEntity
  8
ZBTZ
  6
Continuous
100
AcDbBlockReference
  2
gc121
 10
574344.1809275749
 20
2880437.820133391
 30
321.0407299842592
 41
0.5
 42
0.5
1001
south
1000
214100-1
1001
S_GXRQ
1071
1718277298
  0
INSERT
  5
14B4
102
{ACAD_XDICTIONARY
360
14B5
102
}
330
1F
100
AcDbEntity
  8
ZBTZ
  6
Continuous
100
AcDbBlockReference
  2
gc121
 10
574342.1879668431
 20
2880438.817396771
 30
319.173746127719
 41
0.5
 42
0.5
1001
south
1000
214100-1
1001
S_GXRQ
1071
1718277298
  0
INSERT
  5
14B7
102
{ACAD_XDICTIONARY
360
14B8
102
}
330
1F
100
AcDbEntity
  8
ZBTZ
  6
Continuous
100
AcDbBlockReference
  2
gc121
 10
574343.5144870626
 20
2880442.585957937
 30
319.9593115370626
 41
0.5
 42
0.5
1001
south
1000
214100-1
1001
S_GXRQ
1071
1718277298
  0
INSERT
  5
14BA
102
{ACAD_XDICTIONARY
360
14BB
102
}
330
1F
100
AcDbEntity
  8
ZBTZ
  6
Continuous
100
AcDbBlockReference
  2
gc121
 10
574341.642748619
 20
2880446.141843762
 30
318.6641441855718
 41
0.5
 42
0.5
1001
south
1000
214100-1
1001
S_GXRQ
1071
1718277299
  0
INSERT
  5
14BD
102
{ACAD_XDICTIONARY
360
14BE
102
}
330
1F
100
AcDbEntity
  8
ZBTZ
  6
Continuous
100
AcDbBlockReference
  2
gc121
 10
574343.810173809
 20
2880448.887201759
 30
320.1465092044928
 41
0.5
 42
0.5
1001
south
1000
214100-1
1001
S_GXRQ
1071
1718277300
  0
INSERT
  5
14C0
102
{ACAD_XDICTIONARY
360
14C1
102
}
330
1F
100
AcDbEntity
  8
ZBTZ
  6
Continuous
100
AcDbBlockReference
  2
gc121
 10
574341.5129588739
 20
2880451.402790077
 30
318.3518280333047
 41
0.5
 42
0.5
1001
south
1000
214100-1
1001
S_GXRQ
1071
1718277301
  0
INSERT
  5
14C3
102
{ACAD_XDICTIONARY
360
14C4
102
}
330
1F
100
AcDbEntity
  8
ZBTZ
  6
Continuous
100
AcDbBlockReference
  2
gc121
 10
574343.3970146028
 20
2880455.580223871
 30
320.4476877373783
 41
0.15
 42
0.15
 43
0.3
1001
south
1000
214100-1
1001
S_GXRQ
1071
1718277301
  0
INSERT
  5
14C6
102
{ACAD_XDICTIONARY
360
14C7
102
}
330
1F
100
AcDbEntity
  8
ZBTZ
  6
Continuous
100
AcDbBlockReference
  2
gc121
 10
574343.9855597148
 20
2880458.848935122
 30
320.2199985353183
 41
0.15
 42
0.15
 43
0.3
1001
south
1000
214100-1
1001
S_GXRQ
1071
1718277303
  0
INSERT
  5
14C9
102
{ACAD_XDICTIONARY
360
14CA
102
}
330
1F
100
AcDbEntity
  8
ZBTZ
  6
Continuous
100
AcDbBlockReference
  2
gc121
 10
574342.0349685955
 20
2880460.016444082
 30
318.5542275515292
 41
0.15
 42
0.15
 43
0.3
1001
south
1000
214100-1
1001
S_GXRQ
1071
1718277303
  0
INSERT
  5
14CC
102
{ACAD_XDICTIONARY
360
14CD
102
}
330
1F
100
AcDbEntity
  8
ZBTZ
  6
Continuous
100
AcDbBlockReference
  2
gc121
 10
574342.0802537873
 20
2880456.757590167
 30
318.6194196279067
 41
0.15
 42
0.15
 43
0.3
1001
south
1000
214100-1
1001
S_GXRQ
1071
1718277303
  0
INSERT
  5
14CF
102
{ACAD_XDICTIONARY
360
14D0
102
}
330
1F
100
AcDbEntity
  8
ZBTZ
  6
Continuous
100
AcDbBlockReference
  2
gc121
 10
574341.9284619246
 20
2880463.723479084
 30
318.658864666908
 41
0.15
 42
0.15
 43
0.3
1001
south
1000
214100-1
1001
S_GXRQ
1071
1718277305
  0
INSERT
  5
14D2
102
{ACAD_XDICTIONARY
360
14D3
102
}
330
1F
100
AcDbEntity
  8
ZBTZ
  6
Continuous
100
AcDbBlockReference
  2
gc121
 10
574343.4837933215
 20
2880464.719463871
 30
321.7499812174029
 41
0.15
 42
0.15
 43
0.3
1001
south
1000
214100-1
1001
S_GXRQ
1071
1718277306
  0
INSERT
  5
14D5
102
{ACAD_XDICTIONARY
360
14D6
102
}
330
1F
100
AcDbEntity
  8
ZBTZ
  6
Continuous
100
AcDbBlockReference
  2
gc121
 10
574343.411994681
 20
2880469.166742169
 30
320.8042241943442
 41
0.15
 42
0.15
 43
0.3
1001
south
1000
214100-1
1001
S_GXRQ
1071
1718277306
  0
INSERT
  5
14D8
102
{ACAD_XDICTIONARY
360
14D9
102
}
330
1F
100
AcDbEntity
  8
ZBTZ
  6
Continuous
100
AcDbBlockReference
  2
gc121
 10
574341.3479597517
 20
2880470.332428207
 30
318.6685064633749
 41
0.15
 42
0.15
 43
0.3
1001
south
1000
214100-1
1001
S_GXRQ
1071
1718277307
  0
INSERT
  5
14DB
102
{ACAD_XDICTIONARY
360
14DC
102
}
330
1F
100
AcDbEntity
  8
ZBTZ
  6
Continuous
100
AcDbBlockReference
  2
gc121
 10
574342.5994182936
 20
2880472.347030722
 30
320.4779677819134
 41
0.15
 42
0.15
 43
0.3
1001
south
1000
214100-1
1001
S_GXRQ
1071
1718277307
  0
INSERT
  5
14DE
102
{ACAD_XDICTIONARY
360
14DF
102
}
330
1F
100
AcDbEntity
  8
ZBTZ
  6
Continuous
100
AcDbBlockReference
  2
gc121
 10
574342.2120808819
 20
2880476.899279364
 30
321.2835489556566
 41
0.15
 42
0.15
 43
0.3
1001
south
1000
214100-1
1001
S_GXRQ
1071
1718277309
  0
INSERT
  5
14E1
102
{ACAD_XDICTIONARY
360
14E2
102
}
330
1F
100
AcDbEntity
  8
ZBTZ
  6
Continuous
100
AcDbBlockReference
  2
gc121
 10
574340.1143082198
 20
2880476.02236461
 30
319.0582608845689
 41
0.15
 42
0.15
 43
0.3
1001
south
1000
214100-1
1001
S_GXRQ
1071
1718277309
  0
INSERT
  5
14E4
102
{ACAD_XDICTIONARY
360
14E5
102
}
330
1F
100
AcDbEntity
  8
ZBTZ
  6
Continuous
100
AcDbBlockReference
  2
gc121
 10
574341.7774372078
 20
2880482.406181602
 30
321.9870327697972
 41
0.15
 42
0.15
 43
0.3
1001
south
1000
214100-1
1001
S_GXRQ
1071
1718277310
  0
INSERT
  5
14E7
102
{ACAD_XDICTIONARY
360
14E8
102
}
330
1F
100
AcDbEntity
  8
ZBTZ
  6
Continuous
100
AcDbBlockReference
  2
gc121
 10
574338.935238396
 20
2880484.538764629
 30
318.5135980435554
 41
0.15
 42
0.15
 43
0.3
1001
south
1000
214100-1
1001
S_GXRQ
1071
1718277311
  0
INSERT
  5
14EA
102
{ACAD_XDICTIONARY
360
14EB
102
}
330
1F
100
AcDbEntity
  8
ZBTZ
  6
Continuous
100
AcDbBlockReference
  2
gc121
 10
574336.7395110149
 20
2880490.146436634
 30
319.269599680407
 41
0.5
 42
0.5
1001
south
1000
214100-1
1001
S_GXRQ
1071
1718277314
  0
INSERT
  5
14ED
102
{ACAD_XDICTIONARY
360
14EE
102
}
330
1F
100
AcDbEntity
  8
ZBTZ
  6
Continuous
100
AcDbBlockReference
  2
gc121
 10
574338.4516806188
 20
2880490.626997779
 30
321.3924430912267
 41
0.5
 42
0.5
1001
south
1000
214100-1
1001
S_GXRQ
1071
1718277314
  0
INSERT
  5
14F0
102
{ACAD_XDICTIONARY
360
14F1
102
}
330
1F
100
AcDbEntity
  8
ZBTZ
  6
Continuous
100
AcDbBlockReference
  2
gc121
 10
574335.9835538996
 20
2880493.935605165
 30
320.353929005647
 41
0.5
 42
0.5
1001
south
1000
214100-1
1001
S_GXRQ
1071
1718277314
  0
INSERT
  5
14F3
102
{ACAD_XDICTIONARY
360
14F4
102
}
330
1F
100
AcDbEntity
  8
ZBTZ
  6
Continuous
100
AcDbBlockReference
  2
gc121
 10
574336.8097470314
 20
2880497.545174462
 30
321.1588267922308
 41
0.5
 42
0.5
1001
south
1000
214100-1
1001
S_GXRQ
1071
1718277315
  0
INSERT
  5
14F6
102
{ACAD_XDICTIONARY
360
14F7
102
}
330
1F
100
AcDbEntity
  8
ZBTZ
  6
Continuous
100
AcDbBlockReference
  2
gc121
 10
574334.015602516
 20
2880497.28315901
 30
319.0952832401637
 41
0.5
 42
0.5
1001
south
1000
214100-1
1001
S_GXRQ
1071
1718277316
  0
INSERT
  5
14F9
330
1F
100
AcDbEntity
  8
ZBTZ
  6
Continuous
100
AcDbBlockReference
  2
gc326
 10
574221.330566042
 20
2880339.523127247
 30
176.6860131233613
 41
0.5
 42
0.5
1001
south
1000
213101
1001
S_GXRQ
1071
1718277392
  0
INSERT
  5
14FA
330
1F
100
AcDbEntity
  8
ZBTZ
  6
Continuous
100
AcDbBlockReference
  2
gc326
 10
574216.8987319548
 20
2880347.143791134
 30
350.0782028349182
 41
0.5
 42
0.5
1001
south
1000
213101
1001
S_GXRQ
1071
1718277398
  0
INSERT
  5
14FB
330
1F
100
AcDbEntity
  8
ZBTZ
  6
Continuous
100
AcDbBlockReference
  2
gc326
 10
574215.6841609696
 20
2880352.314504044
 30
347.6440570649988
 41
0.5
 42
0.5
1001
south
1000
213101
1001
S_GXRQ
1071
1718277399
  0
INSERT
  5
14FC
330
1F
100
AcDbEntity
  8
ZBTZ
  6
Continuous
100
AcDbBlockReference
  2
gc326
 10
574230.1296753846
 20
2880349.717154733
 30
349.3509741010907
 41
0.5
 42
0.5
1001
south
1000
213101
1001
S_GXRQ
1071
1718277400
  0
INSERT
  5
14FD
330
1F
100
AcDbEntity
  8
ZBTZ
  6
Continuous
100
AcDbBlockReference
  2
gc326
 10
574227.3567082417
 20
2880354.502230801
 30
353.2597266947683
 41
0.5
 42
0.5
1001
south
1000
213101
1001
S_GXRQ
1071
1718277401
  0
INSERT
  5
14FE
330
1F
100
AcDbEntity
  8
ZBTZ
  6
Continuous
100
AcDbBlockReference
  2
gc326
 10
574241.4086369192
 20
2880356.069996391
 30
348.0283905941592
 41
0.5
 42
0.5
1001
south
1000
213101
1001
S_GXRQ
1071
1718277402
  0
INSERT
  5
14FF
330
1F
100
AcDbEntity
  8
ZBTZ
  6
Continuous
100
AcDbBlockReference
  2
gc326
 10
574235.8874206606
 20
2880363.737897467
 30
350.2613051442727
 41
0.5
 42
0.5
1001
south
1000
213101
1001
S_GXRQ
1071
1718277402
  0
INSERT
  5
1500
330
1F
100
AcDbEntity
  8
ZBTZ
  6
Continuous
100
AcDbBlockReference
  2
gc326
 10
574246.92279525
 20
2880362.841623594
 30
349.0157250003954
 41
0.5
 42
0.5
1001
south
1000
213101
1001
S_GXRQ
1071
1718277403
  0
INSERT
  5
1501
330
1F
100
AcDbEntity
  8
ZBTZ
  6
Continuous
100
AcDbBlockReference
  2
gc326
 10
574246.57992252
 20
2880369.118521368
 30
352.7186008133989
 41
0.5
 42
0.5
1001
south
1000
213101
1001
S_GXRQ
1071
1718277403
  0
INSERT
  5
1502
330
1F
100
AcDbEntity
  8
ZBTZ
  6
Continuous
100
AcDbBlockReference
  2
gc326
 10
574257.7911132206
 20
2880366.738917386
 30
350.816006389779
 41
0.5
 42
0.5
1001
south
1000
213101
1001
S_GXRQ
1071
1718277404
  0
INSERT
  5
1503
330
1F
100
AcDbEntity
  8
ZBTZ
  6
Continuous
100
AcDbBlockReference
  2
gc326
 10
574255.3532873881
 20
2880373.770064
 30
350.2683865822451
 41
0.5
 42
0.5
1001
south
1000
213101
1001
S_GXRQ
1071
1718277404
  0
INSERT
  5
1504
330
1F
100
AcDbEntity
  8
ZBTZ
  6
Continuous
100
AcDbBlockReference
  2
gc326
 10
574265.2824207645
 20
2880373.745405652
 30
343.7052251639375
 41
0.5
 42
0.5
1001
south
1000
213101
1001
S_GXRQ
1071
1718277405
  0
INSERT
  5
1505
330
1F
100
AcDbEntity
  8
ZBTZ
  6
Continuous
100
AcDbBlockReference
  2
gc326
 10
574264.5878817747
 20
2880382.988983114
 30
347.7461989562558
 41
0.5
 42
0.5
1001
south
1000
213101
1001
S_GXRQ
1071
1718277406
  0
INSERT
  5
1506
330
1F
100
AcDbEntity
  8
ZBTZ
  6
Continuous
100
AcDbBlockReference
  2
gc326
 10
574274.3666656768
 20
2880382.545113812
 30
352.0665729775624
 41
0.5
 42
0.5
1001
south
1000
213101
1001
S_GXRQ
1071
1718277407
  0
INSERT
  5
1507
330
1F
100
AcDbEntity
  8
ZBTZ
  6
Continuous
100
AcDbBlockReference
  2
gc326
 10
574273.0934394407
 20
2880388.210278436
 30
351.3357344894735
 41
0.5
 42
0.5
1001
south
1000
213101
1001
S_GXRQ
1071
1718277408
  0
INSERT
  5
1508
330
1F
100
AcDbEntity
  8
ZBTZ
  6
Continuous
100
AcDbBlockReference
  2
gc326
 10
574281.2966267951
 20
2880386.676954909
 30
351.457233624516
 41
0.5
 42
0.5
1001
south
1000
213101
1001
S_GXRQ
1071
1718277408
  0
INSERT
  5
1509
330
1F
100
AcDbEntity
  8
ZBTZ
  6
Continuous
100
AcDbBlockReference
  2
gc326
 10
574280.0488051833
 20
2880396.356402069
 30
349.2692833738233
 41
0.5
 42
0.5
1001
south
1000
213101
1001
S_GXRQ
1071
1718277409
  0
INSERT
  5
150A
330
1F
100
AcDbEntity
  8
ZBTZ
  6
Continuous
100
AcDbBlockReference
  2
gc326
 10
574288.4192409821
 20
2880395.946222608
 30
340.3623217969266
 41
0.5
 42
0.5
1001
south
1000
213101
1001
S_GXRQ
1071
1718277409
  0
INSERT
  5
150B
330
1F
100
AcDbEntity
  8
ZBTZ
  6
Continuous
100
AcDbBlockReference
  2
gc326
 10
574286.0741882699
 20
2880403.890659035
 30
350.9235933667346
 41
0.5
 42
0.5
1001
south
1000
213101
1001
S_GXRQ
1071
1718277410
  0
INSERT
  5
150C
330
1F
100
AcDbEntity
  8
ZBTZ
  6
Continuous
100
AcDbBlockReference
  2
gc326
 10
574291.2874129944
 20
2880413.483843392
 30
354.3960329702654
 41
0.5
 42
0.5
1001
south
1000
213101
1001
S_GXRQ
1071
1718277411
  0
INSERT
  5
150D
330
1F
100
AcDbEntity
  8
ZBTZ
  6
Continuous
100
AcDbBlockReference
  2
gc326
 10
574295.0387483074
 20
2880406.726437464
 30
347.8939105692384
 41
0.5
 42
0.5
1001
south
1000
213101
1001
S_GXRQ
1071
1718277411
  0
INSERT
  5
150E
330
1F
100
AcDbEntity
  8
ZBTZ
  6
Continuous
100
AcDbBlockReference
  2
gc326
 10
574299.0450252399
 20
2880418.064115477
 30
353.2001083171758
 41
0.5
 42
0.5
1001
south
1000
213101
1001
S_GXRQ
1071
1718277412
  0
INSERT
  5
150F
330
1F
100
AcDbEntity
  8
ZBTZ
  6
Continuous
100
AcDbBlockReference
  2
gc326
 10
574291.5748658795
 20
2880421.648278107
 30
355.7105419032573
 41
0.5
 42
0.5
1001
south
1000
213101
1001
S_GXRQ
1071
1718277412
  0
INSERT
  5
1510
330
1F
100
AcDbEntity
  8
ZBTZ
  6
Continuous
100
AcDbBlockReference
  2
gc326
 10
574301.5069251072
 20
2880429.711316009
 30
342.3730271606305
 41
0.5
 42
0.5
1001
south
1000
213101
1001
S_GXRQ
1071
1718277413
  0
INSERT
  5
1511
330
1F
100
AcDbEntity
  8
ZBTZ
  6
Continuous
100
AcDbBlockReference
  2
gc326
 10
574295.5553989911
 20
2880431.57803021
 30
351.0407563578169
 41
0.5
 42
0.5
1001
south
1000
213101
1001
S_GXRQ
1071
1718277413
  0
INSERT
  5
1512
330
1F
100
AcDbEntity
  8
ZBTZ
  6
Continuous
100
AcDbBlockReference
  2
gc326
 10
574299.0482540139
 20
2880426.092802498
 30
352.082627600857
 41
0.5
 42
0.5
1001
south
1000
213101
1001
S_GXRQ
1071
1718277414
  0
INSERT
  5
1513
330
1F
100
AcDbEntity
  8
ZBTZ
  6
Continuous
100
AcDbBlockReference
  2
gc326
 10
574308.6714336325
 20
2880432.611782254
 30
349.2866537739587
 41
0.5
 42
0.5
1001
south
1000
213101
1001
S_GXRQ
1071
1718277414
  0
INSERT
  5
1514
330
1F
100
AcDbEntity
  8
ZBTZ
  6
Continuous
100
AcDbBlockReference
  2
gc326
 10
574302.0425096275
 20
2880439.913613939
 30
350.1989348319889
 41
0.5
 42
0.5
1001
south
1000
213101
1001
S_GXRQ
1071
1718277415
  0
INSERT
  5
1515
330
1F
100
AcDbEntity
  8
ZBTZ
  6
Continuous
100
AcDbBlockReference
  2
gc326
 10
574295.3885603971
 20
2880445.807258611
 30
356.2901242532366
 41
0.5
 42
0.5
1001
south
1000
213101
1001
S_GXRQ
1071
1718277415
  0
INSERT
  5
1516
330
1F
100
AcDbEntity
  8
ZBTZ
  6
Continuous
100
AcDbBlockReference
  2
gc326
 10
574306.861174149
 20
2880445.532311167
 30
347.5126288949809
 41
0.5
 42
0.5
1001
south
1000
213101
1001
S_GXRQ
1071
1718277416
  0
INSERT
  5
1517
330
1F
100
AcDbEntity
  8
ZBTZ
  6
Continuous
100
AcDbBlockReference
  2
gc326
 10
574303.0477215732
 20
2880452.784026384
 30
341.6924034298695
 41
0.5
 42
0.5
1001
south
1000
213101
1001
S_GXRQ
1071
1718277418
  0
INSERT
  5
1518
330
1F
100
AcDbEntity
  8
ZBTZ
  6
Continuous
100
AcDbBlockReference
  2
gc326
 10
574296.7126973111
 20
2880452.896866615
 30
351.9232510929992
 41
0.5
 42
0.5
1001
south
1000
213101
1001
S_GXRQ
1071
1718277418
  0
INSERT
  5
1519
330
1F
100
AcDbEntity
  8
ZBTZ
  6
Continuous
100
AcDbBlockReference
  2
gc326
 10
574290.9329719529
 20
2880452.577333701
 30
356.2376054121247
 41
0.5
 42
0.5
1001
south
1000
213101
1001
S_GXRQ
1071
1718277419
  0
INSERT
  5
151A
330
1F
100
AcDbEntity
  8
ZBTZ
  6
Continuous
100
AcDbBlockReference
  2
gc326
 10
574284.2898664391
 20
2880455.160747628
 30
359.0061312760058
 41
0.5
 42
0.5
1001
south
1000
213101
1001
S_GXRQ
1071
1718277420
  0
INSERT
  5
151B
330
1F
100
AcDbEntity
  8
ZBTZ
  6
Continuous
100
AcDbBlockReference
  2
gc326
 10
574291.81398786
 20
2880462.421397575
 30
359.2810464354529
 41
0.5
 42
0.5
1001
south
1000
213101
1001
S_GXRQ
1071
1718277420
  0
INSERT
  5
151C
330
1F
100
AcDbEntity
  8
ZBTZ
  6
Continuous
100
AcDbBlockReference
  2
gc326
 10
574287.3248343983
 20
2880447.711756189
 30
357.183946356859
 41
0.5
 42
0.5
1001
south
1000
213101
1001
S_GXRQ
1071
1718277421
  0
INSERT
  5
151D
330
1F
100
AcDbEntity
  8
ZBTZ
  6
Continuous
100
AcDbBlockReference
  2
gc326
 10
574291.7803207362
 20
2880440.941715991
 30
355.1556016665249
 41
0.5
 42
0.5
1001
south
1000
213101
1001
S_GXRQ
1071
1718277421
  0
INSERT
  5
151E
330
1F
100
AcDbEntity
  8
ZBTZ
  6
Continuous
100
AcDbBlockReference
  2
gc326
 10
574291.3570702947
 20
2880433.061444417
 30
352.4928162786941
 41
0.5
 42
0.5
1001
south
1000
213101
1001
S_GXRQ
1071
1718277422
  0
INSERT
  5
151F
330
1F
100
AcDbEntity
  8
ZBTZ
  6
Continuous
100
AcDbBlockReference
  2
gc326
 10
574289.1300097823
 20
2880422.748296272
 30
355.6989850218938
 41
0.5
 42
0.5
1001
south
1000
213101
1001
S_GXRQ
1071
1718277422
  0
INSERT
  5
1520
330
1F
100
AcDbEntity
  8
ZBTZ
  6
Continuous
100
AcDbBlockReference
  2
gc326
 10
574283.1856346009
 20
2880413.276263855
 30
352.2711590658705
 41
0.5
 42
0.5
1001
south
1000
213101
1001
S_GXRQ
1071
1718277423
  0
INSERT
  5
1521
330
1F
100
AcDbEntity
  8
ZBTZ
  6
Continuous
100
AcDbBlockReference
  2
gc326
 10
574286.0360653081
 20
2880407.309508727
 30
352.6189215901372
 41
0.5
 42
0.5
1001
south
1000
213101
1001
S_GXRQ
1071
1718277424
  0
INSERT
  5
1522
330
1F
100
AcDbEntity
  8
ZBTZ
  6
Continuous
100
AcDbBlockReference
  2
gc326
 10
574286.3344714237
 20
2880412.163670405
 30
353.0934285044036
 41
0.5
 42
0.5
1001
south
1000
213101
1001
S_GXRQ
1071
1718277424
  0
INSERT
  5
1523
330
1F
100
AcDbEntity
  8
ZBTZ
  6
Continuous
100
AcDbBlockReference
  2
gc326
 10
574283.0356672985
 20
2880408.841994287
 30
353.2362865252485
 41
0.5
 42
0.5
1001
south
1000
213101
1001
S_GXRQ
1071
1718277424
  0
INSERT
  5
1524
330
1F
100
AcDbEntity
  8
ZBTZ
  6
Continuous
100
AcDbBlockReference
  2
gc326
 10
574298.2722138394
 20
2880461.320337302
 30
351.4460292052076
 41
0.5
 42
0.5
1001
south
1000
213101
1001
S_GXRQ
1071
1718277425
  0
INSERT
  5
1525
330
1F
100
AcDbEntity
  8
ZBTZ
  6
Continuous
100
AcDbBlockReference
  2
gc326
 10
574295.6082326998
 20
2880469.81908716
 30
354.6014128054789
 41
0.5
 42
0.5
1001
south
1000
213101
1001
S_GXRQ
1071
1718277426
  0
INSERT
  5
1526
330
1F
100
AcDbEntity
  8
ZBTZ
  6
Continuous
100
AcDbBlockReference
  2
gc326
 10
574290.7185833808
 20
2880472.019118041
 30
355.6461156026758
 41
0.5
 42
0.5
1001
south
1000
213101
1001
S_GXRQ
1071
1718277426
  0
INSERT
  5
1527
330
1F
100
AcDbEntity
  8
ZBTZ
  6
Continuous
100
AcDbBlockReference
  2
gc326
 10
574288.9382327437
 20
2880466.980067804
 30
357.9256858909334
 41
0.5
 42
0.5
1001
south
1000
213101
1001
S_GXRQ
1071
1718277427
  0
INSERT
  5
1528
330
1F
100
AcDbEntity
  8
ZBTZ
  6
Continuous
100
AcDbBlockReference
  2
gc326
 10
574285.0475815756
 20
2880465.993059346
 30
357.8720253516053
 41
0.5
 42
0.5
1001
south
1000
213101
1001
S_GXRQ
1071
1718277427
  0
INSERT
  5
1529
330
1F
100
AcDbEntity
  8
ZBTZ
  6
Continuous
100
AcDbBlockReference
  2
gc326
 10
574282.3658724916
 20
2880461.744838259
 30
357.3905489941658
 41
0.5
 42
0.5
1001
south
1000
213101
1001
S_GXRQ
1071
1718277428
  0
INSERT
  5
152A
330
1F
100
AcDbEntity
  8
ZBTZ
  6
Continuous
100
AcDbBlockReference
  2
gc326
 10
574277.9921830772
 20
2880457.385937962
 30
357.1554899874441
 41
0.5
 42
0.5
1001
south
1000
213101
1001
S_GXRQ
1071
1718277428
  0
INSERT
  5
152B
330
1F
100
AcDbEntity
  8
ZBTZ
  6
Continuous
100
AcDbBlockReference
  2
gc326
 10
574275.2521570136
 20
2880461.660476452
 30
355.6473778070481
 41
0.5
 42
0.5
1001
south
1000
213101
1001
S_GXRQ
1071
1718277429
  0
INSERT
  5
152C
330
1F
100
AcDbEntity
  8
ZBTZ
  6
Continuous
100
AcDbBlockReference
  2
gc326
 10
574276.2907884685
 20
2880464.599891157
 30
356.2907020082763
 41
0.5
 42
0.5
1001
south
1000
213101
1001
S_GXRQ
1071
1718277429
  0
INSERT
  5
152D
330
1F
100
AcDbEntity
  8
ZBTZ
  6
Continuous
100
AcDbBlockReference
  2
gc326
 10
574280.0094101655
 20
2880467.773220347
 30
355.7585727488454
 41
0.5
 42
0.5
1001
south
1000
213101
1001
S_GXRQ
1071
1718277430
  0
INSERT
  5
152E
330
1F
100
AcDbEntity
  8
ZBTZ
  6
Continuous
100
AcDbBlockReference
  2
gc326
 10
574283.0825825855
 20
2880483.526523127
 30
348.2161032502604
 41
0.5
 42
0.5
1001
south
1000
213101
1001
S_GXRQ
1071
1718277430
  0
INSERT
  5
152F
330
1F
100
AcDbEntity
  8
ZBTZ
  6
Continuous
100
AcDbBlockReference
  2
gc326
 10
574285.1958667282
 20
2880473.044634999
 30
351.1486457024998
 41
0.5
 42
0.5
1001
south
1000
213101
1001
S_GXRQ
1071
1718277431
  0
INSERT
  5
1530
330
1F
100
AcDbEntity
  8
ZBTZ
  6
Continuous
100
AcDbBlockReference
  2
gc326
 10
574282.0561123243
 20
2880479.397937005
 30
348.5838764452906
 41
0.5
 42
0.5
1001
south
1000
213101
1001
S_GXRQ
1071
1718277431
  0
INSERT
  5
1531
330
1F
100
AcDbEntity
  8
ZBTZ
  6
Continuous
100
AcDbBlockReference
  2
gc326
 10
574278.4984906492
 20
2880483.296883887
 30
350.2664356537693
 41
0.5
 42
0.5
1001
south
1000
213101
1001
S_GXRQ
1071
1718277432
  0
INSERT
  5
1532
330
1F
100
AcDbEntity
  8
ZBTZ
  6
Continuous
100
AcDbBlockReference
  2
gc326
 10
574276.102677959
 20
2880478.007411213
 30
350.8729361183773
 41
0.5
 42
0.5
1001
south
1000
213101
1001
S_GXRQ
1071
1718277433
  0
INSERT
  5
1533
330
1F
100
AcDbEntity
  8
ZBTZ
  6
Continuous
100
AcDbBlockReference
  2
gc326
 10
574272.0899661698
 20
2880472.831615869
 30
351.0115154038481
 41
0.5
 42
0.5
1001
south
1000
213101
1001
S_GXRQ
1071
1718277433
  0
INSERT
  5
1534
330
1F
100
AcDbEntity
  8
ZBTZ
  6
Continuous
100
AcDbBlockReference
  2
gc326
 10
574267.8295932408
 20
2880471.536643782
 30
356.7917199663183
 41
0.5
 42
0.5
1001
south
1000
213101
1001
S_GXRQ
1071
1718277433
  0
INSERT
  5
1535
330
1F
100
AcDbEntity
  8
ZBTZ
  6
Continuous
100
AcDbBlockReference
  2
gc326
 10
574269.5233876754
 20
2880466.419567707
 30
356.9741498926719
 41
0.5
 42
0.5
1001
south
1000
213101
1001
S_GXRQ
1071
1718277435
  0
INSERT
  5
1536
330
1F
100
AcDbEntity
  8
ZBTZ
  6
Continuous
100
AcDbBlockReference
  2
gc326
 10
574271.5973932519
 20
2880462.348951643
 30
356.3230826060585
 41
0.5
 42
0.5
1001
south
1000
213101
1001
S_GXRQ
1071
1718277435
  0
INSERT
  5
1537
330
1F
100
AcDbEntity
  8
ZBTZ
  6
Continuous
100
AcDbBlockReference
  2
gc326
 10
574266.5942762389
 20
2880464.877763081
 30
356.3346862826561
 41
0.5
 42
0.5
1001
south
1000
213101
1001
S_GXRQ
1071
1718277436
  0
INSERT
  5
1538
330
1F
100
AcDbEntity
  8
ZBTZ
  6
Continuous
100
AcDbBlockReference
  2
gc326
 10
574267.7954506974
 20
2880481.955877822
 30
357.9923415316566
 41
0.5
 42
0.5
1001
south
1000
213101
1001
S_GXRQ
1071
1718277441
  0
INSERT
  5
1539
330
1F
100
AcDbEntity
  8
ZBTZ
  6
Continuous
100
AcDbBlockReference
  2
gc326
 10
574271.2092639678
 20
2880485.457294673
 30
356.862401526288
 41
0.5
 42
0.5
1001
south
1000
213101
1001
S_GXRQ
1071
1718277441
  0
INSERT
  5
153A
330
1F
100
AcDbEntity
  8
ZBTZ
  6
Continuous
100
AcDbBlockReference
  2
gc326
 10
574266.7795311835
 20
2880477.396833876
 30
358.0300482002617
 41
0.5
 42
0.5
1001
south
1000
213101
1001
S_GXRQ
1071
1718277441
  0
INSERT
  5
153B
330
1F
100
AcDbEntity
  8
ZBTZ
  6
Continuous
100
AcDbBlockReference
  2
gc326
 10
574275.8411581295
 20
2880487.439263804
 30
354.5568256862293
 41
0.5
 42
0.5
1001
south
1000
213101
1001
S_GXRQ
1071
1718277442
  0
INSERT
  5
153C
330
1F
100
AcDbEntity
  8
ZBTZ
  6
Continuous
100
AcDbBlockReference
  2
gc326
 10
574272.9497834006
 20
2880490.997076842
 30
355.7576562035661
 41
0.5
 42
0.5
1001
south
1000
213101
1001
S_GXRQ
1071
1718277442
  0
INSERT
  5
153D
330
1F
100
AcDbEntity
  8
ZBTZ
  6
Continuous
100
AcDbBlockReference
  2
gc326
 10
574265.1351613447
 20
2880490.05081344
 30
357.6402537480294
 41
0.5
 42
0.5
1001
south
1000
213101
1001
S_GXRQ
1071
1718277443
  0
INSERT
  5
153E
330
1F
100
AcDbEntity
  8
ZBTZ
  6
Continuous
100
AcDbBlockReference
  2
gc326
 10
574288.0600976739
 20
2880495.462117307
 30
351.1435650480976
 41
0.5
 42
0.5
1001
south
1000
213101
1001
S_GXRQ
1071
1718277449
  0
INSERT
  5
153F
330
1F
100
AcDbEntity
  8
ZBTZ
  6
Continuous
100
AcDbBlockReference
  2
gc326
 10
574291.5026686276
 20
2880497.870098308
 30
346.3941712240753
 41
0.5
 42
0.5
1001
south
1000
213101
1001
S_GXRQ
1071
1718277450
  0
INSERT
  5
1540
330
1F
100
AcDbEntity
  8
ZBTZ
  6
Continuous
100
AcDbBlockReference
  2
gc326
 10
574290.3494482634
 20
2880492.311206873
 30
351.4275881313783
 41
0.5
 42
0.5
1001
south
1000
213101
1001
S_GXRQ
1071
1718277450
  0
INSERT
  5
1541
330
1F
100
AcDbEntity
  8
ZBTZ
  6
Continuous
100
AcDbBlockReference
  2
gc326
 10
574285.2981774176
 20
2880490.103152127
 30
351.7779176926538
 41
0.5
 42
0.5
1001
south
1000
213101
1001
S_GXRQ
1071
1718277451
  0
INSERT
  5
1542
330
1F
100
AcDbEntity
  8
ZBTZ
  6
Continuous
100
AcDbBlockReference
  2
gc326
 10
574294.293873359
 20
2880493.054086212
 30
348.1905633066613
 41
0.5
 42
0.5
1001
south
1000
213101
1001
S_GXRQ
1071
1718277451
  0
INSERT
  5
1543
330
1F
100
AcDbEntity
  8
ZBTZ
  6
Continuous
100
AcDbBlockReference
  2
gc326
 10
574284.3365610703
 20
2880499.222673817
 30
352.7387055741688
 41
0.5
 42
0.5
1001
south
1000
213101
1001
S_GXRQ
1071
1718277452
  0
INSERT
  5
1544
330
1F
100
AcDbEntity
  8
ZBTZ
  6
Continuous
100
AcDbBlockReference
  2
gc326
 10
574282.2407578374
 20
2880496.000189062
 30
349.8896098381206
 41
0.5
 42
0.5
1001
south
1000
213101
1001
S_GXRQ
1071
1718277452
  0
INSERT
  5
1545
330
1F
100
AcDbEntity
  8
ZBTZ
  6
Continuous
100
AcDbBlockReference
  2
gc326
 10
574289.8502686266
 20
2880482.579500092
 30
341.3733670121124
 41
0.5
 42
0.5
1001
south
1000
213101
1001
S_GXRQ
1071
1718277469
  0
INSERT
  5
1546
330
1F
100
AcDbEntity
  8
ZBTZ
  6
Continuous
100
AcDbBlockReference
  2
gc326
 10
574295.8859265328
 20
2880485.739487768
 30
342.1490315093956
 41
0.5
 42
0.5
1001
south
1000
213101
1001
S_GXRQ
1071
1718277469
  0
INSERT
  5
1547
330
1F
100
AcDbEntity
  8
ZBTZ
  6
Continuous
100
AcDbBlockReference
  2
gc326
 10
574299.2408898983
 20
2880486.652229395
 30
343.8274887027052
 41
0.5
 42
0.5
1001
south
1000
213101
1001
S_GXRQ
1071
1718277470
  0
INSERT
  5
1548
330
1F
100
AcDbEntity
  8
ZBTZ
  6
Continuous
100
AcDbBlockReference
  2
gc326
 10
574304.3707633582
 20
2880480.442375985
 30
341.3887742662168
 41
0.5
 42
0.5
1001
south
1000
213101
1001
S_GXRQ
1071
1718277470
  0
INSERT
  5
1549
330
1F
100
AcDbEntity
  8
ZBTZ
  6
Continuous
100
AcDbBlockReference
  2
gc326
 10
574299.8567502823
 20
2880477.645087546
 30
344.0725197411207
 41
0.5
 42
0.5
1001
south
1000
213101
1001
S_GXRQ
1071
1718277471
  0
INSERT
  5
154A
330
1F
100
AcDbEntity
  8
ZBTZ
  6
Continuous
100
AcDbBlockReference
  2
gc326
 10
574292.7336860351
 20
2880478.838479895
 30
344.852991476289
 41
0.5
 42
0.5
1001
south
1000
213101
1001
S_GXRQ
1071
1718277471
  0
INSERT
  5
154B
330
1F
100
AcDbEntity
  8
ZBTZ
  6
Continuous
100
AcDbBlockReference
  2
gc326
 10
574300.6944014402
 20
2880473.77811903
 30
342.7198864199286
 41
0.5
 42
0.5
1001
south
1000
213101
1001
S_GXRQ
1071
1718277472
  0
INSERT
  5
154C
330
1F
100
AcDbEntity
  8
ZBTZ
  6
Continuous
100
AcDbBlockReference
  2
gc326
 10
574305.2382324776
 20
2880473.045141844
 30
341.3581721375062
 41
0.5
 42
0.5
1001
south
1000
213101
1001
S_GXRQ
1071
1718277472
  0
INSERT
  5
154D
330
1F
100
AcDbEntity
  8
ZBTZ
  6
Continuous
100
AcDbBlockReference
  2
gc326
 10
574307.8382274248
 20
2880478.477071479
 30
338.0524271082663
 41
0.5
 42
0.5
1001
south
1000
213101
1001
S_GXRQ
1071
1718277473
  0
INSERT
  5
154E
330
1F
100
AcDbEntity
  8
ZBTZ
  6
Continuous
100
AcDbBlockReference
  2
gc326
 10
574308.6276337423
 20
2880471.44354455
 30
338.5864933078242
 41
0.5
 42
0.5
1001
south
1000
213101
1001
S_GXRQ
1071
1718277474
  0
INSERT
  5
154F
330
1F
100
AcDbEntity
  8
ZBTZ
  6
Continuous
100
AcDbBlockReference
  2
gc326
 10
574302.0076723539
 20
2880469.774142556
 30
342.4588121047542
 41
0.5
 42
0.5
1001
south
1000
213101
1001
S_GXRQ
1071
1718277474
  0
INSERT
  5
1550
330
1F
100
AcDbEntity
  8
ZBTZ
  6
Continuous
100
AcDbBlockReference
  2
gc326
 10
574305.5410868341
 20
2880467.510007759
 30
342.4329405649164
 41
0.5
 42
0.5
1001
south
1000
213101
1001
S_GXRQ
1071
1718277475
  0
INSERT
  5
1551
330
1F
100
AcDbEntity
  8
ZBTZ
  6
Continuous
100
AcDbBlockReference
  2
gc326
 10
574309.088588949
 20
2880459.057629706
 30
339.0235602391017
 41
0.5
 42
0.5
1001
south
1000
213101
1001
S_GXRQ
1071
1718277476
  0
INSERT
  5
1552
330
1F
100
AcDbEntity
  8
ZBTZ
  6
Continuous
100
AcDbBlockReference
  2
gc326
 10
574304.8771234809
 20
2880460.68941507
 30
343.727589125961
 41
0.5
 42
0.5
1001
south
1000
213101
1001
S_GXRQ
1071
1718277476
  0
INSERT
  5
1553
330
1F
100
AcDbEntity
  8
ZBTZ
  6
Continuous
100
AcDbBlockReference
  2
gc326
 10
574304.4492362051
 20
2880464.015365135
 30
343.9340538160009
 41
0.5
 42
0.5
1001
south
1000
213101
1001
S_GXRQ
1071
1718277477
  0
INSERT
  5
1554
330
1F
100
AcDbEntity
  8
ZBTZ
  6
Continuous
100
AcDbBlockReference
  2
gc326
 10
574308.1296908087
 20
2880453.892765347
 30
340.537029129669
 41
0.5
 42
0.5
1001
south
1000
213101
1001
S_GXRQ
1071
1718277477
  0
INSERT
  5
1555
330
1F
100
AcDbEntity
  8
ZBTZ
  6
Continuous
100
AcDbBlockReference
  2
gc326
 10
574306.001498529
 20
2880454.502527464
 30
341.6082142251375
 41
0.5
 42
0.5
1001
south
1000
213101
1001
S_GXRQ
1071
1718277478
  0
INSERT
  5
1556
330
1F
100
AcDbEntity
  8
ZBTZ
  6
Continuous
100
AcDbBlockReference
  2
gc326
 10
574311.6630864935
 20
2880442.158100599
 30
337.845521356428
 41
0.5
 42
0.5
1001
south
1000
213101
1001
S_GXRQ
1071
1718277481
  0
INSERT
  5
1557
330
1F
100
AcDbEntity
  8
ZBTZ
  6
Continuous
100
AcDbBlockReference
  2
gc326
 10
574310.3859174593
 20
2880451.734376596
 30
337.8130068443547
 41
0.5
 42
0.5
1001
south
1000
213101
1001
S_GXRQ
1071
1718277482
  0
INSERT
  5
1558
330
1F
100
AcDbEntity
  8
ZBTZ
  6
Continuous
100
AcDbBlockReference
  2
gc208
 10
574238.4734386553
 20
2880398.222662877
 30
171.7214868079088
 41
0.5
 42
0.5
1001
south
1000
213301
1001
S_GXRQ
1071
1718277490
  0
INSERT
  5
1559
330
1F
100
AcDbEntity
  8
ZBTZ
  6
Continuous
100
AcDbBlockReference
  2
gc208
 10
574243.7935390197
 20
2880416.841993016
 30
345.1788819094486
 41
0.5
 42
0.5
1001
south
1000
213301
1001
S_GXRQ
1071
1718277497
  0
INSERT
  5
155A
330
1F
100
AcDbEntity
  8
ZBTZ
  6
Continuous
100
AcDbBlockReference
  2
gc208
 10
574250.2808519406
 20
2880402.581003709
 30
338.423668500252
 41
0.5
 42
0.5
1001
south
1000
213301
1001
S_GXRQ
1071
1718277497
  0
INSERT
  5
155B
330
1F
100
AcDbEntity
  8
ZBTZ
  6
Continuous
100
AcDbBlockReference
  2
gc208
 10
574249.287936476
 20
2880421.19005128
 30
345.3778679400981
 41
0.5
 42
0.5
1001
south
1000
213301
1001
S_GXRQ
1071
1718277498
  0
INSERT
  5
155C
330
1F
100
AcDbEntity
  8
ZBTZ
  6
Continuous
100
AcDbBlockReference
  2
gc208
 10
574256.3191105013
 20
2880412.26913334
 30
338.4055549225136
 41
0.5
 42
0.5
1001
south
1000
213301
1001
S_GXRQ
1071
1718277499
  0
INSERT
  5
155D
330
1F
100
AcDbEntity
  8
ZBTZ
  6
Continuous
100
AcDbBlockReference
  2
gc208
 10
574250.7828458982
 20
2880412.041136998
 30
341.5352022612765
 41
0.5
 42
0.5
1001
south
1000
213301
1001
S_GXRQ
1071
1718277499
  0
INSERT
  5
155E
330
1F
100
AcDbEntity
  8
ZBTZ
  6
Continuous
100
AcDbBlockReference
  2
gc208
 10
574258.1961395543
 20
2880426.034906713
 30
343.1199144187681
 41
0.5
 42
0.5
1001
south
1000
213301
1001
S_GXRQ
1071
1718277499
  0
INSERT
  5
155F
330
1F
100
AcDbEntity
  8
ZBTZ
  6
Continuous
100
AcDbBlockReference
  2
gc208
 10
574253.4726189735
 20
2880433.269871848
 30
344.6780654385052
 41
0.5
 42
0.5
1001
south
1000
213301
1001
S_GXRQ
1071
1718277500
  0
INSERT
  5
1560
330
1F
100
AcDbEntity
  8
ZBTZ
  6
Continuous
100
AcDbBlockReference
  2
gc208
 10
574255.2597797748
 20
2880442.401358646
 30
341.6446022207215
 41
0.5
 42
0.5
1001
south
1000
213301
1001
S_GXRQ
1071
1718277500
  0
INSERT
  5
1561
330
1F
100
AcDbEntity
  8
ZBTZ
  6
Continuous
100
AcDbBlockReference
  2
gc208
 10
574262.6499340241
 20
2880440.237575514
 30
345.549738785468
 41
0.5
 42
0.5
1001
south
1000
213301
1001
S_GXRQ
1071
1718277501
  0
INSERT
  5
1562
330
1F
100
AcDbEntity
  8
ZBTZ
  6
Continuous
100
AcDbBlockReference
  2
gc208
 10
574265.3771727365
 20
2880426.344251199
 30
339.5986090830825
 41
0.5
 42
0.5
1001
south
1000
213301
1001
S_GXRQ
1071
1718277501
  0
INSERT
  5
1563
330
1F
100
AcDbEntity
  8
ZBTZ
  6
Continuous
100
AcDbBlockReference
  2
gc208
 10
574265.1446381785
 20
2880410.251695697
 30
340.7494374543726
 41
0.5
 42
0.5
1001
south
1000
213301
1001
S_GXRQ
1071
1718277501
  0
INSERT
  5
1564
330
1F
100
AcDbEntity
  8
ZBTZ
  6
Continuous
100
AcDbBlockReference
  2
gc208
 10
574273.7403510311
 20
2880433.426563488
 30
341.4638007788285
 41
0.5
 42
0.5
1001
south
1000
213301
1001
S_GXRQ
1071
1718277502
  0
INSERT
  5
1565
330
1F
100
AcDbEntity
  8
ZBTZ
  6
Continuous
100
AcDbBlockReference
  2
gc208
 10
574261.7729231993
 20
2880414.674333945
 30
341.4623957190029
 41
0.5
 42
0.5
1001
south
1000
213301
1001
S_GXRQ
1071
1718277503
  0
INSERT
  5
1566
330
1F
100
AcDbEntity
  8
ZBTZ
  6
Continuous
100
AcDbBlockReference
  2
gc208
 10
574271.1161115636
 20
2880427.813557879
 30
343.6595283092296
 41
0.5
 42
0.5
1001
south
1000
213301
1001
S_GXRQ
1071
1718277503
  0
INSERT
  5
1567
330
1F
100
AcDbEntity
  8
ZBTZ
  6
Continuous
100
AcDbBlockReference
  2
gc208
 10
574263.723880222
 20
2880418.819992457
 30
343.1888828596397
 41
0.5
 42
0.5
1001
south
1000
213301
1001
S_GXRQ
1071
1718277504
  0
INSERT
  5
1568
330
1F
100
AcDbEntity
  8
ZBTZ
  6
Continuous
100
AcDbBlockReference
  2
gc208
 10
574267.202065767
 20
2880431.626902759
 30
342.0527894904203
 41
0.5
 42
0.5
1001
south
1000
213301
1001
S_GXRQ
1071
1718277504
  0
INSERT
  5
1569
330
1F
100
AcDbEntity
  8
ZBTZ
  6
Continuous
100
AcDbBlockReference
  2
gc208
 10
574263.6687718775
 20
2880446.681096146
 30
340.6204869181215
 41
0.5
 42
0.5
1001
south
1000
213301
1001
S_GXRQ
1071
1718277505
  0
INSERT
  5
156A
330
1F
100
AcDbEntity
  8
ZBTZ
  6
Continuous
100
AcDbBlockReference
  2
gc208
 10
574257.9886788682
 20
2880446.039848577
 30
343.5796874908096
 41
0.5
 42
0.5
1001
south
1000
213301
1001
S_GXRQ
1071
1718277505
  0
INSERT
  5
156B
330
1F
100
AcDbEntity
  8
ZBTZ
  6
Continuous
100
AcDbBlockReference
  2
gc208
 10
574241.6995805751
 20
2880423.816133422
 30
344.4519790767058
 41
0.5
 42
0.5
1001
south
1000
213301
1001
S_GXRQ
1071
1718277507
  0
INSERT
  5
156C
330
1F
100
AcDbEntity
  8
ZBTZ
  6
Continuous
100
AcDbBlockReference
  2
gc208
 10
574239.8007593983
 20
2880416.906032131
 30
343.2312564959115
 41
0.5
 42
0.5
1001
south
1000
213301
1001
S_GXRQ
1071
1718277508
  0
INSERT
  5
156D
330
1F
100
AcDbEntity
  8
ZBTZ
  6
Continuous
100
AcDbBlockReference
  2
gc208
 10
574239.6420636624
 20
2880407.315746995
 30
337.5148148506247
 41
0.5
 42
0.5
1001
south
1000
213301
1001
S_GXRQ
1071
1718277508
  0
INSERT
  5
156E
330
1F
100
AcDbEntity
  8
ZBTZ
  6
Continuous
100
AcDbBlockReference
  2
gc208
 10
574236.149500893
 20
2880406.62391572
 30
336.942805422686
 41
0.5
 42
0.5
1001
south
1000
213301
1001
S_GXRQ
1071
1718277510
  0
INSERT
  5
156F
330
1F
100
AcDbEntity
  8
ZBTZ
  6
Continuous
100
AcDbBlockReference
  2
gc208
 10
574235.9659527394
 20
2880395.939443475
 30
342.6650548300072
 41
0.5
 42
0.5
1001
south
1000
213301
1001
S_GXRQ
1071
1718277511
  0
INSERT
  5
1570
330
1F
100
AcDbEntity
  8
ZBTZ
  6
Continuous
100
AcDbBlockReference
  2
gc208
 10
574244.7136069557
 20
2880402.244629026
 30
339.0058624187782
 41
0.5
 42
0.5
1001
south
1000
213301
1001
S_GXRQ
1071
1718277512
  0
INSERT
  5
1571
330
1F
100
AcDbEntity
  8
ZBTZ
  6
Continuous
100
AcDbBlockReference
  2
gc208
 10
574255.2487658251
 20
2880449.930450236
 30
341.1092886810489
 41
0.5
 42
0.5
1001
south
1000
213301
1001
S_GXRQ
1071
1718277515
  0
INSERT
  5
1572
330
1F
100
AcDbEntity
  8
ZBTZ
  6
Continuous
100
AcDbBlockReference
  2
gc208
 10
574261.5971678423
 20
2880432.638971464
 30
344.9604512459896
 41
0.5
 42
0.5
1001
south
1000
213301
1001
S_GXRQ
1071
1718277520
  0
INSERT
  5
1573
330
1F
100
AcDbEntity
  8
ZBTZ
  6
Continuous
100
AcDbBlockReference
  2
gc208
 10
574217.8738835391
 20
2880361.256328793
 30
341.1012811146043
 41
0.5
 42
0.5
1001
south
1000
213301
1001
S_GXRQ
1071
1718277522
  0
INSERT
  5
1574
330
1F
100
AcDbEntity
  8
ZBTZ
  6
Continuous
100
AcDbBlockReference
  2
gc208
 10
574213.2381582798
 20
2880357.618378882
 30
343.1022942231334
 41
0.5
 42
0.5
1001
south
1000
213301
1001
S_GXRQ
1071
1718277522
  0
INSERT
  5
1575
330
1F
100
AcDbEntity
  8
ZBTZ
  6
Continuous
100
AcDbBlockReference
  2
gc208
 10
574215.6205184434
 20
2880364.942290913
 30
342.5697207983881
 41
0.5
 42
0.5
1001
south
1000
213301
1001
S_GXRQ
1071
1718277523
  0
INSERT
  5
1576
330
1F
100
AcDbEntity
  8
ZBTZ
  6
Continuous
100
AcDbBlockReference
  2
gc160
 10
574217.7700430527
 20
2880368.857197644
 30
166.4753087087217
 41
0.5
 42
0.5
1001
south
1000
213211
1001
S_GXRQ
1071
1718277534
  0
INSERT
  5
1577
330
1F
100
AcDbEntity
  8
ZBTZ
  6
Continuous
100
AcDbBlockReference
  2
gc160
 10
574224.4022711555
 20
2880368.014072094
 30
333.719975636091
 41
0.5
 42
0.5
1001
south
1000
213211
1001
S_GXRQ
1071
1718277538
  0
INSERT
  5
1578
330
1F
100
AcDbEntity
  8
ZBTZ
  6
Continuous
100
AcDbBlockReference
  2
gc160
 10
574218.582343304
 20
2880375.219339709
 30
331.7084986704699
 41
0.5
 42
0.5
1001
south
1000
213211
1001
S_GXRQ
1071
1718277539
  0
INSERT
  5
1579
330
1F
100
AcDbEntity
  8
ZBTZ
  6
Continuous
100
AcDbBlockReference
  2
gc160
 10
574224.3506309951
 20
2880376.779698975
 30
331.9498692240864
 41
0.5
 42
0.5
1001
south
1000
213211
1001
S_GXRQ
1071
1718277539
  0
INSERT
  5
157A
330
1F
100
AcDbEntity
  8
ZBTZ
  6
Continuous
100
AcDbBlockReference
  2
gc160
 10
574216.6415392756
 20
2880383.093631171
 30
330.3418951462786
 41
0.5
 42
0.5
1001
south
1000
213211
1001
S_GXRQ
1071
1718277540
  0
INSERT
  5
157B
330
1F
100
AcDbEntity
  8
ZBTZ
  6
Continuous
100
AcDbBlockReference
  2
gc160
 10
574225.8796620926
 20
2880383.9937068
 30
330.8206613121852
 41
0.5
 42
0.5
1001
south
1000
213211
1001
S_GXRQ
1071
1718277540
  0
INSERT
  5
157C
330
1F
100
AcDbEntity
  8
ZBTZ
  6
Continuous
100
AcDbBlockReference
  2
gc160
 10
574223.6371110037
 20
2880391.925418053
 30
328.8758203910961
 41
0.5
 42
0.5
1001
south
1000
213211
1001
S_GXRQ
1071
1718277542
  0
INSERT
  5
157D
330
1F
100
AcDbEntity
  8
ZBTZ
  6
Continuous
100
AcDbBlockReference
  2
gc160
 10
574219.2193222424
 20
2880390.88984307
 30
329.4526893980633
 41
0.5
 42
0.5
1001
south
1000
213211
1001
S_GXRQ
1071
1718277542
  0
INSERT
  5
157E
330
1F
100
AcDbEntity
  8
ZBTZ
  6
Continuous
100
AcDbBlockReference
  2
gc160
 10
574223.442468975
 20
2880396.653061668
 30
328.9293216024357
 41
0.5
 42
0.5
1001
south
1000
213211
1001
S_GXRQ
1071
1718277543
  0
INSERT
  5
157F
330
1F
100
AcDbEntity
  8
ZBTZ
  6
Continuous
100
AcDbBlockReference
  2
gc160
 10
574219.6422394302
 20
2880397.21986103
 30
329.3629402983766
 41
0.5
 42
0.5
1001
south
1000
213211
1001
S_GXRQ
1071
1718277543
  0
INSERT
  5
1580
330
1F
100
AcDbEntity
  8
ZBTZ
  6
Continuous
100
AcDbBlockReference
  2
gc160
 10
574224.2534190385
 20
2880403.378306626
 30
332.2937804981898
 41
0.5
 42
0.5
1001
south
1000
213211
1001
S_GXRQ
1071
1718277544
  0
INSERT
  5
1581
330
1F
100
AcDbEntity
  8
ZBTZ
  6
Continuous
100
AcDbBlockReference
  2
gc160
 10
574222.0332602842
 20
2880405.677024191
 30
330.7991214138287
 41
0.5
 42
0.5
1001
south
1000
213211
1001
S_GXRQ
1071
1718277544
  0
INSERT
  5
1582
330
1F
100
AcDbEntity
  8
ZBTZ
  6
Continuous
100
AcDbBlockReference
  2
gc160
 10
574227.3273710465
 20
2880409.672917604
 30
337.2075749574992
 41
0.5
 42
0.5
1001
south
1000
213211
1001
S_GXRQ
1071
1718277546
  0
INSERT
  5
1583
330
1F
100
AcDbEntity
  8
ZBTZ
  6
Continuous
100
AcDbBlockReference
  2
gc160
 10
574231.0230976361
 20
2880384.734850054
 30
331.2947188096418
 41
0.5
 42
0.5
1001
south
1000
213211
1001
S_GXRQ
1071
1718277551
  0
INSERT
  5
1584
330
1F
100
AcDbEntity
  8
ZBTZ
  6
Continuous
100
AcDbBlockReference
  2
gc160
 10
574231.7355937262
 20
2880376.156174191
 30
332.7321014362219
 41
0.5
 42
0.5
1001
south
1000
213211
1001
S_GXRQ
1071
1718277551
  0
INSERT
  5
1585
330
1F
100
AcDbEntity
  8
ZBTZ
  6
Continuous
100
AcDbBlockReference
  2
gc160
 10
574234.1805734744
 20
2880368.931863379
 30
335.1812585780694
 41
0.5
 42
0.5
1001
south
1000
213211
1001
S_GXRQ
1071
1718277551
  0
INSERT
  5
1586
330
1F
100
AcDbEntity
  8
ZBTZ
  6
Continuous
100
AcDbBlockReference
  2
gc160
 10
574242.8674098354
 20
2880375.27509847
 30
333.1543382617943
 41
0.5
 42
0.5
1001
south
1000
213211
1001
S_GXRQ
1071
1718277552
  0
INSERT
  5
1587
330
1F
100
AcDbEntity
  8
ZBTZ
  6
Continuous
100
AcDbBlockReference
  2
gc160
 10
574238.0029152961
 20
2880380.842551608
 30
332.9291690070945
 41
0.5
 42
0.5
1001
south
1000
213211
1001
S_GXRQ
1071
1718277552
  0
INSERT
  5
1588
330
1F
100
AcDbEntity
  8
ZBTZ
  6
Continuous
100
AcDbBlockReference
  2
gc160
 10
574239.2387606944
 20
2880386.705990554
 30
332.0266067839525
 41
0.5
 42
0.5
1001
south
1000
213211
1001
S_GXRQ
1071
1718277553
  0
INSERT
  5
1589
330
1F
100
AcDbEntity
  8
ZBTZ
  6
Continuous
100
AcDbBlockReference
  2
gc160
 10
574248.2169661501
 20
2880390.518964041
 30
333.1191824339162
 41
0.5
 42
0.5
1001
south
1000
213211
1001
S_GXRQ
1071
1718277554
  0
INSERT
  5
158A
330
1F
100
AcDbEntity
  8
ZBTZ
  6
Continuous
100
AcDbBlockReference
  2
gc160
 10
574250.3871996025
 20
2880384.49684174
 30
333.7537621110509
 41
0.5
 42
0.5
1001
south
1000
213211
1001
S_GXRQ
1071
1718277554
  0
INSERT
  5
158B
330
1F
100
AcDbEntity
  8
ZBTZ
  6
Continuous
100
AcDbBlockReference
  2
gc160
 10
574254.587896009
 20
2880395.436790229
 30
333.9653388038109
 41
0.5
 42
0.5
1001
south
1000
213211
1001
S_GXRQ
1071
1718277555
  0
INSERT
  5
158C
330
1F
100
AcDbEntity
  8
ZBTZ
  6
Continuous
100
AcDbBlockReference
  2
gc160
 10
574258.7253964331
 20
2880390.770374628
 30
333.6976945772599
 41
0.5
 42
0.5
1001
south
1000
213211
1001
S_GXRQ
1071
1718277556
  0
INSERT
  5
158D
330
1F
100
AcDbEntity
  8
ZBTZ
  6
Continuous
100
AcDbBlockReference
  2
gc160
 10
574263.8284707568
 20
2880393.891335073
 30
333.3527286338917
 41
0.5
 42
0.5
1001
south
1000
213211
1001
S_GXRQ
1071
1718277557
  0
INSERT
  5
158E
330
1F
100
AcDbEntity
  8
ZBTZ
  6
Continuous
100
AcDbBlockReference
  2
gc160
 10
574270.5014464146
 20
2880398.753530495
 30
333.8777137209959
 41
0.5
 42
0.5
1001
south
1000
213211
1001
S_GXRQ
1071
1718277557
  0
INSERT
  5
158F
330
1F
100
AcDbEntity
  8
ZBTZ
  6
Continuous
100
AcDbBlockReference
  2
gc160
 10
574276.1689168268
 20
2880402.395271137
 30
334.3264222119302
 41
0.5
 42
0.5
1001
south
1000
213211
1001
S_GXRQ
1071
1718277558
  0
INSERT
  5
1590
330
1F
100
AcDbEntity
  8
ZBTZ
  6
Continuous
100
AcDbBlockReference
  2
gc160
 10
574266.1294672464
 20
2880402.994579648
 30
334.2441422389652
 41
0.5
 42
0.5
1001
south
1000
213211
1001
S_GXRQ
1071
1718277558
  0
INSERT
  5
1591
330
1F
100
AcDbEntity
  8
ZBTZ
  6
Continuous
100
AcDbBlockReference
  2
gc160
 10
574258.3634740566
 20
2880400.67635973
 30
334.0563166374173
 41
0.5
 42
0.5
1001
south
1000
213211
1001
S_GXRQ
1071
1718277559
  0
INSERT
  5
1592
330
1F
100
AcDbEntity
  8
ZBTZ
  6
Continuous
100
AcDbBlockReference
  2
gc160
 10
574252.0121452852
 20
2880404.344826542
 30
332.4678641240875
 41
0.5
 42
0.5
1001
south
1000
213211
1001
S_GXRQ
1071
1718277559
  0
INSERT
  5
1593
330
1F
100
AcDbEntity
  8
ZBTZ
  6
Continuous
100
AcDbBlockReference
  2
gc160
 10
574273.1083749385
 20
2880409.518430921
 30
333.6249714426062
 41
0.5
 42
0.5
1001
south
1000
213211
1001
S_GXRQ
1071
1718277561
  0
INSERT
  5
1594
330
1F
100
AcDbEntity
  8
ZBTZ
  6
Continuous
100
AcDbBlockReference
  2
gc160
 10
574269.5035233404
 20
2880412.837315409
 30
334.7320468255616
 41
0.5
 42
0.5
1001
south
1000
213211
1001
S_GXRQ
1071
1718277561
  0
INSERT
  5
1595
330
1F
100
AcDbEntity
  8
ZBTZ
  6
Continuous
100
AcDbBlockReference
  2
gc160
 10
574269.7616609738
 20
2880417.63135773
 30
333.1797806273512
 41
0.5
 42
0.5
1001
south
1000
213211
1001
S_GXRQ
1071
1718277561
  0
INSERT
  5
1596
330
1F
100
AcDbEntity
  8
ZBTZ
  6
Continuous
100
AcDbBlockReference
  2
gc160
 10
574277.3050942608
 20
2880418.741131284
 30
332.8472707101441
 41
0.5
 42
0.5
1001
south
1000
213211
1001
S_GXRQ
1071
1718277562
  0
INSERT
  5
1597
330
1F
100
AcDbEntity
  8
ZBTZ
  6
Continuous
100
AcDbBlockReference
  2
gc160
 10
574277.3325252446
 20
2880425.442253404
 30
333.0368737343065
 41
0.5
 42
0.5
1001
south
1000
213211
1001
S_GXRQ
1071
1718277562
  0
INSERT
  5
1598
330
1F
100
AcDbEntity
  8
ZBTZ
  6
Continuous
100
AcDbBlockReference
  2
gc160
 10
574272.3055617898
 20
2880420.289016844
 30
332.637905420253
 41
0.5
 42
0.5
1001
south
1000
213211
1001
S_GXRQ
1071
1718277563
  0
INSERT
  5
1599
330
1F
100
AcDbEntity
  8
ZBTZ
  6
Continuous
100
AcDbBlockReference
  2
gc160
 10
574283.6996239244
 20
2880429.406994851
 30
338.9147433861922
 41
0.5
 42
0.5
1001
south
1000
213211
1001
S_GXRQ
1071
1718277564
  0
INSERT
  5
159A
330
1F
100
AcDbEntity
  8
ZBTZ
  6
Continuous
100
AcDbBlockReference
  2
gc160
 10
574281.1416554236
 20
2880434.105077184
 30
332.6688447280153
 41
0.5
 42
0.5
1001
south
1000
213211
1001
S_GXRQ
1071
1718277564
  0
INSERT
  5
159B
330
1F
100
AcDbEntity
  8
ZBTZ
  6
Continuous
100
AcDbBlockReference
  2
gc160
 10
574278.3573281569
 20
2880440.095666512
 30
333.5816288962792
 41
0.5
 42
0.5
1001
south
1000
213211
1001
S_GXRQ
1071
1718277565
  0
INSERT
  5
159C
330
1F
100
AcDbEntity
  8
ZBTZ
  6
Continuous
100
AcDbBlockReference
  2
gc160
 10
574270.4612565294
 20
2880440.480083473
 30
334.4267860993109
 41
0.5
 42
0.5
1001
south
1000
213211
1001
S_GXRQ
1071
1718277565
  0
INSERT
  5
159D
330
1F
100
AcDbEntity
  8
ZBTZ
  6
Continuous
100
AcDbBlockReference
  2
gc160
 10
574269.3276822816
 20
2880446.94295654
 30
334.7244719192218
 41
0.5
 42
0.5
1001
south
1000
213211
1001
S_GXRQ
1071
1718277566
  0
INSERT
  5
159E
330
1F
100
AcDbEntity
  8
ZBTZ
  6
Continuous
100
AcDbBlockReference
  2
gc160
 10
574266.5246712321
 20
2880451.999446208
 30
334.8905792468991
 41
0.5
 42
0.5
1001
south
1000
213211
1001
S_GXRQ
1071
1718277567
  0
INSERT
  5
159F
330
1F
100
AcDbEntity
  8
ZBTZ
  6
Continuous
100
AcDbBlockReference
  2
gc160
 10
574260.5150697182
 20
2880453.280815213
 30
334.3876552807464
 41
0.5
 42
0.5
1001
south
1000
213211
1001
S_GXRQ
1071
1718277567
  0
INSERT
  5
15A0
330
1F
100
AcDbEntity
  8
ZBTZ
  6
Continuous
100
AcDbBlockReference
  2
gc160
 10
574257.7132345112
 20
2880453.33657055
 30
334.2035352783109
 41
0.5
 42
0.5
1001
south
1000
213211
1001
S_GXRQ
1071
1718277568
  0
INSERT
  5
15A1
330
1F
100
AcDbEntity
  8
ZBTZ
  6
Continuous
100
AcDbBlockReference
  2
gc160
 10
574267.1844112161
 20
2880454.68872177
 30
335.2988560139033
 41
0.5
 42
0.5
1001
south
1000
213211
1001
S_GXRQ
1071
1718277569
  0
INSERT
  5
15A2
330
1F
100
AcDbEntity
  8
ZBTZ
  6
Continuous
100
AcDbBlockReference
  2
gc160
 10
574261.5802378476
 20
2880457.300583706
 30
336.7877968693915
 41
0.5
 42
0.5
1001
south
1000
213211
1001
S_GXRQ
1071
1718277569
  0
LWPOLYLINE
  5
15A3
102
{ACAD_XDICTIONARY
360
15A4
102
}
330
1F
100
AcDbEntity
  8
ZBTZ
  6
1161
100
AcDbPolyline
 90
       23
 70
   129
 38
162.3219832022357
 10
574378.2634699177
 20
2880371.319030725
 40
0.0000021623219832
 41
0.0000021623219832
 10
574350.6175980128
 20
2880381.939370441
 40
0.0000021623720464
 41
0.0000021623720464
 10
574349.6899254861
 20
2880383.562789563
 40
0.0000021622538423
 41
0.0000021622538423
 10
574350.2007560251
 20
2880385.088915371
 40
0.0000021622153495
 41
0.0000021622153495
 10
574355.1658733923
 20
2880398.266757488
 40
0.0000021624515955
 41
0.0000021624515955
 10
574356.4867636441
 20
2880406.150524303
 40
0.0000021625253005
 41
0.0000021625253005
 10
574356.9569033648
 20
2880413.595034643
 40
0.0000021625005917
 41
0.0000021625005917
 10
574361.1288554214
 20
2880421.198993987
 40
0.0000021622298643
 41
0.0000021622298643
 10
574368.946893556
 20
2880422.729988201
 40
0.0000021622747907
 41
0.0000021622747907
 10
574374.218510289
 20
2880422.575964352
 40
0.0000021623374501
 41
0.0000021623374501
 10
574381.731575825
 20
2880421.958435172
 40
0.0000021625371775
 41
0.0000021625371775
 10
574388.2745610748
 20
2880421.504882125
 40
0.0000021625749714
 41
0.0000021625749714
 10
574391.350124134
 20
2880419.726054979
 40
0.0000021625506984
 41
0.0000021625506984
 10
574393.2836115718
 20
2880416.279106393
 40
0.000002162528409
 41
0.000002162528409
 10
574394.4349669118
 20
2880412.216805337
 40
0.0000021624562255
 41
0.0000021624562255
 10
574394.5703153191
 20
2880409.09886942
 40
0.0000021624008702
 41
0.0000021624008702
 10
574393.1044455306
 20
2880404.165871778
 40
0.0000021619597499
 41
0.0000021619597499
 10
574389.8505233368
 20
2880396.627929585
 40
0.0000021623721767
 41
0.0000021623721767
 10
574385.9549687486
 20
2880389.150167527
 40
0.0000021623882157
 41
0.0000021623882157
 10
574382.1673524037
 20
2880382.760708607
 40
0.0000021628724975
 41
0.0000021628724975
 10
574380.4444363443
 20
2880379.330240406
 40
0.0000021626150387
 41
0.0000021626150387
 10
574379.4746490594
 20
2880375.128498272
 40
0.0000021621823983
 41
0.0000021621823983
 10
574378.8119763317
 20
2880372.999796602
 40
0.0000021624007775
 41
0.0000021624007775
1001
S_GXRQ
1071
1718277600
1001
south
1000
211100
  0
INSERT
  5
15A6
102
{ACAD_XDICTIONARY
360
15A7
102
}
330
1F
100
AcDbEntity
  8
ZBTZ
  6
Continuous
100
AcDbBlockReference
  2
gc120
 10
574374.689925486
 20
2880376.319030725
 30
162.3306532453591
 41
0.5
 42
0.5
1001
south
1000
211100-1
  0
INSERT
  5
15A9
102
{ACAD_XDICTIONARY
360
15AA
102
}
330
1F
100
AcDbEntity
  8
ZBTZ
  6
Continuous
100
AcDbBlockReference
  2
gc120
 10
574359.689925486
 20
2880381.319030724
 30
162.3573542264329
 41
0.5
 42
0.5
1001
south
1000
211100-1
  0
INSERT
  5
15AC
102
{ACAD_XDICTIONARY
360
15AD
102
}
330
1F
100
AcDbEntity
  8
ZBTZ
  6
Continuous
100
AcDbBlockReference
  2
gc120
 10
574369.689925486
 20
2880381.319030724
 30
162.3415742342535
 41
0.5
 42
0.5
1001
south
1000
211100-1
  0
INSERT
  5
15AF
102
{ACAD_XDICTIONARY
360
15B0
102
}
330
1F
100
AcDbEntity
  8
ZBTZ
  6
Continuous
100
AcDbBlockReference
  2
gc120
 10
574379.689925486
 20
2880381.319030724
 30
162.7115213875157
 41
0.5
 42
0.5
1001
south
1000
211100-1
  0
INSERT
  5
15B2
102
{ACAD_XDICTIONARY
360
15B3
102
}
330
1F
100
AcDbEntity
  8
ZBTZ
  6
Continuous
100
AcDbBlockReference
  2
gc120
 10
574354.689925486
 20
2880386.319030725
 30
162.2612143071517
 41
0.5
 42
0.5
1001
south
1000
211100-1
  0
INSERT
  5
15B5
102
{ACAD_XDICTIONARY
360
15B6
102
}
330
1F
100
AcDbEntity
  8
ZBTZ
  6
Continuous
100
AcDbBlockReference
  2
gc120
 10
574364.689925486
 20
2880386.319030725
 30
162.3524952231482
 41
0.5
 42
0.5
1001
south
1000
211100-1
  0
INSERT
  5
15B8
102
{ACAD_XDICTIONARY
360
15B9
102
}
330
1F
100
AcDbEntity
  8
ZBTZ
  6
Continuous
100
AcDbBlockReference
  2
gc120
 10
574374.689925486
 20
2880386.319030725
 30
162.8606825503289
 41
0.5
 42
0.5
1001
south
1000
211100-1
  0
INSERT
  5
15BB
102
{ACAD_XDICTIONARY
360
15BC
102
}
330
1F
100
AcDbEntity
  8
ZBTZ
  6
Continuous
100
AcDbBlockReference
  2
gc120
 10
574359.689925486
 20
2880391.319030725
 30
162.3692836448516
 41
0.5
 42
0.5
1001
south
1000
211100-1
  0
INSERT
  5
15BE
102
{ACAD_XDICTIONARY
360
15BF
102
}
330
1F
100
AcDbEntity
  8
ZBTZ
  6
Continuous
100
AcDbBlockReference
  2
gc120
 10
574369.689925486
 20
2880391.319030725
 30
162.8073368906553
 41
0.5
 42
0.5
1001
south
1000
211100-1
  0
INSERT
  5
15C1
102
{ACAD_XDICTIONARY
360
15C2
102
}
330
1F
100
AcDbEntity
  8
ZBTZ
  6
Continuous
100
AcDbBlockReference
  2
gc120
 10
574379.689925486
 20
2880391.319030725
 30
162.4748676597145
 41
0.5
 42
0.5
1001
south
1000
211100-1
  0
INSERT
  5
15C4
102
{ACAD_XDICTIONARY
360
15C5
102
}
330
1F
100
AcDbEntity
  8
ZBTZ
  6
Continuous
100
AcDbBlockReference
  2
gc120
 10
574354.689925486
 20
2880396.319030725
 30
162.4182031017571
 41
0.5
 42
0.5
1001
south
1000
211100-1
  0
INSERT
  5
15C7
102
{ACAD_XDICTIONARY
360
15C8
102
}
330
1F
100
AcDbEntity
  8
ZBTZ
  6
Continuous
100
AcDbBlockReference
  2
gc120
 10
574364.689925486
 20
2880396.319030725
 30
162.4515954556325
 41
0.5
 42
0.5
1001
south
1000
211100-1
  0
INSERT
  5
15CA
102
{ACAD_XDICTIONARY
360
15CB
102
}
330
1F
100
AcDbEntity
  8
ZBTZ
  6
Continuous
100
AcDbBlockReference
  2
gc120
 10
574374.689925486
 20
2880396.319030725
 30
162.3860220368425
 41
0.5
 42
0.5
1001
south
1000
211100-1
  0
INSERT
  5
15CD
102
{ACAD_XDICTIONARY
360
15CE
102
}
330
1F
100
AcDbEntity
  8
ZBTZ
  6
Continuous
100
AcDbBlockReference
  2
gc120
 10
574384.689925486
 20
2880396.319030725
 30
162.3772333264019
 41
0.5
 42
0.5
1001
south
1000
211100-1
  0
INSERT
  5
15D0
102
{ACAD_XDICTIONARY
360
15D1
102
}
330
1F
100
AcDbEntity
  8
ZBTZ
  6
Continuous
100
AcDbBlockReference
  2
gc120
 10
574359.689925486
 20
2880401.319030724
 30
162.4862447807496
 41
0.5
 42
0.5
1001
south
1000
211100-1
  0
INSERT
  5
15D3
102
{ACAD_XDICTIONARY
360
15D4
102
}
330
1F
100
AcDbEntity
  8
ZBTZ
  6
Continuous
100
AcDbBlockReference
  2
gc120
 10
574369.689925486
 20
2880401.319030724
 30
162.5014808642574
 41
0.5
 42
0.5
1001
south
1000
211100-1
  0
INSERT
  5
15D6
102
{ACAD_XDICTIONARY
360
15D7
102
}
330
1F
100
AcDbEntity
  8
ZBTZ
  6
Continuous
100
AcDbBlockReference
  2
gc120
 10
574379.689925486
 20
2880401.319030724
 30
162.3731924403769
 41
0.5
 42
0.5
1001
south
1000
211100-1
  0
INSERT
  5
15D9
102
{ACAD_XDICTIONARY
360
15DA
102
}
330
1F
100
AcDbEntity
  8
ZBTZ
  6
Continuous
100
AcDbBlockReference
  2
gc120
 10
574389.689925486
 20
2880401.319030724
 30
162.159022798277
 41
0.5
 42
0.5
1001
south
1000
211100-1
  0
INSERT
  5
15DC
102
{ACAD_XDICTIONARY
360
15DD
102
}
330
1F
100
AcDbEntity
  8
ZBTZ
  6
Continuous
100
AcDbBlockReference
  2
gc120
 10
574364.689925486
 20
2880406.319030724
 30
162.5230308643367
 41
0.5
 42
0.5
1001
south
1000
211100-1
  0
INSERT
  5
15DF
102
{ACAD_XDICTIONARY
360
15E0
102
}
330
1F
100
AcDbEntity
  8
ZBTZ
  6
Continuous
100
AcDbBlockReference
  2
gc120
 10
574374.689925486
 20
2880406.319030724
 30
162.385181885791
 41
0.5
 42
0.5
1001
south
1000
211100-1
  0
INSERT
  5
15E2
102
{ACAD_XDICTIONARY
360
15E3
102
}
330
1F
100
AcDbEntity
  8
ZBTZ
  6
Continuous
100
AcDbBlockReference
  2
gc120
 10
574384.689925486
 20
2880406.319030724
 30
162.0279679375504
 41
0.5
 42
0.5
1001
south
1000
211100-1
  0
INSERT
  5
15E5
102
{ACAD_XDICTIONARY
360
15E6
102
}
330
1F
100
AcDbEntity
  8
ZBTZ
  6
Continuous
100
AcDbBlockReference
  2
gc120
 10
574359.689925486
 20
2880411.319030725
 30
162.5075452966326
 41
0.5
 42
0.5
1001
south
1000
211100-1
  0
INSERT
  5
15E8
102
{ACAD_XDICTIONARY
360
15E9
102
}
330
1F
100
AcDbEntity
  8
ZBTZ
  6
Continuous
100
AcDbBlockReference
  2
gc120
 10
574369.689925486
 20
2880411.319030725
 30
162.2665359957976
 41
0.5
 42
0.5
1001
south
1000
211100-1
  0
INSERT
  5
15EB
102
{ACAD_XDICTIONARY
360
15EC
102
}
330
1F
100
AcDbEntity
  8
ZBTZ
  6
Continuous
100
AcDbBlockReference
  2
gc120
 10
574379.689925486
 20
2880411.319030725
 30
162.5063580707562
 41
0.5
 42
0.5
1001
south
1000
211100-1
  0
INSERT
  5
15EE
102
{ACAD_XDICTIONARY
360
15EF
102
}
330
1F
100
AcDbEntity
  8
ZBTZ
  6
Continuous
100
AcDbBlockReference
  2
gc120
 10
574389.689925486
 20
2880411.319030725
 30
162.4439666148009
 41
0.5
 42
0.5
1001
south
1000
211100-1
  0
INSERT
  5
15F1
102
{ACAD_XDICTIONARY
360
15F2
102
}
330
1F
100
AcDbEntity
  8
ZBTZ
  6
Continuous
100
AcDbBlockReference
  2
gc120
 10
574364.689925486
 20
2880416.319030725
 30
162.3099409882931
 41
0.5
 42
0.5
1001
south
1000
211100-1
  0
INSERT
  5
15F4
102
{ACAD_XDICTIONARY
360
15F5
102
}
330
1F
100
AcDbEntity
  8
ZBTZ
  6
Continuous
100
AcDbBlockReference
  2
gc120
 10
574374.689925486
 20
2880416.319030725
 30
162.3634780395991
 41
0.5
 42
0.5
1001
south
1000
211100-1
  0
INSERT
  5
15F7
102
{ACAD_XDICTIONARY
360
15F8
102
}
330
1F
100
AcDbEntity
  8
ZBTZ
  6
Continuous
100
AcDbBlockReference
  2
gc120
 10
574384.689925486
 20
2880416.319030725
 30
162.5564311942304
 41
0.5
 42
0.5
1001
south
1000
211100-1
  0
INSERT
  5
15FA
102
{ACAD_XDICTIONARY
360
15FB
102
}
330
1F
100
AcDbEntity
  8
ZBTZ
  6
Continuous
100
AcDbBlockReference
  2
gc120
 10
574369.689925486
 20
2880421.319030725
 30
162.2841045505057
 41
0.5
 42
0.5
1001
south
1000
211100-1
  0
INSERT
  5
15FD
102
{ACAD_XDICTIONARY
360
15FE
102
}
330
1F
100
AcDbEntity
  8
ZBTZ
  6
Continuous
100
AcDbBlockReference
  2
gc120
 10
574379.689925486
 20
2880421.319030725
 30
162.4846542245633
 41
0.5
 42
0.5
1001
south
1000
211100-1
  0
LWPOLYLINE
  5
1600
102
{ACAD_XDICTIONARY
360
1601
102
}
330
1F
100
AcDbEntity
  8
ZBTZ
  6
Continuous
100
AcDbPolyline
 90
        4
 70
   128
 38
162.2089298311537
 10
574356.6679778624
 20
2880407.275618566
 40
0.1000021622089298
 41
0.1000021622089298
 10
574370.2636762592
 20
2880402.366410372
 40
0.1000021622709739
 41
0.1000021622709739
 10
574381.0669429929
 20
2880398.455405472
 40
0.1000021620588467
 41
0.1000021620588467
 10
574389.5847363186
 20
2880396.136319462
 40
0.1000021624050648
 41
0.1000021624050648
1001
S_GXRQ
1071
1718277632
1001
south
1000
211110
  0
LWPOLYLINE
  5
1603
102
{ACAD_XDICTIONARY
360
1604
102
}
330
1F
100
AcDbEntity
  8
ZBTZ
  6
1161
100
AcDbPolyline
 90
       14
 70
   129
 38
158.2155200936746
 10
574239.7532028062
 20
2880329.439705245
 40
0.0000021582155201
 41
0.0000021582155201
 10
574242.8700609472
 20
2880327.944679658
 40
0.0000021579614785
 41
0.0000021579614785
 10
574247.970657099
 20
2880328.873744904
 40
0.0000021581159083
 41
0.0000021581159083
 10
574253.6280880887
 20
2880330.073840248
 40
0.0000021581397334
 41
0.0000021581397334
 10
574257.2705343885
 20
2880332.203061586
 40
0.0000021575856549
 41
0.0000021575856549
 10
574260.5313878097
 20
2880336.170452162
 40
0.0000021576308669
 41
0.0000021576308669
 10
574259.5306105404
 20
2880343.872145168
 40
0.0000021577227408
 41
0.0000021577227408
 10
574256.4005452232
 20
2880345.339355776
 40
0.0000021575434619
 41
0.0000021575434619
 10
574252.2261087222
 20
2880344.840825316
 40
0.0000021577332837
 41
0.0000021577332837
 10
574247.9830830714
 20
2880343.26311158
 40
0.0000021605039814
 41
0.0000021605039814
 10
574244.79987053
 20
2880341.664233066
 40
0.0000021576798173
 41
0.0000021576798173
 10
574242.1776072443
 20
2880338.516968345
 40
0.0000021575914463
 41
0.0000021575914463
 10
574240.2414505247
 20
2880334.480117039
 40
0.0000021574560496
 41
0.0000021574560496
 10
574238.7660657414
 20
2880331.789236107
 40
0.0000021579748583
 41
0.0000021579748583
1001
S_GXRQ
1071
1718277698
1001
south
1000
216100
  0
INSERT
  5
1606
330
1F
100
AcDbEntity
  8
ZBTZ
  6
Continuous
100
AcDbBlockReference
  2
gc160
 10
574245.0430598597
 20
2880334.976007119
 30
161.0688992544226
 41
0.5
 42
0.5
1001
south
1000
213211
1001
S_GXRQ
1071
1718277731
  0
INSERT
  5
1607
330
1F
100
AcDbEntity
  8
ZBTZ
  6
Continuous
100
AcDbBlockReference
  2
gc160
 10
574240.7937238354
 20
2880331.421257935
 30
319.1376466990746
 41
0.5
 42
0.5
1001
south
1000
213211
1001
S_GXRQ
1071
1718277734
  0
INSERT
  5
1608
330
1F
100
AcDbEntity
  8
ZBTZ
  6
Continuous
100
AcDbBlockReference
  2
gc160
 10
574251.4677891254
 20
2880333.108547359
 30
319.6827259389515
 41
0.5
 42
0.5
1001
south
1000
213211
1001
S_GXRQ
1071
1718277735
  0
INSERT
  5
1609
330
1F
100
AcDbEntity
  8
ZBTZ
  6
Continuous
100
AcDbBlockReference
  2
gc160
 10
574247.8969759953
 20
2880339.738314418
 30
323.1246648279316
 41
0.5
 42
0.5
1001
south
1000
213211
1001
S_GXRQ
1071
1718277735
  0
INSERT
  5
160A
330
1F
100
AcDbEntity
  8
ZBTZ
  6
Continuous
100
AcDbBlockReference
  2
gc160
 10
574253.3265363211
 20
2880342.216228242
 30
321.8851731178415
 41
0.5
 42
0.5
1001
south
1000
213211
1001
S_GXRQ
1071
1718277736
  0
INSERT
  5
160B
330
1F
100
AcDbEntity
  8
ZBTZ
  6
Continuous
100
AcDbBlockReference
  2
gc160
 10
574256.9633465175
 20
2880337.313060438
 30
319.8304892337014
 41
0.5
 42
0.5
1001
south
1000
213211
1001
S_GXRQ
1071
1718277736
  0
INSERT
  5
160C
330
1F
100
AcDbEntity
  8
ZBTZ
  6
Continuous
100
AcDbBlockReference
  2
gc160
 10
574258.2158970535
 20
2880343.096145218
 30
318.7864991463552
 41
0.5
 42
0.5
1001
south
1000
213211
1001
S_GXRQ
1071
1718277737
  0
INSERT
  5
160D
330
1F
100
AcDbEntity
  8
ZBTZ
  6
Continuous
100
AcDbBlockReference
  2
gc160
 10
574253.8512772194
 20
2880334.725402993
 30
320.3430076333293
 41
0.5
 42
0.5
1001
south
1000
213211
1001
S_GXRQ
1071
1718277738
  0
INSERT
  5
160E
330
1F
100
AcDbEntity
  8
ZBTZ
  6
Continuous
100
AcDbBlockReference
  2
gc160
 10
574249.8933427795
 20
2880341.501401602
 30
320.4871038644173
 41
0.5
 42
0.5
1001
south
1000
213211
1001
S_GXRQ
1071
1718277739
  0
INSERT
  5
160F
330
1F
100
AcDbEntity
  8
ZBTZ
  6
Continuous
100
AcDbBlockReference
  2
gc160
 10
574246.2382176888
 20
2880329.940286182
 30
322.9413461788622
 41
0.5
 42
0.5
1001
south
1000
213211
1001
S_GXRQ
1071
1718277739
  0
INSERT
  5
1610
330
1F
100
AcDbEntity
  8
ZBTZ
  6
Continuous
100
AcDbBlockReference
  2
gc160
 10
574248.9952925296
 20
2880336.799951937
 30
321.9716225808783
 41
0.5
 42
0.5
1001
south
1000
213211
1001
S_GXRQ
1071
1718277739
  0
INSERT
  5
1611
330
1F
100
AcDbEntity
  8
GCD
  6
Continuous
100
AcDbBlockReference
 66
     1
  2
gc200
 10
574270.787
 20
2880362.066
 30
163.554
 41
0.5
 42
0.5
 43
0.5
1001
S_GXRQ
1071
1718286495
1001
south
1000
202101
1000
1
  0
ATTRIB
  5
1612
330
1611
100
AcDbEntity
  8
GCD
  6
Continuous
100
AcDbText
 10
574271.3870000001
 20
2880361.566
 30
163.554
 40
1.0
  1
163.55
 41
0.8
 11
574271.3870000001
 21
2880362.066
 31
163.554
100
AcDbAttribute
280
     0
  2
height
 70
     0
 74
     2
280
     0
  0
SEQEND
  5
1613
330
1611
100
AcDbEntity
  8
GCD
  6
Continuous
  0
INSERT
  5
1614
330
1F
100
AcDbEntity
  8
GCD
  6
Continuous
100
AcDbBlockReference
 66
     1
  2
gc200
 10
574275.659
 20
2880358.186
 30
163.584
 41
0.5
 42
0.5
 43
0.5
1001
S_GXRQ
1071
1718286495
1001
south
1000
202101
1000
2
  0
ATTRIB
  5
1615
330
1614
100
AcDbEntity
  8
GCD
  6
Continuous
100
AcDbText
 10
574276.2590000001
 20
2880357.686
 30
163.584
 40
1.0
  1
163.58
 41
0.8
 11
574276.2590000001
 21
2880358.186
 31
163.584
100
AcDbAttribute
280
     0
  2
height
 70
     0
 74
     2
280
     0
  0
SEQEND
  5
1616
330
1614
100
AcDbEntity
  8
GCD
  6
Continuous
  0
INSERT
  5
1617
330
1F
100
AcDbEntity
  8
GCD
  6
Continuous
100
AcDbBlockReference
 66
     1
  2
gc200
 10
574280.7290000001
 20
2880354.838
 30
163.474
 41
0.5
 42
0.5
 43
0.5
1001
S_GXRQ
1071
1718286495
1001
south
1000
202101
1000
3
  0
ATTRIB
  5
1618
330
1617
100
AcDbEntity
  8
GCD
  6
Continuous
100
AcDbText
 10
574281.329
 20
2880354.338
 30
163.474
 40
1.0
  1
163.47
 41
0.8
 11
574281.329
 21
2880354.838
 31
163.474
100
AcDbAttribute
280
     0
  2
height
 70
     0
 74
     2
280
     0
  0
SEQEND
  5
1619
330
1617
100
AcDbEntity
  8
GCD
  6
Continuous
  0
INSERT
  5
161A
330
1F
100
AcDbEntity
  8
GCD
  6
Continuous
100
AcDbBlockReference
 66
     1
  2
gc200
 10
574285.0590000001
 20
2880351.735
 30
163.5
 41
0.5
 42
0.5
 43
0.5
1001
S_GXRQ
1071
1718286495
1001
south
1000
202101
1000
4
  0
ATTRIB
  5
161B
330
161A
100
AcDbEntity
  8
GCD
  6
Continuous
100
AcDbText
 10
574285.659
 20
2880351.235
 30
163.5
 40
1.0
  1
163.50
 41
0.8
 11
574285.659
 21
2880351.735
 31
163.5
100
AcDbAttribute
280
     0
  2
height
 70
     0
 74
     2
280
     0
  0
SEQEND
  5
161C
330
161A
100
AcDbEntity
  8
GCD
  6
Continuous
  0
INSERT
  5
161D
330
1F
100
AcDbEntity
  8
GCD
  6
Continuous
100
AcDbBlockReference
 66
     1
  2
gc200
 10
574288.9070000003
 20
2880349.806
 30
163.947
 41
0.5
 42
0.5
 43
0.5
1001
S_GXRQ
1071
1718286495
1001
south
1000
202101
1000
5
  0
ATTRIB
  5
161E
330
161D
100
AcDbEntity
  8
GCD
  6
Continuous
100
AcDbText
 10
574289.507
 20
2880349.306000001
 30
163.947
 40
1.0
  1
163.95
 41
0.8
 11
574289.507
 21
2880349.806
 31
163.947
100
AcDbAttribute
280
     0
  2
height
 70
     0
 74
     2
280
     0
  0
SEQEND
  5
161F
330
161D
100
AcDbEntity
  8
GCD
  6
Continuous
  0
INSERT
  5
1620
330
1F
100
AcDbEntity
  8
GCD
  6
Continuous
100
AcDbBlockReference
 66
     1
  2
gc200
 10
574298.2590000001
 20
2880400.658000001
 30
163.15
 41
0.5
 42
0.5
 43
0.5
1001
S_GXRQ
1071
1718286495
1001
south
1000
202101
1000
6
  0
ATTRIB
  5
1621
330
1620
100
AcDbEntity
  8
GCD
  6
Continuous
100
AcDbText
 10
574298.8589999999
 20
2880400.158000002
 30
163.15
 40
1.0
  1
163.15
 41
0.8
 11
574298.8589999999
 21
2880400.658000001
 31
163.15
100
AcDbAttribute
280
     0
  2
height
 70
     0
 74
     2
280
     0
  0
SEQEND
  5
1622
330
1620
100
AcDbEntity
  8
GCD
  6
Continuous
  0
INSERT
  5
1623
330
1F
100
AcDbEntity
  8
GCD
  6
Continuous
100
AcDbBlockReference
 66
     1
  2
gc200
 10
574303.614
 20
2880396.791000001
 30
163.3
 41
0.5
 42
0.5
 43
0.5
1001
S_GXRQ
1071
1718286495
1001
south
1000
202101
1000
7
  0
ATTRIB
  5
1624
330
1623
100
AcDbEntity
  8
GCD
  6
Continuous
100
AcDbText
 10
574304.214
 20
2880396.291000001
 30
163.3
 40
1.0
  1
163.30
 41
0.8
 11
574304.214
 21
2880396.791000001
 31
163.3
100
AcDbAttribute
280
     0
  2
height
 70
     0
 74
     2
280
     0
  0
SEQEND
  5
1625
330
1623
100
AcDbEntity
  8
GCD
  6
Continuous
  0
INSERT
  5
1626
330
1F
100
AcDbEntity
  8
GCD
  6
Continuous
100
AcDbBlockReference
 66
     1
  2
gc200
 10
574307.669
 20
2880393.507
 30
163.09
 41
0.5
 42
0.5
 43
0.5
1001
S_GXRQ
1071
1718286495
1001
south
1000
202101
1000
8
  0
ATTRIB
  5
1627
330
1626
100
AcDbEntity
  8
GCD
  6
Continuous
100
AcDbText
 10
574308.2690000001
 20
2880393.007
 30
163.09
 40
1.0
  1
163.09
 41
0.8
 11
574308.2690000001
 21
2880393.507
 31
163.09
100
AcDbAttribute
280
     0
  2
height
 70
     0
 74
     2
280
     0
  0
SEQEND
  5
1628
330
1626
100
AcDbEntity
  8
GCD
  6
Continuous
  0
INSERT
  5
1629
330
1F
100
AcDbEntity
  8
GCD
  6
Continuous
100
AcDbBlockReference
 66
     1
  2
gc200
 10
574311.0790000002
 20
2880390.642
 30
163.2
 41
0.5
 42
0.5
 43
0.5
1001
S_GXRQ
1071
1718286495
1001
south
1000
202101
1000
9
  0
ATTRIB
  5
162A
330
1629
100
AcDbEntity
  8
GCD
  6
Continuous
100
AcDbText
 10
574311.6790000001
 20
2880390.142
 30
163.2
 40
1.0
  1
163.20
 41
0.8
 11
574311.6790000001
 21
2880390.642
 31
163.2
100
AcDbAttribute
280
     0
  2
height
 70
     0
 74
     2
280
     0
  0
SEQEND
  5
162B
330
1629
100
AcDbEntity
  8
GCD
  6
Continuous
  0
INSERT
  5
162C
330
1F
100
AcDbEntity
  8
GCD
  6
Continuous
100
AcDbBlockReference
 66
     1
  2
gc200
 10
574294.4726872207
 20
2880392.855121314
 30
163.211
 41
0.5
 42
0.5
 43
0.5
1001
S_GXRQ
1071
1718286495
1001
south
1000
202101
1000
10
  0
ATTRIB
  5
162D
330
162C
100
AcDbEntity
  8
GCD
  6
Continuous
100
AcDbText
 10
574295.0726872208
 20
2880392.355121314
 30
163.211
 40
1.0
  1
163.21
 41
0.8
 11
574295.0726872208
 21
2880392.855121314
 31
163.211
100
AcDbAttribute
280
     0
  2
height
 70
     0
 74
     2
280
     0
  0
SEQEND
  5
162E
330
162C
100
AcDbEntity
  8
GCD
  6
Continuous
  0
INSERT
  5
162F
330
1F
100
AcDbEntity
  8
GCD
  6
Continuous
100
AcDbBlockReference
 66
     1
  2
gc200
 10
574296.8594596375
 20
2880390.664466921
 30
163.371
 41
0.5
 42
0.5
 43
0.5
1001
S_GXRQ
1071
1718286495
1001
south
1000
202101
1000
11
  0
ATTRIB
  5
1630
330
162F
100
AcDbEntity
  8
GCD
  6
Continuous
100
AcDbText
 10
574297.4594596375
 20
2880390.164466921
 30
163.371
 40
1.0
  1
163.37
 41
0.8
 11
574297.4594596375
 21
2880390.664466921
 31
163.371
100
AcDbAttribute
280
     0
  2
height
 70
     0
 74
     2
280
     0
  0
SEQEND
  5
1631
330
162F
100
AcDbEntity
  8
GCD
  6
Continuous
  0
INSERT
  5
1632
330
1F
100
AcDbEntity
  8
GCD
  6
Continuous
100
AcDbBlockReference
 66
     1
  2
gc200
 10
574298.9340558033
 20
2880388.764252806
 30
163.4
 41
0.5
 42
0.5
 43
0.5
1001
S_GXRQ
1071
1718286495
1001
south
1000
202101
1000
12
  0
ATTRIB
  5
1633
330
1632
100
AcDbEntity
  8
GCD
  6
Continuous
100
AcDbText
 10
574299.5340558032
 20
2880388.264252806
 30
163.4
 40
1.0
  1
163.40
 41
0.8
 11
574299.5340558032
 21
2880388.764252806
 31
163.4
100
AcDbAttribute
280
     0
  2
height
 70
     0
 74
     2
280
     0
  0
SEQEND
  5
1634
330
1632
100
AcDbEntity
  8
GCD
  6
Continuous
  0
INSERT
  5
1635
330
1F
100
AcDbEntity
  8
GCD
  6
Continuous
100
AcDbBlockReference
 66
     1
  2
gc200
 10
574301.247011861
 20
2880386.573634217
 30
163.38
 41
0.5
 42
0.5
 43
0.5
1001
S_GXRQ
1071
1718286495
1001
south
1000
202101
1000
13
  0
ATTRIB
  5
1636
330
1635
100
AcDbEntity
  8
GCD
  6
Continuous
100
AcDbText
 10
574301.8470118609
 20
2880386.073634217
 30
163.38
 40
1.0
  1
163.38
 41
0.8
 11
574301.8470118609
 21
2880386.573634217
 31
163.38
100
AcDbAttribute
280
     0
  2
height
 70
     0
 74
     2
280
     0
  0
SEQEND
  5
1637
330
1635
100
AcDbEntity
  8
GCD
  6
Continuous
  0
INSERT
  5
1638
330
1F
100
AcDbEntity
  8
GCD
  6
Continuous
100
AcDbBlockReference
 66
     1
  2
gc200
 10
574304.2321402064
 20
2880383.760387861
 30
163.2
 41
0.5
 42
0.5
 43
0.5
1001
S_GXRQ
1071
1718286495
1001
south
1000
202101
1000
14
  0
ATTRIB
  5
1639
330
1638
100
AcDbEntity
  8
GCD
  6
Continuous
100
AcDbText
 10
574304.8321402066
 20
2880383.260387861
 30
163.2
 40
1.0
  1
163.20
 41
0.8
 11
574304.8321402066
 21
2880383.760387861
 31
163.2
100
AcDbAttribute
280
     0
  2
height
 70
     0
 74
     2
280
     0
  0
SEQEND
  5
163A
330
1638
100
AcDbEntity
  8
GCD
  6
Continuous
  0
INSERT
  5
163B
330
1F
100
AcDbEntity
  8
GCD
  6
Continuous
100
AcDbBlockReference
 66
     1
  2
gc200
 10
574306.6221295908
 20
2880381.715061018
 30
163.484
 41
0.5
 42
0.5
 43
0.5
1001
S_GXRQ
1071
1718286495
1001
south
1000
202101
1000
15
  0
ATTRIB
  5
163C
330
163B
100
AcDbEntity
  8
GCD
  6
Continuous
100
AcDbText
 10
574307.2221295908
 20
2880381.215061019
 30
163.484
 40
1.0
  1
163.48
 41
0.8
 11
574307.2221295908
 21
2880381.715061018
 31
163.484
100
AcDbAttribute
280
     0
  2
height
 70
     0
 74
     2
280
     0
  0
SEQEND
  5
163D
330
163B
100
AcDbEntity
  8
GCD
  6
Continuous
  0
INSERT
  5
163E
330
1F
100
AcDbEntity
  8
GCD
  6
Continuous
100
AcDbBlockReference
 66
     1
  2
gc200
 10
574290.97
 20
2880380.656
 30
163.907
 41
0.5
 42
0.5
 43
0.5
1001
S_GXRQ
1071
1718286495
1001
south
1000
202101
1000
16
  0
ATTRIB
  5
163F
330
163E
100
AcDbEntity
  8
GCD
  6
Continuous
100
AcDbText
 10
574291.5700000001
 20
2880380.156000001
 30
163.907
 40
1.0
  1
163.91
 41
0.8
 11
574291.5700000001
 21
2880380.656
 31
163.907
100
AcDbAttribute
280
     0
  2
height
 70
     0
 74
     2
280
     0
  0
SEQEND
  5
1640
330
163E
100
AcDbEntity
  8
GCD
  6
Continuous
  0
INSERT
  5
1641
330
1F
100
AcDbEntity
  8
GCD
  6
Continuous
100
AcDbBlockReference
 66
     1
  2
gc200
 10
574294.6640000003
 20
2880378.66
 30
163.781
 41
0.5
 42
0.5
 43
0.5
1001
S_GXRQ
1071
1718286495
1001
south
1000
202101
1000
17
  0
ATTRIB
  5
1642
330
1641
100
AcDbEntity
  8
GCD
  6
Continuous
100
AcDbText
 10
574295.264
 20
2880378.16
 30
163.781
 40
1.0
  1
163.78
 41
0.8
 11
574295.264
 21
2880378.66
 31
163.781
100
AcDbAttribute
280
     0
  2
height
 70
     0
 74
     2
280
     0
  0
SEQEND
  5
1643
330
1641
100
AcDbEntity
  8
GCD
  6
Continuous
  0
INSERT
  5
1644
330
1F
100
AcDbEntity
  8
GCD
  6
Continuous
100
AcDbBlockReference
 66
     1
  2
gc200
 10
574299.165
 20
2880375.182
 30
163.825
 41
0.5
 42
0.5
 43
0.5
1001
S_GXRQ
1071
1718286495
1001
south
1000
202101
1000
18
  0
ATTRIB
  5
1645
330
1644
100
AcDbEntity
  8
GCD
  6
Continuous
100
AcDbText
 10
574299.7650000003
 20
2880374.682
 30
163.825
 40
1.0
  1
163.83
 41
0.8
 11
574299.7650000003
 21
2880375.182
 31
163.825
100
AcDbAttribute
280
     0
  2
height
 70
     0
 74
     2
280
     0
  0
SEQEND
  5
1646
330
1644
100
AcDbEntity
  8
GCD
  6
Continuous
  0
INSERT
  5
1647
330
1F
100
AcDbEntity
  8
GCD
  6
Continuous
100
AcDbBlockReference
 66
     1
  2
gc200
 10
574326.824
 20
2880429.205
 30
163.361
 41
0.5
 42
0.5
 43
0.5
1001
S_GXRQ
1071
1718286495
1001
south
1000
202101
1000
19
  0
ATTRIB
  5
1648
330
1647
100
AcDbEntity
  8
GCD
  6
Continuous
100
AcDbText
 10
574327.4240000001
 20
2880428.705
 30
163.361
 40
1.0
  1
163.36
 41
0.8
 11
574327.4240000001
 21
2880429.205
 31
163.361
100
AcDbAttribute
280
     0
  2
height
 70
     0
 74
     2
280
     0
  0
SEQEND
  5
1649
330
1647
100
AcDbEntity
  8
GCD
  6
Continuous
  0
INSERT
  5
164A
330
1F
100
AcDbEntity
  8
GCD
  6
Continuous
100
AcDbBlockReference
 66
     1
  2
gc200
 10
574328.9300000003
 20
2880429.932
 30
163.541
 41
0.5
 42
0.5
 43
0.5
1001
S_GXRQ
1071
1718286495
1001
south
1000
202101
1000
20
  0
ATTRIB
  5
164B
330
164A
100
AcDbEntity
  8
GCD
  6
Continuous
100
AcDbText
 10
574329.53
 20
2880429.432
 30
163.541
 40
1.0
  1
163.54
 41
0.8
 11
574329.53
 21
2880429.932
 31
163.541
100
AcDbAttribute
280
     0
  2
height
 70
     0
 74
     2
280
     0
  0
SEQEND
  5
164C
330
164A
100
AcDbEntity
  8
GCD
  6
Continuous
  0
INSERT
  5
164D
330
1F
100
AcDbEntity
  8
GCD
  6
Continuous
100
AcDbBlockReference
 66
     1
  2
gc200
 10
574331.1240000001
 20
2880428.686
 30
163.744
 41
0.125
 42
0.125
 43
0.125
1001
S_GXRQ
1071
1718286495
1001
south
1000
202101
1000
21
  0
ATTRIB
  5
164E
330
164D
100
AcDbEntity
  8
GCD
  6
Continuous
100
AcDbText
 10
574331.274
 20
2880428.561
 30
163.744
 40
0.25
  1
163.74
 41
0.8
 11
574331.274
 21
2880428.686
 31
163.744
100
AcDbAttribute
280
     0
  2
height
 70
     0
 74
     2
280
     0
  0
SEQEND
  5
164F
330
164D
100
AcDbEntity
  8
GCD
  6
Continuous
  0
INSERT
  5
1650
330
1F
100
AcDbEntity
  8
GCD
  6
Continuous
100
AcDbBlockReference
 66
     1
  2
gc200
 10
574339.48
 20
2880436.618
 30
164.296
 41
0.15
 42
0.15
 43
0.15
1001
S_GXRQ
1071
1718286495
1001
south
1000
202101
1000
22
  0
ATTRIB
  5
1651
330
1650
100
AcDbEntity
  8
GCD
  6
Continuous
100
AcDbText
 10
574339.6599999999
 20
2880436.468
 30
164.296
 40
0.3
  1
164.30
 41
0.8
 11
574339.6599999999
 21
2880436.618
 31
164.296
100
AcDbAttribute
280
     0
  2
height
 70
     0
 74
     2
280
     0
  0
SEQEND
  5
1652
330
1650
100
AcDbEntity
  8
GCD
  6
Continuous
  0
INSERT
  5
1653
330
1F
100
AcDbEntity
  8
GCD
  6
Continuous
100
AcDbBlockReference
 66
     1
  2
gc200
 10
574341.146
 20
2880442.5
 30
164.297
 41
0.15
 42
0.15
 43
0.15
1001
S_GXRQ
1071
1718286495
1001
south
1000
202101
1000
23
  0
ATTRIB
  5
1654
330
1653
100
AcDbEntity
  8
GCD
  6
Continuous
100
AcDbText
 10
574341.3259999999
 20
2880442.35
 30
164.297
 40
0.3
  1
164.30
 41
0.8
 11
574341.3259999999
 21
2880442.5
 31
164.297
100
AcDbAttribute
280
     0
  2
height
 70
     0
 74
     2
280
     0
  0
SEQEND
  5
1655
330
1653
100
AcDbEntity
  8
GCD
  6
Continuous
  0
INSERT
  5
1656
330
1F
100
AcDbEntity
  8
GCD
  6
Continuous
100
AcDbBlockReference
 66
     1
  2
gc200
 10
574341.23
 20
2880449.699
 30
164.3159999999999
 41
0.15
 42
0.15
 43
0.15
1001
S_GXRQ
1071
1718286495
1001
south
1000
202101
1000
24
  0
ATTRIB
  5
1657
330
1656
100
AcDbEntity
  8
GCD
  6
Continuous
100
AcDbText
 10
574341.4099999999
 20
2880449.549
 30
164.3159999999999
 40
0.3
  1
164.32
 41
0.8
 11
574341.4099999999
 21
2880449.699
 31
164.3159999999999
100
AcDbAttribute
280
     0
  2
height
 70
     0
 74
     2
280
     0
  0
SEQEND
  5
1658
330
1656
100
AcDbEntity
  8
GCD
  6
Continuous
  0
INSERT
  5
1659
330
1F
100
AcDbEntity
  8
GCD
  6
Continuous
100
AcDbBlockReference
 66
     1
  2
gc200
 10
574340.827
 20
2880456.703000001
 30
164.282
 41
0.075
 42
0.075
 43
0.075
1001
S_GXRQ
1071
1718286495
1001
south
1000
202101
1000
25
  0
ATTRIB
  5
165A
330
1659
100
AcDbEntity
  8
GCD
  6
Continuous
100
AcDbText
 10
574340.917
 20
2880456.628000001
 30
164.282
 40
0.15
  1
164.28
 41
0.8
 11
574340.917
 21
2880456.703000001
 31
164.282
100
AcDbAttribute
280
     0
  2
height
 70
     0
 74
     2
280
     0
  0
SEQEND
  5
165B
330
1659
100
AcDbEntity
  8
GCD
  6
Continuous
  0
INSERT
  5
165C
330
1F
100
AcDbEntity
  8
GCD
  6
Continuous
100
AcDbBlockReference
 66
     1
  2
gc200
 10
574340.8830000003
 20
2880462.862000001
 30
164.328
 41
0.075
 42
0.075
 43
0.075
1001
S_GXRQ
1071
1718286495
1001
south
1000
202101
1000
26
  0
ATTRIB
  5
165D
330
165C
100
AcDbEntity
  8
GCD
  6
Continuous
100
AcDbText
 10
574340.9730000001
 20
2880462.787000001
 30
164.328
 40
0.15
  1
164.33
 41
0.8
 11
574340.9730000001
 21
2880462.862000001
 31
164.328
100
AcDbAttribute
280
     0
  2
height
 70
     0
 74
     2
280
     0
  0
SEQEND
  5
165E
330
165C
100
AcDbEntity
  8
GCD
  6
Continuous
  0
INSERT
  5
165F
330
1F
100
AcDbEntity
  8
GCD
  6
Continuous
100
AcDbBlockReference
 66
     1
  2
gc200
 10
574340.5670000003
 20
2880469.367
 30
164.335
 41
0.075
 42
0.075
 43
0.075
1001
S_GXRQ
1071
1718286495
1001
south
1000
202101
1000
27
  0
ATTRIB
  5
1660
330
165F
100
AcDbEntity
  8
GCD
  6
Continuous
100
AcDbText
 10
574340.6570000001
 20
2880469.292
 30
164.335
 40
0.15
  1
164.34
 41
0.8
 11
574340.6570000001
 21
2880469.367
 31
164.335
100
AcDbAttribute
280
     0
  2
height
 70
     0
 74
     2
280
     0
  0
SEQEND
  5
1661
330
165F
100
AcDbEntity
  8
GCD
  6
Continuous
  0
INSERT
  5
1662
330
1F
100
AcDbEntity
  8
GCD
  6
Continuous
100
AcDbBlockReference
 66
     1
  2
gc200
 10
574338.357834182
 20
2880482.675826483
 30
164.476
 41
0.075
 42
0.075
 43
0.075
1001
S_GXRQ
1071
1718286495
1001
south
1000
202101
1000
28
  0
ATTRIB
  5
1663
330
1662
100
AcDbEntity
  8
GCD
  6
Continuous
100
AcDbText
 10
574338.4478341821
 20
2880482.600826483
 30
164.476
 40
0.15
  1
164.48
 41
0.8
 11
574338.4478341821
 21
2880482.675826483
 31
164.476
100
AcDbAttribute
280
     0
  2
height
 70
     0
 74
     2
280
     0
  0
SEQEND
  5
1664
330
1662
100
AcDbEntity
  8
GCD
  6
Continuous
  0
INSERT
  5
1665
330
1F
100
AcDbEntity
  8
GCD
  6
Continuous
100
AcDbBlockReference
 66
     1
  2
gc200
 10
574338.855
 20
2880475.164
 30
164.407
 41
0.15
 42
0.15
 43
0.15
1001
S_GXRQ
1071
1718286495
1001
south
1000
202101
1000
29
  0
ATTRIB
  5
1666
330
1665
100
AcDbEntity
  8
GCD
  6
Continuous
100
AcDbText
 10
574339.0349999999
 20
2880475.014
 30
164.407
 40
0.3
  1
164.41
 41
0.8
 11
574339.0349999999
 21
2880475.164
 31
164.407
100
AcDbAttribute
280
     0
  2
height
 70
     0
 74
     2
280
     0
  0
SEQEND
  5
1667
330
1665
100
AcDbEntity
  8
GCD
  6
Continuous
  0
INSERT
  5
1668
330
1F
100
AcDbEntity
  8
GCD
  6
Continuous
100
AcDbBlockReference
 66
     1
  2
gc200
 10
574338.0349999999
 20
2880479.702
 30
164.31
 41
0.075
 42
0.075
 43
0.075
1001
S_GXRQ
1071
1718286495
1001
south
1000
202101
1000
30
  0
ATTRIB
  5
1669
330
1668
100
AcDbEntity
  8
GCD
  6
Continuous
100
AcDbText
 10
574338.125
 20
2880479.627
 30
164.31
 40
0.15
  1
164.31
 41
0.8
 11
574338.125
 21
2880479.702
 31
164.31
100
AcDbAttribute
280
     0
  2
height
 70
     0
 74
     2
280
     0
  0
SEQEND
  5
166A
330
1668
100
AcDbEntity
  8
GCD
  6
Continuous
  0
INSERT
  5
166B
330
1F
100
AcDbEntity
  8
GCD
  6
Continuous
100
AcDbBlockReference
 66
     1
  2
gc200
 10
574305.327
 20
2880418.32
 30
164.563
 41
0.5
 42
0.5
 43
0.5
1001
S_GXRQ
1071
1718286495
1001
south
1000
202101
1000
31
  0
ATTRIB
  5
166C
330
166B
100
AcDbEntity
  8
GCD
  6
Continuous
100
AcDbText
 10
574305.9270000003
 20
2880417.82
 30
164.563
 40
1.0
  1
164.56
 41
0.8
 11
574305.9270000003
 21
2880418.32
 31
164.563
100
AcDbAttribute
280
     0
  2
height
 70
     0
 74
     2
280
     0
  0
SEQEND
  5
166D
330
166B
100
AcDbEntity
  8
GCD
  6
Continuous
  0
INSERT
  5
166E
330
1F
100
AcDbEntity
  8
GCD
  6
Continuous
100
AcDbBlockReference
 66
     1
  2
gc200
 10
574296.1570000002
 20
2880493.694
 30
167.891
 41
0.5
 42
0.5
 43
0.5
1001
S_GXRQ
1071
1718286495
1001
south
1000
202101
1000
32
  0
ATTRIB
  5
166F
330
166E
100
AcDbEntity
  8
GCD
  6
Continuous
100
AcDbText
 10
574296.7570000001
 20
2880493.194
 30
167.891
 40
1.0
  1
167.89
 41
0.8
 11
574296.7570000001
 21
2880493.694
 31
167.891
100
AcDbAttribute
280
     0
  2
height
 70
     0
 74
     2
280
     0
  0
SEQEND
  5
1670
330
166E
100
AcDbEntity
  8
GCD
  6
Continuous
  0
INSERT
  5
1671
330
1F
100
AcDbEntity
  8
GCD
  6
Continuous
100
AcDbBlockReference
 66
     1
  2
gc200
 10
574298.8900000002
 20
2880489.07
 30
167.214
 41
0.5
 42
0.5
 43
0.5
1001
S_GXRQ
1071
1718286495
1001
south
1000
202101
1000
33
  0
ATTRIB
  5
1672
330
1671
100
AcDbEntity
  8
GCD
  6
Continuous
100
AcDbText
 10
574299.49
 20
2880488.57
 30
167.214
 40
1.0
  1
167.21
 41
0.8
 11
574299.49
 21
2880489.07
 31
167.214
100
AcDbAttribute
280
     0
  2
height
 70
     0
 74
     2
280
     0
  0
SEQEND
  5
1673
330
1671
100
AcDbEntity
  8
GCD
  6
Continuous
  0
INSERT
  5
1674
330
1F
100
AcDbEntity
  8
GCD
  6
Continuous
100
AcDbBlockReference
 66
     1
  2
gc200
 10
574302.632415177
 20
2880480.241245523
 30
168.58
 41
0.5
 42
0.5
 43
0.5
1001
S_GXRQ
1071
1718286495
1001
south
1000
202101
1000
34
  0
ATTRIB
  5
1675
330
1674
100
AcDbEntity
  8
GCD
  6
Continuous
100
AcDbText
 10
574303.2324151772
 20
2880479.741245523
 30
168.365
 40
1.0
  1
168.58
 41
0.8
 11
574303.2324151772
 21
2880480.241245523
 31
168.365
100
AcDbAttribute
280
     0
  2
height
 70
     0
 74
     2
280
     0
  0
SEQEND
  5
1676
330
1674
100
AcDbEntity
  8
GCD
  6
Continuous
  0
INSERT
  5
1677
330
1F
100
AcDbEntity
  8
GCD
  6
Continuous
100
AcDbBlockReference
 66
     1
  2
gc200
 10
574307.7410000001
 20
2880452.042
 30
170.095
 41
0.5
 42
0.5
 43
0.5
1001
S_GXRQ
1071
1718286495
1001
south
1000
202101
1000
35
  0
ATTRIB
  5
1678
330
1677
100
AcDbEntity
  8
GCD
  6
Continuous
100
AcDbText
 10
574308.341
 20
2880451.542
 30
170.095
 40
1.0
  1
170.10
 41
0.8
 11
574308.341
 21
2880452.042
 31
170.095
100
AcDbAttribute
280
     0
  2
height
 70
     0
 74
     2
280
     0
  0
SEQEND
  5
1679
330
1677
100
AcDbEntity
  8
GCD
  6
Continuous
  0
INSERT
  5
167A
330
1F
100
AcDbEntity
  8
GCD
  6
Continuous
100
AcDbBlockReference
 66
     1
  2
gc200
 10
574308.9710000004
 20
2880459.673
 30
168.787
 41
0.5
 42
0.5
 43
0.5
1001
S_GXRQ
1071
1718286495
1001
south
1000
202101
1000
36
  0
ATTRIB
  5
167B
330
167A
100
AcDbEntity
  8
GCD
  6
Continuous
100
AcDbText
 10
574309.571
 20
2880459.173
 30
168.787
 40
1.0
  1
168.79
 41
0.8
 11
574309.571
 21
2880459.673
 31
168.787
100
AcDbAttribute
280
     0
  2
height
 70
     0
 74
     2
280
     0
  0
SEQEND
  5
167C
330
167A
100
AcDbEntity
  8
GCD
  6
Continuous
  0
INSERT
  5
167D
330
1F
100
AcDbEntity
  8
GCD
  6
Continuous
100
AcDbBlockReference
 66
     1
  2
gc200
 10
574308.3850000001
 20
2880471.8
 30
168.75
 41
0.5
 42
0.5
 43
0.5
1001
S_GXRQ
1071
1718286495
1001
south
1000
202101
1000
37
  0
ATTRIB
  5
167E
330
167D
100
AcDbEntity
  8
GCD
  6
Continuous
100
AcDbText
 10
574308.9850000001
 20
2880471.3
 30
168.75
 40
1.0
  1
168.75
 41
0.8
 11
574308.9850000001
 21
2880471.8
 31
168.75
100
AcDbAttribute
280
     0
  2
height
 70
     0
 74
     2
280
     0
  0
SEQEND
  5
167F
330
167D
100
AcDbEntity
  8
GCD
  6
Continuous
  0
INSERT
  5
1680
330
1F
100
AcDbEntity
  8
GCD
  6
Continuous
100
AcDbBlockReference
 66
     1
  2
gc200
 10
574307.5130000001
 20
2880464.676000002
 30
169.724
 41
0.5
 42
0.5
 43
0.5
1001
S_GXRQ
1071
1718286495
1001
south
1000
202101
1000
38
  0
ATTRIB
  5
1681
330
1680
100
AcDbEntity
  8
GCD
  6
Continuous
100
AcDbText
 10
574308.1130000001
 20
2880464.176000002
 30
169.724
 40
1.0
  1
169.72
 41
0.8
 11
574308.1130000001
 21
2880464.676000002
 31
169.724
100
AcDbAttribute
280
     0
  2
height
 70
     0
 74
     2
280
     0
  0
SEQEND
  5
1682
330
1680
100
AcDbEntity
  8
GCD
  6
Continuous
  0
INSERT
  5
1683
330
1F
100
AcDbEntity
  8
GCD
  6
Continuous
100
AcDbBlockReference
 66
     1
  2
gc200
 10
574311.7709999999
 20
2880447.984
 30
165.223
 41
0.5
 42
0.5
 43
0.5
1001
S_GXRQ
1071
1718286495
1001
south
1000
202101
1000
39
  0
ATTRIB
  5
1684
330
1683
100
AcDbEntity
  8
GCD
  6
Continuous
100
AcDbText
 10
574312.371
 20
2880447.484
 30
165.223
 40
1.0
  1
165.22
 41
0.8
 11
574312.371
 21
2880447.984
 31
165.223
100
AcDbAttribute
280
     0
  2
height
 70
     0
 74
     2
280
     0
  0
SEQEND
  5
1685
330
1683
100
AcDbEntity
  8
GCD
  6
Continuous
  0
INSERT
  5
1686
330
1F
100
AcDbEntity
  8
GCD
  6
Continuous
100
AcDbBlockReference
 66
     1
  2
gc200
 10
574308.3400000001
 20
2880439.644
 30
167.9129999999999
 41
0.5
 42
0.5
 43
0.5
1001
S_GXRQ
1071
1718286495
1001
south
1000
202101
1000
40
  0
ATTRIB
  5
1687
330
1686
100
AcDbEntity
  8
GCD
  6
Continuous
100
AcDbText
 10
574308.9399999999
 20
2880439.144
 30
167.9129999999999
 40
1.0
  1
167.91
 41
0.8
 11
574308.9399999999
 21
2880439.644
 31
167.9129999999999
100
AcDbAttribute
280
     0
  2
height
 70
     0
 74
     2
280
     0
  0
SEQEND
  5
1688
330
1686
100
AcDbEntity
  8
GCD
  6
Continuous
  0
INSERT
  5
1689
330
1F
100
AcDbEntity
  8
GCD
  6
Continuous
100
AcDbBlockReference
 66
     1
  2
gc200
 10
574280.902
 20
2880439.291
 30
172.956
 41
0.5
 42
0.5
 43
0.5
1001
S_GXRQ
1071
1718286495
1001
south
1000
202101
1000
41
  0
ATTRIB
  5
168A
330
1689
100
AcDbEntity
  8
GCD
  6
Continuous
100
AcDbText
 10
574281.5020000001
 20
2880438.791
 30
172.956
 40
1.0
  1
172.96
 41
0.8
 11
574281.5020000001
 21
2880439.291
 31
172.956
100
AcDbAttribute
280
     0
  2
height
 70
     0
 74
     2
280
     0
  0
SEQEND
  5
168B
330
1689
100
AcDbEntity
  8
GCD
  6
Continuous
  0
INSERT
  5
168C
330
1F
100
AcDbEntity
  8
GCD
  6
Continuous
100
AcDbBlockReference
 66
     1
  2
gc200
 10
574268.7
 20
2880437.034
 30
173.347
 41
0.5
 42
0.5
 43
0.5
1001
S_GXRQ
1071
1718286495
1001
south
1000
202101
1000
42
  0
ATTRIB
  5
168D
330
168C
100
AcDbEntity
  8
GCD
  6
Continuous
100
AcDbText
 10
574269.3
 20
2880436.534000001
 30
173.347
 40
1.0
  1
173.35
 41
0.8
 11
574269.3
 21
2880437.034
 31
173.347
100
AcDbAttribute
280
     0
  2
height
 70
     0
 74
     2
280
     0
  0
SEQEND
  5
168E
330
168C
100
AcDbEntity
  8
GCD
  6
Continuous
  0
INSERT
  5
168F
330
1F
100
AcDbEntity
  8
GCD
  6
Continuous
100
AcDbBlockReference
 66
     1
  2
gc200
 10
574254.997
 20
2880429.142
 30
170.516
 41
0.5
 42
0.5
 43
0.5
1001
S_GXRQ
1071
1718286495
1001
south
1000
202101
1000
43
  0
ATTRIB
  5
1690
330
168F
100
AcDbEntity
  8
GCD
  6
Continuous
100
AcDbText
 10
574255.5970000001
 20
2880428.642
 30
170.516
 40
1.0
  1
170.52
 41
0.8
 11
574255.5970000001
 21
2880429.142
 31
170.516
100
AcDbAttribute
280
     0
  2
height
 70
     0
 74
     2
280
     0
  0
SEQEND
  5
1691
330
168F
100
AcDbEntity
  8
GCD
  6
Continuous
  0
INSERT
  5
1692
330
1F
100
AcDbEntity
  8
GCD
  6
Continuous
100
AcDbBlockReference
 66
     1
  2
gc200
 10
574255.1330000003
 20
2880417.663
 30
171.239
 41
0.5
 42
0.5
 43
0.5
1001
S_GXRQ
1071
1718286495
1001
south
1000
202101
1000
44
  0
ATTRIB
  5
1693
330
1692
100
AcDbEntity
  8
GCD
  6
Continuous
100
AcDbText
 10
574255.733
 20
2880417.163
 30
171.239
 40
1.0
  1
171.24
 41
0.8
 11
574255.733
 21
2880417.663
 31
171.239
100
AcDbAttribute
280
     0
  2
height
 70
     0
 74
     2
280
     0
  0
SEQEND
  5
1694
330
1692
100
AcDbEntity
  8
GCD
  6
Continuous
  0
INSERT
  5
1695
330
1F
100
AcDbEntity
  8
GCD
  6
Continuous
100
AcDbBlockReference
 66
     1
  2
gc200
 10
574258.895
 20
2880393.626
 30
173.154
 41
0.5
 42
0.5
 43
0.5
1001
S_GXRQ
1071
1718286495
1001
south
1000
202101
1000
45
  0
ATTRIB
  5
1696
330
1695
100
AcDbEntity
  8
GCD
  6
Continuous
100
AcDbText
 10
574259.4950000001
 20
2880393.126
 30
173.154
 40
1.0
  1
173.15
 41
0.8
 11
574259.4950000001
 21
2880393.626
 31
173.154
100
AcDbAttribute
280
     0
  2
height
 70
     0
 74
     2
280
     0
  0
SEQEND
  5
1697
330
1695
100
AcDbEntity
  8
GCD
  6
Continuous
  0
INSERT
  5
1698
330
1F
100
AcDbEntity
  8
GCD
  6
Continuous
100
AcDbBlockReference
 66
     1
  2
gc200
 10
574246.6840000004
 20
2880387.641
 30
172.477
 41
0.5
 42
0.5
 43
0.5
1001
S_GXRQ
1071
1718286495
1001
south
1000
202101
1000
46
  0
ATTRIB
  5
1699
330
1698
100
AcDbEntity
  8
GCD
  6
Continuous
100
AcDbText
 10
574247.284
 20
2880387.141
 30
172.477
 40
1.0
  1
172.48
 41
0.8
 11
574247.284
 21
2880387.641
 31
172.477
100
AcDbAttribute
280
     0
  2
height
 70
     0
 74
     2
280
     0
  0
SEQEND
  5
169A
330
1698
100
AcDbEntity
  8
GCD
  6
Continuous
  0
INSERT
  5
169B
330
1F
100
AcDbEntity
  8
GCD
  6
Continuous
100
AcDbBlockReference
 66
     1
  2
gc200
 10
574314.4510000001
 20
2880448.249
 30
164.242
 41
0.5
 42
0.5
 43
0.5
1001
S_GXRQ
1071
1718286495
1001
south
1000
202101
1000
47
  0
ATTRIB
  5
169C
330
169B
100
AcDbEntity
  8
GCD
  6
Continuous
100
AcDbText
 10
574315.051
 20
2880447.749
 30
164.242
 40
1.0
  1
164.24
 41
0.8
 11
574315.051
 21
2880448.249
 31
164.242
100
AcDbAttribute
280
     0
  2
height
 70
     0
 74
     2
280
     0
  0
SEQEND
  5
169D
330
169B
100
AcDbEntity
  8
GCD
  6
Continuous
  0
INSERT
  5
169E
330
1F
100
AcDbEntity
  8
GCD
  6
Continuous
100
AcDbBlockReference
 66
     1
  2
gc200
 10
574313.8090000003
 20
2880453.156000001
 30
164.227
 41
0.5
 42
0.5
 43
0.5
1001
S_GXRQ
1071
1718286495
1001
south
1000
202101
1000
48
  0
ATTRIB
  5
169F
330
169E
100
AcDbEntity
  8
GCD
  6
Continuous
100
AcDbText
 10
574314.409
 20
2880452.656000002
 30
164.227
 40
1.0
  1
164.23
 41
0.8
 11
574314.409
 21
2880453.156000001
 31
164.227
100
AcDbAttribute
280
     0
  2
height
 70
     0
 74
     2
280
     0
  0
SEQEND
  5
16A0
330
169E
100
AcDbEntity
  8
GCD
  6
Continuous
  0
INSERT
  5
16A1
330
1F
100
AcDbEntity
  8
GCD
  6
Continuous
100
AcDbBlockReference
 66
     1
  2
gc200
 10
574313.6270000001
 20
2880457.043
 30
164.199
 41
0.5
 42
0.5
 43
0.5
1001
S_GXRQ
1071
1718286495
1001
south
1000
202101
1000
49
  0
ATTRIB
  5
16A2
330
16A1
100
AcDbEntity
  8
GCD
  6
Continuous
100
AcDbText
 10
574314.2269999999
 20
2880456.543
 30
164.199
 40
1.0
  1
164.20
 41
0.8
 11
574314.2269999999
 21
2880457.043
 31
164.199
100
AcDbAttribute
280
     0
  2
height
 70
     0
 74
     2
280
     0
  0
SEQEND
  5
16A3
330
16A1
100
AcDbEntity
  8
GCD
  6
Continuous
  0
INSERT
  5
16A4
330
1F
100
AcDbEntity
  8
GCD
  6
Continuous
100
AcDbBlockReference
 66
     1
  2
gc200
 10
574307.6699936567
 20
2880480.584541502
 30
164.43
 41
0.5
 42
0.5
 43
0.5
1001
S_GXRQ
1071
1718286495
1001
south
1000
202101
1000
50
  0
ATTRIB
  5
16A5
330
16A4
100
AcDbEntity
  8
GCD
  6
Continuous
100
AcDbText
 10
574308.2699936568
 20
2880480.084541502
 30
168.365
 40
1.0
  1
164.43
 41
0.8
 11
574308.2699936568
 21
2880480.584541502
 31
168.365
100
AcDbAttribute
280
     0
  2
height
 70
     0
 74
     2
280
     0
  0
SEQEND
  5
16A6
330
16A4
100
AcDbEntity
  8
GCD
  6
Continuous
  0
INSERT
  5
16A7
330
1F
100
AcDbEntity
  8
GCD
  6
Continuous
100
AcDbBlockReference
 66
     1
  2
gc200
 10
574313.824
 20
2880445.911000002
 30
167.201
 41
0.5
 42
0.5
 43
0.5
1001
S_GXRQ
1071
1718286495
1001
south
1000
202101
1000
51
  0
ATTRIB
  5
16A8
330
16A7
100
AcDbEntity
  8
GCD
  6
Continuous
100
AcDbText
 10
574314.4240000003
 20
2880445.411000002
 30
167.201
 40
1.0
  1
167.20
 41
0.8
 11
574314.4240000003
 21
2880445.911000002
 31
167.201
100
AcDbAttribute
280
     0
  2
height
 70
     0
 74
     2
280
     0
  0
SEQEND
  5
16A9
330
16A7
100
AcDbEntity
  8
GCD
  6
Continuous
  0
INSERT
  5
16AA
330
1F
100
AcDbEntity
  8
GCD
  6
Continuous
100
AcDbBlockReference
 66
     1
  2
gc200
 10
574312.1140000001
 20
2880451.457
 30
165.0389999999999
 41
0.5
 42
0.5
 43
0.5
1001
S_GXRQ
1071
1718286495
1001
south
1000
202101
1000
52
  0
ATTRIB
  5
16AB
330
16AA
100
AcDbEntity
  8
GCD
  6
Continuous
100
AcDbText
 10
574312.7139999999
 20
2880450.957
 30
165.0389999999999
 40
1.0
  1
165.04
 41
0.8
 11
574312.7139999999
 21
2880451.457
 31
165.0389999999999
100
AcDbAttribute
280
     0
  2
height
 70
     0
 74
     2
280
     0
  0
SEQEND
  5
16AC
330
16AA
100
AcDbEntity
  8
GCD
  6
Continuous
  0
INSERT
  5
16AD
330
1F
100
AcDbEntity
  8
GCD
  6
Continuous
100
AcDbBlockReference
 66
     1
  2
gc200
 10
574311.8620000001
 20
2880462.357
 30
165.519
 41
0.5
 42
0.5
 43
0.5
1001
S_GXRQ
1071
1718286496
1001
south
1000
202101
1000
53
  0
ATTRIB
  5
16AE
330
16AD
100
AcDbEntity
  8
GCD
  6
Continuous
100
AcDbText
 10
574312.4620000001
 20
2880461.857
 30
165.519
 40
1.0
  1
165.52
 41
0.8
 11
574312.4620000001
 21
2880462.357
 31
165.519
100
AcDbAttribute
280
     0
  2
height
 70
     0
 74
     2
280
     0
  0
SEQEND
  5
16AF
330
16AD
100
AcDbEntity
  8
GCD
  6
Continuous
  0
INSERT
  5
16B0
330
1F
100
AcDbEntity
  8
GCD
  6
Continuous
100
AcDbBlockReference
 66
     1
  2
gc200
 10
574309.0820000003
 20
2880471.872
 30
165.619
 41
0.5
 42
0.5
 43
0.5
1001
S_GXRQ
1071
1718286496
1001
south
1000
202101
1000
54
  0
ATTRIB
  5
16B1
330
16B0
100
AcDbEntity
  8
GCD
  6
Continuous
100
AcDbText
 10
574309.682
 20
2880471.372
 30
165.619
 40
1.0
  1
165.62
 41
0.8
 11
574309.682
 21
2880471.872
 31
165.619
100
AcDbAttribute
280
     0
  2
height
 70
     0
 74
     2
280
     0
  0
SEQEND
  5
16B2
330
16B0
100
AcDbEntity
  8
GCD
  6
Continuous
  0
INSERT
  5
16B3
330
1F
100
AcDbEntity
  8
GCD
  6
Continuous
100
AcDbBlockReference
 66
     1
  2
gc200
 10
574259.641
 20
2880452.564
 30
174.017
 41
0.5
 42
0.5
 43
0.5
1001
S_GXRQ
1071
1718286496
1001
south
1000
202101
1000
55
  0
ATTRIB
  5
16B4
330
16B3
100
AcDbEntity
  8
GCD
  6
Continuous
100
AcDbText
 10
574260.2409999999
 20
2880452.064
 30
174.017
 40
1.0
  1
174.02
 41
0.8
 11
574260.2409999999
 21
2880452.564
 31
174.017
100
AcDbAttribute
280
     0
  2
height
 70
     0
 74
     2
280
     0
  0
SEQEND
  5
16B5
330
16B3
100
AcDbEntity
  8
GCD
  6
Continuous
  0
INSERT
  5
16B6
330
1F
100
AcDbEntity
  8
GCD
  6
Continuous
100
AcDbBlockReference
 66
     1
  2
gc200
 10
574258.5080000003
 20
2880454.464
 30
174.066
 41
0.5
 42
0.5
 43
0.5
1001
S_GXRQ
1071
1718286496
1001
south
1000
202101
1000
56
  0
ATTRIB
  5
16B7
330
16B6
100
AcDbEntity
  8
GCD
  6
Continuous
100
AcDbText
 10
574259.108
 20
2880453.963999999
 30
174.066
 40
1.0
  1
174.07
 41
0.8
 11
574259.108
 21
2880454.464
 31
174.066
100
AcDbAttribute
280
     0
  2
height
 70
     0
 74
     2
280
     0
  0
SEQEND
  5
16B8
330
16B6
100
AcDbEntity
  8
GCD
  6
Continuous
  0
INSERT
  5
16B9
330
1F
100
AcDbEntity
  8
GCD
  6
Continuous
100
AcDbBlockReference
 66
     1
  2
gc200
 10
574268.7580000001
 20
2880447.423
 30
174.362
 41
0.5
 42
0.5
 43
0.5
1001
S_GXRQ
1071
1718286496
1001
south
1000
202101
1000
57
  0
ATTRIB
  5
16BA
330
16B9
100
AcDbEntity
  8
GCD
  6
Continuous
100
AcDbText
 10
574269.358
 20
2880446.923
 30
174.362
 40
1.0
  1
174.36
 41
0.8
 11
574269.358
 21
2880447.423
 31
174.362
100
AcDbAttribute
280
     0
  2
height
 70
     0
 74
     2
280
     0
  0
SEQEND
  5
16BB
330
16B9
100
AcDbEntity
  8
GCD
  6
Continuous
  0
INSERT
  5
16BC
330
1F
100
AcDbEntity
  8
GCD
  6
Continuous
100
AcDbBlockReference
 66
     1
  2
gc200
 10
574271.3789999999
 20
2880440.426000001
 30
174.136
 41
0.5
 42
0.5
 43
0.5
1001
S_GXRQ
1071
1718286496
1001
south
1000
202101
1000
58
  0
ATTRIB
  5
16BD
330
16BC
100
AcDbEntity
  8
GCD
  6
Continuous
100
AcDbText
 10
574271.9790000001
 20
2880439.926000001
 30
174.136
 40
1.0
  1
174.14
 41
0.8
 11
574271.9790000001
 21
2880440.426000001
 31
174.136
100
AcDbAttribute
280
     0
  2
height
 70
     0
 74
     2
280
     0
  0
SEQEND
  5
16BE
330
16BC
100
AcDbEntity
  8
GCD
  6
Continuous
  0
INSERT
  5
16BF
330
1F
100
AcDbEntity
  8
GCD
  6
Continuous
100
AcDbBlockReference
 66
     1
  2
gc200
 10
574283.382
 20
2880434.496
 30
173.046
 41
0.5
 42
0.5
 43
0.5
1001
S_GXRQ
1071
1718286496
1001
south
1000
202101
1000
59
  0
ATTRIB
  5
16C0
330
16BF
100
AcDbEntity
  8
GCD
  6
Continuous
100
AcDbText
 10
574283.9820000001
 20
2880433.996
 30
173.046
 40
1.0
  1
173.05
 41
0.8
 11
574283.9820000001
 21
2880434.496
 31
173.046
100
AcDbAttribute
280
     0
  2
height
 70
     0
 74
     2
280
     0
  0
SEQEND
  5
16C1
330
16BF
100
AcDbEntity
  8
GCD
  6
Continuous
  0
INSERT
  5
16C2
330
1F
100
AcDbEntity
  8
GCD
  6
Continuous
100
AcDbBlockReference
 66
     1
  2
gc200
 10
574277.8710000001
 20
2880421.875
 30
172.579
 41
0.5
 42
0.5
 43
0.5
1001
S_GXRQ
1071
1718286496
1001
south
1000
202101
1000
60
  0
ATTRIB
  5
16C3
330
16C2
100
AcDbEntity
  8
GCD
  6
Continuous
100
AcDbText
 10
574278.4710000004
 20
2880421.375
 30
172.579
 40
1.0
  1
172.58
 41
0.8
 11
574278.4710000004
 21
2880421.875
 31
172.579
100
AcDbAttribute
280
     0
  2
height
 70
     0
 74
     2
280
     0
  0
SEQEND
  5
16C4
330
16C2
100
AcDbEntity
  8
GCD
  6
Continuous
  0
INSERT
  5
16C5
330
1F
100
AcDbEntity
  8
GCD
  6
Continuous
100
AcDbBlockReference
 66
     1
  2
gc200
 10
574271.9340000001
 20
2880415.764
 30
172.972
 41
0.5
 42
0.5
 43
0.5
1001
S_GXRQ
1071
1718286496
1001
south
1000
202101
1000
61
  0
ATTRIB
  5
16C6
330
16C5
100
AcDbEntity
  8
GCD
  6
Continuous
100
AcDbText
 10
574272.5339999999
 20
2880415.264
 30
172.972
 40
1.0
  1
172.97
 41
0.8
 11
574272.5339999999
 21
2880415.764
 31
172.972
100
AcDbAttribute
280
     0
  2
height
 70
     0
 74
     2
280
     0
  0
SEQEND
  5
16C7
330
16C5
100
AcDbEntity
  8
GCD
  6
Continuous
  0
INSERT
  5
16C8
330
1F
100
AcDbEntity
  8
GCD
  6
Continuous
100
AcDbBlockReference
 66
     1
  2
gc200
 10
574268.0540000002
 20
2880407.629
 30
172.997
 41
0.5
 42
0.5
 43
0.5
1001
S_GXRQ
1071
1718286496
1001
south
1000
202101
1000
62
  0
ATTRIB
  5
16C9
330
16C8
100
AcDbEntity
  8
GCD
  6
Continuous
100
AcDbText
 10
574268.6540000001
 20
2880407.128999999
 30
172.997
 40
1.0
  1
173.00
 41
0.8
 11
574268.6540000001
 21
2880407.629
 31
172.997
100
AcDbAttribute
280
     0
  2
height
 70
     0
 74
     2
280
     0
  0
SEQEND
  5
16CA
330
16C8
100
AcDbEntity
  8
GCD
  6
Continuous
  0
INSERT
  5
16CB
330
1F
100
AcDbEntity
  8
GCD
  6
Continuous
100
AcDbBlockReference
 66
     1
  2
gc200
 10
574273.0749999999
 20
2880403.750000001
 30
173.945
 41
0.5
 42
0.5
 43
0.5
1001
S_GXRQ
1071
1718286496
1001
south
1000
202101
1000
63
  0
ATTRIB
  5
16CC
330
16CB
100
AcDbEntity
  8
GCD
  6
Continuous
100
AcDbText
 10
574273.6750000001
 20
2880403.250000002
 30
173.945
 40
1.0
  1
173.95
 41
0.8
 11
574273.6750000001
 21
2880403.750000001
 31
173.945
100
AcDbAttribute
280
     0
  2
height
 70
     0
 74
     2
280
     0
  0
SEQEND
  5
16CD
330
16CB
100
AcDbEntity
  8
GCD
  6
Continuous
  0
INSERT
  5
16CE
330
1F
100
AcDbEntity
  8
GCD
  6
Continuous
100
AcDbBlockReference
 66
     1
  2
gc200
 10
574253.5530000001
 20
2880405.093000002
 30
171.822
 41
0.5
 42
0.5
 43
0.5
1001
S_GXRQ
1071
1718286496
1001
south
1000
202101
1000
64
  0
ATTRIB
  5
16CF
330
16CE
100
AcDbEntity
  8
GCD
  6
Continuous
100
AcDbText
 10
574254.153
 20
2880404.593000002
 30
171.822
 40
1.0
  1
171.82
 41
0.8
 11
574254.153
 21
2880405.093000002
 31
171.822
100
AcDbAttribute
280
     0
  2
height
 70
     0
 74
     2
280
     0
  0
SEQEND
  5
16D0
330
16CE
100
AcDbEntity
  8
GCD
  6
Continuous
  0
INSERT
  5
16D1
330
1F
100
AcDbEntity
  8
GCD
  6
Continuous
100
AcDbBlockReference
 66
     1
  2
gc200
 10
574261.8500000001
 20
2880399.523
 30
173.405
 41
0.5
 42
0.5
 43
0.5
1001
S_GXRQ
1071
1718286496
1001
south
1000
202101
1000
65
  0
ATTRIB
  5
16D2
330
16D1
100
AcDbEntity
  8
GCD
  6
Continuous
100
AcDbText
 10
574262.45
 20
2880399.023
 30
173.405
 40
1.0
  1
173.41
 41
0.8
 11
574262.45
 21
2880399.523
 31
173.405
100
AcDbAttribute
280
     0
  2
height
 70
     0
 74
     2
280
     0
  0
SEQEND
  5
16D3
330
16D1
100
AcDbEntity
  8
GCD
  6
Continuous
  0
INSERT
  5
16D4
330
1F
100
AcDbEntity
  8
GCD
  6
Continuous
100
AcDbBlockReference
 66
     1
  2
gc200
 10
574265.6570000001
 20
2880397.955
 30
173.1559999999999
 41
0.5
 42
0.5
 43
0.5
1001
S_GXRQ
1071
1718286496
1001
south
1000
202101
1000
66
  0
ATTRIB
  5
16D5
330
16D4
100
AcDbEntity
  8
GCD
  6
Continuous
100
AcDbText
 10
574266.257
 20
2880397.455
 30
173.1559999999999
 40
1.0
  1
173.16
 41
0.8
 11
574266.257
 21
2880397.955
 31
173.1559999999999
100
AcDbAttribute
280
     0
  2
height
 70
     0
 74
     2
280
     0
  0
SEQEND
  5
16D6
330
16D4
100
AcDbEntity
  8
GCD
  6
Continuous
  0
INSERT
  5
16D7
330
1F
100
AcDbEntity
  8
GCD
  6
Continuous
100
AcDbBlockReference
 66
     1
  2
gc200
 10
574246.8600000002
 20
2880400.966
 30
173.61
 41
0.5
 42
0.5
 43
0.5
1001
S_GXRQ
1071
1718286496
1001
south
1000
202101
1000
67
  0
ATTRIB
  5
16D8
330
16D7
100
AcDbEntity
  8
GCD
  6
Continuous
100
AcDbText
 10
574247.46
 20
2880400.466000001
 30
173.61
 40
1.0
  1
173.61
 41
0.8
 11
574247.46
 21
2880400.966
 31
173.61
100
AcDbAttribute
280
     0
  2
height
 70
     0
 74
     2
280
     0
  0
SEQEND
  5
16D9
330
16D7
100
AcDbEntity
  8
GCD
  6
Continuous
  0
INSERT
  5
16DA
330
1F
100
AcDbEntity
  8
GCD
  6
Continuous
100
AcDbBlockReference
 66
     1
  2
gc200
 10
574256.833
 20
2880391.925
 30
172.785
 41
0.5
 42
0.5
 43
0.5
1001
S_GXRQ
1071
1718286496
1001
south
1000
202101
1000
68
  0
ATTRIB
  5
16DB
330
16DA
100
AcDbEntity
  8
GCD
  6
Continuous
100
AcDbText
 10
574257.433
 20
2880391.425
 30
172.785
 40
1.0
  1
172.79
 41
0.8
 11
574257.433
 21
2880391.925
 31
172.785
100
AcDbAttribute
280
     0
  2
height
 70
     0
 74
     2
280
     0
  0
SEQEND
  5
16DC
330
16DA
100
AcDbEntity
  8
GCD
  6
Continuous
  0
INSERT
  5
16DD
330
1F
100
AcDbEntity
  8
GCD
  6
Continuous
100
AcDbBlockReference
 66
     1
  2
gc200
 10
574228.156
 20
2880396.597
 30
170.072
 41
0.5
 42
0.5
 43
0.5
1001
S_GXRQ
1071
1718286496
1001
south
1000
202101
1000
69
  0
ATTRIB
  5
16DE
330
16DD
100
AcDbEntity
  8
GCD
  6
Continuous
100
AcDbText
 10
574228.7560000001
 20
2880396.097
 30
170.072
 40
1.0
  1
170.07
 41
0.8
 11
574228.7560000001
 21
2880396.597
 31
170.072
100
AcDbAttribute
280
     0
  2
height
 70
     0
 74
     2
280
     0
  0
SEQEND
  5
16DF
330
16DD
100
AcDbEntity
  8
GCD
  6
Continuous
  0
INSERT
  5
16E0
330
1F
100
AcDbEntity
  8
GCD
  6
Continuous
100
AcDbBlockReference
 66
     1
  2
gc200
 10
574224.9799999999
 20
2880392.232
 30
168.234
 41
0.5
 42
0.5
 43
0.5
1001
S_GXRQ
1071
1718286496
1001
south
1000
202101
1000
70
  0
ATTRIB
  5
16E1
330
16E0
100
AcDbEntity
  8
GCD
  6
Continuous
100
AcDbText
 10
574225.5800000001
 20
2880391.732
 30
168.234
 40
1.0
  1
168.23
 41
0.8
 11
574225.5800000001
 21
2880392.232
 31
168.234
100
AcDbAttribute
280
     0
  2
height
 70
     0
 74
     2
280
     0
  0
SEQEND
  5
16E2
330
16E0
100
AcDbEntity
  8
GCD
  6
Continuous
  0
INSERT
  5
16E3
330
1F
100
AcDbEntity
  8
GCD
  6
Continuous
100
AcDbBlockReference
 66
     1
  2
gc200
 10
574236.558
 20
2880384.854
 30
171.592
 41
0.5
 42
0.5
 43
0.5
1001
S_GXRQ
1071
1718286496
1001
south
1000
202101
1000
71
  0
ATTRIB
  5
16E4
330
16E3
100
AcDbEntity
  8
GCD
  6
Continuous
100
AcDbText
 10
574237.1580000001
 20
2880384.354
 30
171.592
 40
1.0
  1
171.59
 41
0.8
 11
574237.1580000001
 21
2880384.854
 31
171.592
100
AcDbAttribute
280
     0
  2
height
 70
     0
 74
     2
280
     0
  0
SEQEND
  5
16E5
330
16E3
100
AcDbEntity
  8
GCD
  6
Continuous
  0
INSERT
  5
16E6
330
1F
100
AcDbEntity
  8
GCD
  6
Continuous
100
AcDbBlockReference
 66
     1
  2
gc200
 10
574247.0090000001
 20
2880384.515
 30
173.939
 41
0.5
 42
0.5
 43
0.5
1001
S_GXRQ
1071
1718286496
1001
south
1000
202101
1000
72
  0
ATTRIB
  5
16E7
330
16E6
100
AcDbEntity
  8
GCD
  6
Continuous
100
AcDbText
 10
574247.609
 20
2880384.015
 30
173.939
 40
1.0
  1
173.94
 41
0.8
 11
574247.609
 21
2880384.515
 31
173.939
100
AcDbAttribute
280
     0
  2
height
 70
     0
 74
     2
280
     0
  0
SEQEND
  5
16E8
330
16E6
100
AcDbEntity
  8
GCD
  6
Continuous
  0
INSERT
  5
16E9
330
1F
100
AcDbEntity
  8
GCD
  6
Continuous
100
AcDbBlockReference
 66
     1
  2
gc200
 10
574231.2820000003
 20
2880379.159
 30
172.5559999999999
 41
0.5
 42
0.5
 43
0.5
1001
S_GXRQ
1071
1718286496
1001
south
1000
202101
1000
73
  0
ATTRIB
  5
16EA
330
16E9
100
AcDbEntity
  8
GCD
  6
Continuous
100
AcDbText
 10
574231.882
 20
2880378.659
 30
172.5559999999999
 40
1.0
  1
172.56
 41
0.8
 11
574231.882
 21
2880379.159
 31
172.5559999999999
100
AcDbAttribute
280
     0
  2
height
 70
     0
 74
     2
280
     0
  0
SEQEND
  5
16EB
330
16E9
100
AcDbEntity
  8
GCD
  6
Continuous
  0
INSERT
  5
16EC
330
1F
100
AcDbEntity
  8
GCD
  6
Continuous
100
AcDbBlockReference
 66
     1
  2
gc200
 10
574236.3700000002
 20
2880373.712
 30
172.968
 41
0.5
 42
0.5
 43
0.5
1001
S_GXRQ
1071
1718286496
1001
south
1000
202101
1000
74
  0
ATTRIB
  5
16ED
330
16EC
100
AcDbEntity
  8
GCD
  6
Continuous
100
AcDbText
 10
574236.97
 20
2880373.212
 30
172.968
 40
1.0
  1
172.97
 41
0.8
 11
574236.97
 21
2880373.712
 31
172.968
100
AcDbAttribute
280
     0
  2
height
 70
     0
 74
     2
280
     0
  0
SEQEND
  5
16EE
330
16EC
100
AcDbEntity
  8
GCD
  6
Continuous
  0
INSERT
  5
16EF
330
1F
100
AcDbEntity
  8
GCD
  6
Continuous
100
AcDbBlockReference
 66
     1
  2
gc200
 10
574208.199
 20
2880355.954
 30
172.951
 41
0.5
 42
0.5
 43
0.5
1001
S_GXRQ
1071
1718286496
1001
south
1000
202101
1000
75
  0
ATTRIB
  5
16F0
330
16EF
100
AcDbEntity
  8
GCD
  6
Continuous
100
AcDbText
 10
574208.7990000001
 20
2880355.454
 30
172.951
 40
1.0
  1
172.95
 41
0.8
 11
574208.7990000001
 21
2880355.954
 31
172.951
100
AcDbAttribute
280
     0
  2
height
 70
     0
 74
     2
280
     0
  0
SEQEND
  5
16F1
330
16EF
100
AcDbEntity
  8
GCD
  6
Continuous
  0
INSERT
  5
16F2
330
1F
100
AcDbEntity
  8
GCD
  6
Continuous
100
AcDbBlockReference
 66
     1
  2
gc200
 10
574209.2620000001
 20
2880352.12
 30
172.476
 41
0.5
 42
0.5
 43
0.5
1001
S_GXRQ
1071
1718286496
1001
south
1000
202101
1000
76
  0
ATTRIB
  5
16F3
330
16F2
100
AcDbEntity
  8
GCD
  6
Continuous
100
AcDbText
 10
574209.8620000001
 20
2880351.62
 30
172.476
 40
1.0
  1
172.48
 41
0.8
 11
574209.8620000001
 21
2880352.12
 31
172.476
100
AcDbAttribute
280
     0
  2
height
 70
     0
 74
     2
280
     0
  0
SEQEND
  5
16F4
330
16F2
100
AcDbEntity
  8
GCD
  6
Continuous
  0
INSERT
  5
16F5
330
1F
100
AcDbEntity
  8
GCD
  6
Continuous
100
AcDbBlockReference
 66
     1
  2
gc200
 10
574232.0649999999
 20
2880377.92
 30
171.916
 41
0.5
 42
0.5
 43
0.5
1001
S_GXRQ
1071
1718286496
1001
south
1000
202101
1000
77
  0
ATTRIB
  5
16F6
330
16F5
100
AcDbEntity
  8
GCD
  6
Continuous
100
AcDbText
 10
574232.665
 20
2880377.42
 30
171.916
 40
1.0
  1
171.92
 41
0.8
 11
574232.665
 21
2880377.92
 31
171.916
100
AcDbAttribute
280
     0
  2
height
 70
     0
 74
     2
280
     0
  0
SEQEND
  5
16F7
330
16F5
100
AcDbEntity
  8
GCD
  6
Continuous
  0
INSERT
  5
16F8
330
1F
100
AcDbEntity
  8
GCD
  6
Continuous
100
AcDbBlockReference
 66
     1
  2
gc200
 10
574225.7330000001
 20
2880381.07
 30
171.011
 41
0.5
 42
0.5
 43
0.5
1001
S_GXRQ
1071
1718286496
1001
south
1000
202101
1000
78
  0
ATTRIB
  5
16F9
330
16F8
100
AcDbEntity
  8
GCD
  6
Continuous
100
AcDbText
 10
574226.3330000001
 20
2880380.57
 30
171.011
 40
1.0
  1
171.01
 41
0.8
 11
574226.3330000001
 21
2880381.07
 31
171.011
100
AcDbAttribute
280
     0
  2
height
 70
     0
 74
     2
280
     0
  0
SEQEND
  5
16FA
330
16F8
100
AcDbEntity
  8
GCD
  6
Continuous
  0
INSERT
  5
16FB
330
1F
100
AcDbEntity
  8
GCD
  6
Continuous
100
AcDbBlockReference
 66
     1
  2
gc200
 10
574224.71
 20
2880373.001
 30
173.078
 41
0.5
 42
0.5
 43
0.5
1001
S_GXRQ
1071
1718286496
1001
south
1000
202101
1000
79
  0
ATTRIB
  5
16FC
330
16FB
100
AcDbEntity
  8
GCD
  6
Continuous
100
AcDbText
 10
574225.31
 20
2880372.501
 30
173.078
 40
1.0
  1
173.08
 41
0.8
 11
574225.31
 21
2880373.001
 31
173.078
100
AcDbAttribute
280
     0
  2
height
 70
     0
 74
     2
280
     0
  0
SEQEND
  5
16FD
330
16FB
100
AcDbEntity
  8
GCD
  6
Continuous
  0
INSERT
  5
16FE
330
1F
100
AcDbEntity
  8
GCD
  6
Continuous
100
AcDbBlockReference
 66
     1
  2
gc200
 10
574215.9450000001
 20
2880372.533
 30
171.3759999999999
 41
0.5
 42
0.5
 43
0.5
1001
S_GXRQ
1071
1718286496
1001
south
1000
202101
1000
80
  0
ATTRIB
  5
16FF
330
16FE
100
AcDbEntity
  8
GCD
  6
Continuous
100
AcDbText
 10
574216.5449999999
 20
2880372.033
 30
171.3759999999999
 40
1.0
  1
171.38
 41
0.8
 11
574216.5449999999
 21
2880372.533
 31
171.3759999999999
100
AcDbAttribute
280
     0
  2
height
 70
     0
 74
     2
280
     0
  0
SEQEND
  5
1700
330
16FE
100
AcDbEntity
  8
GCD
  6
Continuous
  0
INSERT
  5
1701
330
1F
100
AcDbEntity
  8
GCD
  6
Continuous
100
AcDbBlockReference
 66
     1
  2
gc200
 10
574207.7510000003
 20
2880348.477
 30
173.166
 41
0.5
 42
0.5
 43
0.5
1001
S_GXRQ
1071
1718286496
1001
south
1000
202101
1000
81
  0
ATTRIB
  5
1702
330
1701
100
AcDbEntity
  8
GCD
  6
Continuous
100
AcDbText
 10
574208.351
 20
2880347.977
 30
173.166
 40
1.0
  1
173.17
 41
0.8
 11
574208.351
 21
2880348.477
 31
173.166
100
AcDbAttribute
280
     0
  2
height
 70
     0
 74
     2
280
     0
  0
SEQEND
  5
1703
330
1701
100
AcDbEntity
  8
GCD
  6
Continuous
  0
INSERT
  5
1704
330
1F
100
AcDbEntity
  8
GCD
  6
Continuous
100
AcDbBlockReference
 66
     1
  2
gc200
 10
574221.1820000001
 20
2880399.901
 30
168.336
 41
0.5
 42
0.5
 43
0.5
1001
S_GXRQ
1071
1718286496
1001
south
1000
202101
1000
85
  0
ATTRIB
  5
1705
330
1704
100
AcDbEntity
  8
GCD
  6
Continuous
100
AcDbText
 10
574221.7820000001
 20
2880399.401
 30
168.336
 40
1.0
  1
168.34
 41
0.8
 11
574221.7820000001
 21
2880399.901
 31
168.336
100
AcDbAttribute
280
     0
  2
height
 70
     0
 74
     2
280
     0
  0
SEQEND
  5
1706
330
1704
100
AcDbEntity
  8
GCD
  6
Continuous
  0
INSERT
  5
1707
330
1F
100
AcDbEntity
  8
GCD
  6
Continuous
100
AcDbBlockReference
 66
     1
  2
gc200
 10
574224.874
 20
2880393.302000001
 30
168.242
 41
0.5
 42
0.5
 43
0.5
1001
S_GXRQ
1071
1718286496
1001
south
1000
202101
1000
86
  0
ATTRIB
  5
1708
330
1707
100
AcDbEntity
  8
GCD
  6
Continuous
100
AcDbText
 10
574225.4739999999
 20
2880392.802000001
 30
168.242
 40
1.0
  1
168.24
 41
0.8
 11
574225.4739999999
 21
2880393.302000001
 31
168.242
100
AcDbAttribute
280
     0
  2
height
 70
     0
 74
     2
280
     0
  0
SEQEND
  5
1709
330
1707
100
AcDbEntity
  8
GCD
  6
Continuous
  0
INSERT
  5
170A
330
1F
100
AcDbEntity
  8
GCD
  6
Continuous
100
AcDbBlockReference
 66
     1
  2
gc200
 10
574218.152
 20
2880392.695
 30
168.709
 41
0.5
 42
0.5
 43
0.5
1001
S_GXRQ
1071
1718286496
1001
south
1000
202101
1000
87
  0
ATTRIB
  5
170B
330
170A
100
AcDbEntity
  8
GCD
  6
Continuous
100
AcDbText
 10
574218.7520000001
 20
2880392.195
 30
168.709
 40
1.0
  1
168.71
 41
0.8
 11
574218.7520000001
 21
2880392.695
 31
168.709
100
AcDbAttribute
280
     0
  2
height
 70
     0
 74
     2
280
     0
  0
SEQEND
  5
170C
330
170A
100
AcDbEntity
  8
GCD
  6
Continuous
  0
INSERT
  5
170D
330
1F
100
AcDbEntity
  8
GCD
  6
Continuous
100
AcDbBlockReference
 66
     1
  2
gc200
 10
574221.5830000001
 20
2880396.615
 30
168.577
 41
0.5
 42
0.5
 43
0.5
1001
S_GXRQ
1071
1718286496
1001
south
1000
202101
1000
88
  0
ATTRIB
  5
170E
330
170D
100
AcDbEntity
  8
GCD
  6
Continuous
100
AcDbText
 10
574222.183
 20
2880396.115
 30
168.577
 40
1.0
  1
168.58
 41
0.8
 11
574222.183
 21
2880396.615
 31
168.577
100
AcDbAttribute
280
     0
  2
height
 70
     0
 74
     2
280
     0
  0
SEQEND
  5
170F
330
170D
100
AcDbEntity
  8
GCD
  6
Continuous
  0
INSERT
  5
1710
330
1F
100
AcDbEntity
  8
GCD
  6
Continuous
100
AcDbBlockReference
 66
     1
  2
gc200
 10
574216.1070000001
 20
2880387.534
 30
168.2
 41
0.5
 42
0.5
 43
0.5
1001
S_GXRQ
1071
1718286496
1001
south
1000
202101
1000
89
  0
ATTRIB
  5
1711
330
1710
100
AcDbEntity
  8
GCD
  6
Continuous
100
AcDbText
 10
574216.707
 20
2880387.034
 30
168.2
 40
1.0
  1
168.20
 41
0.8
 11
574216.707
 21
2880387.534
 31
168.2
100
AcDbAttribute
280
     0
  2
height
 70
     0
 74
     2
280
     0
  0
SEQEND
  5
1712
330
1710
100
AcDbEntity
  8
GCD
  6
Continuous
  0
INSERT
  5
1713
330
1F
100
AcDbEntity
  8
GCD
  6
Continuous
100
AcDbBlockReference
 66
     1
  2
gc200
 10
574305.693
 20
2880376.092
 30
164.017
 41
0.5
 42
0.5
 43
0.5
1001
S_GXRQ
1071
1718286496
1001
south
1000
202101
1000
90
  0
ATTRIB
  5
1714
330
1713
100
AcDbEntity
  8
GCD
  6
Continuous
100
AcDbText
 10
574306.293
 20
2880375.592
 30
164.017
 40
1.0
  1
164.02
 41
0.8
 11
574306.293
 21
2880376.092
 31
164.017
100
AcDbAttribute
280
     0
  2
height
 70
     0
 74
     2
280
     0
  0
SEQEND
  5
1715
330
1713
100
AcDbEntity
  8
GCD
  6
Continuous
  0
INSERT
  5
1716
330
1F
100
AcDbEntity
  8
GCD
  6
Continuous
100
AcDbBlockReference
 66
     1
  2
gc200
 10
574288.24
 20
2880373.41
 30
163.494
 41
0.5
 42
0.5
 43
0.5
1001
S_GXRQ
1071
1718286496
1001
south
1000
202101
1000
91
  0
ATTRIB
  5
1717
330
1716
100
AcDbEntity
  8
GCD
  6
Continuous
100
AcDbText
 10
574288.8400000001
 20
2880372.910000001
 30
163.494
 40
1.0
  1
163.49
 41
0.8
 11
574288.8400000001
 21
2880373.41
 31
163.494
100
AcDbAttribute
280
     0
  2
height
 70
     0
 74
     2
280
     0
  0
SEQEND
  5
1718
330
1716
100
AcDbEntity
  8
GCD
  6
Continuous
  0
INSERT
  5
1719
330
1F
100
AcDbEntity
  8
GCD
  6
Continuous
100
AcDbBlockReference
 66
     1
  2
gc200
 10
574279.6230000004
 20
2880369.517
 30
163.507
 41
0.5
 42
0.5
 43
0.5
1001
S_GXRQ
1071
1718286496
1001
south
1000
202101
1000
92
  0
ATTRIB
  5
171A
330
1719
100
AcDbEntity
  8
GCD
  6
Continuous
100
AcDbText
 10
574280.223
 20
2880369.017
 30
163.507
 40
1.0
  1
163.51
 41
0.8
 11
574280.223
 21
2880369.517
 31
163.507
100
AcDbAttribute
280
     0
  2
height
 70
     0
 74
     2
280
     0
  0
SEQEND
  5
171B
330
1719
100
AcDbEntity
  8
GCD
  6
Continuous
  0
INSERT
  5
171C
330
1F
100
AcDbEntity
  8
GCD
  6
Continuous
100
AcDbBlockReference
 66
     1
  2
gc200
 10
574285.186
 20
2880359.178
 30
163.532
 41
0.5
 42
0.5
 43
0.5
1001
S_GXRQ
1071
1718286496
1001
south
1000
202101
1000
93
  0
ATTRIB
  5
171D
330
171C
100
AcDbEntity
  8
GCD
  6
Continuous
100
AcDbText
 10
574285.786
 20
2880358.678000001
 30
163.532
 40
1.0
  1
163.53
 41
0.8
 11
574285.786
 21
2880359.178
 31
163.532
100
AcDbAttribute
280
     0
  2
height
 70
     0
 74
     2
280
     0
  0
SEQEND
  5
171E
330
171C
100
AcDbEntity
  8
GCD
  6
Continuous
  0
INSERT
  5
171F
330
1F
100
AcDbEntity
  8
GCD
  6
Continuous
100
AcDbBlockReference
 66
     1
  2
gc200
 10
574283.155
 20
2880366.916
 30
163.739
 41
0.5
 42
0.5
 43
0.5
1001
S_GXRQ
1071
1718286496
1001
south
1000
202101
1000
94
  0
ATTRIB
  5
1720
330
171F
100
AcDbEntity
  8
GCD
  6
Continuous
100
AcDbText
 10
574283.7550000001
 20
2880366.416000001
 30
163.739
 40
1.0
  1
163.74
 41
0.8
 11
574283.7550000001
 21
2880366.916
 31
163.739
100
AcDbAttribute
280
     0
  2
height
 70
     0
 74
     2
280
     0
  0
SEQEND
  5
1721
330
171F
100
AcDbEntity
  8
GCD
  6
Continuous
  0
INSERT
  5
1722
330
1F
100
AcDbEntity
  8
GCD
  6
Continuous
100
AcDbBlockReference
 66
     1
  2
gc200
 10
574285.5530000001
 20
2880364.932
 30
163.563
 41
0.5
 42
0.5
 43
0.5
1001
S_GXRQ
1071
1718286496
1001
south
1000
202101
1000
95
  0
ATTRIB
  5
1723
330
1722
100
AcDbEntity
  8
GCD
  6
Continuous
100
AcDbText
 10
574286.1529999999
 20
2880364.432
 30
163.563
 40
1.0
  1
163.56
 41
0.8
 11
574286.1529999999
 21
2880364.932
 31
163.563
100
AcDbAttribute
280
     0
  2
height
 70
     0
 74
     2
280
     0
  0
SEQEND
  5
1724
330
1722
100
AcDbEntity
  8
GCD
  6
Continuous
  0
INSERT
  5
1725
330
1F
100
AcDbEntity
  8
GCD
  6
Continuous
100
AcDbBlockReference
 66
     1
  2
gc200
 10
574289.7780000003
 20
2880364.302
 30
163.226
 41
0.5
 42
0.5
 43
0.5
1001
S_GXRQ
1071
1718286496
1001
south
1000
202101
1000
96
  0
ATTRIB
  5
1726
330
1725
100
AcDbEntity
  8
GCD
  6
Continuous
100
AcDbText
 10
574290.378
 20
2880363.802
 30
163.226
 40
1.0
  1
163.23
 41
0.8
 11
574290.378
 21
2880364.302
 31
163.226
100
AcDbAttribute
280
     0
  2
height
 70
     0
 74
     2
280
     0
  0
SEQEND
  5
1727
330
1725
100
AcDbEntity
  8
GCD
  6
Continuous
  0
INSERT
  5
1728
330
1F
100
AcDbEntity
  8
GCD
  6
Continuous
100
AcDbBlockReference
 66
     1
  2
gc200
 10
574289.6330000003
 20
2880366.394
 30
163.713
 41
0.5
 42
0.5
 43
0.5
1001
S_GXRQ
1071
1718286496
1001
south
1000
202101
1000
97
  0
ATTRIB
  5
1729
330
1728
100
AcDbEntity
  8
GCD
  6
Continuous
100
AcDbText
 10
574290.233
 20
2880365.894
 30
163.713
 40
1.0
  1
163.71
 41
0.8
 11
574290.233
 21
2880366.394
 31
163.713
100
AcDbAttribute
280
     0
  2
height
 70
     0
 74
     2
280
     0
  0
SEQEND
  5
172A
330
1728
100
AcDbEntity
  8
GCD
  6
Continuous
  0
INSERT
  5
172B
330
1F
100
AcDbEntity
  8
GCD
  6
Continuous
100
AcDbBlockReference
 66
     1
  2
gc200
 10
574290.358
 20
2880359.71
 30
164.028
 41
0.5
 42
0.5
 43
0.5
1001
S_GXRQ
1071
1718286496
1001
south
1000
202101
1000
98
  0
ATTRIB
  5
172C
330
172B
100
AcDbEntity
  8
GCD
  6
Continuous
100
AcDbText
 10
574290.9580000001
 20
2880359.21
 30
164.028
 40
1.0
  1
164.03
 41
0.8
 11
574290.9580000001
 21
2880359.71
 31
164.028
100
AcDbAttribute
280
     0
  2
height
 70
     0
 74
     2
280
     0
  0
SEQEND
  5
172D
330
172B
100
AcDbEntity
  8
GCD
  6
Continuous
  0
INSERT
  5
172E
330
1F
100
AcDbEntity
  8
GCD
  6
Continuous
100
AcDbBlockReference
 66
     1
  2
gc200
 10
574291.3520000001
 20
2880353.593
 30
163.32
 41
0.5
 42
0.5
 43
0.5
1001
S_GXRQ
1071
1718286496
1001
south
1000
202101
1000
99
  0
ATTRIB
  5
172F
330
172E
100
AcDbEntity
  8
GCD
  6
Continuous
100
AcDbText
 10
574291.952
 20
2880353.093
 30
163.32
 40
1.0
  1
163.32
 41
0.8
 11
574291.952
 21
2880353.593
 31
163.32
100
AcDbAttribute
280
     0
  2
height
 70
     0
 74
     2
280
     0
  0
SEQEND
  5
1730
330
172E
100
AcDbEntity
  8
GCD
  6
Continuous
  0
INSERT
  5
1731
330
1F
100
AcDbEntity
  8
GCD
  6
Continuous
100
AcDbBlockReference
 66
     1
  2
gc200
 10
574278.0370000001
 20
2880362.297
 30
163.639
 41
0.5
 42
0.5
 43
0.5
1001
S_GXRQ
1071
1718286496
1001
south
1000
202101
1000
100
  0
ATTRIB
  5
1732
330
1731
100
AcDbEntity
  8
GCD
  6
Continuous
100
AcDbText
 10
574278.6370000001
 20
2880361.797
 30
163.639
 40
1.0
  1
163.64
 41
0.8
 11
574278.6370000001
 21
2880362.297
 31
163.639
100
AcDbAttribute
280
     0
  2
height
 70
     0
 74
     2
280
     0
  0
SEQEND
  5
1733
330
1731
100
AcDbEntity
  8
GCD
  6
Continuous
  0
INSERT
  5
1734
330
1F
100
AcDbEntity
  8
GCD
  6
Continuous
100
AcDbBlockReference
 66
     1
  2
gc200
 10
574289.865
 20
2880350.102
 30
164.039
 41
0.5
 42
0.5
 43
0.5
1001
S_GXRQ
1071
1718286496
1001
south
1000
202101
1000
101
  0
ATTRIB
  5
1735
330
1734
100
AcDbEntity
  8
GCD
  6
Continuous
100
AcDbText
 10
574290.4650000001
 20
2880349.602
 30
164.039
 40
1.0
  1
164.04
 41
0.8
 11
574290.4650000001
 21
2880350.102
 31
164.039
100
AcDbAttribute
280
     0
  2
height
 70
     0
 74
     2
280
     0
  0
SEQEND
  5
1736
330
1734
100
AcDbEntity
  8
GCD
  6
Continuous
  0
INSERT
  5
1737
330
1F
100
AcDbEntity
  8
GCD
  6
Continuous
100
AcDbBlockReference
 66
     1
  2
gc200
 10
574258.514
 20
2880338.481
 30
163.953
 41
0.5
 42
0.5
 43
0.5
1001
S_GXRQ
1071
1718286496
1001
south
1000
202101
1000
102
  0
ATTRIB
  5
1738
330
1737
100
AcDbEntity
  8
GCD
  6
Continuous
100
AcDbText
 10
574259.1140000001
 20
2880337.981
 30
163.953
 40
1.0
  1
163.95
 41
0.8
 11
574259.1140000001
 21
2880338.481
 31
163.953
100
AcDbAttribute
280
     0
  2
height
 70
     0
 74
     2
280
     0
  0
SEQEND
  5
1739
330
1737
100
AcDbEntity
  8
GCD
  6
Continuous
  0
INSERT
  5
173A
330
1F
100
AcDbEntity
  8
GCD
  6
Continuous
100
AcDbBlockReference
 66
     1
  2
gc200
 10
574256.9880000001
 20
2880340.028
 30
163.966
 41
0.5
 42
0.5
 43
0.5
1001
S_GXRQ
1071
1718286496
1001
south
1000
202101
1000
103
  0
ATTRIB
  5
173B
330
173A
100
AcDbEntity
  8
GCD
  6
Continuous
100
AcDbText
 10
574257.588
 20
2880339.528
 30
163.966
 40
1.0
  1
163.97
 41
0.8
 11
574257.588
 21
2880340.028
 31
163.966
100
AcDbAttribute
280
     0
  2
height
 70
     0
 74
     2
280
     0
  0
SEQEND
  5
173C
330
173A
100
AcDbEntity
  8
GCD
  6
Continuous
  0
INSERT
  5
173D
330
1F
100
AcDbEntity
  8
GCD
  6
Continuous
100
AcDbBlockReference
 66
     1
  2
gc200
 10
574249.57
 20
2880330.369
 30
164.303
 41
0.5
 42
0.5
 43
0.5
1001
S_GXRQ
1071
1718286496
1001
south
1000
202101
1000
104
  0
ATTRIB
  5
173E
330
173D
100
AcDbEntity
  8
GCD
  6
Continuous
100
AcDbText
 10
574250.17
 20
2880329.869
 30
164.303
 40
1.0
  1
164.30
 41
0.8
 11
574250.17
 21
2880330.369
 31
164.303
100
AcDbAttribute
280
     0
  2
height
 70
     0
 74
     2
280
     0
  0
SEQEND
  5
173F
330
173D
100
AcDbEntity
  8
GCD
  6
Continuous
  0
INSERT
  5
1740
330
1F
100
AcDbEntity
  8
GCD
  6
Continuous
100
AcDbBlockReference
 66
     1
  2
gc200
 10
574244.0290000001
 20
2880340.29
 30
164.059
 41
0.5
 42
0.5
 43
0.5
1001
S_GXRQ
1071
1718286496
1001
south
1000
202101
1000
105
  0
ATTRIB
  5
1741
330
1740
100
AcDbEntity
  8
GCD
  6
Continuous
100
AcDbText
 10
574244.629
 20
2880339.79
 30
164.059
 40
1.0
  1
164.06
 41
0.8
 11
574244.629
 21
2880340.29
 31
164.059
100
AcDbAttribute
280
     0
  2
height
 70
     0
 74
     2
280
     0
  0
SEQEND
  5
1742
330
1740
100
AcDbEntity
  8
GCD
  6
Continuous
  0
INSERT
  5
1743
330
1F
100
AcDbEntity
  8
GCD
  6
Continuous
100
AcDbBlockReference
 66
     1
  2
gc200
 10
574242.7120000001
 20
2880337.182
 30
163.961
 41
0.5
 42
0.5
 43
0.5
1001
S_GXRQ
1071
1718286496
1001
south
1000
202101
1000
106
  0
ATTRIB
  5
1744
330
1743
100
AcDbEntity
  8
GCD
  6
Continuous
100
AcDbText
 10
574243.3120000003
 20
2880336.682
 30
163.961
 40
1.0
  1
163.96
 41
0.8
 11
574243.3120000003
 21
2880337.182
 31
163.961
100
AcDbAttribute
280
     0
  2
height
 70
     0
 74
     2
280
     0
  0
SEQEND
  5
1745
330
1743
100
AcDbEntity
  8
GCD
  6
Continuous
  0
INSERT
  5
1746
330
1F
100
AcDbEntity
  8
GCD
  6
Continuous
100
AcDbBlockReference
 66
     1
  2
gc200
 10
574252.869
 20
2880344.249
 30
163.957
 41
0.5
 42
0.5
 43
0.5
1001
S_GXRQ
1071
1718286496
1001
south
1000
202101
1000
107
  0
ATTRIB
  5
1747
330
1746
100
AcDbEntity
  8
GCD
  6
Continuous
100
AcDbText
 10
574253.4690000001
 20
2880343.749
 30
163.957
 40
1.0
  1
163.96
 41
0.8
 11
574253.4690000001
 21
2880344.249
 31
163.957
100
AcDbAttribute
280
     0
  2
height
 70
     0
 74
     2
280
     0
  0
SEQEND
  5
1748
330
1746
100
AcDbEntity
  8
GCD
  6
Continuous
  0
INSERT
  5
1749
330
1F
100
AcDbEntity
  8
GCD
  6
Continuous
100
AcDbBlockReference
 66
     1
  2
gc200
 10
574258.0290000002
 20
2880344.099
 30
163.813
 41
0.5
 42
0.5
 43
0.5
1001
S_GXRQ
1071
1718286496
1001
south
1000
202101
1000
108
  0
ATTRIB
  5
174A
330
1749
100
AcDbEntity
  8
GCD
  6
Continuous
100
AcDbText
 10
574258.629
 20
2880343.599
 30
163.813
 40
1.0
  1
163.81
 41
0.8
 11
574258.629
 21
2880344.099
 31
163.813
100
AcDbAttribute
280
     0
  2
height
 70
     0
 74
     2
280
     0
  0
SEQEND
  5
174B
330
1749
100
AcDbEntity
  8
GCD
  6
Continuous
  0
INSERT
  5
174C
330
1F
100
AcDbEntity
  8
GCD
  6
Continuous
100
AcDbBlockReference
 66
     1
  2
gc200
 10
574258.824
 20
2880339.411
 30
164.058
 41
0.5
 42
0.5
 43
0.5
1001
S_GXRQ
1071
1718286496
1001
south
1000
202101
1000
109
  0
ATTRIB
  5
174D
330
174C
100
AcDbEntity
  8
GCD
  6
Continuous
100
AcDbText
 10
574259.4240000001
 20
2880338.911000001
 30
164.058
 40
1.0
  1
164.06
 41
0.8
 11
574259.4240000001
 21
2880339.411
 31
164.058
100
AcDbAttribute
280
     0
  2
height
 70
     0
 74
     2
280
     0
  0
SEQEND
  5
174E
330
174C
100
AcDbEntity
  8
GCD
  6
Continuous
  0
INSERT
  5
174F
330
1F
100
AcDbEntity
  8
GCD
  6
Continuous
100
AcDbBlockReference
 66
     1
  2
gc200
 10
574257.993
 20
2880342.111
 30
163.978
 41
0.5
 42
0.5
 43
0.5
1001
S_GXRQ
1071
1718286496
1001
south
1000
202101
1000
110
  0
ATTRIB
  5
1750
330
174F
100
AcDbEntity
  8
GCD
  6
Continuous
100
AcDbText
 10
574258.5930000001
 20
2880341.611
 30
163.978
 40
1.0
  1
163.98
 41
0.8
 11
574258.5930000001
 21
2880342.111
 31
163.978
100
AcDbAttribute
280
     0
  2
height
 70
     0
 74
     2
280
     0
  0
SEQEND
  5
1751
330
174F
100
AcDbEntity
  8
GCD
  6
Continuous
  0
INSERT
  5
1752
330
1F
100
AcDbEntity
  8
GCD
  6
Continuous
100
AcDbBlockReference
 66
     1
  2
gc200
 10
574255.976
 20
2880342.566
 30
164.02
 41
0.5
 42
0.5
 43
0.5
1001
S_GXRQ
1071
1718286496
1001
south
1000
202101
1000
111
  0
ATTRIB
  5
1753
330
1752
100
AcDbEntity
  8
GCD
  6
Continuous
100
AcDbText
 10
574256.5760000001
 20
2880342.066
 30
164.02
 40
1.0
  1
164.02
 41
0.8
 11
574256.5760000001
 21
2880342.566
 31
164.02
100
AcDbAttribute
280
     0
  2
height
 70
     0
 74
     2
280
     0
  0
SEQEND
  5
1754
330
1752
100
AcDbEntity
  8
GCD
  6
Continuous
  0
INSERT
  5
1755
330
1F
100
AcDbEntity
  8
GCD
  6
Continuous
100
AcDbBlockReference
 66
     1
  2
gc200
 10
574240.2220000001
 20
2880332.554
 30
163.91
 41
0.5
 42
0.5
 43
0.5
1001
S_GXRQ
1071
1718286496
1001
south
1000
202101
1000
112
  0
ATTRIB
  5
1756
330
1755
100
AcDbEntity
  8
GCD
  6
Continuous
100
AcDbText
 10
574240.8219999999
 20
2880332.054
 30
163.91
 40
1.0
  1
163.91
 41
0.8
 11
574240.8219999999
 21
2880332.554
 31
163.91
100
AcDbAttribute
280
     0
  2
height
 70
     0
 74
     2
280
     0
  0
SEQEND
  5
1757
330
1755
100
AcDbEntity
  8
GCD
  6
Continuous
  0
INSERT
  5
1758
330
1F
100
AcDbEntity
  8
GCD
  6
Continuous
100
AcDbBlockReference
 66
     1
  2
gc200
 10
574256.892
 20
2880335.098000001
 30
164.101
 41
0.5
 42
0.5
 43
0.5
1001
S_GXRQ
1071
1718286496
1001
south
1000
202101
1000
113
  0
ATTRIB
  5
1759
330
1758
100
AcDbEntity
  8
GCD
  6
Continuous
100
AcDbText
 10
574257.4920000001
 20
2880334.598000001
 30
164.101
 40
1.0
  1
164.10
 41
0.8
 11
574257.4920000001
 21
2880335.098000001
 31
164.101
100
AcDbAttribute
280
     0
  2
height
 70
     0
 74
     2
280
     0
  0
SEQEND
  5
175A
330
1758
100
AcDbEntity
  8
GCD
  6
Continuous
  0
INSERT
  5
175B
330
1F
100
AcDbEntity
  8
GCD
  6
Continuous
100
AcDbBlockReference
 66
     1
  2
gc200
 10
574252.038
 20
2880331.546
 30
164.23
 41
0.5
 42
0.5
 43
0.5
1001
S_GXRQ
1071
1718286496
1001
south
1000
202101
1000
114
  0
ATTRIB
  5
175C
330
175B
100
AcDbEntity
  8
GCD
  6
Continuous
100
AcDbText
 10
574252.6380000001
 20
2880331.046
 30
164.23
 40
1.0
  1
164.23
 41
0.8
 11
574252.6380000001
 21
2880331.546
 31
164.23
100
AcDbAttribute
280
     0
  2
height
 70
     0
 74
     2
280
     0
  0
SEQEND
  5
175D
330
175B
100
AcDbEntity
  8
GCD
  6
Continuous
  0
INSERT
  5
175E
330
1F
100
AcDbEntity
  8
GCD
  6
Continuous
100
AcDbBlockReference
 66
     1
  2
gc200
 10
574242.7830000001
 20
2880330.459
 30
164.182
 41
0.5
 42
0.5
 43
0.5
1001
S_GXRQ
1071
1718286496
1001
south
1000
202101
1000
115
  0
ATTRIB
  5
175F
330
175E
100
AcDbEntity
  8
GCD
  6
Continuous
100
AcDbText
 10
574243.3830000003
 20
2880329.959
 30
164.182
 40
1.0
  1
164.18
 41
0.8
 11
574243.3830000003
 21
2880330.459
 31
164.182
100
AcDbAttribute
280
     0
  2
height
 70
     0
 74
     2
280
     0
  0
SEQEND
  5
1760
330
175E
100
AcDbEntity
  8
GCD
  6
Continuous
  0
INSERT
  5
1761
330
1F
100
AcDbEntity
  8
GCD
  6
Continuous
100
AcDbBlockReference
 66
     1
  2
gc200
 10
574252.2750000002
 20
2880307.453
 30
169.137
 41
0.5
 42
0.5
 43
0.5
1001
S_GXRQ
1071
1718286496
1001
south
1000
202101
1000
116
  0
ATTRIB
  5
1762
330
1761
100
AcDbEntity
  8
GCD
  6
Continuous
100
AcDbText
 10
574252.875
 20
2880306.953000001
 30
169.137
 40
1.0
  1
169.14
 41
0.8
 11
574252.875
 21
2880307.453
 31
169.137
100
AcDbAttribute
280
     0
  2
height
 70
     0
 74
     2
280
     0
  0
SEQEND
  5
1763
330
1761
100
AcDbEntity
  8
GCD
  6
Continuous
  0
INSERT
  5
1764
330
1F
100
AcDbEntity
  8
GCD
  6
Continuous
100
AcDbBlockReference
 66
     1
  2
gc200
 10
574261.6160000003
 20
2880314.901000001
 30
169.748
 41
0.5
 42
0.5
 43
0.5
1001
S_GXRQ
1071
1718286496
1001
south
1000
202101
1000
117
  0
ATTRIB
  5
1765
330
1764
100
AcDbEntity
  8
GCD
  6
Continuous
100
AcDbText
 10
574262.216
 20
2880314.401000002
 30
169.748
 40
1.0
  1
169.75
 41
0.8
 11
574262.216
 21
2880314.901000001
 31
169.748
100
AcDbAttribute
280
     0
  2
height
 70
     0
 74
     2
280
     0
  0
SEQEND
  5
1766
330
1764
100
AcDbEntity
  8
GCD
  6
Continuous
  0
INSERT
  5
1767
330
1F
100
AcDbEntity
  8
GCD
  6
Continuous
100
AcDbBlockReference
 66
     1
  2
gc200
 10
574271.5690000001
 20
2880322.118
 30
168.07
 41
0.5
 42
0.5
 43
0.5
1001
S_GXRQ
1071
1718286496
1001
south
1000
202101
1000
118
  0
ATTRIB
  5
1768
330
1767
100
AcDbEntity
  8
GCD
  6
Continuous
100
AcDbText
 10
574272.169
 20
2880321.618
 30
168.07
 40
1.0
  1
168.07
 41
0.8
 11
574272.169
 21
2880322.118
 31
168.07
100
AcDbAttribute
280
     0
  2
height
 70
     0
 74
     2
280
     0
  0
SEQEND
  5
1769
330
1767
100
AcDbEntity
  8
GCD
  6
Continuous
  0
INSERT
  5
176A
330
1F
100
AcDbEntity
  8
GCD
  6
Continuous
100
AcDbBlockReference
 66
     1
  2
gc200
 10
574290.639
 20
2880337.423
 30
168.827
 41
0.5
 42
0.5
 43
0.5
1001
S_GXRQ
1071
1718286496
1001
south
1000
202101
1000
119
  0
ATTRIB
  5
176B
330
176A
100
AcDbEntity
  8
GCD
  6
Continuous
100
AcDbText
 10
574291.239
 20
2880336.923
 30
168.827
 40
1.0
  1
168.83
 41
0.8
 11
574291.239
 21
2880337.423
 31
168.827
100
AcDbAttribute
280
     0
  2
height
 70
     0
 74
     2
280
     0
  0
SEQEND
  5
176C
330
176A
100
AcDbEntity
  8
GCD
  6
Continuous
  0
INSERT
  5
176D
330
1F
100
AcDbEntity
  8
GCD
  6
Continuous
100
AcDbBlockReference
 66
     1
  2
gc200
 10
574326.8230000001
 20
2880391.088
 30
164.491
 41
0.5
 42
0.5
 43
0.5
1001
S_GXRQ
1071
1718286496
1001
south
1000
202101
1000
120
  0
ATTRIB
  5
176E
330
176D
100
AcDbEntity
  8
GCD
  6
Continuous
100
AcDbText
 10
574327.423
 20
2880390.588
 30
164.491
 40
1.0
  1
164.49
 41
0.8
 11
574327.423
 21
2880391.088
 31
164.491
100
AcDbAttribute
280
     0
  2
height
 70
     0
 74
     2
280
     0
  0
SEQEND
  5
176F
330
176D
100
AcDbEntity
  8
GCD
  6
Continuous
  0
INSERT
  5
1770
330
1F
100
AcDbEntity
  8
GCD
  6
Continuous
100
AcDbBlockReference
 66
     1
  2
gc200
 10
574326.2679999999
 20
2880393.151
 30
164.288
 41
0.5
 42
0.5
 43
0.5
1001
S_GXRQ
1071
1718286496
1001
south
1000
202101
1000
121
  0
ATTRIB
  5
1771
330
1770
100
AcDbEntity
  8
GCD
  6
Continuous
100
AcDbText
 10
574326.868
 20
2880392.651
 30
164.288
 40
1.0
  1
164.29
 41
0.8
 11
574326.868
 21
2880393.151
 31
164.288
100
AcDbAttribute
280
     0
  2
height
 70
     0
 74
     2
280
     0
  0
SEQEND
  5
1772
330
1770
100
AcDbEntity
  8
GCD
  6
Continuous
  0
INSERT
  5
1773
330
1F
100
AcDbEntity
  8
GCD
  6
Continuous
100
AcDbBlockReference
 66
     1
  2
gc200
 10
574377.507
 20
2880370.158000001
 30
168.604
 41
0.5
 42
0.5
 43
0.5
1001
S_GXRQ
1071
1718286496
1001
south
1000
202101
1000
122
  0
ATTRIB
  5
1774
330
1773
100
AcDbEntity
  8
GCD
  6
Continuous
100
AcDbText
 10
574378.107
 20
2880369.658000001
 30
168.604
 40
1.0
  1
168.60
 41
0.8
 11
574378.107
 21
2880370.158000001
 31
168.604
100
AcDbAttribute
280
     0
  2
height
 70
     0
 74
     2
280
     0
  0
SEQEND
  5
1775
330
1773
100
AcDbEntity
  8
GCD
  6
Continuous
  0
INSERT
  5
1776
330
1F
100
AcDbEntity
  8
GCD
  6
Continuous
100
AcDbBlockReference
 66
     1
  2
gc200
 10
574362.0790000001
 20
2880376.448000001
 30
168.398
 41
0.5
 42
0.5
 43
0.5
1001
S_GXRQ
1071
1718286496
1001
south
1000
202101
1000
123
  0
ATTRIB
  5
1777
330
1776
100
AcDbEntity
  8
GCD
  6
Continuous
100
AcDbText
 10
574362.679
 20
2880375.948000001
 30
168.398
 40
1.0
  1
168.40
 41
0.8
 11
574362.679
 21
2880376.448000001
 31
168.398
100
AcDbAttribute
280
     0
  2
height
 70
     0
 74
     2
280
     0
  0
SEQEND
  5
1778
330
1776
100
AcDbEntity
  8
GCD
  6
Continuous
  0
INSERT
  5
1779
330
1F
100
AcDbEntity
  8
GCD
  6
Continuous
100
AcDbBlockReference
 66
     1
  2
gc200
 10
574374.095
 20
2880371.692
 30
168.492
 41
0.5
 42
0.5
 43
0.5
1001
S_GXRQ
1071
1718286496
1001
south
1000
202101
1000
124
  0
ATTRIB
  5
177A
330
1779
100
AcDbEntity
  8
GCD
  6
Continuous
100
AcDbText
 10
574374.6950000001
 20
2880371.192
 30
168.492
 40
1.0
  1
168.49
 41
0.8
 11
574374.6950000001
 21
2880371.692
 31
168.492
100
AcDbAttribute
280
     0
  2
height
 70
     0
 74
     2
280
     0
  0
SEQEND
  5
177B
330
1779
100
AcDbEntity
  8
GCD
  6
Continuous
  0
INSERT
  5
177C
330
1F
100
AcDbEntity
  8
GCD
  6
Continuous
100
AcDbBlockReference
 66
     1
  2
gc200
 10
574366.15
 20
2880374.81
 30
168.41
 41
0.5
 42
0.5
 43
0.5
1001
S_GXRQ
1071
1718286496
1001
south
1000
202101
1000
125
  0
ATTRIB
  5
177D
330
177C
100
AcDbEntity
  8
GCD
  6
Continuous
100
AcDbText
 10
574366.75
 20
2880374.31
 30
168.41
 40
1.0
  1
168.41
 41
0.8
 11
574366.75
 21
2880374.81
 31
168.41
100
AcDbAttribute
280
     0
  2
height
 70
     0
 74
     2
280
     0
  0
SEQEND
  5
177E
330
177C
100
AcDbEntity
  8
GCD
  6
Continuous
  0
INSERT
  5
177F
330
1F
100
AcDbEntity
  8
GCD
  6
Continuous
100
AcDbBlockReference
 66
     1
  2
gc200
 10
574355.5080000001
 20
2880378.755
 30
168.435
 41
0.5
 42
0.5
 43
0.5
1001
S_GXRQ
1071
1718286496
1001
south
1000
202101
1000
126
  0
ATTRIB
  5
1780
330
177F
100
AcDbEntity
  8
GCD
  6
Continuous
100
AcDbText
 10
574356.108
 20
2880378.255
 30
168.435
 40
1.0
  1
168.44
 41
0.8
 11
574356.108
 21
2880378.755
 31
168.435
100
AcDbAttribute
280
     0
  2
height
 70
     0
 74
     2
280
     0
  0
SEQEND
  5
1781
330
177F
100
AcDbEntity
  8
GCD
  6
Continuous
  0
INSERT
  5
1782
330
1F
100
AcDbEntity
  8
GCD
  6
Continuous
100
AcDbBlockReference
 66
     1
  2
gc200
 10
574350.003
 20
2880380.474
 30
168.4109999999999
 41
0.5
 42
0.5
 43
0.5
1001
S_GXRQ
1071
1718286496
1001
south
1000
202101
1000
127
  0
ATTRIB
  5
1783
330
1782
100
AcDbEntity
  8
GCD
  6
Continuous
100
AcDbText
 10
574350.6030000002
 20
2880379.974
 30
168.4109999999999
 40
1.0
  1
168.41
 41
0.8
 11
574350.6030000002
 21
2880380.474
 31
168.4109999999999
100
AcDbAttribute
280
     0
  2
height
 70
     0
 74
     2
280
     0
  0
SEQEND
  5
1784
330
1782
100
AcDbEntity
  8
GCD
  6
Continuous
  0
INSERT
  5
1785
330
1F
100
AcDbEntity
  8
GCD
  6
Continuous
100
AcDbBlockReference
 66
     1
  2
gc200
 10
574314.4620000001
 20
2880307.337
 30
170.895
 41
0.5
 42
0.5
 43
0.5
1001
S_GXRQ
1071
1718286496
1001
south
1000
202101
1000
128
  0
ATTRIB
  5
1786
330
1785
100
AcDbEntity
  8
GCD
  6
Continuous
100
AcDbText
 10
574315.0620000001
 20
2880306.837
 30
170.895
 40
1.0
  1
170.90
 41
0.8
 11
574315.0620000001
 21
2880307.337
 31
170.895
100
AcDbAttribute
280
     0
  2
height
 70
     0
 74
     2
280
     0
  0
SEQEND
  5
1787
330
1785
100
AcDbEntity
  8
GCD
  6
Continuous
  0
INSERT
  5
1788
330
1F
100
AcDbEntity
  8
GCD
  6
Continuous
100
AcDbBlockReference
 66
     1
  2
gc200
 10
574317.1680000001
 20
2880309.286000001
 30
171.084
 41
0.5
 42
0.5
 43
0.5
1001
S_GXRQ
1071
1718286496
1001
south
1000
202101
1000
129
  0
ATTRIB
  5
1789
330
1788
100
AcDbEntity
  8
GCD
  6
Continuous
100
AcDbText
 10
574317.7679999999
 20
2880308.786000002
 30
171.084
 40
1.0
  1
171.08
 41
0.8
 11
574317.7679999999
 21
2880309.286000001
 31
171.084
100
AcDbAttribute
280
     0
  2
height
 70
     0
 74
     2
280
     0
  0
SEQEND
  5
178A
330
1788
100
AcDbEntity
  8
GCD
  6
Continuous
  0
INSERT
  5
178B
330
1F
100
AcDbEntity
  8
GCD
  6
Continuous
100
AcDbBlockReference
 66
     1
  2
gc200
 10
574318.7290000001
 20
2880310.586000001
 30
171.029
 41
0.5
 42
0.5
 43
0.5
1001
S_GXRQ
1071
1718286496
1001
south
1000
202101
1000
130
  0
ATTRIB
  5
178C
330
178B
100
AcDbEntity
  8
GCD
  6
Continuous
100
AcDbText
 10
574319.329
 20
2880310.086000001
 30
171.029
 40
1.0
  1
171.03
 41
0.8
 11
574319.329
 21
2880310.586000001
 31
171.029
100
AcDbAttribute
280
     0
  2
height
 70
     0
 74
     2
280
     0
  0
SEQEND
  5
178D
330
178B
100
AcDbEntity
  8
GCD
  6
Continuous
  0
INSERT
  5
178E
330
1F
100
AcDbEntity
  8
GCD
  6
Continuous
100
AcDbBlockReference
 66
     1
  2
gc200
 10
574320.3220000001
 20
2880316.445
 30
170.773
 41
0.5
 42
0.5
 43
0.5
1001
S_GXRQ
1071
1718286496
1001
south
1000
202101
1000
131
  0
ATTRIB
  5
178F
330
178E
100
AcDbEntity
  8
GCD
  6
Continuous
100
AcDbText
 10
574320.922
 20
2880315.945
 30
170.773
 40
1.0
  1
170.77
 41
0.8
 11
574320.922
 21
2880316.445
 31
170.773
100
AcDbAttribute
280
     0
  2
height
 70
     0
 74
     2
280
     0
  0
SEQEND
  5
1790
330
178E
100
AcDbEntity
  8
GCD
  6
Continuous
  0
INSERT
  5
1791
330
1F
100
AcDbEntity
  8
GCD
  6
Continuous
100
AcDbBlockReference
 66
     1
  2
gc200
 10
574314.189
 20
2880322.013000001
 30
170.416
 41
0.5
 42
0.5
 43
0.5
1001
S_GXRQ
1071
1718286496
1001
south
1000
202101
1000
132
  0
ATTRIB
  5
1792
330
1791
100
AcDbEntity
  8
GCD
  6
Continuous
100
AcDbText
 10
574314.7890000003
 20
2880321.513000001
 30
170.416
 40
1.0
  1
170.42
 41
0.8
 11
574314.7890000003
 21
2880322.013000001
 31
170.416
100
AcDbAttribute
280
     0
  2
height
 70
     0
 74
     2
280
     0
  0
SEQEND
  5
1793
330
1791
100
AcDbEntity
  8
GCD
  6
Continuous
  0
INSERT
  5
1794
330
1F
100
AcDbEntity
  8
GCD
  6
Continuous
100
AcDbBlockReference
 66
     1
  2
gc200
 10
574310.855
 20
2880324.913
 30
170.371
 41
0.5
 42
0.5
 43
0.5
1001
S_GXRQ
1071
1718286496
1001
south
1000
202101
1000
133
  0
ATTRIB
  5
1795
330
1794
100
AcDbEntity
  8
GCD
  6
Continuous
100
AcDbText
 10
574311.4550000001
 20
2880324.413
 30
170.371
 40
1.0
  1
170.37
 41
0.8
 11
574311.4550000001
 21
2880324.913
 31
170.371
100
AcDbAttribute
280
     0
  2
height
 70
     0
 74
     2
280
     0
  0
SEQEND
  5
1796
330
1794
100
AcDbEntity
  8
GCD
  6
Continuous
  0
INSERT
  5
1797
330
1F
100
AcDbEntity
  8
GCD
  6
Continuous
100
AcDbBlockReference
 66
     1
  2
gc200
 10
574306.3500000001
 20
2880328.783
 30
170.382
 41
0.5
 42
0.5
 43
0.5
1001
S_GXRQ
1071
1718286496
1001
south
1000
202101
1000
134
  0
ATTRIB
  5
1798
330
1797
100
AcDbEntity
  8
GCD
  6
Continuous
100
AcDbText
 10
574306.95
 20
2880328.283000001
 30
170.382
 40
1.0
  1
170.38
 41
0.8
 11
574306.95
 21
2880328.783
 31
170.382
100
AcDbAttribute
280
     0
  2
height
 70
     0
 74
     2
280
     0
  0
SEQEND
  5
1799
330
1797
100
AcDbEntity
  8
GCD
  6
Continuous
  0
INSERT
  5
179A
330
1F
100
AcDbEntity
  8
GCD
  6
Continuous
100
AcDbBlockReference
 66
     1
  2
gc200
 10
574307.1300000001
 20
2880331.736
 30
170.243
 41
0.5
 42
0.5
 43
0.5
1001
S_GXRQ
1071
1718286496
1001
south
1000
202101
1000
135
  0
ATTRIB
  5
179B
330
179A
100
AcDbEntity
  8
GCD
  6
Continuous
100
AcDbText
 10
574307.73
 20
2880331.236
 30
170.243
 40
1.0
  1
170.24
 41
0.8
 11
574307.73
 21
2880331.736
 31
170.243
100
AcDbAttribute
280
     0
  2
height
 70
     0
 74
     2
280
     0
  0
SEQEND
  5
179C
330
179A
100
AcDbEntity
  8
GCD
  6
Continuous
  0
INSERT
  5
179D
330
1F
100
AcDbEntity
  8
GCD
  6
Continuous
100
AcDbBlockReference
 66
     1
  2
gc200
 10
574304.5079999999
 20
2880330.645
 30
170.302
 41
0.5
 42
0.5
 43
0.5
1001
S_GXRQ
1071
1718286496
1001
south
1000
202101
1000
136
  0
ATTRIB
  5
179E
330
179D
100
AcDbEntity
  8
GCD
  6
Continuous
100
AcDbText
 10
574305.108
 20
2880330.145
 30
170.302
 40
1.0
  1
170.30
 41
0.8
 11
574305.108
 21
2880330.645
 31
170.302
100
AcDbAttribute
280
     0
  2
height
 70
     0
 74
     2
280
     0
  0
SEQEND
  5
179F
330
179D
100
AcDbEntity
  8
GCD
  6
Continuous
  0
INSERT
  5
17A0
330
1F
100
AcDbEntity
  8
GCD
  6
Continuous
100
AcDbBlockReference
 66
     1
  2
gc200
 10
574304.404
 20
2880332.845
 30
170.104
 41
0.5
 42
0.5
 43
0.5
1001
S_GXRQ
1071
1718286496
1001
south
1000
202101
1000
137
  0
ATTRIB
  5
17A1
330
17A0
100
AcDbEntity
  8
GCD
  6
Continuous
100
AcDbText
 10
574305.0039999999
 20
2880332.345000001
 30
170.104
 40
1.0
  1
170.10
 41
0.8
 11
574305.0039999999
 21
2880332.845
 31
170.104
100
AcDbAttribute
280
     0
  2
height
 70
     0
 74
     2
280
     0
  0
SEQEND
  5
17A2
330
17A0
100
AcDbEntity
  8
GCD
  6
Continuous
  0
INSERT
  5
17A3
330
1F
100
AcDbEntity
  8
GCD
  6
Continuous
100
AcDbBlockReference
 66
     1
  2
gc200
 10
574320.193
 20
2880355.062
 30
168.381
 41
0.5
 42
0.5
 43
0.5
1001
S_GXRQ
1071
1718286496
1001
south
1000
202101
1000
138
  0
ATTRIB
  5
17A4
330
17A3
100
AcDbEntity
  8
GCD
  6
Continuous
100
AcDbText
 10
574320.7930000001
 20
2880354.562
 30
168.381
 40
1.0
  1
168.38
 41
0.8
 11
574320.7930000001
 21
2880355.062
 31
168.381
100
AcDbAttribute
280
     0
  2
height
 70
     0
 74
     2
280
     0
  0
SEQEND
  5
17A5
330
17A3
100
AcDbEntity
  8
GCD
  6
Continuous
  0
INSERT
  5
17A6
330
1F
100
AcDbEntity
  8
GCD
  6
Continuous
100
AcDbBlockReference
 66
     1
  2
gc200
 10
574315.3460000002
 20
2880360.907
 30
168.764
 41
0.5
 42
0.5
 43
0.5
1001
S_GXRQ
1071
1718286496
1001
south
1000
202101
1000
139
  0
ATTRIB
  5
17A7
330
17A6
100
AcDbEntity
  8
GCD
  6
Continuous
100
AcDbText
 10
574315.9460000001
 20
2880360.407
 30
168.764
 40
1.0
  1
168.76
 41
0.8
 11
574315.9460000001
 21
2880360.907
 31
168.764
100
AcDbAttribute
280
     0
  2
height
 70
     0
 74
     2
280
     0
  0
SEQEND
  5
17A8
330
17A6
100
AcDbEntity
  8
GCD
  6
Continuous
  0
INSERT
  5
17A9
330
1F
100
AcDbEntity
  8
GCD
  6
Continuous
100
AcDbBlockReference
 66
     1
  2
gc200
 10
574309.3830000002
 20
2880359.235
 30
165.54
 41
0.5
 42
0.5
 43
0.5
1001
S_GXRQ
1071
1718286496
1001
south
1000
202101
1000
140
  0
ATTRIB
  5
17AA
330
17A9
100
AcDbEntity
  8
GCD
  6
Continuous
100
AcDbText
 10
574309.9830000002
 20
2880358.735
 30
165.54
 40
1.0
  1
165.54
 41
0.8
 11
574309.9830000002
 21
2880359.235
 31
165.54
100
AcDbAttribute
280
     0
  2
height
 70
     0
 74
     2
280
     0
  0
SEQEND
  5
17AB
330
17A9
100
AcDbEntity
  8
GCD
  6
Continuous
  0
INSERT
  5
17AC
330
1F
100
AcDbEntity
  8
GCD
  6
Continuous
100
AcDbBlockReference
 66
     1
  2
gc200
 10
574310.0530000001
 20
2880356.199
 30
167.983
 41
0.5
 42
0.5
 43
0.5
1001
S_GXRQ
1071
1718286496
1001
south
1000
202101
1000
141
  0
ATTRIB
  5
17AD
330
17AC
100
AcDbEntity
  8
GCD
  6
Continuous
100
AcDbText
 10
574310.6529999999
 20
2880355.699
 30
167.983
 40
1.0
  1
167.98
 41
0.8
 11
574310.6529999999
 21
2880356.199
 31
167.983
100
AcDbAttribute
280
     0
  2
height
 70
     0
 74
     2
280
     0
  0
SEQEND
  5
17AE
330
17AC
100
AcDbEntity
  8
GCD
  6
Continuous
  0
INSERT
  5
17AF
330
1F
100
AcDbEntity
  8
GCD
  6
Continuous
100
AcDbBlockReference
 66
     1
  2
gc200
 10
574309.9159999999
 20
2880357.758
 30
166.838
 41
0.5
 42
0.5
 43
0.5
1001
S_GXRQ
1071
1718286496
1001
south
1000
202101
1000
142
  0
ATTRIB
  5
17B0
330
17AF
100
AcDbEntity
  8
GCD
  6
Continuous
100
AcDbText
 10
574310.5160000001
 20
2880357.258
 30
166.838
 40
1.0
  1
166.84
 41
0.8
 11
574310.5160000001
 21
2880357.758
 31
166.838
100
AcDbAttribute
280
     0
  2
height
 70
     0
 74
     2
280
     0
  0
SEQEND
  5
17B1
330
17AF
100
AcDbEntity
  8
GCD
  6
Continuous
  0
INSERT
  5
17B2
330
1F
100
AcDbEntity
  8
GCD
  6
Continuous
100
AcDbBlockReference
 66
     1
  2
gc200
 10
574298.108
 20
2880352.768
 30
165.227
 41
0.5
 42
0.5
 43
0.5
1001
S_GXRQ
1071
1718286496
1001
south
1000
202101
1000
143
  0
ATTRIB
  5
17B3
330
17B2
100
AcDbEntity
  8
GCD
  6
Continuous
100
AcDbText
 10
574298.7080000001
 20
2880352.268
 30
165.227
 40
1.0
  1
165.23
 41
0.8
 11
574298.7080000001
 21
2880352.768
 31
165.227
100
AcDbAttribute
280
     0
  2
height
 70
     0
 74
     2
280
     0
  0
SEQEND
  5
17B4
330
17B2
100
AcDbEntity
  8
GCD
  6
Continuous
  0
INSERT
  5
17B5
330
1F
100
AcDbEntity
  8
GCD
  6
Continuous
100
AcDbBlockReference
 66
     1
  2
gc200
 10
574297.176
 20
2880354.436
 30
164.563
 41
0.5
 42
0.5
 43
0.5
1001
S_GXRQ
1071
1718286496
1001
south
1000
202101
1000
144
  0
ATTRIB
  5
17B6
330
17B5
100
AcDbEntity
  8
GCD
  6
Continuous
100
AcDbText
 10
574297.7760000001
 20
2880353.936
 30
164.563
 40
1.0
  1
164.56
 41
0.8
 11
574297.7760000001
 21
2880354.436
 31
164.563
100
AcDbAttribute
280
     0
  2
height
 70
     0
 74
     2
280
     0
  0
SEQEND
  5
17B7
330
17B5
100
AcDbEntity
  8
GCD
  6
Continuous
  0
INSERT
  5
17B8
330
1F
100
AcDbEntity
  8
GCD
  6
Continuous
100
AcDbBlockReference
 66
     1
  2
gc200
 10
574290.446
 20
2880349.278
 30
164.21
 41
0.5
 42
0.5
 43
0.5
1001
S_GXRQ
1071
1718286496
1001
south
1000
202101
1000
145
  0
ATTRIB
  5
17B9
330
17B8
100
AcDbEntity
  8
GCD
  6
Continuous
100
AcDbText
 10
574291.046
 20
2880348.778
 30
164.21
 40
1.0
  1
164.21
 41
0.8
 11
574291.046
 21
2880349.278
 31
164.21
100
AcDbAttribute
280
     0
  2
height
 70
     0
 74
     2
280
     0
  0
SEQEND
  5
17BA
330
17B8
100
AcDbEntity
  8
GCD
  6
Continuous
  0
INSERT
  5
17BB
330
1F
100
AcDbEntity
  8
GCD
  6
Continuous
100
AcDbBlockReference
 66
     1
  2
gc200
 10
574293.1550000001
 20
2880348.837
 30
164.874
 41
0.5
 42
0.5
 43
0.5
1001
S_GXRQ
1071
1718286496
1001
south
1000
202101
1000
146
  0
ATTRIB
  5
17BC
330
17BB
100
AcDbEntity
  8
GCD
  6
Continuous
100
AcDbText
 10
574293.7550000001
 20
2880348.337
 30
164.874
 40
1.0
  1
164.87
 41
0.8
 11
574293.7550000001
 21
2880348.837
 31
164.874
100
AcDbAttribute
280
     0
  2
height
 70
     0
 74
     2
280
     0
  0
SEQEND
  5
17BD
330
17BB
100
AcDbEntity
  8
GCD
  6
Continuous
  0
INSERT
  5
17BE
330
1F
100
AcDbEntity
  8
GCD
  6
Continuous
100
AcDbBlockReference
 66
     1
  2
gc200
 10
574295.2680000001
 20
2880346.918
 30
167.132
 41
0.5
 42
0.5
 43
0.5
1001
S_GXRQ
1071
1718286496
1001
south
1000
202101
1000
147
  0
ATTRIB
  5
17BF
330
17BE
100
AcDbEntity
  8
GCD
  6
Continuous
100
AcDbText
 10
574295.868
 20
2880346.418
 30
167.132
 40
1.0
  1
167.13
 41
0.8
 11
574295.868
 21
2880346.918
 31
167.132
100
AcDbAttribute
280
     0
  2
height
 70
     0
 74
     2
280
     0
  0
SEQEND
  5
17C0
330
17BE
100
AcDbEntity
  8
GCD
  6
Continuous
  0
INSERT
  5
17C1
330
1F
100
AcDbEntity
  8
GCD
  6
Continuous
100
AcDbBlockReference
 66
     1
  2
gc200
 10
574300.2780000003
 20
2880343.57
 30
168.848
 41
0.5
 42
0.5
 43
0.5
1001
S_GXRQ
1071
1718286496
1001
south
1000
202101
1000
148
  0
ATTRIB
  5
17C2
330
17C1
100
AcDbEntity
  8
GCD
  6
Continuous
100
AcDbText
 10
574300.878
 20
2880343.07
 30
168.848
 40
1.0
  1
168.85
 41
0.8
 11
574300.878
 21
2880343.57
 31
168.848
100
AcDbAttribute
280
     0
  2
height
 70
     0
 74
     2
280
     0
  0
SEQEND
  5
17C3
330
17C1
100
AcDbEntity
  8
GCD
  6
Continuous
  0
INSERT
  5
17C4
330
1F
100
AcDbEntity
  8
GCD
  6
Continuous
100
AcDbBlockReference
 66
     1
  2
gc200
 10
574322.3470000001
 20
2880359.369
 30
168.365
 41
0.5
 42
0.5
 43
0.5
1001
S_GXRQ
1071
1718286496
1001
south
1000
202101
1000
149
  0
ATTRIB
  5
17C5
330
17C4
100
AcDbEntity
  8
GCD
  6
Continuous
100
AcDbText
 10
574322.9469999999
 20
2880358.869000001
 30
168.365
 40
1.0
  1
168.37
 41
0.8
 11
574322.9469999999
 21
2880359.369
 31
168.365
100
AcDbAttribute
280
     0
  2
height
 70
     0
 74
     2
280
     0
  0
SEQEND
  5
17C6
330
17C4
100
AcDbEntity
  8
GCD
  6
Continuous
  0
INSERT
  5
17C7
330
1F
100
AcDbEntity
  8
GCD
  6
Continuous
100
AcDbBlockReference
 66
     1
  2
gc200
 10
574339.0460000001
 20
2880376.762
 30
168.494
 41
0.5
 42
0.5
 43
0.5
1001
S_GXRQ
1071
1718286496
1001
south
1000
202101
1000
150
  0
ATTRIB
  5
17C8
330
17C7
100
AcDbEntity
  8
GCD
  6
Continuous
100
AcDbText
 10
574339.6459999999
 20
2880376.262
 30
168.494
 40
1.0
  1
168.49
 41
0.8
 11
574339.6459999999
 21
2880376.762
 31
168.494
100
AcDbAttribute
280
     0
  2
height
 70
     0
 74
     2
280
     0
  0
SEQEND
  5
17C9
330
17C7
100
AcDbEntity
  8
GCD
  6
Continuous
  0
INSERT
  5
17CA
330
1F
100
AcDbEntity
  8
GCD
  6
Continuous
100
AcDbBlockReference
 66
     1
  2
gc200
 10
574340.0930000001
 20
2880377.839
 30
168.6309999999999
 41
0.5
 42
0.5
 43
0.5
1001
S_GXRQ
1071
1718286497
1001
south
1000
202101
1000
151
  0
ATTRIB
  5
17CB
330
17CA
100
AcDbEntity
  8
GCD
  6
Continuous
100
AcDbText
 10
574340.6929999999
 20
2880377.339
 30
168.6309999999999
 40
1.0
  1
168.63
 41
0.8
 11
574340.6929999999
 21
2880377.839
 31
168.6309999999999
100
AcDbAttribute
280
     0
  2
height
 70
     0
 74
     2
280
     0
  0
SEQEND
  5
17CC
330
17CA
100
AcDbEntity
  8
GCD
  6
Continuous
  0
INSERT
  5
17CD
330
1F
100
AcDbEntity
  8
GCD
  6
Continuous
100
AcDbBlockReference
 66
     1
  2
gc200
 10
574339.8900000002
 20
2880379.87
 30
167.701
 41
0.5
 42
0.5
 43
0.5
1001
S_GXRQ
1071
1718286497
1001
south
1000
202101
1000
152
  0
ATTRIB
  5
17CE
330
17CD
100
AcDbEntity
  8
GCD
  6
Continuous
100
AcDbText
 10
574340.49
 20
2880379.37
 30
167.701
 40
1.0
  1
167.70
 41
0.8
 11
574340.49
 21
2880379.87
 31
167.701
100
AcDbAttribute
280
     0
  2
height
 70
     0
 74
     2
280
     0
  0
SEQEND
  5
17CF
330
17CD
100
AcDbEntity
  8
GCD
  6
Continuous
  0
INSERT
  5
17D0
330
1F
100
AcDbEntity
  8
GCD
  6
Continuous
100
AcDbBlockReference
 66
     1
  2
gc200
 10
574347.5420000001
 20
2880395.092
 30
167.977
 41
0.5
 42
0.5
 43
0.5
1001
S_GXRQ
1071
1718286497
1001
south
1000
202101
1000
153
  0
ATTRIB
  5
17D1
330
17D0
100
AcDbEntity
  8
GCD
  6
Continuous
100
AcDbText
 10
574348.1420000001
 20
2880394.592
 30
167.977
 40
1.0
  1
167.98
 41
0.8
 11
574348.1420000001
 21
2880395.092
 31
167.977
100
AcDbAttribute
280
     0
  2
height
 70
     0
 74
     2
280
     0
  0
SEQEND
  5
17D2
330
17D0
100
AcDbEntity
  8
GCD
  6
Continuous
  0
INSERT
  5
17D3
330
1F
100
AcDbEntity
  8
GCD
  6
Continuous
100
AcDbBlockReference
 66
     1
  2
gc200
 10
574345.757
 20
2880390.547
 30
167.714
 41
0.5
 42
0.5
 43
0.5
1001
S_GXRQ
1071
1718286497
1001
south
1000
202101
1000
154
  0
ATTRIB
  5
17D4
330
17D3
100
AcDbEntity
  8
GCD
  6
Continuous
100
AcDbText
 10
574346.3570000001
 20
2880390.047
 30
167.714
 40
1.0
  1
167.71
 41
0.8
 11
574346.3570000001
 21
2880390.547
 31
167.714
100
AcDbAttribute
280
     0
  2
height
 70
     0
 74
     2
280
     0
  0
SEQEND
  5
17D5
330
17D3
100
AcDbEntity
  8
GCD
  6
Continuous
  0
INSERT
  5
17D6
330
1F
100
AcDbEntity
  8
GCD
  6
Continuous
100
AcDbBlockReference
 66
     1
  2
gc200
 10
574347.2660000001
 20
2880392.465
 30
167.759
 41
0.5
 42
0.5
 43
0.5
1001
S_GXRQ
1071
1718286497
1001
south
1000
202101
1000
155
  0
ATTRIB
  5
17D7
330
17D6
100
AcDbEntity
  8
GCD
  6
Continuous
100
AcDbText
 10
574347.866
 20
2880391.965
 30
167.759
 40
1.0
  1
167.76
 41
0.8
 11
574347.866
 21
2880392.465
 31
167.759
100
AcDbAttribute
280
     0
  2
height
 70
     0
 74
     2
280
     0
  0
SEQEND
  5
17D8
330
17D6
100
AcDbEntity
  8
GCD
  6
Continuous
  0
INSERT
  5
17D9
330
1F
100
AcDbEntity
  8
GCD
  6
Continuous
100
AcDbBlockReference
 66
     1
  2
gc200
 10
574349.4510000001
 20
2880401.227
 30
168.418
 41
0.5
 42
0.5
 43
0.5
1001
S_GXRQ
1071
1718286497
1001
south
1000
202101
1000
156
  0
ATTRIB
  5
17DA
330
17D9
100
AcDbEntity
  8
GCD
  6
Continuous
100
AcDbText
 10
574350.051
 20
2880400.727
 30
168.418
 40
1.0
  1
168.42
 41
0.8
 11
574350.051
 21
2880401.227
 31
168.418
100
AcDbAttribute
280
     0
  2
height
 70
     0
 74
     2
280
     0
  0
SEQEND
  5
17DB
330
17D9
100
AcDbEntity
  8
GCD
  6
Continuous
  0
INSERT
  5
17DC
330
1F
100
AcDbEntity
  8
GCD
  6
Continuous
100
AcDbBlockReference
 66
     1
  2
gc200
 10
574349.2220000001
 20
2880414.763
 30
168.454
 41
0.5
 42
0.5
 43
0.5
1001
S_GXRQ
1071
1718286497
1001
south
1000
202101
1000
157
  0
ATTRIB
  5
17DD
330
17DC
100
AcDbEntity
  8
GCD
  6
Continuous
100
AcDbText
 10
574349.8219999999
 20
2880414.263000001
 30
168.454
 40
1.0
  1
168.45
 41
0.8
 11
574349.8219999999
 21
2880414.763
 31
168.454
100
AcDbAttribute
280
     0
  2
height
 70
     0
 74
     2
280
     0
  0
SEQEND
  5
17DE
330
17DC
100
AcDbEntity
  8
GCD
  6
Continuous
  0
INSERT
  5
17DF
330
1F
100
AcDbEntity
  8
GCD
  6
Continuous
100
AcDbBlockReference
 66
     1
  2
gc200
 10
574350.575
 20
2880418.918000001
 30
168.484
 41
0.1
 42
0.1
 43
0.1
1001
S_GXRQ
1071
1718286497
1001
south
1000
202101
1000
158
  0
ATTRIB
  5
17E0
330
17DF
100
AcDbEntity
  8
GCD
  6
Continuous
100
AcDbText
 10
574350.6950000001
 20
2880418.818000002
 30
168.484
 40
0.2
  1
168.48
 41
0.8
 11
574350.6950000001
 21
2880418.918000001
 31
168.484
100
AcDbAttribute
280
     0
  2
height
 70
     0
 74
     2
280
     0
  0
SEQEND
  5
17E1
330
17DF
100
AcDbEntity
  8
GCD
  6
Continuous
  0
INSERT
  5
17E2
330
1F
100
AcDbEntity
  8
GCD
  6
Continuous
100
AcDbBlockReference
 66
     1
  2
gc200
 10
574331.3950000001
 20
2880423.258
 30
165.213
 41
0.125
 42
0.125
 43
0.125
1001
S_GXRQ
1071
1718286497
1001
south
1000
202101
1000
159
  0
ATTRIB
  5
17E3
330
17E2
100
AcDbEntity
  8
GCD
  6
Continuous
100
AcDbText
 10
574331.545
 20
2880423.133
 30
165.213
 40
0.25
  1
165.21
 41
0.8
 11
574331.545
 21
2880423.258
 31
165.213
100
AcDbAttribute
280
     0
  2
height
 70
     0
 74
     2
280
     0
  0
SEQEND
  5
17E4
330
17E2
100
AcDbEntity
  8
GCD
  6
Continuous
  0
INSERT
  5
17E5
330
1F
100
AcDbEntity
  8
GCD
  6
Continuous
100
AcDbBlockReference
 66
     1
  2
gc200
 10
574329.1110000001
 20
2880411.74
 30
164.696
 41
0.5
 42
0.5
 43
0.5
1001
S_GXRQ
1071
1718286497
1001
south
1000
202101
1000
160
  0
ATTRIB
  5
17E6
330
17E5
100
AcDbEntity
  8
GCD
  6
Continuous
100
AcDbText
 10
574329.7110000002
 20
2880411.24
 30
164.696
 40
1.0
  1
164.70
 41
0.8
 11
574329.7110000002
 21
2880411.74
 31
164.696
100
AcDbAttribute
280
     0
  2
height
 70
     0
 74
     2
280
     0
  0
SEQEND
  5
17E7
330
17E5
100
AcDbEntity
  8
GCD
  6
Continuous
  0
INSERT
  5
17E8
330
1F
100
AcDbEntity
  8
GCD
  6
Continuous
100
AcDbBlockReference
 66
     1
  2
gc200
 10
574329.8160000001
 20
2880406.817
 30
164.494
 41
0.5
 42
0.5
 43
0.5
1001
S_GXRQ
1071
1718286497
1001
south
1000
202101
1000
161
  0
ATTRIB
  5
17E9
330
17E8
100
AcDbEntity
  8
GCD
  6
Continuous
100
AcDbText
 10
574330.416
 20
2880406.317
 30
164.494
 40
1.0
  1
164.49
 41
0.8
 11
574330.416
 21
2880406.817
 31
164.494
100
AcDbAttribute
280
     0
  2
height
 70
     0
 74
     2
280
     0
  0
SEQEND
  5
17EA
330
17E8
100
AcDbEntity
  8
GCD
  6
Continuous
  0
INSERT
  5
17EB
330
1F
100
AcDbEntity
  8
GCD
  6
Continuous
100
AcDbBlockReference
 66
     1
  2
gc200
 10
574331.922
 20
2880412.349
 30
164.48
 41
0.5
 42
0.5
 43
0.5
1001
S_GXRQ
1071
1718286497
1001
south
1000
202101
1000
162
  0
ATTRIB
  5
17EC
330
17EB
100
AcDbEntity
  8
GCD
  6
Continuous
100
AcDbText
 10
574332.5220000001
 20
2880411.849
 30
164.48
 40
1.0
  1
164.48
 41
0.8
 11
574332.5220000001
 21
2880412.349
 31
164.48
100
AcDbAttribute
280
     0
  2
height
 70
     0
 74
     2
280
     0
  0
SEQEND
  5
17ED
330
17EB
100
AcDbEntity
  8
GCD
  6
Continuous
  0
INSERT
  5
17EE
330
1F
100
AcDbEntity
  8
GCD
  6
Continuous
100
AcDbBlockReference
 66
     1
  2
gc200
 10
574332.0700000001
 20
2880431.485
 30
164.926
 41
0.125
 42
0.125
 43
0.125
1001
S_GXRQ
1071
1718286497
1001
south
1000
202101
1000
163
  0
ATTRIB
  5
17EF
330
17EE
100
AcDbEntity
  8
GCD
  6
Continuous
100
AcDbText
 10
574332.22
 20
2880431.36
 30
164.926
 40
0.25
  1
164.93
 41
0.8
 11
574332.22
 21
2880431.485
 31
164.926
100
AcDbAttribute
280
     0
  2
height
 70
     0
 74
     2
280
     0
  0
SEQEND
  5
17F0
330
17EE
100
AcDbEntity
  8
GCD
  6
Continuous
  0
INSERT
  5
17F1
330
1F
100
AcDbEntity
  8
GCD
  6
Continuous
100
AcDbBlockReference
 66
     1
  2
gc200
 10
574333.1010000001
 20
2880429.491000001
 30
165.059
 41
0.125
 42
0.125
 43
0.125
1001
S_GXRQ
1071
1718286497
1001
south
1000
202101
1000
164
  0
ATTRIB
  5
17F2
330
17F1
100
AcDbEntity
  8
GCD
  6
Continuous
100
AcDbText
 10
574333.2510000001
 20
2880429.366000001
 30
165.059
 40
0.25
  1
165.06
 41
0.8
 11
574333.2510000001
 21
2880429.491000001
 31
165.059
100
AcDbAttribute
280
     0
  2
height
 70
     0
 74
     2
280
     0
  0
SEQEND
  5
17F3
330
17F1
100
AcDbEntity
  8
GCD
  6
Continuous
  0
INSERT
  5
17F4
330
1F
100
AcDbEntity
  8
GCD
  6
Continuous
100
AcDbBlockReference
 66
     1
  2
gc200
 10
574332.7340000003
 20
2880426.08
 30
164.397
 41
0.125
 42
0.125
 43
0.125
1001
S_GXRQ
1071
1718286497
1001
south
1000
202101
1000
165
  0
ATTRIB
  5
17F5
330
17F4
100
AcDbEntity
  8
GCD
  6
Continuous
100
AcDbText
 10
574332.8840000001
 20
2880425.955
 30
164.397
 40
0.25
  1
164.40
 41
0.8
 11
574332.8840000001
 21
2880426.08
 31
164.397
100
AcDbAttribute
280
     0
  2
height
 70
     0
 74
     2
280
     0
  0
SEQEND
  5
17F6
330
17F4
100
AcDbEntity
  8
GCD
  6
Continuous
  0
INSERT
  5
17F7
330
1F
100
AcDbEntity
  8
GCD
  6
Continuous
100
AcDbBlockReference
 66
     1
  2
gc200
 10
574334.9080000001
 20
2880426.363
 30
164.601
 41
0.125
 42
0.125
 43
0.125
1001
S_GXRQ
1071
1718286497
1001
south
1000
202101
1000
166
  0
ATTRIB
  5
17F8
330
17F7
100
AcDbEntity
  8
GCD
  6
Continuous
100
AcDbText
 10
574335.0580000001
 20
2880426.238
 30
164.601
 40
0.25
  1
164.60
 41
0.8
 11
574335.0580000001
 21
2880426.363
 31
164.601
100
AcDbAttribute
280
     0
  2
height
 70
     0
 74
     2
280
     0
  0
SEQEND
  5
17F9
330
17F7
100
AcDbEntity
  8
GCD
  6
Continuous
  0
INSERT
  5
17FA
330
1F
100
AcDbEntity
  8
GCD
  6
Continuous
100
AcDbBlockReference
 66
     1
  2
gc200
 10
574335.5530000001
 20
2880424.065
 30
165.014
 41
0.125
 42
0.125
 43
0.125
1001
S_GXRQ
1071
1718286497
1001
south
1000
202101
1000
167
  0
ATTRIB
  5
17FB
330
17FA
100
AcDbEntity
  8
GCD
  6
Continuous
100
AcDbText
 10
574335.703
 20
2880423.94
 30
165.014
 40
0.25
  1
165.01
 41
0.8
 11
574335.703
 21
2880424.065
 31
165.014
100
AcDbAttribute
280
     0
  2
height
 70
     0
 74
     2
280
     0
  0
SEQEND
  5
17FC
330
17FA
100
AcDbEntity
  8
GCD
  6
Continuous
  0
INSERT
  5
17FD
330
1F
100
AcDbEntity
  8
GCD
  6
Continuous
100
AcDbBlockReference
 66
     1
  2
gc200
 10
574340.574
 20
2880416.37
 30
164.932
 41
0.5
 42
0.5
 43
0.5
1001
S_GXRQ
1071
1718286497
1001
south
1000
202101
1000
168
  0
ATTRIB
  5
17FE
330
17FD
100
AcDbEntity
  8
GCD
  6
Continuous
100
AcDbText
 10
574341.1740000001
 20
2880415.870000001
 30
164.932
 40
1.0
  1
164.93
 41
0.8
 11
574341.1740000001
 21
2880416.37
 31
164.932
100
AcDbAttribute
280
     0
  2
height
 70
     0
 74
     2
280
     0
  0
SEQEND
  5
17FF
330
17FD
100
AcDbEntity
  8
GCD
  6
Continuous
  0
INSERT
  5
1800
330
1F
100
AcDbEntity
  8
GCD
  6
Continuous
100
AcDbBlockReference
 66
     1
  2
gc200
 10
574339.226
 20
2880414.869
 30
164.386
 41
0.5
 42
0.5
 43
0.5
1001
S_GXRQ
1071
1718286497
1001
south
1000
202101
1000
169
  0
ATTRIB
  5
1801
330
1800
100
AcDbEntity
  8
GCD
  6
Continuous
100
AcDbText
 10
574339.8260000001
 20
2880414.369
 30
164.386
 40
1.0
  1
164.39
 41
0.8
 11
574339.8260000001
 21
2880414.869
 31
164.386
100
AcDbAttribute
280
     0
  2
height
 70
     0
 74
     2
280
     0
  0
SEQEND
  5
1802
330
1800
100
AcDbEntity
  8
GCD
  6
Continuous
  0
INSERT
  5
1803
330
1F
100
AcDbEntity
  8
GCD
  6
Continuous
100
AcDbBlockReference
 66
     1
  2
gc200
 10
574336.7580000001
 20
2880410.158
 30
164.959
 41
0.5
 42
0.5
 43
0.5
1001
S_GXRQ
1071
1718286497
1001
south
1000
202101
1000
170
  0
ATTRIB
  5
1804
330
1803
100
AcDbEntity
  8
GCD
  6
Continuous
100
AcDbText
 10
574337.358
 20
2880409.658000001
 30
164.959
 40
1.0
  1
164.96
 41
0.8
 11
574337.358
 21
2880410.158
 31
164.959
100
AcDbAttribute
280
     0
  2
height
 70
     0
 74
     2
280
     0
  0
SEQEND
  5
1805
330
1803
100
AcDbEntity
  8
GCD
  6
Continuous
  0
INSERT
  5
1806
330
1F
100
AcDbEntity
  8
GCD
  6
Continuous
100
AcDbBlockReference
 66
     1
  2
gc200
 10
574316.518
 20
2880394.172
 30
164.215
 41
0.5
 42
0.5
 43
0.5
1001
S_GXRQ
1071
1718286497
1001
south
1000
202101
1000
171
  0
ATTRIB
  5
1807
330
1806
100
AcDbEntity
  8
GCD
  6
Continuous
100
AcDbText
 10
574317.118
 20
2880393.672
 30
164.215
 40
1.0
  1
164.22
 41
0.8
 11
574317.118
 21
2880394.172
 31
164.215
100
AcDbAttribute
280
     0
  2
height
 70
     0
 74
     2
280
     0
  0
SEQEND
  5
1808
330
1806
100
AcDbEntity
  8
GCD
  6
Continuous
  0
INSERT
  5
1809
330
1F
100
AcDbEntity
  8
GCD
  6
Continuous
100
AcDbBlockReference
 66
     1
  2
gc200
 10
574323.629
 20
2880403.5
 30
164.439
 41
0.5
 42
0.5
 43
0.5
1001
S_GXRQ
1071
1718286497
1001
south
1000
202101
1000
172
  0
ATTRIB
  5
180A
330
1809
100
AcDbEntity
  8
GCD
  6
Continuous
100
AcDbText
 10
574324.2290000001
 20
2880403.0
 30
164.439
 40
1.0
  1
164.44
 41
0.8
 11
574324.2290000001
 21
2880403.5
 31
164.439
100
AcDbAttribute
280
     0
  2
height
 70
     0
 74
     2
280
     0
  0
SEQEND
  5
180B
330
1809
100
AcDbEntity
  8
GCD
  6
Continuous
  0
INSERT
  5
180C
330
1F
100
AcDbEntity
  8
GCD
  6
Continuous
100
AcDbBlockReference
 66
     1
  2
gc200
 10
574324.7769999999
 20
2880404.615000001
 30
164.206
 41
0.5
 42
0.5
 43
0.5
1001
S_GXRQ
1071
1718286497
1001
south
1000
202101
1000
173
  0
ATTRIB
  5
180D
330
180C
100
AcDbEntity
  8
GCD
  6
Continuous
100
AcDbText
 10
574325.3770000001
 20
2880404.115000001
 30
164.206
 40
1.0
  1
164.21
 41
0.8
 11
574325.3770000001
 21
2880404.615000001
 31
164.206
100
AcDbAttribute
280
     0
  2
height
 70
     0
 74
     2
280
     0
  0
SEQEND
  5
180E
330
180C
100
AcDbEntity
  8
GCD
  6
Continuous
  0
INSERT
  5
180F
330
1F
100
AcDbEntity
  8
GCD
  6
Continuous
100
AcDbBlockReference
 66
     1
  2
gc200
 10
574328.9950000001
 20
2880404.347000002
 30
164.348
 41
0.5
 42
0.5
 43
0.5
1001
S_GXRQ
1071
1718286497
1001
south
1000
202101
1000
174
  0
ATTRIB
  5
1810
330
180F
100
AcDbEntity
  8
GCD
  6
Continuous
100
AcDbText
 10
574329.595
 20
2880403.847000002
 30
164.348
 40
1.0
  1
164.35
 41
0.8
 11
574329.595
 21
2880404.347000002
 31
164.348
100
AcDbAttribute
280
     0
  2
height
 70
     0
 74
     2
280
     0
  0
SEQEND
  5
1811
330
180F
100
AcDbEntity
  8
GCD
  6
Continuous
  0
INSERT
  5
1812
330
1F
100
AcDbEntity
  8
GCD
  6
Continuous
100
AcDbBlockReference
 66
     1
  2
gc200
 10
574328.9890000001
 20
2880399.94
 30
164.327
 41
0.5
 42
0.5
 43
0.5
1001
S_GXRQ
1071
1718286497
1001
south
1000
202101
1000
175
  0
ATTRIB
  5
1813
330
1812
100
AcDbEntity
  8
GCD
  6
Continuous
100
AcDbText
 10
574329.5889999999
 20
2880399.44
 30
164.327
 40
1.0
  1
164.33
 41
0.8
 11
574329.5889999999
 21
2880399.94
 31
164.327
100
AcDbAttribute
280
     0
  2
height
 70
     0
 74
     2
280
     0
  0
SEQEND
  5
1814
330
1812
100
AcDbEntity
  8
GCD
  6
Continuous
  0
INSERT
  5
1815
330
1F
100
AcDbEntity
  8
GCD
  6
Continuous
100
AcDbBlockReference
 66
     1
  2
gc200
 10
574327.8870000001
 20
2880397.948
 30
163.889
 41
0.5
 42
0.5
 43
0.5
1001
S_GXRQ
1071
1718286497
1001
south
1000
202101
1000
176
  0
ATTRIB
  5
1816
330
1815
100
AcDbEntity
  8
GCD
  6
Continuous
100
AcDbText
 10
574328.487
 20
2880397.448
 30
163.889
 40
1.0
  1
163.89
 41
0.8
 11
574328.487
 21
2880397.948
 31
163.889
100
AcDbAttribute
280
     0
  2
height
 70
     0
 74
     2
280
     0
  0
SEQEND
  5
1817
330
1815
100
AcDbEntity
  8
GCD
  6
Continuous
  0
INSERT
  5
1818
330
1F
100
AcDbEntity
  8
GCD
  6
Continuous
100
AcDbBlockReference
 66
     1
  2
gc200
 10
574329.6640000001
 20
2880397.855
 30
164.302
 41
0.5
 42
0.5
 43
0.5
1001
S_GXRQ
1071
1718286497
1001
south
1000
202101
1000
177
  0
ATTRIB
  5
1819
330
1818
100
AcDbEntity
  8
GCD
  6
Continuous
100
AcDbText
 10
574330.264
 20
2880397.355
 30
164.302
 40
1.0
  1
164.30
 41
0.8
 11
574330.264
 21
2880397.855
 31
164.302
100
AcDbAttribute
280
     0
  2
height
 70
     0
 74
     2
280
     0
  0
SEQEND
  5
181A
330
1818
100
AcDbEntity
  8
GCD
  6
Continuous
  0
INSERT
  5
181B
330
1F
100
AcDbEntity
  8
GCD
  6
Continuous
100
AcDbBlockReference
 66
     1
  2
gc200
 10
574320.619
 20
2880384.785
 30
164.856
 41
0.5
 42
0.5
 43
0.5
1001
S_GXRQ
1071
1718286497
1001
south
1000
202101
1000
178
  0
ATTRIB
  5
181C
330
181B
100
AcDbEntity
  8
GCD
  6
Continuous
100
AcDbText
 10
574321.2190000001
 20
2880384.285
 30
164.856
 40
1.0
  1
164.86
 41
0.8
 11
574321.2190000001
 21
2880384.785
 31
164.856
100
AcDbAttribute
280
     0
  2
height
 70
     0
 74
     2
280
     0
  0
SEQEND
  5
181D
330
181B
100
AcDbEntity
  8
GCD
  6
Continuous
  0
INSERT
  5
181E
330
1F
100
AcDbEntity
  8
GCD
  6
Continuous
100
AcDbBlockReference
 66
     1
  2
gc200
 10
574321.3700000001
 20
2880380.282
 30
164.18
 41
0.5
 42
0.5
 43
0.5
1001
S_GXRQ
1071
1718286497
1001
south
1000
202101
1000
179
  0
ATTRIB
  5
181F
330
181E
100
AcDbEntity
  8
GCD
  6
Continuous
100
AcDbText
 10
574321.97
 20
2880379.782
 30
164.18
 40
1.0
  1
164.18
 41
0.8
 11
574321.97
 21
2880380.282
 31
164.18
100
AcDbAttribute
280
     0
  2
height
 70
     0
 74
     2
280
     0
  0
SEQEND
  5
1820
330
181E
100
AcDbEntity
  8
GCD
  6
Continuous
  0
INSERT
  5
1821
330
1F
100
AcDbEntity
  8
GCD
  6
Continuous
100
AcDbBlockReference
 66
     1
  2
gc200
 10
574315.3370000001
 20
2880390.965
 30
164.632
 41
0.5
 42
0.5
 43
0.5
1001
S_GXRQ
1071
1718286497
1001
south
1000
202101
1000
180
  0
ATTRIB
  5
1822
330
1821
100
AcDbEntity
  8
GCD
  6
Continuous
100
AcDbText
 10
574315.937
 20
2880390.465
 30
164.632
 40
1.0
  1
164.63
 41
0.8
 11
574315.937
 21
2880390.965
 31
164.632
100
AcDbAttribute
280
     0
  2
height
 70
     0
 74
     2
280
     0
  0
SEQEND
  5
1823
330
1821
100
AcDbEntity
  8
GCD
  6
Continuous
  0
INSERT
  5
1824
330
1F
100
AcDbEntity
  8
GCD
  6
Continuous
100
AcDbBlockReference
 66
     1
  2
gc200
 10
574319.8710000001
 20
2880392.003
 30
164.735
 41
0.5
 42
0.5
 43
0.5
1001
S_GXRQ
1071
1718286497
1001
south
1000
202101
1000
181
  0
ATTRIB
  5
1825
330
1824
100
AcDbEntity
  8
GCD
  6
Continuous
100
AcDbText
 10
574320.4710000004
 20
2880391.503
 30
164.735
 40
1.0
  1
164.74
 41
0.8
 11
574320.4710000004
 21
2880392.003
 31
164.735
100
AcDbAttribute
280
     0
  2
height
 70
     0
 74
     2
280
     0
  0
SEQEND
  5
1826
330
1824
100
AcDbEntity
  8
GCD
  6
Continuous
  0
INSERT
  5
1827
330
1F
100
AcDbEntity
  8
GCD
  6
Continuous
100
AcDbBlockReference
 66
     1
  2
gc200
 10
574314.791
 20
2880389.038
 30
164.475
 41
0.5
 42
0.5
 43
0.5
1001
S_GXRQ
1071
1718286497
1001
south
1000
202101
1000
182
  0
ATTRIB
  5
1828
330
1827
100
AcDbEntity
  8
GCD
  6
Continuous
100
AcDbText
 10
574315.3910000001
 20
2880388.538
 30
164.475
 40
1.0
  1
164.48
 41
0.8
 11
574315.3910000001
 21
2880389.038
 31
164.475
100
AcDbAttribute
280
     0
  2
height
 70
     0
 74
     2
280
     0
  0
SEQEND
  5
1829
330
1827
100
AcDbEntity
  8
GCD
  6
Continuous
  0
INSERT
  5
182A
330
1F
100
AcDbEntity
  8
GCD
  6
Continuous
100
AcDbBlockReference
 66
     1
  2
gc200
 10
574312.247
 20
2880383.019
 30
164.522
 41
0.5
 42
0.5
 43
0.5
1001
S_GXRQ
1071
1718286497
1001
south
1000
202101
1000
184
  0
ATTRIB
  5
182B
330
182A
100
AcDbEntity
  8
GCD
  6
Continuous
100
AcDbText
 10
574312.8470000001
 20
2880382.519
 30
164.522
 40
1.0
  1
164.52
 41
0.8
 11
574312.8470000001
 21
2880383.019
 31
164.522
100
AcDbAttribute
280
     0
  2
height
 70
     0
 74
     2
280
     0
  0
SEQEND
  5
182C
330
182A
100
AcDbEntity
  8
GCD
  6
Continuous
  0
INSERT
  5
182D
330
1F
100
AcDbEntity
  8
GCD
  6
Continuous
100
AcDbBlockReference
 66
     1
  2
gc200
 10
574315.9440000003
 20
2880377.713000001
 30
164.254
 41
0.5
 42
0.5
 43
0.5
1001
S_GXRQ
1071
1718286497
1001
south
1000
202101
1000
185
  0
ATTRIB
  5
182E
330
182D
100
AcDbEntity
  8
GCD
  6
Continuous
100
AcDbText
 10
574316.544
 20
2880377.213000002
 30
164.254
 40
1.0
  1
164.25
 41
0.8
 11
574316.544
 21
2880377.713000001
 31
164.254
100
AcDbAttribute
280
     0
  2
height
 70
     0
 74
     2
280
     0
  0
SEQEND
  5
182F
330
182D
100
AcDbEntity
  8
GCD
  6
Continuous
  0
INSERT
  5
1830
330
1F
100
AcDbEntity
  8
GCD
  6
Continuous
100
AcDbBlockReference
 66
     1
  2
gc200
 10
574313.9200000001
 20
2880381.118
 30
164.459
 41
0.5
 42
0.5
 43
0.5
1001
S_GXRQ
1071
1718286497
1001
south
1000
202101
1000
186
  0
ATTRIB
  5
1831
330
1830
100
AcDbEntity
  8
GCD
  6
Continuous
100
AcDbText
 10
574314.52
 20
2880380.618
 30
164.459
 40
1.0
  1
164.46
 41
0.8
 11
574314.52
 21
2880381.118
 31
164.459
100
AcDbAttribute
280
     0
  2
height
 70
     0
 74
     2
280
     0
  0
SEQEND
  5
1832
330
1830
100
AcDbEntity
  8
GCD
  6
Continuous
  0
INSERT
  5
1833
330
1F
100
AcDbEntity
  8
GCD
  6
Continuous
100
AcDbBlockReference
 66
     1
  2
gc200
 10
574311.4816196204
 20
2880377.099165853
 30
164.3159999999999
 41
0.5
 42
0.5
 43
0.5
1001
S_GXRQ
1071
1718286497
1001
south
1000
202101
1000
187
  0
ATTRIB
  5
1834
330
1833
100
AcDbEntity
  8
GCD
  6
Continuous
100
AcDbText
 10
574312.0816196201
 20
2880376.599165853
 30
164.3159999999999
 40
1.0
  1
164.32
 41
0.8
 11
574312.0816196201
 21
2880377.099165853
 31
164.3159999999999
100
AcDbAttribute
280
     0
  2
height
 70
     0
 74
     2
280
     0
  0
SEQEND
  5
1835
330
1833
100
AcDbEntity
  8
GCD
  6
Continuous
  0
INSERT
  5
1836
330
1F
100
AcDbEntity
  8
GCD
  6
Continuous
100
AcDbBlockReference
 66
     1
  2
gc200
 10
574305.9340000002
 20
2880374.724
 30
164.205
 41
0.5
 42
0.5
 43
0.5
1001
S_GXRQ
1071
1718286497
1001
south
1000
202101
1000
188
  0
ATTRIB
  5
1837
330
1836
100
AcDbEntity
  8
GCD
  6
Continuous
100
AcDbText
 10
574306.5340000001
 20
2880374.224
 30
164.205
 40
1.0
  1
164.21
 41
0.8
 11
574306.5340000001
 21
2880374.724
 31
164.205
100
AcDbAttribute
280
     0
  2
height
 70
     0
 74
     2
280
     0
  0
SEQEND
  5
1838
330
1836
100
AcDbEntity
  8
GCD
  6
Continuous
  0
INSERT
  5
1839
330
1F
100
AcDbEntity
  8
GCD
  6
Continuous
100
AcDbBlockReference
 66
     1
  2
gc200
 10
574294.9710000001
 20
2880364.911
 30
164.285
 41
0.5
 42
0.5
 43
0.5
1001
S_GXRQ
1071
1718286497
1001
south
1000
202101
1000
189
  0
ATTRIB
  5
183A
330
1839
100
AcDbEntity
  8
GCD
  6
Continuous
100
AcDbText
 10
574295.571
 20
2880364.411
 30
164.285
 40
1.0
  1
164.29
 41
0.8
 11
574295.571
 21
2880364.911
 31
164.285
100
AcDbAttribute
280
     0
  2
height
 70
     0
 74
     2
280
     0
  0
SEQEND
  5
183B
330
1839
100
AcDbEntity
  8
GCD
  6
Continuous
  0
INSERT
  5
183C
330
1F
100
AcDbEntity
  8
GCD
  6
Continuous
100
AcDbBlockReference
 66
     1
  2
gc200
 10
574299.5700000001
 20
2880363.704
 30
164.03
 41
0.5
 42
0.5
 43
0.5
1001
S_GXRQ
1071
1718286497
1001
south
1000
202101
1000
190
  0
ATTRIB
  5
183D
330
183C
100
AcDbEntity
  8
GCD
  6
Continuous
100
AcDbText
 10
574300.1699999999
 20
2880363.204
 30
164.03
 40
1.0
  1
164.03
 41
0.8
 11
574300.1699999999
 21
2880363.704
 31
164.03
100
AcDbAttribute
280
     0
  2
height
 70
     0
 74
     2
280
     0
  0
SEQEND
  5
183E
330
183C
100
AcDbEntity
  8
GCD
  6
Continuous
  0
INSERT
  5
183F
330
1F
100
AcDbEntity
  8
GCD
  6
Continuous
100
AcDbBlockReference
 66
     1
  2
gc200
 10
574296.6110000001
 20
2880364.829
 30
164.208
 41
0.5
 42
0.5
 43
0.5
1001
S_GXRQ
1071
1718286497
1001
south
1000
202101
1000
191
  0
ATTRIB
  5
1840
330
183F
100
AcDbEntity
  8
GCD
  6
Continuous
100
AcDbText
 10
574297.2110000001
 20
2880364.329
 30
164.208
 40
1.0
  1
164.21
 41
0.8
 11
574297.2110000001
 21
2880364.829
 31
164.208
100
AcDbAttribute
280
     0
  2
height
 70
     0
 74
     2
280
     0
  0
SEQEND
  5
1841
330
183F
100
AcDbEntity
  8
GCD
  6
Continuous
  0
INSERT
  5
1842
330
1F
100
AcDbEntity
  8
GCD
  6
Continuous
100
AcDbBlockReference
 66
     1
  2
gc200
 10
574295.752
 20
2880360.364
 30
164.296
 41
0.5
 42
0.5
 43
0.5
1001
S_GXRQ
1071
1718286497
1001
south
1000
202101
1000
192
  0
ATTRIB
  5
1843
330
1842
100
AcDbEntity
  8
GCD
  6
Continuous
100
AcDbText
 10
574296.3519999999
 20
2880359.863999999
 30
164.296
 40
1.0
  1
164.30
 41
0.8
 11
574296.3519999999
 21
2880360.364
 31
164.296
100
AcDbAttribute
280
     0
  2
height
 70
     0
 74
     2
280
     0
  0
SEQEND
  5
1844
330
1842
100
AcDbEntity
  8
GCD
  6
Continuous
  0
INSERT
  5
1845
330
1F
100
AcDbEntity
  8
GCD
  6
Continuous
100
AcDbBlockReference
 66
     1
  2
gc200
 10
574294.527
 20
2880361.759
 30
164.377
 41
0.5
 42
0.5
 43
0.5
1001
S_GXRQ
1071
1718286497
1001
south
1000
202101
1000
193
  0
ATTRIB
  5
1846
330
1845
100
AcDbEntity
  8
GCD
  6
Continuous
100
AcDbText
 10
574295.1270000001
 20
2880361.259
 30
164.377
 40
1.0
  1
164.38
 41
0.8
 11
574295.1270000001
 21
2880361.759
 31
164.377
100
AcDbAttribute
280
     0
  2
height
 70
     0
 74
     2
280
     0
  0
SEQEND
  5
1847
330
1845
100
AcDbEntity
  8
GCD
  6
Continuous
  0
INSERT
  5
1848
330
1F
100
AcDbEntity
  8
GCD
  6
Continuous
100
AcDbBlockReference
 66
     1
  2
gc200
 10
574292.0020000001
 20
2880359.547
 30
164.443
 41
0.5
 42
0.5
 43
0.5
1001
S_GXRQ
1071
1718286497
1001
south
1000
202101
1000
194
  0
ATTRIB
  5
1849
330
1848
100
AcDbEntity
  8
GCD
  6
Continuous
100
AcDbText
 10
574292.6020000001
 20
2880359.047
 30
164.443
 40
1.0
  1
164.44
 41
0.8
 11
574292.6020000001
 21
2880359.547
 31
164.443
100
AcDbAttribute
280
     0
  2
height
 70
     0
 74
     2
280
     0
  0
SEQEND
  5
184A
330
1848
100
AcDbEntity
  8
GCD
  6
Continuous
  0
INSERT
  5
184B
330
1F
100
AcDbEntity
  8
GCD
  6
Continuous
100
AcDbBlockReference
 66
     1
  2
gc200
 10
574289.5230000001
 20
2880357.990000001
 30
164.274
 41
0.5
 42
0.5
 43
0.5
1001
S_GXRQ
1071
1718286497
1001
south
1000
202101
1000
195
  0
ATTRIB
  5
184C
330
184B
100
AcDbEntity
  8
GCD
  6
Continuous
100
AcDbText
 10
574290.1230000001
 20
2880357.490000001
 30
164.274
 40
1.0
  1
164.27
 41
0.8
 11
574290.1230000001
 21
2880357.990000001
 31
164.274
100
AcDbAttribute
280
     0
  2
height
 70
     0
 74
     2
280
     0
  0
SEQEND
  5
184D
330
184B
100
AcDbEntity
  8
GCD
  6
Continuous
  0
INSERT
  5
184E
330
1F
100
AcDbEntity
  8
GCD
  6
Continuous
100
AcDbBlockReference
 66
     1
  2
gc200
 10
574287.6289999999
 20
2880356.992
 30
164.202
 41
0.5
 42
0.5
 43
0.5
1001
S_GXRQ
1071
1718286497
1001
south
1000
202101
1000
196
  0
ATTRIB
  5
184F
330
184E
100
AcDbEntity
  8
GCD
  6
Continuous
100
AcDbText
 10
574288.2289999999
 20
2880356.492
 30
164.202
 40
1.0
  1
164.20
 41
0.8
 11
574288.2289999999
 21
2880356.992
 31
164.202
100
AcDbAttribute
280
     0
  2
height
 70
     0
 74
     2
280
     0
  0
SEQEND
  5
1850
330
184E
100
AcDbEntity
  8
GCD
  6
Continuous
  0
INSERT
  5
1851
330
1F
100
AcDbEntity
  8
GCD
  6
Continuous
100
AcDbBlockReference
 66
     1
  2
gc200
 10
574288.1540000001
 20
2880356.146
 30
164.331
 41
0.5
 42
0.5
 43
0.5
1001
S_GXRQ
1071
1718286497
1001
south
1000
202101
1000
197
  0
ATTRIB
  5
1852
330
1851
100
AcDbEntity
  8
GCD
  6
Continuous
100
AcDbText
 10
574288.7539999999
 20
2880355.646
 30
164.331
 40
1.0
  1
164.33
 41
0.8
 11
574288.7539999999
 21
2880356.146
 31
164.331
100
AcDbAttribute
280
     0
  2
height
 70
     0
 74
     2
280
     0
  0
SEQEND
  5
1853
330
1851
100
AcDbEntity
  8
GCD
  6
Continuous
  0
INSERT
  5
1854
330
1F
100
AcDbEntity
  8
GCD
  6
Continuous
100
AcDbBlockReference
 66
     1
  2
gc200
 10
574304.7280000002
 20
2880357.027
 30
164.53
 41
0.5
 42
0.5
 43
0.5
1001
S_GXRQ
1071
1718286497
1001
south
1000
202101
1000
198
  0
ATTRIB
  5
1855
330
1854
100
AcDbEntity
  8
GCD
  6
Continuous
100
AcDbText
 10
574305.328
 20
2880356.527
 30
164.53
 40
1.0
  1
164.53
 41
0.8
 11
574305.328
 21
2880357.027
 31
164.53
100
AcDbAttribute
280
     0
  2
height
 70
     0
 74
     2
280
     0
  0
SEQEND
  5
1856
330
1854
100
AcDbEntity
  8
GCD
  6
Continuous
  0
INSERT
  5
1857
330
1F
100
AcDbEntity
  8
GCD
  6
Continuous
100
AcDbBlockReference
 66
     1
  2
gc200
 10
574312.4440000002
 20
2880361.242
 30
165.556
 41
0.5
 42
0.5
 43
0.5
1001
S_GXRQ
1071
1718286497
1001
south
1000
202101
1000
199
  0
ATTRIB
  5
1858
330
1857
100
AcDbEntity
  8
GCD
  6
Continuous
100
AcDbText
 10
574313.044
 20
2880360.742
 30
165.556
 40
1.0
  1
165.56
 41
0.8
 11
574313.044
 21
2880361.242
 31
165.556
100
AcDbAttribute
280
     0
  2
height
 70
     0
 74
     2
280
     0
  0
SEQEND
  5
1859
330
1857
100
AcDbEntity
  8
GCD
  6
Continuous
  0
INSERT
  5
185A
330
1F
100
AcDbEntity
  8
GCD
  6
Continuous
100
AcDbBlockReference
 66
     1
  2
gc200
 10
574309.1640000002
 20
2880362.814
 30
164.018
 41
0.5
 42
0.5
 43
0.5
1001
S_GXRQ
1071
1718286497
1001
south
1000
202101
1000
200
  0
ATTRIB
  5
185B
330
185A
100
AcDbEntity
  8
GCD
  6
Continuous
100
AcDbText
 10
574309.764
 20
2880362.314
 30
164.018
 40
1.0
  1
164.02
 41
0.8
 11
574309.764
 21
2880362.814
 31
164.018
100
AcDbAttribute
280
     0
  2
height
 70
     0
 74
     2
280
     0
  0
SEQEND
  5
185C
330
185A
100
AcDbEntity
  8
GCD
  6
Continuous
  0
INSERT
  5
185D
330
1F
100
AcDbEntity
  8
GCD
  6
Continuous
100
AcDbBlockReference
 66
     1
  2
gc200
 10
574304.8170000001
 20
2880366.945
 30
164.204
 41
0.5
 42
0.5
 43
0.5
1001
S_GXRQ
1071
1718286497
1001
south
1000
202101
1000
201
  0
ATTRIB
  5
185E
330
185D
100
AcDbEntity
  8
GCD
  6
Continuous
100
AcDbText
 10
574305.4170000001
 20
2880366.445
 30
164.204
 40
1.0
  1
164.20
 41
0.8
 11
574305.4170000001
 21
2880366.945
 31
164.204
100
AcDbAttribute
280
     0
  2
height
 70
     0
 74
     2
280
     0
  0
SEQEND
  5
185F
330
185D
100
AcDbEntity
  8
GCD
  6
Continuous
  0
INSERT
  5
1860
330
1F
100
AcDbEntity
  8
GCD
  6
Continuous
100
AcDbBlockReference
 66
     1
  2
gc200
 10
574307.9129999999
 20
2880371.352
 30
164.143
 41
0.5
 42
0.5
 43
0.5
1001
S_GXRQ
1071
1718286497
1001
south
1000
202101
1000
202
  0
ATTRIB
  5
1861
330
1860
100
AcDbEntity
  8
GCD
  6
Continuous
100
AcDbText
 10
574308.5129999999
 20
2880370.852
 30
164.143
 40
1.0
  1
164.14
 41
0.8
 11
574308.5129999999
 21
2880371.352
 31
164.143
100
AcDbAttribute
280
     0
  2
height
 70
     0
 74
     2
280
     0
  0
SEQEND
  5
1862
330
1860
100
AcDbEntity
  8
GCD
  6
Continuous
  0
INSERT
  5
1863
330
1F
100
AcDbEntity
  8
GCD
  6
Continuous
100
AcDbBlockReference
 66
     1
  2
gc200
 10
574309.8320000003
 20
2880373.406
 30
164.398
 41
0.5
 42
0.5
 43
0.5
1001
S_GXRQ
1071
1718286497
1001
south
1000
202101
1000
203
  0
ATTRIB
  5
1864
330
1863
100
AcDbEntity
  8
GCD
  6
Continuous
100
AcDbText
 10
574310.432
 20
2880372.906000001
 30
164.398
 40
1.0
  1
164.40
 41
0.8
 11
574310.432
 21
2880373.406
 31
164.398
100
AcDbAttribute
280
     0
  2
height
 70
     0
 74
     2
280
     0
  0
SEQEND
  5
1865
330
1863
100
AcDbEntity
  8
GCD
  6
Continuous
  0
INSERT
  5
1866
330
1F
100
AcDbEntity
  8
GCD
  6
Continuous
100
AcDbBlockReference
 66
     1
  2
gc200
 10
574311.6000000001
 20
2880374.591
 30
164.616
 41
0.5
 42
0.5
 43
0.5
1001
S_GXRQ
1071
1718286497
1001
south
1000
202101
1000
204
  0
ATTRIB
  5
1867
330
1866
100
AcDbEntity
  8
GCD
  6
Continuous
100
AcDbText
 10
574312.1999999999
 20
2880374.091
 30
164.616
 40
1.0
  1
164.62
 41
0.8
 11
574312.1999999999
 21
2880374.591
 31
164.616
100
AcDbAttribute
280
     0
  2
height
 70
     0
 74
     2
280
     0
  0
SEQEND
  5
1868
330
1866
100
AcDbEntity
  8
GCD
  6
Continuous
  0
INSERT
  5
1869
330
1F
100
AcDbEntity
  8
GCD
  6
Continuous
100
AcDbBlockReference
 66
     1
  2
gc200
 10
574321.2210000002
 20
2880390.438
 30
164.851
 41
0.5
 42
0.5
 43
0.5
1001
S_GXRQ
1071
1718286497
1001
south
1000
202101
1000
205
  0
ATTRIB
  5
186A
330
1869
100
AcDbEntity
  8
GCD
  6
Continuous
100
AcDbText
 10
574321.8210000001
 20
2880389.938
 30
164.851
 40
1.0
  1
164.85
 41
0.8
 11
574321.8210000001
 21
2880390.438
 31
164.851
100
AcDbAttribute
280
     0
  2
height
 70
     0
 74
     2
280
     0
  0
SEQEND
  5
186B
330
1869
100
AcDbEntity
  8
GCD
  6
Continuous
  0
INSERT
  5
186C
330
1F
100
AcDbEntity
  8
GCD
  6
Continuous
100
AcDbBlockReference
 66
     1
  2
gc200
 10
574334.3460000001
 20
2880392.166
 30
165.393
 41
0.5
 42
0.5
 43
0.5
1001
S_GXRQ
1071
1718286497
1001
south
1000
202101
1000
206
  0
ATTRIB
  5
186D
330
186C
100
AcDbEntity
  8
GCD
  6
Continuous
100
AcDbText
 10
574334.9460000001
 20
2880391.666
 30
165.393
 40
1.0
  1
165.39
 41
0.8
 11
574334.9460000001
 21
2880392.166
 31
165.393
100
AcDbAttribute
280
     0
  2
height
 70
     0
 74
     2
280
     0
  0
SEQEND
  5
186E
330
186C
100
AcDbEntity
  8
GCD
  6
Continuous
  0
INSERT
  5
186F
330
1F
100
AcDbEntity
  8
GCD
  6
Continuous
100
AcDbBlockReference
 66
     1
  2
gc200
 10
574332.1189999999
 20
2880386.025
 30
165.046
 41
0.5
 42
0.5
 43
0.5
1001
S_GXRQ
1071
1718286497
1001
south
1000
202101
1000
207
  0
ATTRIB
  5
1870
330
186F
100
AcDbEntity
  8
GCD
  6
Continuous
100
AcDbText
 10
574332.7190000001
 20
2880385.525
 30
165.046
 40
1.0
  1
165.05
 41
0.8
 11
574332.7190000001
 21
2880386.025
 31
165.046
100
AcDbAttribute
280
     0
  2
height
 70
     0
 74
     2
280
     0
  0
SEQEND
  5
1871
330
186F
100
AcDbEntity
  8
GCD
  6
Continuous
  0
INSERT
  5
1872
330
1F
100
AcDbEntity
  8
GCD
  6
Continuous
100
AcDbBlockReference
 66
     1
  2
gc200
 10
574334.1800000003
 20
2880389.987
 30
165.119
 41
0.5
 42
0.5
 43
0.5
1001
S_GXRQ
1071
1718286497
1001
south
1000
202101
1000
208
  0
ATTRIB
  5
1873
330
1872
100
AcDbEntity
  8
GCD
  6
Continuous
100
AcDbText
 10
574334.7800000001
 20
2880389.487
 30
165.119
 40
1.0
  1
165.12
 41
0.8
 11
574334.7800000001
 21
2880389.987
 31
165.119
100
AcDbAttribute
280
     0
  2
height
 70
     0
 74
     2
280
     0
  0
SEQEND
  5
1874
330
1872
100
AcDbEntity
  8
GCD
  6
Continuous
  0
INSERT
  5
1875
330
1F
100
AcDbEntity
  8
GCD
  6
Continuous
100
AcDbBlockReference
 66
     1
  2
gc200
 10
574334.8930000003
 20
2880394.509
 30
165.093
 41
0.5
 42
0.5
 43
0.5
1001
S_GXRQ
1071
1718286497
1001
south
1000
202101
1000
209
  0
ATTRIB
  5
1876
330
1875
100
AcDbEntity
  8
GCD
  6
Continuous
100
AcDbText
 10
574335.493
 20
2880394.009
 30
165.093
 40
1.0
  1
165.09
 41
0.8
 11
574335.493
 21
2880394.509
 31
165.093
100
AcDbAttribute
280
     0
  2
height
 70
     0
 74
     2
280
     0
  0
SEQEND
  5
1877
330
1875
100
AcDbEntity
  8
GCD
  6
Continuous
  0
INSERT
  5
1878
330
1F
100
AcDbEntity
  8
GCD
  6
Continuous
100
AcDbBlockReference
 66
     1
  2
gc200
 10
574343.966
 20
2880416.772
 30
168.265
 41
0.5
 42
0.5
 43
0.5
1001
S_GXRQ
1071
1718286497
1001
south
1000
202101
1000
210
  0
ATTRIB
  5
1879
330
1878
100
AcDbEntity
  8
GCD
  6
Continuous
100
AcDbText
 10
574344.5660000001
 20
2880416.272
 30
168.265
 40
1.0
  1
168.27
 41
0.8
 11
574344.5660000001
 21
2880416.772
 31
168.265
100
AcDbAttribute
280
     0
  2
height
 70
     0
 74
     2
280
     0
  0
SEQEND
  5
187A
330
1878
100
AcDbEntity
  8
GCD
  6
Continuous
  0
INSERT
  5
187B
330
1F
100
AcDbEntity
  8
GCD
  6
Continuous
100
AcDbBlockReference
 66
     1
  2
gc200
 10
574343.7720000001
 20
2880419.100000001
 30
167.728
 41
0.5
 42
0.5
 43
0.5
1001
S_GXRQ
1071
1718286497
1001
south
1000
202101
1000
211
  0
ATTRIB
  5
187C
330
187B
100
AcDbEntity
  8
GCD
  6
Continuous
100
AcDbText
 10
574344.372
 20
2880418.600000001
 30
167.728
 40
1.0
  1
167.73
 41
0.8
 11
574344.372
 21
2880419.100000001
 31
167.728
100
AcDbAttribute
280
     0
  2
height
 70
     0
 74
     2
280
     0
  0
SEQEND
  5
187D
330
187B
100
AcDbEntity
  8
GCD
  6
Continuous
  0
INSERT
  5
187E
330
1F
100
AcDbEntity
  8
GCD
  6
Continuous
100
AcDbBlockReference
 66
     1
  2
gc200
 10
574342.619
 20
2880436.993
 30
165.618
 41
0.15
 42
0.15
 43
0.15
1001
S_GXRQ
1071
1718286497
1001
south
1000
202101
1000
212
  0
ATTRIB
  5
187F
330
187E
100
AcDbEntity
  8
GCD
  6
Continuous
100
AcDbText
 10
574342.7989999999
 20
2880436.843
 30
165.618
 40
0.3
  1
165.62
 41
0.8
 11
574342.7989999999
 21
2880436.993
 31
165.618
100
AcDbAttribute
280
     0
  2
height
 70
     0
 74
     2
280
     0
  0
SEQEND
  5
1880
330
187E
100
AcDbEntity
  8
GCD
  6
Continuous
  0
INSERT
  5
1881
330
1F
100
AcDbEntity
  8
GCD
  6
Continuous
100
AcDbBlockReference
 66
     1
  2
gc200
 10
574341.558
 20
2880434.056
 30
164.997
 41
0.15
 42
0.15
 43
0.15
1001
S_GXRQ
1071
1718286497
1001
south
1000
202101
1000
213
  0
ATTRIB
  5
1882
330
1881
100
AcDbEntity
  8
GCD
  6
Continuous
100
AcDbText
 10
574341.7379999999
 20
2880433.906000001
 30
164.997
 40
0.3
  1
165.00
 41
0.8
 11
574341.7379999999
 21
2880434.056
 31
164.997
100
AcDbAttribute
280
     0
  2
height
 70
     0
 74
     2
280
     0
  0
SEQEND
  5
1883
330
1881
100
AcDbEntity
  8
GCD
  6
Continuous
  0
INSERT
  5
1884
330
1F
100
AcDbEntity
  8
GCD
  6
Continuous
100
AcDbBlockReference
 66
     1
  2
gc200
 10
574339.785
 20
2880435.583
 30
164.76
 41
0.15
 42
0.15
 43
0.15
1001
S_GXRQ
1071
1718286497
1001
south
1000
202101
1000
214
  0
ATTRIB
  5
1885
330
1884
100
AcDbEntity
  8
GCD
  6
Continuous
100
AcDbText
 10
574339.9650000001
 20
2880435.433
 30
164.76
 40
0.3
  1
164.76
 41
0.8
 11
574339.9650000001
 21
2880435.583
 31
164.76
100
AcDbAttribute
280
     0
  2
height
 70
     0
 74
     2
280
     0
  0
SEQEND
  5
1886
330
1884
100
AcDbEntity
  8
GCD
  6
Continuous
  0
INSERT
  5
1887
330
1F
100
AcDbEntity
  8
GCD
  6
Continuous
100
AcDbBlockReference
 66
     1
  2
gc200
 10
574342.5400000001
 20
2880437.533000002
 30
165.734
 41
0.15
 42
0.15
 43
0.15
1001
S_GXRQ
1071
1718286497
1001
south
1000
202101
1000
215
  0
ATTRIB
  5
1888
330
1887
100
AcDbEntity
  8
GCD
  6
Continuous
100
AcDbText
 10
574342.72
 20
2880437.383000002
 30
165.734
 40
0.3
  1
165.73
 41
0.8
 11
574342.72
 21
2880437.533000002
 31
165.734
100
AcDbAttribute
280
     0
  2
height
 70
     0
 74
     2
280
     0
  0
SEQEND
  5
1889
330
1887
100
AcDbEntity
  8
GCD
  6
Continuous
  0
INSERT
  5
188A
330
1F
100
AcDbEntity
  8
GCD
  6
Continuous
100
AcDbBlockReference
 66
     1
  2
gc200
 10
574342.128
 20
2880443.267
 30
165.1239999999999
 41
0.15
 42
0.15
 43
0.15
1001
S_GXRQ
1071
1718286497
1001
south
1000
202101
1000
216
  0
ATTRIB
  5
188B
330
188A
100
AcDbEntity
  8
GCD
  6
Continuous
100
AcDbText
 10
574342.308
 20
2880443.117
 30
165.1239999999999
 40
0.3
  1
165.12
 41
0.8
 11
574342.308
 21
2880443.267
 31
165.1239999999999
100
AcDbAttribute
280
     0
  2
height
 70
     0
 74
     2
280
     0
  0
SEQEND
  5
188C
330
188A
100
AcDbEntity
  8
GCD
  6
Continuous
  0
INSERT
  5
188D
330
1F
100
AcDbEntity
  8
GCD
  6
Continuous
100
AcDbBlockReference
 66
     1
  2
gc200
 10
574342.0679999999
 20
2880449.01
 30
164.872
 41
0.15
 42
0.15
 43
0.15
1001
S_GXRQ
1071
1718286497
1001
south
1000
202101
1000
217
  0
ATTRIB
  5
188E
330
188D
100
AcDbEntity
  8
GCD
  6
Continuous
100
AcDbText
 10
574342.2479999999
 20
2880448.86
 30
164.872
 40
0.3
  1
164.87
 41
0.8
 11
574342.2479999999
 21
2880449.01
 31
164.872
100
AcDbAttribute
280
     0
  2
height
 70
     0
 74
     2
280
     0
  0
SEQEND
  5
188F
330
188D
100
AcDbEntity
  8
GCD
  6
Continuous
  0
INSERT
  5
1890
330
1F
100
AcDbEntity
  8
GCD
  6
Continuous
100
AcDbBlockReference
 66
     1
  2
gc200
 10
574341.5220000001
 20
2880453.944
 30
164.609
 41
0.15
 42
0.15
 43
0.15
1001
S_GXRQ
1071
1718286497
1001
south
1000
202101
1000
218
  0
ATTRIB
  5
1891
330
1890
100
AcDbEntity
  8
GCD
  6
Continuous
100
AcDbText
 10
574341.702
 20
2880453.794
 30
164.609
 40
0.3
  1
164.61
 41
0.8
 11
574341.702
 21
2880453.944
 31
164.609
100
AcDbAttribute
280
     0
  2
height
 70
     0
 74
     2
280
     0
  0
SEQEND
  5
1892
330
1890
100
AcDbEntity
  8
GCD
  6
Continuous
  0
INSERT
  5
1893
330
1F
100
AcDbEntity
  8
GCD
  6
Continuous
100
AcDbBlockReference
 66
     1
  2
gc200
 10
574341.9939999999
 20
2880458.246999999
 30
164.899
 41
0.075
 42
0.075
 43
0.075
1001
S_GXRQ
1071
1718286497
1001
south
1000
202101
1000
219
  0
ATTRIB
  5
1894
330
1893
100
AcDbEntity
  8
GCD
  6
Continuous
100
AcDbText
 10
574342.084
 20
2880458.171999999
 30
164.899
 40
0.15
  1
164.90
 41
0.8
 11
574342.084
 21
2880458.246999999
 31
164.899
100
AcDbAttribute
280
     0
  2
height
 70
     0
 74
     2
280
     0
  0
SEQEND
  5
1895
330
1893
100
AcDbEntity
  8
GCD
  6
Continuous
  0
INSERT
  5
1896
330
1F
100
AcDbEntity
  8
GCD
  6
Continuous
100
AcDbBlockReference
 66
     1
  2
gc200
 10
574341.0190000001
 20
2880465.183
 30
164.431
 41
0.075
 42
0.075
 43
0.075
1001
S_GXRQ
1071
1718286497
1001
south
1000
202101
1000
220
  0
ATTRIB
  5
1897
330
1896
100
AcDbEntity
  8
GCD
  6
Continuous
100
AcDbText
 10
574341.1090000003
 20
2880465.108
 30
164.431
 40
0.15
  1
164.43
 41
0.8
 11
574341.1090000003
 21
2880465.183
 31
164.431
100
AcDbAttribute
280
     0
  2
height
 70
     0
 74
     2
280
     0
  0
SEQEND
  5
1898
330
1896
100
AcDbEntity
  8
GCD
  6
Continuous
  0
INSERT
  5
1899
330
1F
100
AcDbEntity
  8
GCD
  6
Continuous
100
AcDbBlockReference
 66
     1
  2
gc200
 10
574340.8430000002
 20
2880471.468000001
 30
164.766
 41
0.075
 42
0.075
 43
0.075
1001
S_GXRQ
1071
1718286497
1001
south
1000
202101
1000
221
  0
ATTRIB
  5
189A
330
1899
100
AcDbEntity
  8
GCD
  6
Continuous
100
AcDbText
 10
574340.9330000002
 20
2880471.393000001
 30
164.766
 40
0.15
  1
164.77
 41
0.8
 11
574340.9330000002
 21
2880471.468000001
 31
164.766
100
AcDbAttribute
280
     0
  2
height
 70
     0
 74
     2
280
     0
  0
SEQEND
  5
189B
330
1899
100
AcDbEntity
  8
GCD
  6
Continuous
  0
INSERT
  5
189C
330
1F
100
AcDbEntity
  8
GCD
  6
Continuous
100
AcDbBlockReference
 66
     1
  2
gc200
 10
574339.6520000001
 20
2880473.751
 30
164.672
 41
0.15
 42
0.15
 43
0.15
1001
S_GXRQ
1071
1718286497
1001
south
1000
202101
1000
222
  0
ATTRIB
  5
189D
330
189C
100
AcDbEntity
  8
GCD
  6
Continuous
100
AcDbText
 10
574339.8319999999
 20
2880473.601000001
 30
164.672
 40
0.3
  1
164.67
 41
0.8
 11
574339.8319999999
 21
2880473.751
 31
164.672
100
AcDbAttribute
280
     0
  2
height
 70
     0
 74
     2
280
     0
  0
SEQEND
  5
189E
330
189C
100
AcDbEntity
  8
GCD
  6
Continuous
  0
INSERT
  5
189F
330
1F
100
AcDbEntity
  8
GCD
  6
Continuous
100
AcDbBlockReference
 66
     1
  2
gc200
 10
574339.7080000001
 20
2880477.586
 30
165.315
 41
0.075
 42
0.075
 43
0.075
1001
S_GXRQ
1071
1718286497
1001
south
1000
202101
1000
223
  0
ATTRIB
  5
18A0
330
189F
100
AcDbEntity
  8
GCD
  6
Continuous
100
AcDbText
 10
574339.7980000001
 20
2880477.511
 30
165.315
 40
0.15
  1
165.32
 41
0.8
 11
574339.7980000001
 21
2880477.586
 31
165.315
100
AcDbAttribute
280
     0
  2
height
 70
     0
 74
     2
280
     0
  0
SEQEND
  5
18A1
330
189F
100
AcDbEntity
  8
GCD
  6
Continuous
  0
INSERT
  5
18A2
330
1F
100
AcDbEntity
  8
GCD
  6
Continuous
100
AcDbBlockReference
 66
     1
  2
gc200
 10
574346.5822147015
 20
2880471.85890036
 30
84.1285
 41
0.075
 42
0.075
 43
0.075
1001
S_GXRQ
1071
1718286497
1001
south
1000
202101
1000
224
  0
ATTRIB
  5
18A3
330
18A2
100
AcDbEntity
  8
GCD
  6
Continuous
100
AcDbText
 10
574346.6722147013
 20
2880471.78390036
 30
84.1285
 40
0.15
  1
168.26
 41
0.8
 11
574346.6722147013
 21
2880471.85890036
 31
84.1285
100
AcDbAttribute
280
     0
  2
height
 70
     0
 74
     2
280
     0
  0
SEQEND
  5
18A4
330
18A2
100
AcDbEntity
  8
GCD
  6
Continuous
  0
INSERT
  5
18A5
330
1F
100
AcDbEntity
  8
GCD
  6
Continuous
100
AcDbBlockReference
 66
     1
  2
gc200
 10
574348.6006995071
 20
2880475.215996128
 30
84.20849999999999
 41
0.075
 42
0.075
 43
0.075
1001
S_GXRQ
1071
1718286497
1001
south
1000
202101
1000
225
  0
ATTRIB
  5
18A6
330
18A5
100
AcDbEntity
  8
GCD
  6
Continuous
100
AcDbText
 10
574348.690699507
 20
2880475.140996128
 30
84.20849999999999
 40
0.15
  1
168.42
 41
0.8
 11
574348.690699507
 21
2880475.215996128
 31
84.20849999999999
100
AcDbAttribute
280
     0
  2
height
 70
     0
 74
     2
280
     0
  0
SEQEND
  5
18A7
330
18A5
100
AcDbEntity
  8
GCD
  6
Continuous
  0
INSERT
  5
18A8
330
1F
100
AcDbEntity
  8
GCD
  6
Continuous
100
AcDbBlockReference
 66
     1
  2
gc200
 10
574345.1048068632
 20
2880477.135826407
 30
84.16349999999999
 41
0.075
 42
0.075
 43
0.075
1001
S_GXRQ
1071
1718286497
1001
south
1000
202101
1000
226
  0
ATTRIB
  5
18A9
330
18A8
100
AcDbEntity
  8
GCD
  6
Continuous
100
AcDbText
 10
574345.1948068633
 20
2880477.060826407
 30
84.16349999999999
 40
0.15
  1
168.33
 41
0.8
 11
574345.1948068633
 21
2880477.135826407
 31
84.16349999999999
100
AcDbAttribute
280
     0
  2
height
 70
     0
 74
     2
280
     0
  0
SEQEND
  5
18AA
330
18A8
100
AcDbEntity
  8
GCD
  6
Continuous
  0
INSERT
  5
18AB
330
1F
100
AcDbEntity
  8
GCD
  6
Continuous
100
AcDbBlockReference
 66
     1
  2
gc200
 10
574343.3757204558
 20
2880483.017780496
 30
168.365
 41
0.15
 42
0.15
 43
0.15
1001
S_GXRQ
1071
1718286497
1001
south
1000
202101
1000
227
  0
ATTRIB
  5
18AC
330
18AB
100
AcDbEntity
  8
GCD
  6
Continuous
100
AcDbText
 10
574343.5557204557
 20
2880482.867780497
 30
168.365
 40
0.3
  1
168.37
 41
0.8
 11
574343.5557204557
 21
2880483.017780496
 31
168.365
100
AcDbAttribute
280
     0
  2
height
 70
     0
 74
     2
280
     0
  0
SEQEND
  5
18AD
330
18AB
100
AcDbEntity
  8
GCD
  6
Continuous
  0
INSERT
  5
18AE
330
1F
100
AcDbEntity
  8
GCD
  6
Continuous
100
AcDbBlockReference
 66
     1
  2
gc200
 10
574345.8230000001
 20
2880483.184555312
 30
168.2899999999999
 41
0.15
 42
0.15
 43
0.15
1001
S_GXRQ
1071
1718286497
1001
south
1000
202101
1000
228
  0
ATTRIB
  5
18AF
330
18AE
100
AcDbEntity
  8
GCD
  6
Continuous
100
AcDbText
 10
574346.0030000001
 20
2880483.034555312
 30
168.3125
 40
0.3
  1
168.29
 41
0.8
 11
574346.0030000001
 21
2880483.184555312
 31
168.3125
100
AcDbAttribute
280
     0
  2
height
 70
     0
 74
     2
280
     0
  0
SEQEND
  5
18B0
330
18AE
100
AcDbEntity
  8
GCD
  6
Continuous
  0
INSERT
  5
18B1
330
1F
100
AcDbEntity
  8
GCD
  6
Continuous
100
AcDbBlockReference
 66
     1
  2
gc200
 10
574350.0919999999
 20
2880474.611
 30
168.3859999999999
 41
0.15
 42
0.15
 43
0.15
1001
S_GXRQ
1071
1718286497
1001
south
1000
202101
1000
229
  0
ATTRIB
  5
18B2
330
18B1
100
AcDbEntity
  8
GCD
  6
Continuous
100
AcDbText
 10
574350.2719999999
 20
2880474.461
 30
168.3859999999999
 40
0.3
  1
168.39
 41
0.8
 11
574350.2719999999
 21
2880474.611
 31
168.3859999999999
100
AcDbAttribute
280
     0
  2
height
 70
     0
 74
     2
280
     0
  0
SEQEND
  5
18B3
330
18B1
100
AcDbEntity
  8
GCD
  6
Continuous
  0
INSERT
  5
18B4
330
1F
100
AcDbEntity
  8
GCD
  6
Continuous
100
AcDbBlockReference
 66
     1
  2
gc200
 10
574346.3753076715
 20
2880476.994509757
 30
84.2195
 41
0.075
 42
0.075
 43
0.075
1001
S_GXRQ
1071
1718286497
1001
south
1000
202101
1000
230
  0
ATTRIB
  5
18B5
330
18B4
100
AcDbEntity
  8
GCD
  6
Continuous
100
AcDbText
 10
574346.4653076716
 20
2880476.919509757
 30
84.2195
 40
0.15
  1
168.44
 41
0.8
 11
574346.4653076716
 21
2880476.994509757
 31
84.2195
100
AcDbAttribute
280
     0
  2
height
 70
     0
 74
     2
280
     0
  0
SEQEND
  5
18B6
330
18B4
100
AcDbEntity
  8
GCD
  6
Continuous
  0
INSERT
  5
18B7
330
1F
100
AcDbEntity
  8
GCD
  6
Continuous
100
AcDbBlockReference
 66
     1
  2
gc200
 10
574350.8107689731
 20
2880471.930509489
 30
84.25749999999998
 41
0.075
 42
0.075
 43
0.075
1001
S_GXRQ
1071
1718286497
1001
south
1000
202101
1000
231
  0
ATTRIB
  5
18B8
330
18B7
100
AcDbEntity
  8
GCD
  6
Continuous
100
AcDbText
 10
574350.9007689731
 20
2880471.855509488
 30
84.25749999999998
 40
0.15
  1
168.52
 41
0.8
 11
574350.9007689731
 21
2880471.930509489
 31
84.25749999999998
100
AcDbAttribute
280
     0
  2
height
 70
     0
 74
     2
280
     0
  0
SEQEND
  5
18B9
330
18B7
100
AcDbEntity
  8
GCD
  6
Continuous
  0
INSERT
  5
18BA
330
1F
100
AcDbEntity
  8
GCD
  6
Continuous
100
AcDbBlockReference
 66
     1
  2
gc200
 10
574349.7874376076
 20
2880467.728943705
 30
84.22349999999999
 41
0.075
 42
0.075
 43
0.075
1001
S_GXRQ
1071
1718286497
1001
south
1000
202101
1000
232
  0
ATTRIB
  5
18BB
330
18BA
100
AcDbEntity
  8
GCD
  6
Continuous
100
AcDbText
 10
574349.8774376076
 20
2880467.653943705
 30
84.22349999999999
 40
0.15
  1
168.45
 41
0.8
 11
574349.8774376076
 21
2880467.728943705
 31
84.22349999999999
100
AcDbAttribute
280
     0
  2
height
 70
     0
 74
     2
280
     0
  0
SEQEND
  5
18BC
330
18BA
100
AcDbEntity
  8
GCD
  6
Continuous
  0
INSERT
  5
18BD
330
1F
100
AcDbEntity
  8
GCD
  6
Continuous
100
AcDbBlockReference
 66
     1
  2
gc200
 10
574348.1084925755
 20
2880464.311098532
 30
84.21349999999998
 41
0.075
 42
0.075
 43
0.075
1001
S_GXRQ
1071
1718286497
1001
south
1000
202101
1000
233
  0
ATTRIB
  5
18BE
330
18BD
100
AcDbEntity
  8
GCD
  6
Continuous
100
AcDbText
 10
574348.1984925754
 20
2880464.236098532
 30
84.21349999999998
 40
0.15
  1
168.43
 41
0.8
 11
574348.1984925754
 21
2880464.311098532
 31
84.21349999999998
100
AcDbAttribute
280
     0
  2
height
 70
     0
 74
     2
280
     0
  0
SEQEND
  5
18BF
330
18BD
100
AcDbEntity
  8
GCD
  6
Continuous
  0
INSERT
  5
18C0
330
1F
100
AcDbEntity
  8
GCD
  6
Continuous
100
AcDbBlockReference
 66
     1
  2
gc200
 10
574349.6130000004
 20
2880453.528
 30
168.575
 41
0.15
 42
0.15
 43
0.15
1001
S_GXRQ
1071
1718286497
1001
south
1000
202101
1000
234
  0
ATTRIB
  5
18C1
330
18C0
100
AcDbEntity
  8
GCD
  6
Continuous
100
AcDbText
 10
574349.7930000001
 20
2880453.378
 30
168.575
 40
0.3
  1
168.58
 41
0.8
 11
574349.7930000001
 21
2880453.528
 31
168.575
100
AcDbAttribute
280
     0
  2
height
 70
     0
 74
     2
280
     0
  0
SEQEND
  5
18C2
330
18C0
100
AcDbEntity
  8
GCD
  6
Continuous
  0
INSERT
  5
18C3
330
1F
100
AcDbEntity
  8
GCD
  6
Continuous
100
AcDbBlockReference
 66
     1
  2
gc200
 10
574348.1400000002
 20
2880448.164
 30
168.492
 41
0.1
 42
0.1
 43
0.1
1001
S_GXRQ
1071
1718286497
1001
south
1000
202101
1000
236
  0
ATTRIB
  5
18C4
330
18C3
100
AcDbEntity
  8
GCD
  6
Continuous
100
AcDbText
 10
574348.2600000003
 20
2880448.064
 30
168.492
 40
0.2
  1
168.49
 41
0.8
 11
574348.2600000003
 21
2880448.164
 31
168.492
100
AcDbAttribute
280
     0
  2
height
 70
     0
 74
     2
280
     0
  0
SEQEND
  5
18C5
330
18C3
100
AcDbEntity
  8
GCD
  6
Continuous
  0
INSERT
  5
18C6
330
1F
100
AcDbEntity
  8
GCD
  6
Continuous
100
AcDbBlockReference
 66
     1
  2
gc200
 10
574348.0159999997
 20
2880451.042999998
 30
168.7179999999998
 41
0.1
 42
0.1
 43
0.1
1001
S_GXRQ
1071
1718286497
1001
south
1000
202101
1000
237
  0
ATTRIB
  5
18C7
330
18C6
100
AcDbEntity
  8
GCD
  6
Continuous
100
AcDbText
 10
574348.136
 20
2880450.942999999
 30
168.7179999999998
 40
0.2
  1
168.72
 41
0.8
 11
574348.136
 21
2880451.042999998
 31
168.7179999999998
100
AcDbAttribute
280
     0
  2
height
 70
     0
 74
     2
280
     0
  0
SEQEND
  5
18C8
330
18C6
100
AcDbEntity
  8
GCD
  6
Continuous
  0
INSERT
  5
18C9
330
1F
100
AcDbEntity
  8
GCD
  6
Continuous
100
AcDbBlockReference
 66
     1
  2
gc200
 10
574348.5500000001
 20
2880445.565
 30
168.588
 41
0.1
 42
0.1
 43
0.1
1001
S_GXRQ
1071
1718286497
1001
south
1000
202101
1000
238
  0
ATTRIB
  5
18CA
330
18C9
100
AcDbEntity
  8
GCD
  6
Continuous
100
AcDbText
 10
574348.67
 20
2880445.465
 30
168.588
 40
0.2
  1
168.59
 41
0.8
 11
574348.67
 21
2880445.565
 31
168.588
100
AcDbAttribute
280
     0
  2
height
 70
     0
 74
     2
280
     0
  0
SEQEND
  5
18CB
330
18C9
100
AcDbEntity
  8
GCD
  6
Continuous
  0
INSERT
  5
18CC
330
1F
100
AcDbEntity
  8
GCD
  6
Continuous
100
AcDbBlockReference
 66
     1
  2
gc200
 10
574348.759
 20
2880448.292
 30
168.439
 41
0.1
 42
0.1
 43
0.1
1001
S_GXRQ
1071
1718286497
1001
south
1000
202101
1000
239
  0
ATTRIB
  5
18CD
330
18CC
100
AcDbEntity
  8
GCD
  6
Continuous
100
AcDbText
 10
574348.8790000002
 20
2880448.192
 30
168.439
 40
0.2
  1
168.44
 41
0.8
 11
574348.8790000002
 21
2880448.292
 31
168.439
100
AcDbAttribute
280
     0
  2
height
 70
     0
 74
     2
280
     0
  0
SEQEND
  5
18CE
330
18CC
100
AcDbEntity
  8
GCD
  6
Continuous
  0
INSERT
  5
18CF
330
1F
100
AcDbEntity
  8
GCD
  6
Continuous
100
AcDbBlockReference
 66
     1
  2
gc200
 10
574347.7410000003
 20
2880442.161
 30
168.79
 41
0.1
 42
0.1
 43
0.1
1001
S_GXRQ
1071
1718286497
1001
south
1000
202101
1000
240
  0
ATTRIB
  5
18D0
330
18CF
100
AcDbEntity
  8
GCD
  6
Continuous
100
AcDbText
 10
574347.8610000003
 20
2880442.061
 30
168.79
 40
0.2
  1
168.79
 41
0.8
 11
574347.8610000003
 21
2880442.161
 31
168.79
100
AcDbAttribute
280
     0
  2
height
 70
     0
 74
     2
280
     0
  0
SEQEND
  5
18D1
330
18CF
100
AcDbEntity
  8
GCD
  6
Continuous
  0
INSERT
  5
18D2
330
1F
100
AcDbEntity
  8
GCD
  6
Continuous
100
AcDbBlockReference
 66
     1
  2
gc200
 10
574347.7070000003
 20
2880437.280000002
 30
168.331
 41
0.1
 42
0.1
 43
0.1
1001
S_GXRQ
1071
1718286497
1001
south
1000
202101
1000
241
  0
ATTRIB
  5
18D3
330
18D2
100
AcDbEntity
  8
GCD
  6
Continuous
100
AcDbText
 10
574347.8270000003
 20
2880437.180000002
 30
168.331
 40
0.2
  1
168.33
 41
0.8
 11
574347.8270000003
 21
2880437.280000002
 31
168.331
100
AcDbAttribute
280
     0
  2
height
 70
     0
 74
     2
280
     0
  0
SEQEND
  5
18D4
330
18D2
100
AcDbEntity
  8
GCD
  6
Continuous
  0
INSERT
  5
18D5
330
1F
100
AcDbEntity
  8
GCD
  6
Continuous
100
AcDbBlockReference
 66
     1
  2
gc200
 10
574352.2110000001
 20
2880438.083000001
 30
168.894
 41
0.1
 42
0.1
 43
0.1
1001
S_GXRQ
1071
1718286497
1001
south
1000
202101
1000
242
  0
ATTRIB
  5
18D6
330
18D5
100
AcDbEntity
  8
GCD
  6
Continuous
100
AcDbText
 10
574352.3310000004
 20
2880437.983000001
 30
168.894
 40
0.2
  1
168.89
 41
0.8
 11
574352.3310000004
 21
2880438.083000001
 31
168.894
100
AcDbAttribute
280
     0
  2
height
 70
     0
 74
     2
280
     0
  0
SEQEND
  5
18D7
330
18D5
100
AcDbEntity
  8
GCD
  6
Continuous
  0
INSERT
  5
18D8
330
1F
100
AcDbEntity
  8
GCD
  6
Continuous
100
AcDbBlockReference
 66
     1
  2
gc200
 10
574351.3320000001
 20
2880441.831
 30
168.844
 41
0.1
 42
0.1
 43
0.1
1001
S_GXRQ
1071
1718286497
1001
south
1000
202101
1000
243
  0
ATTRIB
  5
18D9
330
18D8
100
AcDbEntity
  8
GCD
  6
Continuous
100
AcDbText
 10
574351.4520000003
 20
2880441.731
 30
168.844
 40
0.2
  1
168.84
 41
0.8
 11
574351.4520000003
 21
2880441.831
 31
168.844
100
AcDbAttribute
280
     0
  2
height
 70
     0
 74
     2
280
     0
  0
SEQEND
  5
18DA
330
18D8
100
AcDbEntity
  8
GCD
  6
Continuous
  0
INSERT
  5
18DB
330
1F
100
AcDbEntity
  8
GCD
  6
Continuous
100
AcDbBlockReference
 66
     1
  2
gc200
 10
574352.0120000003
 20
2880443.847
 30
168.669
 41
0.1
 42
0.1
 43
0.1
1001
S_GXRQ
1071
1718286497
1001
south
1000
202101
1000
244
  0
ATTRIB
  5
18DC
330
18DB
100
AcDbEntity
  8
GCD
  6
Continuous
100
AcDbText
 10
574352.1320000002
 20
2880443.747
 30
168.669
 40
0.2
  1
168.67
 41
0.8
 11
574352.1320000002
 21
2880443.847
 31
168.669
100
AcDbAttribute
280
     0
  2
height
 70
     0
 74
     2
280
     0
  0
SEQEND
  5
18DD
330
18DB
100
AcDbEntity
  8
GCD
  6
Continuous
  0
INSERT
  5
18DE
330
1F
100
AcDbEntity
  8
GCD
  6
Continuous
100
AcDbBlockReference
 66
     1
  2
gc200
 10
574351.317
 20
2880448.93
 30
168.905
 41
0.1
 42
0.1
 43
0.1
1001
S_GXRQ
1071
1718286497
1001
south
1000
202101
1000
245
  0
ATTRIB
  5
18DF
330
18DE
100
AcDbEntity
  8
GCD
  6
Continuous
100
AcDbText
 10
574351.4370000003
 20
2880448.83
 30
168.905
 40
0.2
  1
168.91
 41
0.8
 11
574351.4370000003
 21
2880448.93
 31
168.905
100
AcDbAttribute
280
     0
  2
height
 70
     0
 74
     2
280
     0
  0
SEQEND
  5
18E0
330
18DE
100
AcDbEntity
  8
GCD
  6
Continuous
  0
INSERT
  5
18E1
330
1F
100
AcDbEntity
  8
GCD
  6
Continuous
100
AcDbBlockReference
 66
     1
  2
gc200
 10
574350.2590000002
 20
2880454.305
 30
169.074
 41
0.15
 42
0.15
 43
0.15
1001
S_GXRQ
1071
1718286498
1001
south
1000
202101
1000
246
  0
ATTRIB
  5
18E2
330
18E1
100
AcDbEntity
  8
GCD
  6
Continuous
100
AcDbText
 10
574350.439
 20
2880454.155000001
 30
169.074
 40
0.3
  1
169.07
 41
0.8
 11
574350.439
 21
2880454.305
 31
169.074
100
AcDbAttribute
280
     0
  2
height
 70
     0
 74
     2
280
     0
  0
SEQEND
  5
18E3
330
18E1
100
AcDbEntity
  8
GCD
  6
Continuous
  0
INSERT
  5
18E4
330
1F
100
AcDbEntity
  8
GCD
  6
Continuous
100
AcDbBlockReference
 66
     1
  2
gc200
 10
574348.9748703562
 20
2880457.961955686
 30
84.52150000000001
 41
0.075
 42
0.075
 43
0.075
1001
S_GXRQ
1071
1718286498
1001
south
1000
202101
1000
247
  0
ATTRIB
  5
18E5
330
18E4
100
AcDbEntity
  8
GCD
  6
Continuous
100
AcDbText
 10
574349.0648703561
 20
2880457.886955686
 30
84.52150000000001
 40
0.15
  1
169.04
 41
0.8
 11
574349.0648703561
 21
2880457.961955686
 31
84.52150000000001
100
AcDbAttribute
280
     0
  2
height
 70
     0
 74
     2
280
     0
  0
SEQEND
  5
18E6
330
18E4
100
AcDbEntity
  8
GCD
  6
Continuous
  0
INSERT
  5
18E7
330
1F
100
AcDbEntity
  8
GCD
  6
Continuous
100
AcDbBlockReference
 66
     1
  2
gc200
 10
574349.1287276055
 20
2880461.917340739
 30
84.27799999999997
 41
0.075
 42
0.075
 43
0.075
1001
S_GXRQ
1071
1718286498
1001
south
1000
202101
1000
248
  0
ATTRIB
  5
18E8
330
18E7
100
AcDbEntity
  8
GCD
  6
Continuous
100
AcDbText
 10
574349.2187276054
 20
2880461.842340738
 30
84.27799999999997
 40
0.15
  1
168.56
 41
0.8
 11
574349.2187276054
 21
2880461.917340739
 31
84.27799999999997
100
AcDbAttribute
280
     0
  2
height
 70
     0
 74
     2
280
     0
  0
SEQEND
  5
18E9
330
18E7
100
AcDbEntity
  8
GCD
  6
Continuous
  0
INSERT
  5
18EA
330
1F
100
AcDbEntity
  8
GCD
  6
Continuous
100
AcDbBlockReference
 66
     1
  2
gc200
 10
574351.6888290336
 20
2880464.735675655
 30
84.29250000000001
 41
0.075
 42
0.075
 43
0.075
1001
S_GXRQ
1071
1718286498
1001
south
1000
202101
1000
249
  0
ATTRIB
  5
18EB
330
18EA
100
AcDbEntity
  8
GCD
  6
Continuous
100
AcDbText
 10
574351.7788290335
 20
2880464.660675654
 30
84.29250000000001
 40
0.15
  1
168.59
 41
0.8
 11
574351.7788290335
 21
2880464.735675655
 31
84.29250000000001
100
AcDbAttribute
280
     0
  2
height
 70
     0
 74
     2
280
     0
  0
SEQEND
  5
18EC
330
18EA
100
AcDbEntity
  8
GCD
  6
Continuous
  0
INSERT
  5
18ED
330
1F
100
AcDbEntity
  8
GCD
  6
Continuous
100
AcDbBlockReference
 66
     1
  2
gc200
 10
574352.6301530775
 20
2880468.606554623
 30
84.35599999999999
 41
0.075
 42
0.075
 43
0.075
1001
S_GXRQ
1071
1718286498
1001
south
1000
202101
1000
250
  0
ATTRIB
  5
18EE
330
18ED
100
AcDbEntity
  8
GCD
  6
Continuous
100
AcDbText
 10
574352.7201530775
 20
2880468.531554623
 30
84.35599999999999
 40
0.15
  1
168.71
 41
0.8
 11
574352.7201530775
 21
2880468.606554623
 31
84.35599999999999
100
AcDbAttribute
280
     0
  2
height
 70
     0
 74
     2
280
     0
  0
SEQEND
  5
18EF
330
18ED
100
AcDbEntity
  8
GCD
  6
Continuous
  0
INSERT
  5
18F0
330
1F
100
AcDbEntity
  8
GCD
  6
Continuous
100
AcDbBlockReference
 66
     1
  2
gc200
 10
574352.58
 20
2880455.294000001
 30
169.1049999999999
 41
0.075
 42
0.075
 43
0.075
1001
S_GXRQ
1071
1718286498
1001
south
1000
202101
1000
251
  0
ATTRIB
  5
18F1
330
18F0
100
AcDbEntity
  8
GCD
  6
Continuous
100
AcDbText
 10
574352.6700000001
 20
2880455.219000001
 30
169.1049999999999
 40
0.15
  1
169.11
 41
0.8
 11
574352.6700000001
 21
2880455.294000001
 31
169.1049999999999
100
AcDbAttribute
280
     0
  2
height
 70
     0
 74
     2
280
     0
  0
SEQEND
  5
18F2
330
18F0
100
AcDbEntity
  8
GCD
  6
Continuous
  0
INSERT
  5
18F3
330
1F
100
AcDbEntity
  8
GCD
  6
Continuous
100
AcDbBlockReference
 66
     1
  2
gc200
 10
574353.1229151412
 20
2880459.522039365
 30
84.397
 41
0.075
 42
0.075
 43
0.075
1001
S_GXRQ
1071
1718286498
1001
south
1000
202101
1000
252
  0
ATTRIB
  5
18F4
330
18F3
100
AcDbEntity
  8
GCD
  6
Continuous
100
AcDbText
 10
574353.2129151411
 20
2880459.447039365
 30
84.397
 40
0.15
  1
168.79
 41
0.8
 11
574353.2129151411
 21
2880459.522039365
 31
84.397
100
AcDbAttribute
280
     0
  2
height
 70
     0
 74
     2
280
     0
  0
SEQEND
  5
18F5
330
18F3
100
AcDbEntity
  8
GCD
  6
Continuous
  0
INSERT
  5
18F6
330
1F
100
AcDbEntity
  8
GCD
  6
Continuous
100
AcDbBlockReference
 66
     1
  2
gc200
 10
574354.7923298224
 20
2880463.626431571
 30
84.4635
 41
0.075
 42
0.075
 43
0.075
1001
S_GXRQ
1071
1718286498
1001
south
1000
202101
1000
253
  0
ATTRIB
  5
18F7
330
18F6
100
AcDbEntity
  8
GCD
  6
Continuous
100
AcDbText
 10
574354.8823298224
 20
2880463.551431571
 30
84.4635
 40
0.15
  1
168.93
 41
0.8
 11
574354.8823298224
 21
2880463.626431571
 31
84.4635
100
AcDbAttribute
280
     0
  2
height
 70
     0
 74
     2
280
     0
  0
SEQEND
  5
18F8
330
18F6
100
AcDbEntity
  8
GCD
  6
Continuous
  0
INSERT
  5
18F9
330
1F
100
AcDbEntity
  8
GCD
  6
Continuous
100
AcDbBlockReference
 66
     1
  2
gc200
 10
574354.8278523574
 20
2880467.335475251
 30
84.37600000000001
 41
0.075
 42
0.075
 43
0.075
1001
S_GXRQ
1071
1718286498
1001
south
1000
202101
1000
254
  0
ATTRIB
  5
18FA
330
18F9
100
AcDbEntity
  8
GCD
  6
Continuous
100
AcDbText
 10
574354.9178523576
 20
2880467.260475251
 30
84.37600000000001
 40
0.15
  1
168.75
 41
0.8
 11
574354.9178523576
 21
2880467.335475251
 31
84.37600000000001
100
AcDbAttribute
280
     0
  2
height
 70
     0
 74
     2
280
     0
  0
SEQEND
  5
18FB
330
18F9
100
AcDbEntity
  8
GCD
  6
Continuous
  0
INSERT
  5
18FC
330
1F
100
AcDbEntity
  8
GCD
  6
Continuous
100
AcDbBlockReference
 66
     1
  2
gc200
 10
574353.3440000001
 20
2880471.99
 30
168.414
 41
0.15
 42
0.15
 43
0.15
1001
S_GXRQ
1071
1718286498
1001
south
1000
202101
1000
255
  0
ATTRIB
  5
18FD
330
18FC
100
AcDbEntity
  8
GCD
  6
Continuous
100
AcDbText
 10
574353.5239999999
 20
2880471.840000001
 30
168.414
 40
0.3
  1
168.41
 41
0.8
 11
574353.5239999999
 21
2880471.99
 31
168.414
100
AcDbAttribute
280
     0
  2
height
 70
     0
 74
     2
280
     0
  0
SEQEND
  5
18FE
330
18FC
100
AcDbEntity
  8
GCD
  6
Continuous
  0
INSERT
  5
18FF
330
1F
100
AcDbEntity
  8
GCD
  6
Continuous
100
AcDbBlockReference
 66
     1
  2
gc200
 10
574350.9139999999
 20
2880477.006
 30
168.435
 41
0.15
 42
0.15
 43
0.15
1001
S_GXRQ
1071
1718286498
1001
south
1000
202101
1000
256
  0
ATTRIB
  5
1900
330
18FF
100
AcDbEntity
  8
GCD
  6
Continuous
100
AcDbText
 10
574351.0940000001
 20
2880476.856000001
 30
168.435
 40
0.3
  1
168.44
 41
0.8
 11
574351.0940000001
 21
2880477.006
 31
168.435
100
AcDbAttribute
280
     0
  2
height
 70
     0
 74
     2
280
     0
  0
SEQEND
  5
1901
330
18FF
100
AcDbEntity
  8
GCD
  6
Continuous
  0
INSERT
  5
1902
330
1F
100
AcDbEntity
  8
GCD
  6
Continuous
100
AcDbBlockReference
 66
     1
  2
gc200
 10
574353.996
 20
2880477.37
 30
168.572
 41
0.15
 42
0.15
 43
0.15
1001
S_GXRQ
1071
1718286498
1001
south
1000
202101
1000
257
  0
ATTRIB
  5
1903
330
1902
100
AcDbEntity
  8
GCD
  6
Continuous
100
AcDbText
 10
574354.176
 20
2880477.22
 30
168.572
 40
0.3
  1
168.57
 41
0.8
 11
574354.176
 21
2880477.37
 31
168.572
100
AcDbAttribute
280
     0
  2
height
 70
     0
 74
     2
280
     0
  0
SEQEND
  5
1904
330
1902
100
AcDbEntity
  8
GCD
  6
Continuous
  0
INSERT
  5
1905
330
1F
100
AcDbEntity
  8
GCD
  6
Continuous
100
AcDbBlockReference
 66
     1
  2
gc200
 10
574359.9360000001
 20
2880477.904
 30
168.216
 41
0.075
 42
0.075
 43
0.075
1001
S_GXRQ
1071
1718286498
1001
south
1000
202101
1000
258
  0
ATTRIB
  5
1906
330
1905
100
AcDbEntity
  8
GCD
  6
Continuous
100
AcDbText
 10
574360.026
 20
2880477.829
 30
168.216
 40
0.15
  1
168.22
 41
0.8
 11
574360.026
 21
2880477.904
 31
168.216
100
AcDbAttribute
280
     0
  2
height
 70
     0
 74
     2
280
     0
  0
SEQEND
  5
1907
330
1905
100
AcDbEntity
  8
GCD
  6
Continuous
  0
INSERT
  5
1908
330
1F
100
AcDbEntity
  8
GCD
  6
Continuous
100
AcDbBlockReference
 66
     1
  2
gc200
 10
574355.6939999999
 20
2880473.518
 30
168.4199999999999
 41
0.15
 42
0.15
 43
0.15
1001
S_GXRQ
1071
1718286498
1001
south
1000
202101
1000
259
  0
ATTRIB
  5
1909
330
1908
100
AcDbEntity
  8
GCD
  6
Continuous
100
AcDbText
 10
574355.874
 20
2880473.368
 30
168.4199999999999
 40
0.3
  1
168.42
 41
0.8
 11
574355.874
 21
2880473.518
 31
168.4199999999999
100
AcDbAttribute
280
     0
  2
height
 70
     0
 74
     2
280
     0
  0
SEQEND
  5
190A
330
1908
100
AcDbEntity
  8
GCD
  6
Continuous
  0
INSERT
  5
190B
330
1F
100
AcDbEntity
  8
GCD
  6
Continuous
100
AcDbBlockReference
 66
     1
  2
gc200
 10
574352.0549999999
 20
2880480.973
 30
168.341
 41
0.15
 42
0.15
 43
0.15
1001
S_GXRQ
1071
1718286498
1001
south
1000
202101
1000
260
  0
ATTRIB
  5
190C
330
190B
100
AcDbEntity
  8
GCD
  6
Continuous
100
AcDbText
 10
574352.2350000001
 20
2880480.823
 30
168.341
 40
0.3
  1
168.34
 41
0.8
 11
574352.2350000001
 21
2880480.973
 31
168.341
100
AcDbAttribute
280
     0
  2
height
 70
     0
 74
     2
280
     0
  0
SEQEND
  5
190D
330
190B
100
AcDbEntity
  8
GCD
  6
Continuous
  0
INSERT
  5
190E
330
1F
100
AcDbEntity
  8
GCD
  6
Continuous
100
AcDbBlockReference
 66
     1
  2
gc200
 10
574358.3490000003
 20
2880466.883
 30
168.535
 41
0.075
 42
0.075
 43
0.075
1001
S_GXRQ
1071
1718286498
1001
south
1000
202101
1000
261
  0
ATTRIB
  5
190F
330
190E
100
AcDbEntity
  8
GCD
  6
Continuous
100
AcDbText
 10
574358.4390000004
 20
2880466.808
 30
168.535
 40
0.15
  1
168.54
 41
0.8
 11
574358.4390000004
 21
2880466.883
 31
168.535
100
AcDbAttribute
280
     0
  2
height
 70
     0
 74
     2
280
     0
  0
SEQEND
  5
1910
330
190E
100
AcDbEntity
  8
GCD
  6
Continuous
  0
INSERT
  5
1911
330
1F
100
AcDbEntity
  8
GCD
  6
Continuous
100
AcDbBlockReference
 66
     1
  2
gc200
 10
574358.0761632489
 20
2880464.541363762
 30
168.592
 41
0.075
 42
0.075
 43
0.075
1001
S_GXRQ
1071
1718286498
1001
south
1000
202101
1000
262
  0
ATTRIB
  5
1912
330
1911
100
AcDbEntity
  8
GCD
  6
Continuous
100
AcDbText
 10
574358.1661632489
 20
2880464.466363762
 30
168.592
 40
0.15
  1
168.59
 41
0.8
 11
574358.1661632489
 21
2880464.541363762
 31
168.592
100
AcDbAttribute
280
     0
  2
height
 70
     0
 74
     2
280
     0
  0
SEQEND
  5
1913
330
1911
100
AcDbEntity
  8
GCD
  6
Continuous
  0
INSERT
  5
1914
330
1F
100
AcDbEntity
  8
GCD
  6
Continuous
100
AcDbBlockReference
 66
     1
  2
gc200
 10
574359.2460000001
 20
2880468.813
 30
168.461
 41
0.075
 42
0.075
 43
0.075
1001
S_GXRQ
1071
1718286498
1001
south
1000
202101
1000
263
  0
ATTRIB
  5
1915
330
1914
100
AcDbEntity
  8
GCD
  6
Continuous
100
AcDbText
 10
574359.3360000001
 20
2880468.738
 30
168.461
 40
0.15
  1
168.46
 41
0.8
 11
574359.3360000001
 21
2880468.813
 31
168.461
100
AcDbAttribute
280
     0
  2
height
 70
     0
 74
     2
280
     0
  0
SEQEND
  5
1916
330
1914
100
AcDbEntity
  8
GCD
  6
Continuous
  0
INSERT
  5
1917
330
1F
100
AcDbEntity
  8
GCD
  6
Continuous
100
AcDbBlockReference
 66
     1
  2
gc200
 10
574363.591
 20
2880469.683000001
 30
168.318
 41
0.075
 42
0.075
 43
0.075
1001
S_GXRQ
1071
1718286498
1001
south
1000
202101
1000
266
  0
ATTRIB
  5
1918
330
1917
100
AcDbEntity
  8
GCD
  6
Continuous
100
AcDbText
 10
574363.681
 20
2880469.608000002
 30
168.318
 40
0.15
  1
168.32
 41
0.8
 11
574363.681
 21
2880469.683000001
 31
168.318
100
AcDbAttribute
280
     0
  2
height
 70
     0
 74
     2
280
     0
  0
SEQEND
  5
1919
330
1917
100
AcDbEntity
  8
GCD
  6
Continuous
  0
INSERT
  5
191A
330
1F
100
AcDbEntity
  8
GCD
  6
Continuous
100
AcDbBlockReference
 66
     1
  2
gc200
 10
574362.4010000001
 20
2880469.713
 30
168.496
 41
0.075
 42
0.075
 43
0.075
1001
S_GXRQ
1071
1718286498
1001
south
1000
202101
1000
267
  0
ATTRIB
  5
191B
330
191A
100
AcDbEntity
  8
GCD
  6
Continuous
100
AcDbText
 10
574362.4910000001
 20
2880469.638
 30
168.496
 40
0.15
  1
168.50
 41
0.8
 11
574362.4910000001
 21
2880469.713
 31
168.496
100
AcDbAttribute
280
     0
  2
height
 70
     0
 74
     2
280
     0
  0
SEQEND
  5
191C
330
191A
100
AcDbEntity
  8
GCD
  6
Continuous
  0
INSERT
  5
191D
330
1F
100
AcDbEntity
  8
GCD
  6
Continuous
100
AcDbBlockReference
 66
     1
  2
gc200
 10
574361.176
 20
2880465.938
 30
168.575
 41
0.075
 42
0.075
 43
0.075
1001
S_GXRQ
1071
1718286498
1001
south
1000
202101
1000
268
  0
ATTRIB
  5
191E
330
191D
100
AcDbEntity
  8
GCD
  6
Continuous
100
AcDbText
 10
574361.2660000001
 20
2880465.863
 30
168.575
 40
0.15
  1
168.58
 41
0.8
 11
574361.2660000001
 21
2880465.938
 31
168.575
100
AcDbAttribute
280
     0
  2
height
 70
     0
 74
     2
280
     0
  0
SEQEND
  5
191F
330
191D
100
AcDbEntity
  8
GCD
  6
Continuous
  0
INSERT
  5
1920
330
1F
100
AcDbEntity
  8
GCD
  6
Continuous
100
AcDbBlockReference
 66
     1
  2
gc200
 10
574363.168
 20
2880466.697000001
 30
168.3429999999999
 41
0.075
 42
0.075
 43
0.075
1001
S_GXRQ
1071
1718286498
1001
south
1000
202101
1000
269
  0
ATTRIB
  5
1921
330
1920
100
AcDbEntity
  8
GCD
  6
Continuous
100
AcDbText
 10
574363.2579999999
 20
2880466.622000001
 30
168.3429999999999
 40
0.15
  1
168.34
 41
0.8
 11
574363.2579999999
 21
2880466.697000001
 31
168.3429999999999
100
AcDbAttribute
280
     0
  2
height
 70
     0
 74
     2
280
     0
  0
SEQEND
  5
1922
330
1920
100
AcDbEntity
  8
GCD
  6
Continuous
  0
INSERT
  5
1923
330
1F
100
AcDbEntity
  8
GCD
  6
Continuous
100
AcDbBlockReference
 66
     1
  2
gc200
 10
574360.9129999999
 20
2880467.417
 30
168.548
 41
0.075
 42
0.075
 43
0.075
1001
S_GXRQ
1071
1718286498
1001
south
1000
202101
1000
270
  0
ATTRIB
  5
1924
330
1923
100
AcDbEntity
  8
GCD
  6
Continuous
100
AcDbText
 10
574361.0029999999
 20
2880467.342
 30
168.548
 40
0.15
  1
168.55
 41
0.8
 11
574361.0029999999
 21
2880467.417
 31
168.548
100
AcDbAttribute
280
     0
  2
height
 70
     0
 74
     2
280
     0
  0
SEQEND
  5
1925
330
1923
100
AcDbEntity
  8
GCD
  6
Continuous
  0
INSERT
  5
1926
330
1F
100
AcDbEntity
  8
GCD
  6
Continuous
100
AcDbBlockReference
 66
     1
  2
gc200
 10
574363.3420000001
 20
2880463.299
 30
168.424
 41
0.075
 42
0.075
 43
0.075
1001
S_GXRQ
1071
1718286498
1001
south
1000
202101
1000
271
  0
ATTRIB
  5
1927
330
1926
100
AcDbEntity
  8
GCD
  6
Continuous
100
AcDbText
 10
574363.432
 20
2880463.224
 30
168.424
 40
0.15
  1
168.42
 41
0.8
 11
574363.432
 21
2880463.299
 31
168.424
100
AcDbAttribute
280
     0
  2
height
 70
     0
 74
     2
280
     0
  0
SEQEND
  5
1928
330
1926
100
AcDbEntity
  8
GCD
  6
Continuous
  0
INSERT
  5
1929
330
1F
100
AcDbEntity
  8
GCD
  6
Continuous
100
AcDbBlockReference
 66
     1
  2
gc200
 10
574361.2760000001
 20
2880464.161
 30
168.679
 41
0.075
 42
0.075
 43
0.075
1001
S_GXRQ
1071
1718286498
1001
south
1000
202101
1000
272
  0
ATTRIB
  5
192A
330
1929
100
AcDbEntity
  8
GCD
  6
Continuous
100
AcDbText
 10
574361.3660000001
 20
2880464.086
 30
168.679
 40
0.15
  1
168.68
 41
0.8
 11
574361.3660000001
 21
2880464.161
 31
168.679
100
AcDbAttribute
280
     0
  2
height
 70
     0
 74
     2
280
     0
  0
SEQEND
  5
192B
330
1929
100
AcDbEntity
  8
GCD
  6
Continuous
  0
INSERT
  5
192C
330
1F
100
AcDbEntity
  8
GCD
  6
Continuous
100
AcDbBlockReference
 66
     1
  2
gc200
 10
574364.3583853192
 20
2880459.839204119
 30
84.37299999999998
 41
0.075
 42
0.075
 43
0.075
1001
S_GXRQ
1071
1718286498
1001
south
1000
202101
1000
273
  0
ATTRIB
  5
192D
330
192C
100
AcDbEntity
  8
GCD
  6
Continuous
100
AcDbText
 10
574364.4483853195
 20
2880459.764204119
 30
84.37299999999998
 40
0.15
  1
168.75
 41
0.8
 11
574364.4483853195
 21
2880459.839204119
 31
84.37299999999998
100
AcDbAttribute
280
     0
  2
height
 70
     0
 74
     2
280
     0
  0
SEQEND
  5
192E
330
192C
100
AcDbEntity
  8
GCD
  6
Continuous
  0
INSERT
  5
192F
330
1F
100
AcDbEntity
  8
GCD
  6
Continuous
100
AcDbBlockReference
 66
     1
  2
gc200
 10
574360.1810342194
 20
2880460.658375296
 30
84.28499999999997
 41
0.075
 42
0.075
 43
0.075
1001
S_GXRQ
1071
1718286498
1001
south
1000
202101
1000
274
  0
ATTRIB
  5
1930
330
192F
100
AcDbEntity
  8
GCD
  6
Continuous
100
AcDbText
 10
574360.2710342194
 20
2880460.583375296
 30
84.28499999999997
 40
0.15
  1
168.57
 41
0.8
 11
574360.2710342194
 21
2880460.658375296
 31
84.28499999999997
100
AcDbAttribute
280
     0
  2
height
 70
     0
 74
     2
280
     0
  0
SEQEND
  5
1931
330
192F
100
AcDbEntity
  8
GCD
  6
Continuous
  0
INSERT
  5
1932
330
1F
100
AcDbEntity
  8
GCD
  6
Continuous
100
AcDbBlockReference
 66
     1
  2
gc200
 10
574357.4714735554
 20
2880458.640486314
 30
84.42100000000001
 41
0.075
 42
0.075
 43
0.075
1001
S_GXRQ
1071
1718286498
1001
south
1000
202101
1000
275
  0
ATTRIB
  5
1933
330
1932
100
AcDbEntity
  8
GCD
  6
Continuous
100
AcDbText
 10
574357.5614735554
 20
2880458.565486314
 30
84.42100000000001
 40
0.15
  1
168.84
 41
0.8
 11
574357.5614735554
 21
2880458.640486314
 31
84.42100000000001
100
AcDbAttribute
280
     0
  2
height
 70
     0
 74
     2
280
     0
  0
SEQEND
  5
1934
330
1932
100
AcDbEntity
  8
GCD
  6
Continuous
  0
INSERT
  5
1935
330
1F
100
AcDbEntity
  8
GCD
  6
Continuous
100
AcDbBlockReference
 66
     1
  2
gc200
 10
574359.6783625992
 20
2880457.110916902
 30
84.43749999999999
 41
0.075
 42
0.075
 43
0.075
1001
S_GXRQ
1071
1718286498
1001
south
1000
202101
1000
276
  0
ATTRIB
  5
1936
330
1935
100
AcDbEntity
  8
GCD
  6
Continuous
100
AcDbText
 10
574359.7683625992
 20
2880457.035916902
 30
84.43749999999999
 40
0.15
  1
168.88
 41
0.8
 11
574359.7683625992
 21
2880457.110916902
 31
84.43749999999999
100
AcDbAttribute
280
     0
  2
height
 70
     0
 74
     2
280
     0
  0
SEQEND
  5
1937
330
1935
100
AcDbEntity
  8
GCD
  6
Continuous
  0
INSERT
  5
1938
330
1F
100
AcDbEntity
  8
GCD
  6
Continuous
100
AcDbBlockReference
 66
     1
  2
gc200
 10
574361.0133413266
 20
2880456.647446417
 30
84.4045
 41
0.075
 42
0.075
 43
0.075
1001
S_GXRQ
1071
1718286498
1001
south
1000
202101
1000
277
  0
ATTRIB
  5
1939
330
1938
100
AcDbEntity
  8
GCD
  6
Continuous
100
AcDbText
 10
574361.1033413266
 20
2880456.572446417
 30
84.4045
 40
0.15
  1
168.81
 41
0.8
 11
574361.1033413266
 21
2880456.647446417
 31
84.4045
100
AcDbAttribute
280
     0
  2
height
 70
     0
 74
     2
280
     0
  0
SEQEND
  5
193A
330
1938
100
AcDbEntity
  8
GCD
  6
Continuous
  0
INSERT
  5
193B
330
1F
100
AcDbEntity
  8
GCD
  6
Continuous
100
AcDbBlockReference
 66
     1
  2
gc200
 10
574363.0187049587
 20
2880455.86955048
 30
84.40699999999997
 41
0.075
 42
0.075
 43
0.075
1001
S_GXRQ
1071
1718286498
1001
south
1000
202101
1000
278
  0
ATTRIB
  5
193C
330
193B
100
AcDbEntity
  8
GCD
  6
Continuous
100
AcDbText
 10
574363.1087049588
 20
2880455.79455048
 30
84.40699999999997
 40
0.15
  1
168.81
 41
0.8
 11
574363.1087049588
 21
2880455.86955048
 31
84.40699999999997
100
AcDbAttribute
280
     0
  2
height
 70
     0
 74
     2
280
     0
  0
SEQEND
  5
193D
330
193B
100
AcDbEntity
  8
GCD
  6
Continuous
  0
INSERT
  5
193E
330
1F
100
AcDbEntity
  8
GCD
  6
Continuous
100
AcDbBlockReference
 66
     1
  2
gc200
 10
574364.527
 20
2880454.423999999
 30
168.8309999999999
 41
0.15
 42
0.15
 43
0.15
1001
S_GXRQ
1071
1718286498
1001
south
1000
202101
1000
279
  0
ATTRIB
  5
193F
330
193E
100
AcDbEntity
  8
GCD
  6
Continuous
100
AcDbText
 10
574364.7069999999
 20
2880454.273999999
 30
168.8309999999999
 40
0.3
  1
168.83
 41
0.8
 11
574364.7069999999
 21
2880454.423999999
 31
168.8309999999999
100
AcDbAttribute
280
     0
  2
height
 70
     0
 74
     2
280
     0
  0
SEQEND
  5
1940
330
193E
100
AcDbEntity
  8
GCD
  6
Continuous
  0
INSERT
  5
1941
330
1F
100
AcDbEntity
  8
GCD
  6
Continuous
100
AcDbBlockReference
 66
     1
  2
gc200
 10
574362.0230000001
 20
2880450.886000001
 30
168.719
 41
0.1
 42
0.1
 43
0.1
1001
S_GXRQ
1071
1718286498
1001
south
1000
202101
1000
281
  0
ATTRIB
  5
1942
330
1941
100
AcDbEntity
  8
GCD
  6
Continuous
100
AcDbText
 10
574362.1430000001
 20
2880450.786000001
 30
168.719
 40
0.2
  1
168.72
 41
0.8
 11
574362.1430000001
 21
2880450.886000001
 31
168.719
100
AcDbAttribute
280
     0
  2
height
 70
     0
 74
     2
280
     0
  0
SEQEND
  5
1943
330
1941
100
AcDbEntity
  8
GCD
  6
Continuous
  0
INSERT
  5
1944
330
1F
100
AcDbEntity
  8
GCD
  6
Continuous
100
AcDbBlockReference
 66
     1
  2
gc200
 10
574360.0520000001
 20
2880445.377
 30
168.553
 41
0.1
 42
0.1
 43
0.1
1001
S_GXRQ
1071
1718286498
1001
south
1000
202101
1000
285
  0
ATTRIB
  5
1945
330
1944
100
AcDbEntity
  8
GCD
  6
Continuous
100
AcDbText
 10
574360.1720000004
 20
2880445.277
 30
168.553
 40
0.2
  1
168.55
 41
0.8
 11
574360.1720000004
 21
2880445.377
 31
168.553
100
AcDbAttribute
280
     0
  2
height
 70
     0
 74
     2
280
     0
  0
SEQEND
  5
1946
330
1944
100
AcDbEntity
  8
GCD
  6
Continuous
  0
INSERT
  5
1947
330
1F
100
AcDbEntity
  8
GCD
  6
Continuous
100
AcDbBlockReference
 66
     1
  2
gc200
 10
574355.469
 20
2880443.326000001
 30
168.636
 41
0.1
 42
0.1
 43
0.1
1001
S_GXRQ
1071
1718286498
1001
south
1000
202101
1000
287
  0
ATTRIB
  5
1948
330
1947
100
AcDbEntity
  8
GCD
  6
Continuous
100
AcDbText
 10
574355.5890000003
 20
2880443.226000001
 30
168.636
 40
0.2
  1
168.64
 41
0.8
 11
574355.5890000003
 21
2880443.326000001
 31
168.636
100
AcDbAttribute
280
     0
  2
height
 70
     0
 74
     2
280
     0
  0
SEQEND
  5
1949
330
1947
100
AcDbEntity
  8
GCD
  6
Continuous
  0
INSERT
  5
194A
330
1F
100
AcDbEntity
  8
GCD
  6
Continuous
100
AcDbBlockReference
 66
     1
  2
gc200
 10
574354.5690000004
 20
2880440.826
 30
168.473
 41
0.1
 42
0.1
 43
0.1
1001
S_GXRQ
1071
1718286498
1001
south
1000
202101
1000
288
  0
ATTRIB
  5
194B
330
194A
100
AcDbEntity
  8
GCD
  6
Continuous
100
AcDbText
 10
574354.6890000002
 20
2880440.726000001
 30
168.473
 40
0.2
  1
168.47
 41
0.8
 11
574354.6890000002
 21
2880440.826
 31
168.473
100
AcDbAttribute
280
     0
  2
height
 70
     0
 74
     2
280
     0
  0
SEQEND
  5
194C
330
194A
100
AcDbEntity
  8
GCD
  6
Continuous
  0
INSERT
  5
194D
330
1F
100
AcDbEntity
  8
GCD
  6
Continuous
100
AcDbBlockReference
 66
     1
  2
gc200
 10
574353.5150000004
 20
2880434.426999999
 30
168.674
 41
0.1
 42
0.1
 43
0.1
1001
S_GXRQ
1071
1718286498
1001
south
1000
202101
1000
291
  0
ATTRIB
  5
194E
330
194D
100
AcDbEntity
  8
GCD
  6
Continuous
100
AcDbText
 10
574353.6350000002
 20
2880434.326999999
 30
168.674
 40
0.2
  1
168.67
 41
0.8
 11
574353.6350000002
 21
2880434.426999999
 31
168.674
100
AcDbAttribute
280
     0
  2
height
 70
     0
 74
     2
280
     0
  0
SEQEND
  5
194F
330
194D
100
AcDbEntity
  8
GCD
  6
Continuous
  0
INSERT
  5
1950
330
1F
100
AcDbEntity
  8
GCD
  6
Continuous
100
AcDbBlockReference
 66
     1
  2
gc200
 10
574357.3770000001
 20
2880440.579
 30
168.501
 41
0.1
 42
0.1
 43
0.1
1001
S_GXRQ
1071
1718286498
1001
south
1000
202101
1000
294
  0
ATTRIB
  5
1951
330
1950
100
AcDbEntity
  8
GCD
  6
Continuous
100
AcDbText
 10
574357.4970000002
 20
2880440.479
 30
168.501
 40
0.2
  1
168.50
 41
0.8
 11
574357.4970000002
 21
2880440.579
 31
168.501
100
AcDbAttribute
280
     0
  2
height
 70
     0
 74
     2
280
     0
  0
SEQEND
  5
1952
330
1950
100
AcDbEntity
  8
GCD
  6
Continuous
  0
INSERT
  5
1953
330
1F
100
AcDbEntity
  8
GCD
  6
Continuous
100
AcDbBlockReference
 66
     1
  2
gc200
 10
574357.2990000001
 20
2880434.848000001
 30
168.602
 41
0.1
 42
0.1
 43
0.1
1001
S_GXRQ
1071
1718286498
1001
south
1000
202101
1000
299
  0
ATTRIB
  5
1954
330
1953
100
AcDbEntity
  8
GCD
  6
Continuous
100
AcDbText
 10
574357.4190000003
 20
2880434.748000001
 30
168.602
 40
0.2
  1
168.60
 41
0.8
 11
574357.4190000003
 21
2880434.848000001
 31
168.602
100
AcDbAttribute
280
     0
  2
height
 70
     0
 74
     2
280
     0
  0
SEQEND
  5
1955
330
1953
100
AcDbEntity
  8
GCD
  6
Continuous
  0
INSERT
  5
1956
330
1F
100
AcDbEntity
  8
GCD
  6
Continuous
100
AcDbBlockReference
 66
     1
  2
gc200
 10
574361.463
 20
2880437.663
 30
168.407
 41
0.1
 42
0.1
 43
0.1
1001
S_GXRQ
1071
1718286498
1001
south
1000
202101
1000
301
  0
ATTRIB
  5
1957
330
1956
100
AcDbEntity
  8
GCD
  6
Continuous
100
AcDbText
 10
574361.5830000001
 20
2880437.563
 30
168.407
 40
0.2
  1
168.41
 41
0.8
 11
574361.5830000001
 21
2880437.663
 31
168.407
100
AcDbAttribute
280
     0
  2
height
 70
     0
 74
     2
280
     0
  0
SEQEND
  5
1958
330
1956
100
AcDbEntity
  8
GCD
  6
Continuous
  0
INSERT
  5
1959
330
1F
100
AcDbEntity
  8
GCD
  6
Continuous
100
AcDbBlockReference
 66
     1
  2
gc200
 10
574361.589
 20
2880441.507000001
 30
168.663
 41
0.1
 42
0.1
 43
0.1
1001
S_GXRQ
1071
1718286498
1001
south
1000
202101
1000
303
  0
ATTRIB
  5
195A
330
1959
100
AcDbEntity
  8
GCD
  6
Continuous
100
AcDbText
 10
574361.7090000003
 20
2880441.407000001
 30
168.663
 40
0.2
  1
168.66
 41
0.8
 11
574361.7090000003
 21
2880441.507000001
 31
168.663
100
AcDbAttribute
280
     0
  2
height
 70
     0
 74
     2
280
     0
  0
SEQEND
  5
195B
330
1959
100
AcDbEntity
  8
GCD
  6
Continuous
  0
INSERT
  5
195C
330
1F
100
AcDbEntity
  8
GCD
  6
Continuous
100
AcDbBlockReference
 66
     1
  2
gc200
 10
574365.4290000002
 20
2880455.319999999
 30
168.741
 41
0.15
 42
0.15
 43
0.15
1001
S_GXRQ
1071
1718286498
1001
south
1000
202101
1000
309
  0
ATTRIB
  5
195D
330
195C
100
AcDbEntity
  8
GCD
  6
Continuous
100
AcDbText
 10
574365.6089999999
 20
2880455.169999999
 30
168.741
 40
0.3
  1
168.74
 41
0.8
 11
574365.6089999999
 21
2880455.319999999
 31
168.741
100
AcDbAttribute
280
     0
  2
height
 70
     0
 74
     2
280
     0
  0
SEQEND
  5
195E
330
195C
100
AcDbEntity
  8
GCD
  6
Continuous
  0
INSERT
  5
195F
330
1F
100
AcDbEntity
  8
GCD
  6
Continuous
100
AcDbBlockReference
 66
     1
  2
gc200
 10
574365.1814638322
 20
2880458.296721371
 30
84.274
 41
0.075
 42
0.075
 43
0.075
1001
S_GXRQ
1071
1718286498
1001
south
1000
202101
1000
310
  0
ATTRIB
  5
1960
330
195F
100
AcDbEntity
  8
GCD
  6
Continuous
100
AcDbText
 10
574365.2714638321
 20
2880458.221721371
 30
84.274
 40
0.15
  1
168.55
 41
0.8
 11
574365.2714638321
 21
2880458.296721371
 31
84.274
100
AcDbAttribute
280
     0
  2
height
 70
     0
 74
     2
280
     0
  0
SEQEND
  5
1961
330
195F
100
AcDbEntity
  8
GCD
  6
Continuous
  0
INSERT
  5
1962
330
1F
100
AcDbEntity
  8
GCD
  6
Continuous
100
AcDbBlockReference
 66
     1
  2
gc200
 10
574366.90065308
 20
2880460.336228342
 30
84.212
 41
0.075
 42
0.075
 43
0.075
1001
S_GXRQ
1071
1718286498
1001
south
1000
202101
1000
311
  0
ATTRIB
  5
1963
330
1962
100
AcDbEntity
  8
GCD
  6
Continuous
100
AcDbText
 10
574366.9906530801
 20
2880460.261228342
 30
84.212
 40
0.15
  1
168.42
 41
0.8
 11
574366.9906530801
 21
2880460.336228342
 31
84.212
100
AcDbAttribute
280
     0
  2
height
 70
     0
 74
     2
280
     0
  0
SEQEND
  5
1964
330
1962
100
AcDbEntity
  8
GCD
  6
Continuous
  0
INSERT
  5
1965
330
1F
100
AcDbEntity
  8
GCD
  6
Continuous
100
AcDbBlockReference
 66
     1
  2
gc200
 10
574365.858
 20
2880462.599999999
 30
168.419
 41
0.075
 42
0.075
 43
0.075
1001
S_GXRQ
1071
1718286498
1001
south
1000
202101
1000
312
  0
ATTRIB
  5
1966
330
1965
100
AcDbEntity
  8
GCD
  6
Continuous
100
AcDbText
 10
574365.948
 20
2880462.524999999
 30
168.419
 40
0.15
  1
168.42
 41
0.8
 11
574365.948
 21
2880462.599999999
 31
168.419
100
AcDbAttribute
280
     0
  2
height
 70
     0
 74
     2
280
     0
  0
SEQEND
  5
1967
330
1965
100
AcDbEntity
  8
GCD
  6
Continuous
  0
INSERT
  5
1968
330
1F
100
AcDbEntity
  8
GCD
  6
Continuous
100
AcDbBlockReference
 66
     1
  2
gc200
 10
574365.8490000003
 20
2880465.112
 30
168.357
 41
0.075
 42
0.075
 43
0.075
1001
S_GXRQ
1071
1718286498
1001
south
1000
202101
1000
313
  0
ATTRIB
  5
1969
330
1968
100
AcDbEntity
  8
GCD
  6
Continuous
100
AcDbText
 10
574365.9390000001
 20
2880465.037
 30
168.357
 40
0.15
  1
168.36
 41
0.8
 11
574365.9390000001
 21
2880465.112
 31
168.357
100
AcDbAttribute
280
     0
  2
height
 70
     0
 74
     2
280
     0
  0
SEQEND
  5
196A
330
1968
100
AcDbEntity
  8
GCD
  6
Continuous
  0
INSERT
  5
196B
330
1F
100
AcDbEntity
  8
GCD
  6
Continuous
100
AcDbBlockReference
 66
     1
  2
gc200
 10
574365.2700000001
 20
2880466.640000001
 30
168.5639999999999
 41
0.075
 42
0.075
 43
0.075
1001
S_GXRQ
1071
1718286498
1001
south
1000
202101
1000
314
  0
ATTRIB
  5
196C
330
196B
100
AcDbEntity
  8
GCD
  6
Continuous
100
AcDbText
 10
574365.36
 20
2880466.565000001
 30
168.5639999999999
 40
0.15
  1
168.56
 41
0.8
 11
574365.36
 21
2880466.640000001
 31
168.5639999999999
100
AcDbAttribute
280
     0
  2
height
 70
     0
 74
     2
280
     0
  0
SEQEND
  5
196D
330
196B
100
AcDbEntity
  8
GCD
  6
Continuous
  0
INSERT
  5
196E
330
1F
100
AcDbEntity
  8
GCD
  6
Continuous
100
AcDbBlockReference
 66
     1
  2
gc200
 10
574365.915
 20
2880468.693
 30
168.3519999999999
 41
0.075
 42
0.075
 43
0.075
1001
S_GXRQ
1071
1718286498
1001
south
1000
202101
1000
315
  0
ATTRIB
  5
196F
330
196E
100
AcDbEntity
  8
GCD
  6
Continuous
100
AcDbText
 10
574366.005
 20
2880468.618
 30
168.3519999999999
 40
0.15
  1
168.35
 41
0.8
 11
574366.005
 21
2880468.693
 31
168.3519999999999
100
AcDbAttribute
280
     0
  2
height
 70
     0
 74
     2
280
     0
  0
SEQEND
  5
1970
330
196E
100
AcDbEntity
  8
GCD
  6
Continuous
  0
INSERT
  5
1971
330
1F
100
AcDbEntity
  8
GCD
  6
Continuous
100
AcDbBlockReference
 66
     1
  2
gc200
 10
574365.5720000001
 20
2880470.533
 30
168.546
 41
0.075
 42
0.075
 43
0.075
1001
S_GXRQ
1071
1718286498
1001
south
1000
202101
1000
316
  0
ATTRIB
  5
1972
330
1971
100
AcDbEntity
  8
GCD
  6
Continuous
100
AcDbText
 10
574365.6620000002
 20
2880470.458
 30
168.546
 40
0.15
  1
168.55
 41
0.8
 11
574365.6620000002
 21
2880470.533
 31
168.546
100
AcDbAttribute
280
     0
  2
height
 70
     0
 74
     2
280
     0
  0
SEQEND
  5
1973
330
1971
100
AcDbEntity
  8
GCD
  6
Continuous
  0
INSERT
  5
1974
330
1F
100
AcDbEntity
  8
GCD
  6
Continuous
100
AcDbBlockReference
 66
     1
  2
gc200
 10
574365.5690000001
 20
2880471.481
 30
168.464
 41
0.075
 42
0.075
 43
0.075
1001
S_GXRQ
1071
1718286498
1001
south
1000
202101
1000
317
  0
ATTRIB
  5
1975
330
1974
100
AcDbEntity
  8
GCD
  6
Continuous
100
AcDbText
 10
574365.6590000004
 20
2880471.406
 30
168.464
 40
0.15
  1
168.46
 41
0.8
 11
574365.6590000004
 21
2880471.481
 31
168.464
100
AcDbAttribute
280
     0
  2
height
 70
     0
 74
     2
280
     0
  0
SEQEND
  5
1976
330
1974
100
AcDbEntity
  8
GCD
  6
Continuous
  0
INSERT
  5
1977
330
1F
100
AcDbEntity
  8
GCD
  6
Continuous
100
AcDbBlockReference
 66
     1
  2
gc200
 10
574365.6239999999
 20
2880472.636000001
 30
168.644
 41
0.075
 42
0.075
 43
0.075
1001
S_GXRQ
1071
1718286498
1001
south
1000
202101
1000
318
  0
ATTRIB
  5
1978
330
1977
100
AcDbEntity
  8
GCD
  6
Continuous
100
AcDbText
 10
574365.714
 20
2880472.561000001
 30
168.644
 40
0.15
  1
168.64
 41
0.8
 11
574365.714
 21
2880472.636000001
 31
168.644
100
AcDbAttribute
280
     0
  2
height
 70
     0
 74
     2
280
     0
  0
SEQEND
  5
1979
330
1977
100
AcDbEntity
  8
GCD
  6
Continuous
  0
INSERT
  5
197A
330
1F
100
AcDbEntity
  8
GCD
  6
Continuous
100
AcDbBlockReference
 66
     1
  2
gc200
 10
574365.9050000001
 20
2880474.515
 30
168.317
 41
0.075
 42
0.075
 43
0.075
1001
S_GXRQ
1071
1718286498
1001
south
1000
202101
1000
319
  0
ATTRIB
  5
197B
330
197A
100
AcDbEntity
  8
GCD
  6
Continuous
100
AcDbText
 10
574365.9950000001
 20
2880474.44
 30
168.317
 40
0.15
  1
168.32
 41
0.8
 11
574365.9950000001
 21
2880474.515
 31
168.317
100
AcDbAttribute
280
     0
  2
height
 70
     0
 74
     2
280
     0
  0
SEQEND
  5
197C
330
197A
100
AcDbEntity
  8
GCD
  6
Continuous
  0
INSERT
  5
197D
330
1F
100
AcDbEntity
  8
GCD
  6
Continuous
100
AcDbBlockReference
 66
     1
  2
gc200
 10
574366.4880000001
 20
2880475.249
 30
168.454
 41
0.075
 42
0.075
 43
0.075
1001
S_GXRQ
1071
1718286498
1001
south
1000
202101
1000
320
  0
ATTRIB
  5
197E
330
197D
100
AcDbEntity
  8
GCD
  6
Continuous
100
AcDbText
 10
574366.5780000001
 20
2880475.174
 30
168.454
 40
0.15
  1
168.45
 41
0.8
 11
574366.5780000001
 21
2880475.249
 31
168.454
100
AcDbAttribute
280
     0
  2
height
 70
     0
 74
     2
280
     0
  0
SEQEND
  5
197F
330
197D
100
AcDbEntity
  8
GCD
  6
Continuous
  0
INSERT
  5
1980
330
1F
100
AcDbEntity
  8
GCD
  6
Continuous
100
AcDbBlockReference
 66
     1
  2
gc200
 10
574364.0800000001
 20
2880477.441
 30
168.485
 41
0.075
 42
0.075
 43
0.075
1001
S_GXRQ
1071
1718286498
1001
south
1000
202101
1000
321
  0
ATTRIB
  5
1981
330
1980
100
AcDbEntity
  8
GCD
  6
Continuous
100
AcDbText
 10
574364.1700000003
 20
2880477.366
 30
168.485
 40
0.15
  1
168.49
 41
0.8
 11
574364.1700000003
 21
2880477.441
 31
168.485
100
AcDbAttribute
280
     0
  2
height
 70
     0
 74
     2
280
     0
  0
SEQEND
  5
1982
330
1980
100
AcDbEntity
  8
GCD
  6
Continuous
  0
INSERT
  5
1983
330
1F
100
AcDbEntity
  8
GCD
  6
Continuous
100
AcDbBlockReference
 66
     1
  2
gc200
 10
574364.027
 20
2880478.165
 30
168.202
 41
0.075
 42
0.075
 43
0.075
1001
S_GXRQ
1071
1718286498
1001
south
1000
202101
1000
322
  0
ATTRIB
  5
1984
330
1983
100
AcDbEntity
  8
GCD
  6
Continuous
100
AcDbText
 10
574364.117
 20
2880478.09
 30
168.202
 40
0.15
  1
168.20
 41
0.8
 11
574364.117
 21
2880478.165
 31
168.202
100
AcDbAttribute
280
     0
  2
height
 70
     0
 74
     2
280
     0
  0
SEQEND
  5
1985
330
1983
100
AcDbEntity
  8
GCD
  6
Continuous
  0
INSERT
  5
1986
330
1F
100
AcDbEntity
  8
GCD
  6
Continuous
100
AcDbBlockReference
 66
     1
  2
gc200
 10
574361.8910000001
 20
2880479.562
 30
168.22
 41
0.075
 42
0.075
 43
0.075
1001
S_GXRQ
1071
1718286498
1001
south
1000
202101
1000
323
  0
ATTRIB
  5
1987
330
1986
100
AcDbEntity
  8
GCD
  6
Continuous
100
AcDbText
 10
574361.9810000001
 20
2880479.487
 30
168.22
 40
0.15
  1
168.22
 41
0.8
 11
574361.9810000001
 21
2880479.562
 31
168.22
100
AcDbAttribute
280
     0
  2
height
 70
     0
 74
     2
280
     0
  0
SEQEND
  5
1988
330
1986
100
AcDbEntity
  8
GCD
  6
Continuous
  0
INSERT
  5
1989
330
1F
100
AcDbEntity
  8
GCD
  6
Continuous
100
AcDbBlockReference
 66
     1
  2
gc200
 10
574362.466
 20
2880480.844
 30
168.44
 41
0.075
 42
0.075
 43
0.075
1001
S_GXRQ
1071
1718286498
1001
south
1000
202101
1000
324
  0
ATTRIB
  5
198A
330
1989
100
AcDbEntity
  8
GCD
  6
Continuous
100
AcDbText
 10
574362.556
 20
2880480.769
 30
168.44
 40
0.15
  1
168.44
 41
0.8
 11
574362.556
 21
2880480.844
 31
168.44
100
AcDbAttribute
280
     0
  2
height
 70
     0
 74
     2
280
     0
  0
SEQEND
  5
198B
330
1989
100
AcDbEntity
  8
GCD
  6
Continuous
  0
INSERT
  5
198C
330
1F
100
AcDbEntity
  8
GCD
  6
Continuous
100
AcDbBlockReference
 66
     1
  2
gc200
 10
574363.03
 20
2880482.089
 30
168.165
 41
0.075
 42
0.075
 43
0.075
1001
S_GXRQ
1071
1718286498
1001
south
1000
202101
1000
325
  0
ATTRIB
  5
198D
330
198C
100
AcDbEntity
  8
GCD
  6
Continuous
100
AcDbText
 10
574363.1200000002
 20
2880482.014
 30
168.165
 40
0.15
  1
168.17
 41
0.8
 11
574363.1200000002
 21
2880482.089
 31
168.165
100
AcDbAttribute
280
     0
  2
height
 70
     0
 74
     2
280
     0
  0
SEQEND
  5
198E
330
198C
100
AcDbEntity
  8
GCD
  6
Continuous
  0
INSERT
  5
198F
330
1F
100
AcDbEntity
  8
GCD
  6
Continuous
100
AcDbBlockReference
 66
     1
  2
gc200
 10
574365.842
 20
2880480.455
 30
168.262
 41
0.075
 42
0.075
 43
0.075
1001
S_GXRQ
1071
1718286498
1001
south
1000
202101
1000
326
  0
ATTRIB
  5
1990
330
198F
100
AcDbEntity
  8
GCD
  6
Continuous
100
AcDbText
 10
574365.9320000002
 20
2880480.38
 30
168.262
 40
0.15
  1
168.26
 41
0.8
 11
574365.9320000002
 21
2880480.455
 31
168.262
100
AcDbAttribute
280
     0
  2
height
 70
     0
 74
     2
280
     0
  0
SEQEND
  5
1991
330
198F
100
AcDbEntity
  8
GCD
  6
Continuous
  0
INSERT
  5
1992
330
1F
100
AcDbEntity
  8
GCD
  6
Continuous
100
AcDbBlockReference
 66
     1
  2
gc200
 10
574356.3810000001
 20
2880348.428
 30
169.882
 41
0.5
 42
0.5
 43
0.5
1001
S_GXRQ
1071
1718286498
1001
south
1000
202101
1000
327
  0
ATTRIB
  5
1993
330
1992
100
AcDbEntity
  8
GCD
  6
Continuous
100
AcDbText
 10
574356.9810000003
 20
2880347.928
 30
169.882
 40
1.0
  1
169.88
 41
0.8
 11
574356.9810000003
 21
2880348.428
 31
169.882
100
AcDbAttribute
280
     0
  2
height
 70
     0
 74
     2
280
     0
  0
SEQEND
  5
1994
330
1992
100
AcDbEntity
  8
GCD
  6
Continuous
  0
INSERT
  5
1995
330
1F
100
AcDbEntity
  8
GCD
  6
Continuous
100
AcDbBlockReference
 66
     1
  2
gc200
 10
574352.0110000003
 20
2880342.962
 30
170.702
 41
0.5
 42
0.5
 43
0.5
1001
S_GXRQ
1071
1718286498
1001
south
1000
202101
1000
328
  0
ATTRIB
  5
1996
330
1995
100
AcDbEntity
  8
GCD
  6
Continuous
100
AcDbText
 10
574352.6110000001
 20
2880342.462
 30
170.702
 40
1.0
  1
170.70
 41
0.8
 11
574352.6110000001
 21
2880342.962
 31
170.702
100
AcDbAttribute
280
     0
  2
height
 70
     0
 74
     2
280
     0
  0
SEQEND
  5
1997
330
1995
100
AcDbEntity
  8
GCD
  6
Continuous
  0
INSERT
  5
1998
330
1F
100
AcDbEntity
  8
GCD
  6
Continuous
100
AcDbBlockReference
 66
     1
  2
gc200
 10
574357.017
 20
2880338.313
 30
170.16
 41
0.5
 42
0.5
 43
0.5
1001
S_GXRQ
1071
1718286498
1001
south
1000
202101
1000
329
  0
ATTRIB
  5
1999
330
1998
100
AcDbEntity
  8
GCD
  6
Continuous
100
AcDbText
 10
574357.6170000001
 20
2880337.813
 30
170.16
 40
1.0
  1
170.16
 41
0.8
 11
574357.6170000001
 21
2880338.313
 31
170.16
100
AcDbAttribute
280
     0
  2
height
 70
     0
 74
     2
280
     0
  0
SEQEND
  5
199A
330
1998
100
AcDbEntity
  8
GCD
  6
Continuous
  0
INSERT
  5
199B
330
1F
100
AcDbEntity
  8
GCD
  6
Continuous
100
AcDbBlockReference
 66
     1
  2
gc200
 10
574346.521
 20
2880325.738
 30
172.6309999999999
 41
0.5
 42
0.5
 43
0.5
1001
S_GXRQ
1071
1718286498
1001
south
1000
202101
1000
330
  0
ATTRIB
  5
199C
330
199B
100
AcDbEntity
  8
GCD
  6
Continuous
100
AcDbText
 10
574347.121
 20
2880325.238
 30
172.6309999999999
 40
1.0
  1
172.63
 41
0.8
 11
574347.121
 21
2880325.738
 31
172.6309999999999
100
AcDbAttribute
280
     0
  2
height
 70
     0
 74
     2
280
     0
  0
SEQEND
  5
199D
330
199B
100
AcDbEntity
  8
GCD
  6
Continuous
  0
INSERT
  5
199E
330
1F
100
AcDbEntity
  8
GCD
  6
Continuous
100
AcDbBlockReference
 66
     1
  2
gc200
 10
574350.2730000001
 20
2880329.082
 30
172.7
 41
0.5
 42
0.5
 43
0.5
1001
S_GXRQ
1071
1718286498
1001
south
1000
202101
1000
331
  0
ATTRIB
  5
199F
330
199E
100
AcDbEntity
  8
GCD
  6
Continuous
100
AcDbText
 10
574350.8730000002
 20
2880328.582
 30
172.7
 40
1.0
  1
172.70
 41
0.8
 11
574350.8730000002
 21
2880329.082
 31
172.7
100
AcDbAttribute
280
     0
  2
height
 70
     0
 74
     2
280
     0
  0
SEQEND
  5
19A0
330
199E
100
AcDbEntity
  8
GCD
  6
Continuous
  0
INSERT
  5
19A1
330
1F
100
AcDbEntity
  8
GCD
  6
Continuous
100
AcDbBlockReference
 66
     1
  2
gc200
 10
574351.8830000001
 20
2880334.027
 30
171.351
 41
0.5
 42
0.5
 43
0.5
1001
S_GXRQ
1071
1718286498
1001
south
1000
202101
1000
332
  0
ATTRIB
  5
19A2
330
19A1
100
AcDbEntity
  8
GCD
  6
Continuous
100
AcDbText
 10
574352.4830000001
 20
2880333.527
 30
171.351
 40
1.0
  1
171.35
 41
0.8
 11
574352.4830000001
 21
2880334.027
 31
171.351
100
AcDbAttribute
280
     0
  2
height
 70
     0
 74
     2
280
     0
  0
SEQEND
  5
19A3
330
19A1
100
AcDbEntity
  8
GCD
  6
Continuous
  0
INSERT
  5
19A4
330
1F
100
AcDbEntity
  8
GCD
  6
Continuous
100
AcDbBlockReference
 66
     1
  2
gc200
 10
574345.7900000001
 20
2880333.988
 30
172.649
 41
0.5
 42
0.5
 43
0.5
1001
S_GXRQ
1071
1718286498
1001
south
1000
202101
1000
333
  0
ATTRIB
  5
19A5
330
19A4
100
AcDbEntity
  8
GCD
  6
Continuous
100
AcDbText
 10
574346.3900000001
 20
2880333.488
 30
172.649
 40
1.0
  1
172.65
 41
0.8
 11
574346.3900000001
 21
2880333.988
 31
172.649
100
AcDbAttribute
280
     0
  2
height
 70
     0
 74
     2
280
     0
  0
SEQEND
  5
19A6
330
19A4
100
AcDbEntity
  8
GCD
  6
Continuous
  0
INSERT
  5
19A7
330
1F
100
AcDbEntity
  8
GCD
  6
Continuous
100
AcDbBlockReference
 66
     1
  2
gc200
 10
574342.8760000004
 20
2880330.997000001
 30
172.783
 41
0.5
 42
0.5
 43
0.5
1001
S_GXRQ
1071
1718286498
1001
south
1000
202101
1000
334
  0
ATTRIB
  5
19A8
330
19A7
100
AcDbEntity
  8
GCD
  6
Continuous
100
AcDbText
 10
574343.476
 20
2880330.497000002
 30
172.783
 40
1.0
  1
172.78
 41
0.8
 11
574343.476
 21
2880330.997000001
 31
172.783
100
AcDbAttribute
280
     0
  2
height
 70
     0
 74
     2
280
     0
  0
SEQEND
  5
19A9
330
19A7
100
AcDbEntity
  8
GCD
  6
Continuous
  0
INSERT
  5
19AA
330
1F
100
AcDbEntity
  8
GCD
  6
Continuous
100
AcDbBlockReference
 66
     1
  2
gc200
 10
574338.645
 20
2880327.964000001
 30
173.248
 41
0.5
 42
0.5
 43
0.5
1001
S_GXRQ
1071
1718286498
1001
south
1000
202101
1000
335
  0
ATTRIB
  5
19AB
330
19AA
100
AcDbEntity
  8
GCD
  6
Continuous
100
AcDbText
 10
574339.2450000001
 20
2880327.464000001
 30
173.248
 40
1.0
  1
173.25
 41
0.8
 11
574339.2450000001
 21
2880327.964000001
 31
173.248
100
AcDbAttribute
280
     0
  2
height
 70
     0
 74
     2
280
     0
  0
SEQEND
  5
19AC
330
19AA
100
AcDbEntity
  8
GCD
  6
Continuous
  0
INSERT
  5
19AD
330
1F
100
AcDbEntity
  8
GCD
  6
Continuous
100
AcDbBlockReference
 66
     1
  2
gc200
 10
574333.928
 20
2880331.008
 30
172.528
 41
0.5
 42
0.5
 43
0.5
1001
S_GXRQ
1071
1718286498
1001
south
1000
202101
1000
336
  0
ATTRIB
  5
19AE
330
19AD
100
AcDbEntity
  8
GCD
  6
Continuous
100
AcDbText
 10
574334.5279999999
 20
2880330.508
 30
172.528
 40
1.0
  1
172.53
 41
0.8
 11
574334.5279999999
 21
2880331.008
 31
172.528
100
AcDbAttribute
280
     0
  2
height
 70
     0
 74
     2
280
     0
  0
SEQEND
  5
19AF
330
19AD
100
AcDbEntity
  8
GCD
  6
Continuous
  0
INSERT
  5
19B0
330
1F
100
AcDbEntity
  8
GCD
  6
Continuous
100
AcDbBlockReference
 66
     1
  2
gc200
 10
574333.0450000001
 20
2880331.488
 30
172.299
 41
0.5
 42
0.5
 43
0.5
1001
S_GXRQ
1071
1718286498
1001
south
1000
202101
1000
337
  0
ATTRIB
  5
19B1
330
19B0
100
AcDbEntity
  8
GCD
  6
Continuous
100
AcDbText
 10
574333.6450000001
 20
2880330.988
 30
172.299
 40
1.0
  1
172.30
 41
0.8
 11
574333.6450000001
 21
2880331.488
 31
172.299
100
AcDbAttribute
280
     0
  2
height
 70
     0
 74
     2
280
     0
  0
SEQEND
  5
19B2
330
19B0
100
AcDbEntity
  8
GCD
  6
Continuous
  0
INSERT
  5
19B3
330
1F
100
AcDbEntity
  8
GCD
  6
Continuous
100
AcDbBlockReference
 66
     1
  2
gc200
 10
574336.0370000001
 20
2880333.256
 30
172.034
 41
0.5
 42
0.5
 43
0.5
1001
S_GXRQ
1071
1718286498
1001
south
1000
202101
1000
338
  0
ATTRIB
  5
19B4
330
19B3
100
AcDbEntity
  8
GCD
  6
Continuous
100
AcDbText
 10
574336.6370000001
 20
2880332.756000001
 30
172.034
 40
1.0
  1
172.03
 41
0.8
 11
574336.6370000001
 21
2880333.256
 31
172.034
100
AcDbAttribute
280
     0
  2
height
 70
     0
 74
     2
280
     0
  0
SEQEND
  5
19B5
330
19B3
100
AcDbEntity
  8
GCD
  6
Continuous
  0
INSERT
  5
19B6
330
1F
100
AcDbEntity
  8
GCD
  6
Continuous
100
AcDbBlockReference
 66
     1
  2
gc200
 10
574337.957
 20
2880337.216
 30
171.397
 41
0.5
 42
0.5
 43
0.5
1001
S_GXRQ
1071
1718286498
1001
south
1000
202101
1000
339
  0
ATTRIB
  5
19B7
330
19B6
100
AcDbEntity
  8
GCD
  6
Continuous
100
AcDbText
 10
574338.557
 20
2880336.716
 30
171.397
 40
1.0
  1
171.40
 41
0.8
 11
574338.557
 21
2880337.216
 31
171.397
100
AcDbAttribute
280
     0
  2
height
 70
     0
 74
     2
280
     0
  0
SEQEND
  5
19B8
330
19B6
100
AcDbEntity
  8
GCD
  6
Continuous
  0
INSERT
  5
19B9
330
1F
100
AcDbEntity
  8
GCD
  6
Continuous
100
AcDbBlockReference
 66
     1
  2
gc200
 10
574340.838
 20
2880341.413
 30
170.759
 41
0.5
 42
0.5
 43
0.5
1001
S_GXRQ
1071
1718286499
1001
south
1000
202101
1000
340
  0
ATTRIB
  5
19BA
330
19B9
100
AcDbEntity
  8
GCD
  6
Continuous
100
AcDbText
 10
574341.438
 20
2880340.913000001
 30
170.759
 40
1.0
  1
170.76
 41
0.8
 11
574341.438
 21
2880341.413
 31
170.759
100
AcDbAttribute
280
     0
  2
height
 70
     0
 74
     2
280
     0
  0
SEQEND
  5
19BB
330
19B9
100
AcDbEntity
  8
GCD
  6
Continuous
  0
INSERT
  5
19BC
330
1F
100
AcDbEntity
  8
GCD
  6
Continuous
100
AcDbBlockReference
 66
     1
  2
gc200
 10
574343.872
 20
2880343.008
 30
170.574
 41
0.5
 42
0.5
 43
0.5
1001
S_GXRQ
1071
1718286499
1001
south
1000
202101
1000
341
  0
ATTRIB
  5
19BD
330
19BC
100
AcDbEntity
  8
GCD
  6
Continuous
100
AcDbText
 10
574344.4720000001
 20
2880342.508
 30
170.574
 40
1.0
  1
170.57
 41
0.8
 11
574344.4720000001
 21
2880343.008
 31
170.574
100
AcDbAttribute
280
     0
  2
height
 70
     0
 74
     2
280
     0
  0
SEQEND
  5
19BE
330
19BC
100
AcDbEntity
  8
GCD
  6
Continuous
  0
INSERT
  5
19BF
330
1F
100
AcDbEntity
  8
GCD
  6
Continuous
100
AcDbBlockReference
 66
     1
  2
gc200
 10
574347.0979259431
 20
2880344.378232826
 30
170.554
 41
0.5
 42
0.5
 43
0.5
1001
S_GXRQ
1071
1718286499
1001
south
1000
202101
1000
342
  0
ATTRIB
  5
19C0
330
19BF
100
AcDbEntity
  8
GCD
  6
Continuous
100
AcDbText
 10
574347.6979259432
 20
2880343.878232827
 30
170.554
 40
1.0
  1
170.55
 41
0.8
 11
574347.6979259432
 21
2880344.378232826
 31
170.554
100
AcDbAttribute
280
     0
  2
height
 70
     0
 74
     2
280
     0
  0
SEQEND
  5
19C1
330
19BF
100
AcDbEntity
  8
GCD
  6
Continuous
  0
INSERT
  5
19C2
330
1F
100
AcDbEntity
  8
GCD
  6
Continuous
100
AcDbBlockReference
 66
     1
  2
gc200
 10
574348.1240000001
 20
2880349.352
 30
170.388
 41
0.5
 42
0.5
 43
0.5
1001
S_GXRQ
1071
1718286499
1001
south
1000
202101
1000
343
  0
ATTRIB
  5
19C3
330
19C2
100
AcDbEntity
  8
GCD
  6
Continuous
100
AcDbText
 10
574348.724
 20
2880348.852
 30
170.388
 40
1.0
  1
170.39
 41
0.8
 11
574348.724
 21
2880349.352
 31
170.388
100
AcDbAttribute
280
     0
  2
height
 70
     0
 74
     2
280
     0
  0
SEQEND
  5
19C4
330
19C2
100
AcDbEntity
  8
GCD
  6
Continuous
  0
INSERT
  5
19C5
330
1F
100
AcDbEntity
  8
GCD
  6
Continuous
100
AcDbBlockReference
 66
     1
  2
gc200
 10
574351.6370000001
 20
2880350.633
 30
170.3129999999999
 41
0.5
 42
0.5
 43
0.5
1001
S_GXRQ
1071
1718286499
1001
south
1000
202101
1000
344
  0
ATTRIB
  5
19C6
330
19C5
100
AcDbEntity
  8
GCD
  6
Continuous
100
AcDbText
 10
574352.237
 20
2880350.133
 30
170.3129999999999
 40
1.0
  1
170.31
 41
0.8
 11
574352.237
 21
2880350.633
 31
170.3129999999999
100
AcDbAttribute
280
     0
  2
height
 70
     0
 74
     2
280
     0
  0
SEQEND
  5
19C7
330
19C5
100
AcDbEntity
  8
GCD
  6
Continuous
  0
INSERT
  5
19C8
330
1F
100
AcDbEntity
  8
GCD
  6
Continuous
100
AcDbBlockReference
 66
     1
  2
gc200
 10
574344.7709999999
 20
2880352.504000001
 30
170.184
 41
0.5
 42
0.5
 43
0.5
1001
S_GXRQ
1071
1718286499
1001
south
1000
202101
1000
345
  0
ATTRIB
  5
19C9
330
19C8
100
AcDbEntity
  8
GCD
  6
Continuous
100
AcDbText
 10
574345.371
 20
2880352.004000001
 30
170.184
 40
1.0
  1
170.18
 41
0.8
 11
574345.371
 21
2880352.504000001
 31
170.184
100
AcDbAttribute
280
     0
  2
height
 70
     0
 74
     2
280
     0
  0
SEQEND
  5
19CA
330
19C8
100
AcDbEntity
  8
GCD
  6
Continuous
  0
INSERT
  5
19CB
330
1F
100
AcDbEntity
  8
GCD
  6
Continuous
100
AcDbBlockReference
 66
     1
  2
gc200
 10
574341.3279037338
 20
2880349.789222574
 30
170.437
 41
0.5
 42
0.5
 43
0.5
1001
S_GXRQ
1071
1718286499
1001
south
1000
202101
1000
346
  0
ATTRIB
  5
19CC
330
19CB
100
AcDbEntity
  8
GCD
  6
Continuous
100
AcDbText
 10
574341.9279037341
 20
2880349.289222574
 30
170.437
 40
1.0
  1
170.44
 41
0.8
 11
574341.9279037341
 21
2880349.789222574
 31
170.437
100
AcDbAttribute
280
     0
  2
height
 70
     0
 74
     2
280
     0
  0
SEQEND
  5
19CD
330
19CB
100
AcDbEntity
  8
GCD
  6
Continuous
  0
INSERT
  5
19CE
330
1F
100
AcDbEntity
  8
GCD
  6
Continuous
100
AcDbBlockReference
 66
     1
  2
gc200
 10
574335.8700000001
 20
2880344.92
 30
170.483
 41
0.5
 42
0.5
 43
0.5
1001
S_GXRQ
1071
1718286499
1001
south
1000
202101
1000
347
  0
ATTRIB
  5
19CF
330
19CE
100
AcDbEntity
  8
GCD
  6
Continuous
100
AcDbText
 10
574336.47
 20
2880344.42
 30
170.483
 40
1.0
  1
170.48
 41
0.8
 11
574336.47
 21
2880344.92
 31
170.483
100
AcDbAttribute
280
     0
  2
height
 70
     0
 74
     2
280
     0
  0
SEQEND
  5
19D0
330
19CE
100
AcDbEntity
  8
GCD
  6
Continuous
  0
INSERT
  5
19D1
330
1F
100
AcDbEntity
  8
GCD
  6
Continuous
100
AcDbBlockReference
 66
     1
  2
gc200
 10
574331.963
 20
2880342.221000002
 30
170.609
 41
0.5
 42
0.5
 43
0.5
1001
S_GXRQ
1071
1718286499
1001
south
1000
202101
1000
348
  0
ATTRIB
  5
19D2
330
19D1
100
AcDbEntity
  8
GCD
  6
Continuous
100
AcDbText
 10
574332.5630000001
 20
2880341.721000002
 30
170.609
 40
1.0
  1
170.61
 41
0.8
 11
574332.5630000001
 21
2880342.221000002
 31
170.609
100
AcDbAttribute
280
     0
  2
height
 70
     0
 74
     2
280
     0
  0
SEQEND
  5
19D3
330
19D1
100
AcDbEntity
  8
GCD
  6
Continuous
  0
INSERT
  5
19D4
330
1F
100
AcDbEntity
  8
GCD
  6
Continuous
100
AcDbBlockReference
 66
     1
  2
gc200
 10
574328.1100000001
 20
2880338.899
 30
170.407
 41
0.5
 42
0.5
 43
0.5
1001
S_GXRQ
1071
1718286499
1001
south
1000
202101
1000
349
  0
ATTRIB
  5
19D5
330
19D4
100
AcDbEntity
  8
GCD
  6
Continuous
100
AcDbText
 10
574328.7099999999
 20
2880338.399
 30
170.407
 40
1.0
  1
170.41
 41
0.8
 11
574328.7099999999
 21
2880338.899
 31
170.407
100
AcDbAttribute
280
     0
  2
height
 70
     0
 74
     2
280
     0
  0
SEQEND
  5
19D6
330
19D4
100
AcDbEntity
  8
GCD
  6
Continuous
  0
INSERT
  5
19D7
330
1F
100
AcDbEntity
  8
GCD
  6
Continuous
100
AcDbBlockReference
 66
     1
  2
gc200
 10
574321.7310000003
 20
2880335.585
 30
170.167
 41
0.5
 42
0.5
 43
0.5
1001
S_GXRQ
1071
1718286499
1001
south
1000
202101
1000
350
  0
ATTRIB
  5
19D8
330
19D7
100
AcDbEntity
  8
GCD
  6
Continuous
100
AcDbText
 10
574322.3310000001
 20
2880335.085
 30
170.167
 40
1.0
  1
170.17
 41
0.8
 11
574322.3310000001
 21
2880335.585
 31
170.167
100
AcDbAttribute
280
     0
  2
height
 70
     0
 74
     2
280
     0
  0
SEQEND
  5
19D9
330
19D7
100
AcDbEntity
  8
GCD
  6
Continuous
  0
INSERT
  5
19DA
330
1F
100
AcDbEntity
  8
GCD
  6
Continuous
100
AcDbBlockReference
 66
     1
  2
gc200
 10
574316.4790000001
 20
2880338.38
 30
170.233
 41
0.5
 42
0.5
 43
0.5
1001
S_GXRQ
1071
1718286499
1001
south
1000
202101
1000
351
  0
ATTRIB
  5
19DB
330
19DA
100
AcDbEntity
  8
GCD
  6
Continuous
100
AcDbText
 10
574317.0790000003
 20
2880337.88
 30
170.233
 40
1.0
  1
170.23
 41
0.8
 11
574317.0790000003
 21
2880338.38
 31
170.233
100
AcDbAttribute
280
     0
  2
height
 70
     0
 74
     2
280
     0
  0
SEQEND
  5
19DC
330
19DA
100
AcDbEntity
  8
GCD
  6
Continuous
  0
INSERT
  5
19DD
330
1F
100
AcDbEntity
  8
GCD
  6
Continuous
100
AcDbBlockReference
 66
     1
  2
gc200
 10
574322.8620000001
 20
2880344.57
 30
170.382
 41
0.5
 42
0.5
 43
0.5
1001
S_GXRQ
1071
1718286499
1001
south
1000
202101
1000
352
  0
ATTRIB
  5
19DE
330
19DD
100
AcDbEntity
  8
GCD
  6
Continuous
100
AcDbText
 10
574323.4620000001
 20
2880344.07
 30
170.382
 40
1.0
  1
170.38
 41
0.8
 11
574323.4620000001
 21
2880344.57
 31
170.382
100
AcDbAttribute
280
     0
  2
height
 70
     0
 74
     2
280
     0
  0
SEQEND
  5
19DF
330
19DD
100
AcDbEntity
  8
GCD
  6
Continuous
  0
INSERT
  5
19E0
330
1F
100
AcDbEntity
  8
GCD
  6
Continuous
100
AcDbBlockReference
 66
     1
  2
gc200
 10
574325.7720000001
 20
2880347.53
 30
170.429
 41
0.5
 42
0.5
 43
0.5
1001
S_GXRQ
1071
1718286499
1001
south
1000
202101
1000
353
  0
ATTRIB
  5
19E1
330
19E0
100
AcDbEntity
  8
GCD
  6
Continuous
100
AcDbText
 10
574326.372
 20
2880347.03
 30
170.429
 40
1.0
  1
170.43
 41
0.8
 11
574326.372
 21
2880347.53
 31
170.429
100
AcDbAttribute
280
     0
  2
height
 70
     0
 74
     2
280
     0
  0
SEQEND
  5
19E2
330
19E0
100
AcDbEntity
  8
GCD
  6
Continuous
  0
INSERT
  5
19E3
330
1F
100
AcDbEntity
  8
GCD
  6
Continuous
100
AcDbBlockReference
 66
     1
  2
gc200
 10
574333.3744301393
 20
2880357.034869713
 30
169.322
 41
0.5
 42
0.5
 43
0.5
1001
S_GXRQ
1071
1718286499
1001
south
1000
202101
1000
354
  0
ATTRIB
  5
19E4
330
19E3
100
AcDbEntity
  8
GCD
  6
Continuous
100
AcDbText
 10
574333.9744301392
 20
2880356.534869713
 30
169.322
 40
1.0
  1
169.32
 41
0.8
 11
574333.9744301392
 21
2880357.034869713
 31
169.322
100
AcDbAttribute
280
     0
  2
height
 70
     0
 74
     2
280
     0
  0
SEQEND
  5
19E5
330
19E3
100
AcDbEntity
  8
GCD
  6
Continuous
  0
INSERT
  5
19E6
330
1F
100
AcDbEntity
  8
GCD
  6
Continuous
100
AcDbBlockReference
 66
     1
  2
gc200
 10
574325.9300000001
 20
2880352.389
 30
170.029
 41
0.5
 42
0.5
 43
0.5
1001
S_GXRQ
1071
1718286499
1001
south
1000
202101
1000
355
  0
ATTRIB
  5
19E7
330
19E6
100
AcDbEntity
  8
GCD
  6
Continuous
100
AcDbText
 10
574326.53
 20
2880351.889
 30
170.029
 40
1.0
  1
170.03
 41
0.8
 11
574326.53
 21
2880352.389
 31
170.029
100
AcDbAttribute
280
     0
  2
height
 70
     0
 74
     2
280
     0
  0
SEQEND
  5
19E8
330
19E6
100
AcDbEntity
  8
GCD
  6
Continuous
  0
INSERT
  5
19E9
330
1F
100
AcDbEntity
  8
GCD
  6
Continuous
100
AcDbBlockReference
 66
     1
  2
gc200
 10
574332.1729999999
 20
2880353.713
 30
170.843
 41
0.5
 42
0.5
 43
0.5
1001
S_GXRQ
1071
1718286499
1001
south
1000
202101
1000
356
  0
ATTRIB
  5
19EA
330
19E9
100
AcDbEntity
  8
GCD
  6
Continuous
100
AcDbText
 10
574332.7729999999
 20
2880353.213
 30
170.843
 40
1.0
  1
170.84
 41
0.8
 11
574332.7729999999
 21
2880353.713
 31
170.843
100
AcDbAttribute
280
     0
  2
height
 70
     0
 74
     2
280
     0
  0
SEQEND
  5
19EB
330
19E9
100
AcDbEntity
  8
GCD
  6
Continuous
  0
INSERT
  5
19EC
330
1F
100
AcDbEntity
  8
GCD
  6
Continuous
100
AcDbBlockReference
 66
     1
  2
gc200
 10
574335.9370000003
 20
2880358.034
 30
170.04
 41
0.5
 42
0.5
 43
0.5
1001
S_GXRQ
1071
1718286499
1001
south
1000
202101
1000
357
  0
ATTRIB
  5
19ED
330
19EC
100
AcDbEntity
  8
GCD
  6
Continuous
100
AcDbText
 10
574336.537
 20
2880357.534
 30
170.04
 40
1.0
  1
170.04
 41
0.8
 11
574336.537
 21
2880358.034
 31
170.04
100
AcDbAttribute
280
     0
  2
height
 70
     0
 74
     2
280
     0
  0
SEQEND
  5
19EE
330
19EC
100
AcDbEntity
  8
GCD
  6
Continuous
  0
INSERT
  5
19EF
330
1F
100
AcDbEntity
  8
GCD
  6
Continuous
100
AcDbBlockReference
 66
     1
  2
gc200
 10
574334.9870000001
 20
2880363.397
 30
168.682
 41
0.5
 42
0.5
 43
0.5
1001
S_GXRQ
1071
1718286499
1001
south
1000
202101
1000
358
  0
ATTRIB
  5
19F0
330
19EF
100
AcDbEntity
  8
GCD
  6
Continuous
100
AcDbText
 10
574335.5870000001
 20
2880362.897
 30
168.682
 40
1.0
  1
168.68
 41
0.8
 11
574335.5870000001
 21
2880363.397
 31
168.682
100
AcDbAttribute
280
     0
  2
height
 70
     0
 74
     2
280
     0
  0
SEQEND
  5
19F1
330
19EF
100
AcDbEntity
  8
GCD
  6
Continuous
  0
INSERT
  5
19F2
330
1F
100
AcDbEntity
  8
GCD
  6
Continuous
100
AcDbBlockReference
 66
     1
  2
gc200
 10
574337.7960000001
 20
2880362.88
 30
168.863
 41
0.5
 42
0.5
 43
0.5
1001
S_GXRQ
1071
1718286499
1001
south
1000
202101
1000
359
  0
ATTRIB
  5
19F3
330
19F2
100
AcDbEntity
  8
GCD
  6
Continuous
100
AcDbText
 10
574338.396
 20
2880362.38
 30
168.863
 40
1.0
  1
168.86
 41
0.8
 11
574338.396
 21
2880362.88
 31
168.863
100
AcDbAttribute
280
     0
  2
height
 70
     0
 74
     2
280
     0
  0
SEQEND
  5
19F4
330
19F2
100
AcDbEntity
  8
GCD
  6
Continuous
  0
INSERT
  5
19F5
330
1F
100
AcDbEntity
  8
GCD
  6
Continuous
100
AcDbBlockReference
 66
     1
  2
gc200
 10
574343.885
 20
2880359.118000001
 30
169.3
 41
0.5
 42
0.5
 43
0.5
1001
S_GXRQ
1071
1718286499
1001
south
1000
202101
1000
360
  0
ATTRIB
  5
19F6
330
19F5
100
AcDbEntity
  8
GCD
  6
Continuous
100
AcDbText
 10
574344.4850000003
 20
2880358.618000002
 30
169.3
 40
1.0
  1
169.30
 41
0.8
 11
574344.4850000003
 21
2880359.118000001
 31
169.3
100
AcDbAttribute
280
     0
  2
height
 70
     0
 74
     2
280
     0
  0
SEQEND
  5
19F7
330
19F5
100
AcDbEntity
  8
GCD
  6
Continuous
  0
INSERT
  5
19F8
330
1F
100
AcDbEntity
  8
GCD
  6
Continuous
100
AcDbBlockReference
 66
     1
  2
gc200
 10
574348.1950000001
 20
2880356.47
 30
169.455
 41
0.5
 42
0.5
 43
0.5
1001
S_GXRQ
1071
1718286499
1001
south
1000
202101
1000
361
  0
ATTRIB
  5
19F9
330
19F8
100
AcDbEntity
  8
GCD
  6
Continuous
100
AcDbText
 10
574348.7949999999
 20
2880355.97
 30
169.455
 40
1.0
  1
169.46
 41
0.8
 11
574348.7949999999
 21
2880356.47
 31
169.455
100
AcDbAttribute
280
     0
  2
height
 70
     0
 74
     2
280
     0
  0
SEQEND
  5
19FA
330
19F8
100
AcDbEntity
  8
GCD
  6
Continuous
  0
INSERT
  5
19FB
330
1F
100
AcDbEntity
  8
GCD
  6
Continuous
100
AcDbBlockReference
 66
     1
  2
gc200
 10
574353.6370000001
 20
2880352.61
 30
169.698
 41
0.5
 42
0.5
 43
0.5
1001
S_GXRQ
1071
1718286499
1001
south
1000
202101
1000
362
  0
ATTRIB
  5
19FC
330
19FB
100
AcDbEntity
  8
GCD
  6
Continuous
100
AcDbText
 10
574354.2370000001
 20
2880352.11
 30
169.698
 40
1.0
  1
169.70
 41
0.8
 11
574354.2370000001
 21
2880352.61
 31
169.698
100
AcDbAttribute
280
     0
  2
height
 70
     0
 74
     2
280
     0
  0
SEQEND
  5
19FD
330
19FB
100
AcDbEntity
  8
GCD
  6
Continuous
  0
INSERT
  5
19FE
330
1F
100
AcDbEntity
  8
GCD
  6
Continuous
100
AcDbBlockReference
 66
     1
  2
gc200
 10
574355.9140000003
 20
2880336.327
 30
170.328
 41
0.5
 42
0.5
 43
0.5
1001
S_GXRQ
1071
1718286499
1001
south
1000
202101
1000
363
  0
ATTRIB
  5
19FF
330
19FE
100
AcDbEntity
  8
GCD
  6
Continuous
100
AcDbText
 10
574356.514
 20
2880335.827
 30
170.328
 40
1.0
  1
170.33
 41
0.8
 11
574356.514
 21
2880336.327
 31
170.328
100
AcDbAttribute
280
     0
  2
height
 70
     0
 74
     2
280
     0
  0
SEQEND
  5
1A00
330
19FE
100
AcDbEntity
  8
GCD
  6
Continuous
  0
INSERT
  5
1A01
330
1F
100
AcDbEntity
  8
GCD
  6
Continuous
100
AcDbBlockReference
 66
     1
  2
gc200
 10
574356.7150000001
 20
2880344.472
 30
169.949
 41
0.5
 42
0.5
 43
0.5
1001
S_GXRQ
1071
1718286499
1001
south
1000
202101
1000
364
  0
ATTRIB
  5
1A02
330
1A01
100
AcDbEntity
  8
GCD
  6
Continuous
100
AcDbText
 10
574357.3149999999
 20
2880343.972
 30
169.949
 40
1.0
  1
169.95
 41
0.8
 11
574357.3149999999
 21
2880344.472
 31
169.949
100
AcDbAttribute
280
     0
  2
height
 70
     0
 74
     2
280
     0
  0
SEQEND
  5
1A03
330
1A01
100
AcDbEntity
  8
GCD
  6
Continuous
  0
INSERT
  5
1A04
330
1F
100
AcDbEntity
  8
GCD
  6
Continuous
100
AcDbBlockReference
 66
     1
  2
gc200
 10
574357.548
 20
2880349.718000001
 30
169.835
 41
0.5
 42
0.5
 43
0.5
1001
S_GXRQ
1071
1718286499
1001
south
1000
202101
1000
365
  0
ATTRIB
  5
1A05
330
1A04
100
AcDbEntity
  8
GCD
  6
Continuous
100
AcDbText
 10
574358.1480000001
 20
2880349.218000001
 30
169.835
 40
1.0
  1
169.84
 41
0.8
 11
574358.1480000001
 21
2880349.718000001
 31
169.835
100
AcDbAttribute
280
     0
  2
height
 70
     0
 74
     2
280
     0
  0
SEQEND
  5
1A06
330
1A04
100
AcDbEntity
  8
GCD
  6
Continuous
  0
INSERT
  5
1A07
330
1F
100
AcDbEntity
  8
GCD
  6
Continuous
100
AcDbBlockReference
 66
     1
  2
gc200
 10
574345.5749999999
 20
2880376.346000002
 30
169.188
 41
0.5
 42
0.5
 43
0.5
1001
S_GXRQ
1071
1718286499
1001
south
1000
202101
1000
366
  0
ATTRIB
  5
1A08
330
1A07
100
AcDbEntity
  8
GCD
  6
Continuous
100
AcDbText
 10
574346.1750000001
 20
2880375.846000002
 30
169.188
 40
1.0
  1
169.19
 41
0.8
 11
574346.1750000001
 21
2880376.346000002
 31
169.188
100
AcDbAttribute
280
     0
  2
height
 70
     0
 74
     2
280
     0
  0
SEQEND
  5
1A09
330
1A07
100
AcDbEntity
  8
GCD
  6
Continuous
  0
INSERT
  5
1A0A
330
1F
100
AcDbEntity
  8
GCD
  6
Continuous
100
AcDbBlockReference
 66
     1
  2
gc200
 10
574341.4399999999
 20
2880370.237
 30
169.079
 41
0.5
 42
0.5
 43
0.5
1001
S_GXRQ
1071
1718286499
1001
south
1000
202101
1000
367
  0
ATTRIB
  5
1A0B
330
1A0A
100
AcDbEntity
  8
GCD
  6
Continuous
100
AcDbText
 10
574342.0400000001
 20
2880369.737
 30
169.079
 40
1.0
  1
169.08
 41
0.8
 11
574342.0400000001
 21
2880370.237
 31
169.079
100
AcDbAttribute
280
     0
  2
height
 70
     0
 74
     2
280
     0
  0
SEQEND
  5
1A0C
330
1A0A
100
AcDbEntity
  8
GCD
  6
Continuous
  0
INSERT
  5
1A0D
330
1F
100
AcDbEntity
  8
GCD
  6
Continuous
100
AcDbBlockReference
 66
     1
  2
gc200
 10
574338.5379999999
 20
2880365.31
 30
168.546
 41
0.5
 42
0.5
 43
0.5
1001
S_GXRQ
1071
1718286499
1001
south
1000
202101
1000
368
  0
ATTRIB
  5
1A0E
330
1A0D
100
AcDbEntity
  8
GCD
  6
Continuous
100
AcDbText
 10
574339.1380000001
 20
2880364.810000001
 30
168.546
 40
1.0
  1
168.55
 41
0.8
 11
574339.1380000001
 21
2880365.31
 31
168.546
100
AcDbAttribute
280
     0
  2
height
 70
     0
 74
     2
280
     0
  0
SEQEND
  5
1A0F
330
1A0D
100
AcDbEntity
  8
GCD
  6
Continuous
  0
INSERT
  5
1A10
330
1F
100
AcDbEntity
  8
GCD
  6
Continuous
100
AcDbBlockReference
 66
     1
  2
gc200
 10
574341.591
 20
2880362.23
 30
168.597
 41
0.5
 42
0.5
 43
0.5
1001
S_GXRQ
1071
1718286499
1001
south
1000
202101
1000
369
  0
ATTRIB
  5
1A11
330
1A10
100
AcDbEntity
  8
GCD
  6
Continuous
100
AcDbText
 10
574342.1910000003
 20
2880361.73
 30
168.597
 40
1.0
  1
168.60
 41
0.8
 11
574342.1910000003
 21
2880362.23
 31
168.597
100
AcDbAttribute
280
     0
  2
height
 70
     0
 74
     2
280
     0
  0
SEQEND
  5
1A12
330
1A10
100
AcDbEntity
  8
GCD
  6
Continuous
  0
INSERT
  5
1A13
330
1F
100
AcDbEntity
  8
GCD
  6
Continuous
100
AcDbBlockReference
 66
     1
  2
gc200
 10
574349.318
 20
2880357.899000001
 30
168.577
 41
0.5
 42
0.5
 43
0.5
1001
S_GXRQ
1071
1718286499
1001
south
1000
202101
1000
370
  0
ATTRIB
  5
1A14
330
1A13
100
AcDbEntity
  8
GCD
  6
Continuous
100
AcDbText
 10
574349.918
 20
2880357.399000001
 30
168.577
 40
1.0
  1
168.58
 41
0.8
 11
574349.918
 21
2880357.899000001
 31
168.577
100
AcDbAttribute
280
     0
  2
height
 70
     0
 74
     2
280
     0
  0
SEQEND
  5
1A15
330
1A13
100
AcDbEntity
  8
GCD
  6
Continuous
  0
INSERT
  5
1A16
330
1F
100
AcDbEntity
  8
GCD
  6
Continuous
100
AcDbBlockReference
 66
     1
  2
gc200
 10
574357.095
 20
2880353.676000002
 30
168.575
 41
0.5
 42
0.5
 43
0.5
1001
S_GXRQ
1071
1718286499
1001
south
1000
202101
1000
371
  0
ATTRIB
  5
1A17
330
1A16
100
AcDbEntity
  8
GCD
  6
Continuous
100
AcDbText
 10
574357.6950000001
 20
2880353.176000002
 30
168.575
 40
1.0
  1
168.58
 41
0.8
 11
574357.6950000001
 21
2880353.676000002
 31
168.575
100
AcDbAttribute
280
     0
  2
height
 70
     0
 74
     2
280
     0
  0
SEQEND
  5
1A18
330
1A16
100
AcDbEntity
  8
GCD
  6
Continuous
  0
INSERT
  5
1A19
330
1F
100
AcDbEntity
  8
GCD
  6
Continuous
100
AcDbBlockReference
 66
     1
  2
gc200
 10
574361.007
 20
2880351.58
 30
168.527
 41
0.5
 42
0.5
 43
0.5
1001
S_GXRQ
1071
1718286499
1001
south
1000
202101
1000
372
  0
ATTRIB
  5
1A1A
330
1A19
100
AcDbEntity
  8
GCD
  6
Continuous
100
AcDbText
 10
574361.6070000001
 20
2880351.08
 30
168.527
 40
1.0
  1
168.53
 41
0.8
 11
574361.6070000001
 21
2880351.58
 31
168.527
100
AcDbAttribute
280
     0
  2
height
 70
     0
 74
     2
280
     0
  0
SEQEND
  5
1A1B
330
1A19
100
AcDbEntity
  8
GCD
  6
Continuous
  0
INSERT
  5
1A1C
330
1F
100
AcDbEntity
  8
GCD
  6
Continuous
100
AcDbBlockReference
 66
     1
  2
gc200
 10
574366.585
 20
2880356.36
 30
164.729
 41
0.5
 42
0.5
 43
0.5
1001
S_GXRQ
1071
1718286499
1001
south
1000
202101
1000
373
  0
ATTRIB
  5
1A1D
330
1A1C
100
AcDbEntity
  8
GCD
  6
Continuous
100
AcDbText
 10
574367.1850000001
 20
2880355.86
 30
164.729
 40
1.0
  1
164.73
 41
0.8
 11
574367.1850000001
 21
2880356.36
 31
164.729
100
AcDbAttribute
280
     0
  2
height
 70
     0
 74
     2
280
     0
  0
SEQEND
  5
1A1E
330
1A1C
100
AcDbEntity
  8
GCD
  6
Continuous
  0
INSERT
  5
1A1F
330
1F
100
AcDbEntity
  8
GCD
  6
Continuous
100
AcDbBlockReference
 66
     1
  2
gc200
 10
574371.121
 20
2880359.775
 30
168.884
 41
0.5
 42
0.5
 43
0.5
1001
S_GXRQ
1071
1718286499
1001
south
1000
202101
1000
374
  0
ATTRIB
  5
1A20
330
1A1F
100
AcDbEntity
  8
GCD
  6
Continuous
100
AcDbText
 10
574371.7210000004
 20
2880359.275
 30
168.884
 40
1.0
  1
168.88
 41
0.8
 11
574371.7210000004
 21
2880359.775
 31
168.884
100
AcDbAttribute
280
     0
  2
height
 70
     0
 74
     2
280
     0
  0
SEQEND
  5
1A21
330
1A1F
100
AcDbEntity
  8
GCD
  6
Continuous
  0
INSERT
  5
1A22
330
1F
100
AcDbEntity
  8
GCD
  6
Continuous
100
AcDbBlockReference
 66
     1
  2
gc200
 10
574377.097
 20
2880365.661000001
 30
169.178
 41
0.5
 42
0.5
 43
0.5
1001
S_GXRQ
1071
1718286499
1001
south
1000
202101
1000
375
  0
ATTRIB
  5
1A23
330
1A22
100
AcDbEntity
  8
GCD
  6
Continuous
100
AcDbText
 10
574377.6969999999
 20
2880365.161000002
 30
169.178
 40
1.0
  1
169.18
 41
0.8
 11
574377.6969999999
 21
2880365.661000001
 31
169.178
100
AcDbAttribute
280
     0
  2
height
 70
     0
 74
     2
280
     0
  0
SEQEND
  5
1A24
330
1A22
100
AcDbEntity
  8
GCD
  6
Continuous
  0
INSERT
  5
1A25
330
1F
100
AcDbEntity
  8
GCD
  6
Continuous
100
AcDbBlockReference
 66
     1
  2
gc200
 10
574373.6340000001
 20
2880367.599
 30
168.52
 41
0.5
 42
0.5
 43
0.5
1001
S_GXRQ
1071
1718286499
1001
south
1000
202101
1000
376
  0
ATTRIB
  5
1A26
330
1A25
100
AcDbEntity
  8
GCD
  6
Continuous
100
AcDbText
 10
574374.234
 20
2880367.099
 30
168.52
 40
1.0
  1
168.52
 41
0.8
 11
574374.234
 21
2880367.599
 31
168.52
100
AcDbAttribute
280
     0
  2
height
 70
     0
 74
     2
280
     0
  0
SEQEND
  5
1A27
330
1A25
100
AcDbEntity
  8
GCD
  6
Continuous
  0
INSERT
  5
1A28
330
1F
100
AcDbEntity
  8
GCD
  6
Continuous
100
AcDbBlockReference
 66
     1
  2
gc200
 10
574366.3730000001
 20
2880370.751
 30
168.494
 41
0.5
 42
0.5
 43
0.5
1001
S_GXRQ
1071
1718286499
1001
south
1000
202101
1000
377
  0
ATTRIB
  5
1A29
330
1A28
100
AcDbEntity
  8
GCD
  6
Continuous
100
AcDbText
 10
574366.973
 20
2880370.251
 30
168.494
 40
1.0
  1
168.49
 41
0.8
 11
574366.973
 21
2880370.751
 31
168.494
100
AcDbAttribute
280
     0
  2
height
 70
     0
 74
     2
280
     0
  0
SEQEND
  5
1A2A
330
1A28
100
AcDbEntity
  8
GCD
  6
Continuous
  0
INSERT
  5
1A2B
330
1F
100
AcDbEntity
  8
GCD
  6
Continuous
100
AcDbBlockReference
 66
     1
  2
gc200
 10
574356.342
 20
2880374.538
 30
168.737
 41
0.5
 42
0.5
 43
0.5
1001
S_GXRQ
1071
1718286499
1001
south
1000
202101
1000
378
  0
ATTRIB
  5
1A2C
330
1A2B
100
AcDbEntity
  8
GCD
  6
Continuous
100
AcDbText
 10
574356.942
 20
2880374.038000001
 30
168.737
 40
1.0
  1
168.74
 41
0.8
 11
574356.942
 21
2880374.538
 31
168.737
100
AcDbAttribute
280
     0
  2
height
 70
     0
 74
     2
280
     0
  0
SEQEND
  5
1A2D
330
1A2B
100
AcDbEntity
  8
GCD
  6
Continuous
  0
INSERT
  5
1A2E
330
1F
100
AcDbEntity
  8
GCD
  6
Continuous
100
AcDbBlockReference
 66
     1
  2
gc200
 10
574348.0150000001
 20
2880377.105
 30
168.673
 41
0.5
 42
0.5
 43
0.5
1001
S_GXRQ
1071
1718286499
1001
south
1000
202101
1000
379
  0
ATTRIB
  5
1A2F
330
1A2E
100
AcDbEntity
  8
GCD
  6
Continuous
100
AcDbText
 10
574348.615
 20
2880376.605
 30
168.673
 40
1.0
  1
168.67
 41
0.8
 11
574348.615
 21
2880377.105
 31
168.673
100
AcDbAttribute
280
     0
  2
height
 70
     0
 74
     2
280
     0
  0
SEQEND
  5
1A30
330
1A2E
100
AcDbEntity
  8
GCD
  6
Continuous
  0
INSERT
  5
1A31
330
1F
100
AcDbEntity
  8
GCD
  6
Continuous
100
AcDbBlockReference
 66
     1
  2
gc200
 10
574374.145
 20
2880374.592000001
 30
168.47
 41
0.5
 42
0.5
 43
0.5
1001
S_GXRQ
1071
1718286499
1001
south
1000
202101
1000
380
  0
ATTRIB
  5
1A32
330
1A31
100
AcDbEntity
  8
GCD
  6
Continuous
100
AcDbText
 10
574374.7450000001
 20
2880374.092000001
 30
168.47
 40
1.0
  1
168.47
 41
0.8
 11
574374.7450000001
 21
2880374.592000001
 31
168.47
100
AcDbAttribute
280
     0
  2
height
 70
     0
 74
     2
280
     0
  0
SEQEND
  5
1A33
330
1A31
100
AcDbEntity
  8
GCD
  6
Continuous
  0
INSERT
  5
1A34
330
1F
100
AcDbEntity
  8
GCD
  6
Continuous
100
AcDbBlockReference
 66
     1
  2
gc200
 10
574369.438
 20
2880377.122
 30
168.669
 41
0.5
 42
0.5
 43
0.5
1001
S_GXRQ
1071
1718286499
1001
south
1000
202101
1000
381
  0
ATTRIB
  5
1A35
330
1A34
100
AcDbEntity
  8
GCD
  6
Continuous
100
AcDbText
 10
574370.0379999999
 20
2880376.622
 30
168.669
 40
1.0
  1
168.67
 41
0.8
 11
574370.0379999999
 21
2880377.122
 31
168.669
100
AcDbAttribute
280
     0
  2
height
 70
     0
 74
     2
280
     0
  0
SEQEND
  5
1A36
330
1A34
100
AcDbEntity
  8
GCD
  6
Continuous
  0
INSERT
  5
1A37
330
1F
100
AcDbEntity
  8
GCD
  6
Continuous
100
AcDbBlockReference
 66
     1
  2
gc200
 10
574361.6000000002
 20
2880379.247
 30
168.714
 41
0.5
 42
0.5
 43
0.5
1001
S_GXRQ
1071
1718286499
1001
south
1000
202101
1000
382
  0
ATTRIB
  5
1A38
330
1A37
100
AcDbEntity
  8
GCD
  6
Continuous
100
AcDbText
 10
574362.2
 20
2880378.747
 30
168.714
 40
1.0
  1
168.71
 41
0.8
 11
574362.2
 21
2880379.247
 31
168.714
100
AcDbAttribute
280
     0
  2
height
 70
     0
 74
     2
280
     0
  0
SEQEND
  5
1A39
330
1A37
100
AcDbEntity
  8
GCD
  6
Continuous
  0
INSERT
  5
1A3A
330
1F
100
AcDbEntity
  8
GCD
  6
Continuous
100
AcDbBlockReference
 66
     1
  2
gc200
 10
574354.341
 20
2880380.607
 30
168.657
 41
0.5
 42
0.5
 43
0.5
1001
S_GXRQ
1071
1718286499
1001
south
1000
202101
1000
383
  0
ATTRIB
  5
1A3B
330
1A3A
100
AcDbEntity
  8
GCD
  6
Continuous
100
AcDbText
 10
574354.9410000001
 20
2880380.107
 30
168.657
 40
1.0
  1
168.66
 41
0.8
 11
574354.9410000001
 21
2880380.607
 31
168.657
100
AcDbAttribute
280
     0
  2
height
 70
     0
 74
     2
280
     0
  0
SEQEND
  5
1A3C
330
1A3A
100
AcDbEntity
  8
GCD
  6
Continuous
  0
INSERT
  5
1A3D
330
1F
100
AcDbEntity
  8
GCD
  6
Continuous
100
AcDbBlockReference
 66
     1
  2
gc200
 10
574352.8860000003
 20
2880385.773
 30
168.836
 41
0.5
 42
0.5
 43
0.5
1001
S_GXRQ
1071
1718286499
1001
south
1000
202101
1000
384
  0
ATTRIB
  5
1A3E
330
1A3D
100
AcDbEntity
  8
GCD
  6
Continuous
100
AcDbText
 10
574353.486
 20
2880385.273
 30
168.836
 40
1.0
  1
168.84
 41
0.8
 11
574353.486
 21
2880385.773
 31
168.836
100
AcDbAttribute
280
     0
  2
height
 70
     0
 74
     2
280
     0
  0
SEQEND
  5
1A3F
330
1A3D
100
AcDbEntity
  8
GCD
  6
Continuous
  0
INSERT
  5
1A40
330
1F
100
AcDbEntity
  8
GCD
  6
Continuous
100
AcDbBlockReference
 66
     1
  2
gc200
 10
574359.9760000001
 20
2880386.28
 30
168.84
 41
0.5
 42
0.5
 43
0.5
1001
S_GXRQ
1071
1718286499
1001
south
1000
202101
1000
385
  0
ATTRIB
  5
1A41
330
1A40
100
AcDbEntity
  8
GCD
  6
Continuous
100
AcDbText
 10
574360.5760000001
 20
2880385.78
 30
168.84
 40
1.0
  1
168.84
 41
0.8
 11
574360.5760000001
 21
2880386.28
 31
168.84
100
AcDbAttribute
280
     0
  2
height
 70
     0
 74
     2
280
     0
  0
SEQEND
  5
1A42
330
1A40
100
AcDbEntity
  8
GCD
  6
Continuous
  0
INSERT
  5
1A43
330
1F
100
AcDbEntity
  8
GCD
  6
Continuous
100
AcDbBlockReference
 66
     1
  2
gc200
 10
574366.3050000002
 20
2880384.95
 30
168.844
 41
0.5
 42
0.5
 43
0.5
1001
S_GXRQ
1071
1718286499
1001
south
1000
202101
1000
386
  0
ATTRIB
  5
1A44
330
1A43
100
AcDbEntity
  8
GCD
  6
Continuous
100
AcDbText
 10
574366.9050000001
 20
2880384.45
 30
168.844
 40
1.0
  1
168.84
 41
0.8
 11
574366.9050000001
 21
2880384.95
 31
168.844
100
AcDbAttribute
280
     0
  2
height
 70
     0
 74
     2
280
     0
  0
SEQEND
  5
1A45
330
1A43
100
AcDbEntity
  8
GCD
  6
Continuous
  0
INSERT
  5
1A46
330
1F
100
AcDbEntity
  8
GCD
  6
Continuous
100
AcDbBlockReference
 66
     1
  2
gc200
 10
574372.391
 20
2880381.908
 30
168.784
 41
0.5
 42
0.5
 43
0.5
1001
S_GXRQ
1071
1718286499
1001
south
1000
202101
1000
387
  0
ATTRIB
  5
1A47
330
1A46
100
AcDbEntity
  8
GCD
  6
Continuous
100
AcDbText
 10
574372.9909999999
 20
2880381.408000001
 30
168.784
 40
1.0
  1
168.78
 41
0.8
 11
574372.9909999999
 21
2880381.908
 31
168.784
100
AcDbAttribute
280
     0
  2
height
 70
     0
 74
     2
280
     0
  0
SEQEND
  5
1A48
330
1A46
100
AcDbEntity
  8
GCD
  6
Continuous
  0
INSERT
  5
1A49
330
1F
100
AcDbEntity
  8
GCD
  6
Continuous
100
AcDbBlockReference
 66
     1
  2
gc200
 10
574378.9250000001
 20
2880383.875
 30
168.546
 41
0.5
 42
0.5
 43
0.5
1001
S_GXRQ
1071
1718286499
1001
south
1000
202101
1000
388
  0
ATTRIB
  5
1A4A
330
1A49
100
AcDbEntity
  8
GCD
  6
Continuous
100
AcDbText
 10
574379.5250000001
 20
2880383.375
 30
168.546
 40
1.0
  1
168.55
 41
0.8
 11
574379.5250000001
 21
2880383.875
 31
168.546
100
AcDbAttribute
280
     0
  2
height
 70
     0
 74
     2
280
     0
  0
SEQEND
  5
1A4B
330
1A49
100
AcDbEntity
  8
GCD
  6
Continuous
  0
INSERT
  5
1A4C
330
1F
100
AcDbEntity
  8
GCD
  6
Continuous
100
AcDbBlockReference
 66
     1
  2
gc200
 10
574379.6289999999
 20
2880389.574
 30
168.757
 41
0.5
 42
0.5
 43
0.5
1001
S_GXRQ
1071
1718286499
1001
south
1000
202101
1000
389
  0
ATTRIB
  5
1A4D
330
1A4C
100
AcDbEntity
  8
GCD
  6
Continuous
100
AcDbText
 10
574380.2290000001
 20
2880389.073999999
 30
168.757
 40
1.0
  1
168.76
 41
0.8
 11
574380.2290000001
 21
2880389.574
 31
168.757
100
AcDbAttribute
280
     0
  2
height
 70
     0
 74
     2
280
     0
  0
SEQEND
  5
1A4E
330
1A4C
100
AcDbEntity
  8
GCD
  6
Continuous
  0
INSERT
  5
1A4F
330
1F
100
AcDbEntity
  8
GCD
  6
Continuous
100
AcDbBlockReference
 66
     1
  2
gc200
 10
574372.4010000001
 20
2880391.863999999
 30
168.778
 41
0.5
 42
0.5
 43
0.5
1001
S_GXRQ
1071
1718286499
1001
south
1000
202101
1000
390
  0
ATTRIB
  5
1A50
330
1A4F
100
AcDbEntity
  8
GCD
  6
Continuous
100
AcDbText
 10
574373.0010000001
 20
2880391.363999999
 30
168.778
 40
1.0
  1
168.78
 41
0.8
 11
574373.0010000001
 21
2880391.863999999
 31
168.778
100
AcDbAttribute
280
     0
  2
height
 70
     0
 74
     2
280
     0
  0
SEQEND
  5
1A51
330
1A4F
100
AcDbEntity
  8
GCD
  6
Continuous
  0
INSERT
  5
1A52
330
1F
100
AcDbEntity
  8
GCD
  6
Continuous
100
AcDbBlockReference
 66
     1
  2
gc200
 10
574362.794
 20
2880393.781000001
 30
168.875
 41
0.5
 42
0.5
 43
0.5
1001
S_GXRQ
1071
1718286499
1001
south
1000
202101
1000
391
  0
ATTRIB
  5
1A53
330
1A52
100
AcDbEntity
  8
GCD
  6
Continuous
100
AcDbText
 10
574363.3940000001
 20
2880393.281000002
 30
168.875
 40
1.0
  1
168.88
 41
0.8
 11
574363.3940000001
 21
2880393.781000001
 31
168.875
100
AcDbAttribute
280
     0
  2
height
 70
     0
 74
     2
280
     0
  0
SEQEND
  5
1A54
330
1A52
100
AcDbEntity
  8
GCD
  6
Continuous
  0
INSERT
  5
1A55
330
1F
100
AcDbEntity
  8
GCD
  6
Continuous
100
AcDbBlockReference
 66
     1
  2
gc200
 10
574357.895
 20
2880399.777
 30
168.868
 41
0.5
 42
0.5
 43
0.5
1001
S_GXRQ
1071
1718286499
1001
south
1000
202101
1000
392
  0
ATTRIB
  5
1A56
330
1A55
100
AcDbEntity
  8
GCD
  6
Continuous
100
AcDbText
 10
574358.4950000001
 20
2880399.277
 30
168.868
 40
1.0
  1
168.87
 41
0.8
 11
574358.4950000001
 21
2880399.777
 31
168.868
100
AcDbAttribute
280
     0
  2
height
 70
     0
 74
     2
280
     0
  0
SEQEND
  5
1A57
330
1A55
100
AcDbEntity
  8
GCD
  6
Continuous
  0
INSERT
  5
1A58
330
1F
100
AcDbEntity
  8
GCD
  6
Continuous
100
AcDbBlockReference
 66
     1
  2
gc200
 10
574358.2380000002
 20
2880405.301000001
 30
168.852
 41
0.5
 42
0.5
 43
0.5
1001
S_GXRQ
1071
1718286499
1001
south
1000
202101
1000
393
  0
ATTRIB
  5
1A59
330
1A58
100
AcDbEntity
  8
GCD
  6
Continuous
100
AcDbText
 10
574358.838
 20
2880404.801000001
 30
168.852
 40
1.0
  1
168.85
 41
0.8
 11
574358.838
 21
2880405.301000001
 31
168.852
100
AcDbAttribute
280
     0
  2
height
 70
     0
 74
     2
280
     0
  0
SEQEND
  5
1A5A
330
1A58
100
AcDbEntity
  8
GCD
  6
Continuous
  0
INSERT
  5
1A5B
330
1F
100
AcDbEntity
  8
GCD
  6
Continuous
100
AcDbBlockReference
 66
     1
  2
gc200
 10
574365.0200000002
 20
2880402.447
 30
168.822
 41
0.5
 42
0.5
 43
0.5
1001
S_GXRQ
1071
1718286499
1001
south
1000
202101
1000
394
  0
ATTRIB
  5
1A5C
330
1A5B
100
AcDbEntity
  8
GCD
  6
Continuous
100
AcDbText
 10
574365.6200000001
 20
2880401.947
 30
168.822
 40
1.0
  1
168.82
 41
0.8
 11
574365.6200000001
 21
2880402.447
 31
168.822
100
AcDbAttribute
280
     0
  2
height
 70
     0
 74
     2
280
     0
  0
SEQEND
  5
1A5D
330
1A5B
100
AcDbEntity
  8
GCD
  6
Continuous
  0
INSERT
  5
1A5E
330
1F
100
AcDbEntity
  8
GCD
  6
Continuous
100
AcDbBlockReference
 66
     1
  2
gc200
 10
574372.1980000001
 20
2880398.974
 30
168.835
 41
0.5
 42
0.5
 43
0.5
1001
S_GXRQ
1071
1718286499
1001
south
1000
202101
1000
395
  0
ATTRIB
  5
1A5F
330
1A5E
100
AcDbEntity
  8
GCD
  6
Continuous
100
AcDbText
 10
574372.798
 20
2880398.474
 30
168.835
 40
1.0
  1
168.84
 41
0.8
 11
574372.798
 21
2880398.974
 31
168.835
100
AcDbAttribute
280
     0
  2
height
 70
     0
 74
     2
280
     0
  0
SEQEND
  5
1A60
330
1A5E
100
AcDbEntity
  8
GCD
  6
Continuous
  0
INSERT
  5
1A61
330
1F
100
AcDbEntity
  8
GCD
  6
Continuous
100
AcDbBlockReference
 66
     1
  2
gc200
 10
574378.5930000001
 20
2880396.972
 30
168.832
 41
0.5
 42
0.5
 43
0.5
1001
S_GXRQ
1071
1718286499
1001
south
1000
202101
1000
396
  0
ATTRIB
  5
1A62
330
1A61
100
AcDbEntity
  8
GCD
  6
Continuous
100
AcDbText
 10
574379.193
 20
2880396.472000001
 30
168.832
 40
1.0
  1
168.83
 41
0.8
 11
574379.193
 21
2880396.972
 31
168.832
100
AcDbAttribute
280
     0
  2
height
 70
     0
 74
     2
280
     0
  0
SEQEND
  5
1A63
330
1A61
100
AcDbEntity
  8
GCD
  6
Continuous
  0
INSERT
  5
1A64
330
1F
100
AcDbEntity
  8
GCD
  6
Continuous
100
AcDbBlockReference
 66
     1
  2
gc200
 10
574384.8330000002
 20
2880394.557
 30
168.782
 41
0.5
 42
0.5
 43
0.5
1001
S_GXRQ
1071
1718286499
1001
south
1000
202101
1000
397
  0
ATTRIB
  5
1A65
330
1A64
100
AcDbEntity
  8
GCD
  6
Continuous
100
AcDbText
 10
574385.433
 20
2880394.057
 30
168.782
 40
1.0
  1
168.78
 41
0.8
 11
574385.433
 21
2880394.557
 31
168.782
100
AcDbAttribute
280
     0
  2
height
 70
     0
 74
     2
280
     0
  0
SEQEND
  5
1A66
330
1A64
100
AcDbEntity
  8
GCD
  6
Continuous
  0
INSERT
  5
1A67
330
1F
100
AcDbEntity
  8
GCD
  6
Continuous
100
AcDbBlockReference
 66
     1
  2
gc200
 10
574373.5220000001
 20
2880403.346000002
 30
168.85
 41
0.5
 42
0.5
 43
0.5
1001
S_GXRQ
1071
1718286499
1001
south
1000
202101
1000
398
  0
ATTRIB
  5
1A68
330
1A67
100
AcDbEntity
  8
GCD
  6
Continuous
100
AcDbText
 10
574374.122
 20
2880402.846000002
 30
168.85
 40
1.0
  1
168.85
 41
0.8
 11
574374.122
 21
2880403.346000002
 31
168.85
100
AcDbAttribute
280
     0
  2
height
 70
     0
 74
     2
280
     0
  0
SEQEND
  5
1A69
330
1A67
100
AcDbEntity
  8
GCD
  6
Continuous
  0
INSERT
  5
1A6A
330
1F
100
AcDbEntity
  8
GCD
  6
Continuous
100
AcDbBlockReference
 66
     1
  2
gc200
 10
574392.2709999999
 20
2880412.106000001
 30
168.732
 41
0.5
 42
0.5
 43
0.5
1001
S_GXRQ
1071
1718286499
1001
south
1000
202101
1000
399
  0
ATTRIB
  5
1A6B
330
1A6A
100
AcDbEntity
  8
GCD
  6
Continuous
100
AcDbText
 10
574392.8710000001
 20
2880411.606000001
 30
168.732
 40
1.0
  1
168.73
 41
0.8
 11
574392.8710000001
 21
2880412.106000001
 31
168.732
100
AcDbAttribute
280
     0
  2
height
 70
     0
 74
     2
280
     0
  0
SEQEND
  5
1A6C
330
1A6A
100
AcDbEntity
  8
GCD
  6
Continuous
  0
INSERT
  5
1A6D
330
1F
100
AcDbEntity
  8
GCD
  6
Continuous
100
AcDbBlockReference
 66
     1
  2
gc200
 10
574382.5250000003
 20
2880400.132000001
 30
168.7459999999999
 41
0.5
 42
0.5
 43
0.5
1001
S_GXRQ
1071
1718286499
1001
south
1000
202101
1000
400
  0
ATTRIB
  5
1A6E
330
1A6D
100
AcDbEntity
  8
GCD
  6
Continuous
100
AcDbText
 10
574383.125
 20
2880399.632000001
 30
168.7459999999999
 40
1.0
  1
168.75
 41
0.8
 11
574383.125
 21
2880400.132000001
 31
168.7459999999999
100
AcDbAttribute
280
     0
  2
height
 70
     0
 74
     2
280
     0
  0
SEQEND
  5
1A6F
330
1A6D
100
AcDbEntity
  8
GCD
  6
Continuous
  0
INSERT
  5
1A70
330
1F
100
AcDbEntity
  8
GCD
  6
Continuous
100
AcDbBlockReference
 66
     1
  2
gc200
 10
574386.3789999999
 20
2880402.457
 30
168.66
 41
0.5
 42
0.5
 43
0.5
1001
S_GXRQ
1071
1718286499
1001
south
1000
202101
1000
401
  0
ATTRIB
  5
1A71
330
1A70
100
AcDbEntity
  8
GCD
  6
Continuous
100
AcDbText
 10
574386.9790000001
 20
2880401.957
 30
168.66
 40
1.0
  1
168.66
 41
0.8
 11
574386.9790000001
 21
2880402.457
 31
168.66
100
AcDbAttribute
280
     0
  2
height
 70
     0
 74
     2
280
     0
  0
SEQEND
  5
1A72
330
1A70
100
AcDbEntity
  8
GCD
  6
Continuous
  0
INSERT
  5
1A73
330
1F
100
AcDbEntity
  8
GCD
  6
Continuous
100
AcDbBlockReference
 66
     1
  2
gc200
 10
574387.2120000001
 20
2880407.405
 30
168.743
 41
0.5
 42
0.5
 43
0.5
1001
S_GXRQ
1071
1718286499
1001
south
1000
202101
1000
402
  0
ATTRIB
  5
1A74
330
1A73
100
AcDbEntity
  8
GCD
  6
Continuous
100
AcDbText
 10
574387.8120000001
 20
2880406.905
 30
168.743
 40
1.0
  1
168.74
 41
0.8
 11
574387.8120000001
 21
2880407.405
 31
168.743
100
AcDbAttribute
280
     0
  2
height
 70
     0
 74
     2
280
     0
  0
SEQEND
  5
1A75
330
1A73
100
AcDbEntity
  8
GCD
  6
Continuous
  0
INSERT
  5
1A76
330
1F
100
AcDbEntity
  8
GCD
  6
Continuous
100
AcDbBlockReference
 66
     1
  2
gc200
 10
574386.402
 20
2880411.948
 30
168.232
 41
0.5
 42
0.5
 43
0.5
1001
S_GXRQ
1071
1718286499
1001
south
1000
202101
1000
403
  0
ATTRIB
  5
1A77
330
1A76
100
AcDbEntity
  8
GCD
  6
Continuous
100
AcDbText
 10
574387.0020000001
 20
2880411.448
 30
168.232
 40
1.0
  1
168.23
 41
0.8
 11
574387.0020000001
 21
2880411.948
 31
168.232
100
AcDbAttribute
280
     0
  2
height
 70
     0
 74
     2
280
     0
  0
SEQEND
  5
1A78
330
1A76
100
AcDbEntity
  8
GCD
  6
Continuous
  0
INSERT
  5
1A79
330
1F
100
AcDbEntity
  8
GCD
  6
Continuous
100
AcDbBlockReference
 66
     1
  2
gc200
 10
574385.574
 20
2880418.539
 30
168.592
 41
0.5
 42
0.5
 43
0.5
1001
S_GXRQ
1071
1718286499
1001
south
1000
202101
1000
404
  0
ATTRIB
  5
1A7A
330
1A79
100
AcDbEntity
  8
GCD
  6
Continuous
100
AcDbText
 10
574386.1740000001
 20
2880418.039
 30
168.592
 40
1.0
  1
168.59
 41
0.8
 11
574386.1740000001
 21
2880418.539
 31
168.592
100
AcDbAttribute
280
     0
  2
height
 70
     0
 74
     2
280
     0
  0
SEQEND
  5
1A7B
330
1A79
100
AcDbEntity
  8
GCD
  6
Continuous
  0
INSERT
  5
1A7C
330
1F
100
AcDbEntity
  8
GCD
  6
Continuous
100
AcDbBlockReference
 66
     1
  2
gc200
 10
574378.956
 20
2880419.525
 30
168.81
 41
0.5
 42
0.5
 43
0.5
1001
S_GXRQ
1071
1718286499
1001
south
1000
202101
1000
405
  0
ATTRIB
  5
1A7D
330
1A7C
100
AcDbEntity
  8
GCD
  6
Continuous
100
AcDbText
 10
574379.5560000001
 20
2880419.025
 30
168.81
 40
1.0
  1
168.81
 41
0.8
 11
574379.5560000001
 21
2880419.525
 31
168.81
100
AcDbAttribute
280
     0
  2
height
 70
     0
 74
     2
280
     0
  0
SEQEND
  5
1A7E
330
1A7C
100
AcDbEntity
  8
GCD
  6
Continuous
  0
INSERT
  5
1A7F
330
1F
100
AcDbEntity
  8
GCD
  6
Continuous
100
AcDbBlockReference
 66
     1
  2
gc200
 10
574375.919
 20
2880415.402
 30
168.695
 41
0.5
 42
0.5
 43
0.5
1001
S_GXRQ
1071
1718286499
1001
south
1000
202101
1000
406
  0
ATTRIB
  5
1A80
330
1A7F
100
AcDbEntity
  8
GCD
  6
Continuous
100
AcDbText
 10
574376.5190000001
 20
2880414.902
 30
168.695
 40
1.0
  1
168.70
 41
0.8
 11
574376.5190000001
 21
2880415.402
 31
168.695
100
AcDbAttribute
280
     0
  2
height
 70
     0
 74
     2
280
     0
  0
SEQEND
  5
1A81
330
1A7F
100
AcDbEntity
  8
GCD
  6
Continuous
  0
INSERT
  5
1A82
330
1F
100
AcDbEntity
  8
GCD
  6
Continuous
100
AcDbBlockReference
 66
     1
  2
gc200
 10
574371.748
 20
2880408.25
 30
168.613
 41
0.5
 42
0.5
 43
0.5
1001
S_GXRQ
1071
1718286499
1001
south
1000
202101
1000
407
  0
ATTRIB
  5
1A83
330
1A82
100
AcDbEntity
  8
GCD
  6
Continuous
100
AcDbText
 10
574372.348
 20
2880407.75
 30
168.613
 40
1.0
  1
168.61
 41
0.8
 11
574372.348
 21
2880408.25
 31
168.613
100
AcDbAttribute
280
     0
  2
height
 70
     0
 74
     2
280
     0
  0
SEQEND
  5
1A84
330
1A82
100
AcDbEntity
  8
GCD
  6
Continuous
  0
INSERT
  5
1A85
330
1F
100
AcDbEntity
  8
GCD
  6
Continuous
100
AcDbBlockReference
 66
     1
  2
gc200
 10
574366.6800000003
 20
2880405.83
 30
168.768
 41
0.5
 42
0.5
 43
0.5
1001
S_GXRQ
1071
1718286499
1001
south
1000
202101
1000
408
  0
ATTRIB
  5
1A86
330
1A85
100
AcDbEntity
  8
GCD
  6
Continuous
100
AcDbText
 10
574367.28
 20
2880405.33
 30
168.768
 40
1.0
  1
168.77
 41
0.8
 11
574367.28
 21
2880405.83
 31
168.768
100
AcDbAttribute
280
     0
  2
height
 70
     0
 74
     2
280
     0
  0
SEQEND
  5
1A87
330
1A85
100
AcDbEntity
  8
GCD
  6
Continuous
  0
INSERT
  5
1A88
330
1F
100
AcDbEntity
  8
GCD
  6
Continuous
100
AcDbBlockReference
 66
     1
  2
gc200
 10
574367.77
 20
2880413.979
 30
168.568
 41
0.5
 42
0.5
 43
0.5
1001
S_GXRQ
1071
1718286499
1001
south
1000
202101
1000
409
  0
ATTRIB
  5
1A89
330
1A88
100
AcDbEntity
  8
GCD
  6
Continuous
100
AcDbText
 10
574368.3700000001
 20
2880413.479
 30
168.568
 40
1.0
  1
168.57
 41
0.8
 11
574368.3700000001
 21
2880413.979
 31
168.568
100
AcDbAttribute
280
     0
  2
height
 70
     0
 74
     2
280
     0
  0
SEQEND
  5
1A8A
330
1A88
100
AcDbEntity
  8
GCD
  6
Continuous
  0
INSERT
  5
1A8B
330
1F
100
AcDbEntity
  8
GCD
  6
Continuous
100
AcDbBlockReference
 66
     1
  2
gc200
 10
574367.2520000001
 20
2880420.139
 30
168.798
 41
0.5
 42
0.5
 43
0.5
1001
S_GXRQ
1071
1718286499
1001
south
1000
202101
1000
410
  0
ATTRIB
  5
1A8C
330
1A8B
100
AcDbEntity
  8
GCD
  6
Continuous
100
AcDbText
 10
574367.8519999999
 20
2880419.639
 30
168.798
 40
1.0
  1
168.80
 41
0.8
 11
574367.8519999999
 21
2880420.139
 31
168.798
100
AcDbAttribute
280
     0
  2
height
 70
     0
 74
     2
280
     0
  0
SEQEND
  5
1A8D
330
1A8B
100
AcDbEntity
  8
GCD
  6
Continuous
  0
INSERT
  5
1A8E
330
1F
100
AcDbEntity
  8
GCD
  6
Continuous
100
AcDbBlockReference
 66
     1
  2
gc200
 10
574357.9950000001
 20
2880410.102
 30
168.857
 41
0.5
 42
0.5
 43
0.5
1001
S_GXRQ
1071
1718286499
1001
south
1000
202101
1000
411
  0
ATTRIB
  5
1A8F
330
1A8E
100
AcDbEntity
  8
GCD
  6
Continuous
100
AcDbText
 10
574358.5949999999
 20
2880409.602
 30
168.857
 40
1.0
  1
168.86
 41
0.8
 11
574358.5949999999
 21
2880410.102
 31
168.857
100
AcDbAttribute
280
     0
  2
height
 70
     0
 74
     2
280
     0
  0
SEQEND
  5
1A90
330
1A8E
100
AcDbEntity
  8
GCD
  6
Continuous
  0
INSERT
  5
1A91
330
1F
100
AcDbEntity
  8
GCD
  6
Continuous
100
AcDbBlockReference
 66
     1
  2
gc200
 10
574359.8780000001
 20
2880417.012
 30
168.869
 41
0.5
 42
0.5
 43
0.5
1001
S_GXRQ
1071
1718286499
1001
south
1000
202101
1000
412
  0
ATTRIB
  5
1A92
330
1A91
100
AcDbEntity
  8
GCD
  6
Continuous
100
AcDbText
 10
574360.4780000001
 20
2880416.512
 30
168.869
 40
1.0
  1
168.87
 41
0.8
 11
574360.4780000001
 21
2880417.012
 31
168.869
100
AcDbAttribute
280
     0
  2
height
 70
     0
 74
     2
280
     0
  0
SEQEND
  5
1A93
330
1A91
100
AcDbEntity
  8
GCD
  6
Continuous
  0
INSERT
  5
1A94
330
1F
100
AcDbEntity
  8
GCD
  6
Continuous
100
AcDbBlockReference
 66
     1
  2
gc200
 10
574412.3870000001
 20
2880451.756
 30
169.053
 41
0.5
 42
0.5
 43
0.5
1001
S_GXRQ
1071
1718286499
1001
south
1000
202101
1000
413
  0
ATTRIB
  5
1A95
330
1A94
100
AcDbEntity
  8
GCD
  6
Continuous
100
AcDbText
 10
574412.9870000001
 20
2880451.256
 30
169.053
 40
1.0
  1
169.05
 41
0.8
 11
574412.9870000001
 21
2880451.756
 31
169.053
100
AcDbAttribute
280
     0
  2
height
 70
     0
 74
     2
280
     0
  0
SEQEND
  5
1A96
330
1A94
100
AcDbEntity
  8
GCD
  6
Continuous
  0
INSERT
  5
1A97
330
1F
100
AcDbEntity
  8
GCD
  6
Continuous
100
AcDbBlockReference
 66
     1
  2
gc200
 10
574411.5120000001
 20
2880443.134
 30
169.172
 41
0.5
 42
0.5
 43
0.5
1001
S_GXRQ
1071
1718286499
1001
south
1000
202101
1000
414
  0
ATTRIB
  5
1A98
330
1A97
100
AcDbEntity
  8
GCD
  6
Continuous
100
AcDbText
 10
574412.1119999999
 20
2880442.634
 30
169.172
 40
1.0
  1
169.17
 41
0.8
 11
574412.1119999999
 21
2880443.134
 31
169.172
100
AcDbAttribute
280
     0
  2
height
 70
     0
 74
     2
280
     0
  0
SEQEND
  5
1A99
330
1A97
100
AcDbEntity
  8
GCD
  6
Continuous
  0
INSERT
  5
1A9A
330
1F
100
AcDbEntity
  8
GCD
  6
Continuous
100
AcDbBlockReference
 66
     1
  2
gc200
 10
574408.4669999999
 20
2880437.522
 30
169.141
 41
0.5
 42
0.5
 43
0.5
1001
S_GXRQ
1071
1718286499
1001
south
1000
202101
1000
415
  0
ATTRIB
  5
1A9B
330
1A9A
100
AcDbEntity
  8
GCD
  6
Continuous
100
AcDbText
 10
574409.0670000001
 20
2880437.022
 30
169.141
 40
1.0
  1
169.14
 41
0.8
 11
574409.0670000001
 21
2880437.522
 31
169.141
100
AcDbAttribute
280
     0
  2
height
 70
     0
 74
     2
280
     0
  0
SEQEND
  5
1A9C
330
1A9A
100
AcDbEntity
  8
GCD
  6
Continuous
  0
INSERT
  5
1A9D
330
1F
100
AcDbEntity
  8
GCD
  6
Continuous
100
AcDbBlockReference
 66
     1
  2
gc200
 10
574407.3960000001
 20
2880454.233
 30
168.453
 41
0.5
 42
0.5
 43
0.5
1001
S_GXRQ
1071
1718286499
1001
south
1000
202101
1000
416
  0
ATTRIB
  5
1A9E
330
1A9D
100
AcDbEntity
  8
GCD
  6
Continuous
100
AcDbText
 10
574407.996
 20
2880453.733
 30
168.453
 40
1.0
  1
168.45
 41
0.8
 11
574407.996
 21
2880454.233
 31
168.453
100
AcDbAttribute
280
     0
  2
height
 70
     0
 74
     2
280
     0
  0
SEQEND
  5
1A9F
330
1A9D
100
AcDbEntity
  8
GCD
  6
Continuous
  0
INSERT
  5
1AA0
330
1F
100
AcDbEntity
  8
GCD
  6
Continuous
100
AcDbBlockReference
 66
     1
  2
gc200
 10
574405.051
 20
2880451.976000001
 30
168.546
 41
0.5
 42
0.5
 43
0.5
1001
S_GXRQ
1071
1718286499
1001
south
1000
202101
1000
417
  0
ATTRIB
  5
1AA1
330
1AA0
100
AcDbEntity
  8
GCD
  6
Continuous
100
AcDbText
 10
574405.651
 20
2880451.476000001
 30
168.546
 40
1.0
  1
168.55
 41
0.8
 11
574405.651
 21
2880451.976000001
 31
168.546
100
AcDbAttribute
280
     0
  2
height
 70
     0
 74
     2
280
     0
  0
SEQEND
  5
1AA2
330
1AA0
100
AcDbEntity
  8
GCD
  6
Continuous
  0
INSERT
  5
1AA3
330
1F
100
AcDbEntity
  8
GCD
  6
Continuous
100
AcDbBlockReference
 66
     1
  2
gc200
 10
574404.2910000001
 20
2880446.673
 30
168.607
 41
0.5
 42
0.5
 43
0.5
1001
S_GXRQ
1071
1718286499
1001
south
1000
202101
1000
418
  0
ATTRIB
  5
1AA4
330
1AA3
100
AcDbEntity
  8
GCD
  6
Continuous
100
AcDbText
 10
574404.891
 20
2880446.173
 30
168.607
 40
1.0
  1
168.61
 41
0.8
 11
574404.891
 21
2880446.673
 31
168.607
100
AcDbAttribute
280
     0
  2
height
 70
     0
 74
     2
280
     0
  0
SEQEND
  5
1AA5
330
1AA3
100
AcDbEntity
  8
GCD
  6
Continuous
  0
INSERT
  5
1AA6
330
1F
100
AcDbEntity
  8
GCD
  6
Continuous
100
AcDbBlockReference
 66
     1
  2
gc200
 10
574400.108
 20
2880444.241000001
 30
168.548
 41
0.5
 42
0.5
 43
0.5
1001
S_GXRQ
1071
1718286499
1001
south
1000
202101
1000
419
  0
ATTRIB
  5
1AA7
330
1AA6
100
AcDbEntity
  8
GCD
  6
Continuous
100
AcDbText
 10
574400.7080000002
 20
2880443.741000001
 30
168.548
 40
1.0
  1
168.55
 41
0.8
 11
574400.7080000002
 21
2880444.241000001
 31
168.548
100
AcDbAttribute
280
     0
  2
height
 70
     0
 74
     2
280
     0
  0
SEQEND
  5
1AA8
330
1AA6
100
AcDbEntity
  8
GCD
  6
Continuous
  0
INSERT
  5
1AA9
330
1F
100
AcDbEntity
  8
GCD
  6
Continuous
100
AcDbBlockReference
 66
     1
  2
gc200
 10
574397.9040000001
 20
2880439.206000001
 30
168.532
 41
0.5
 42
0.5
 43
0.5
1001
S_GXRQ
1071
1718286499
1001
south
1000
202101
1000
420
  0
ATTRIB
  5
1AAA
330
1AA9
100
AcDbEntity
  8
GCD
  6
Continuous
100
AcDbText
 10
574398.504
 20
2880438.706000001
 30
168.532
 40
1.0
  1
168.53
 41
0.8
 11
574398.504
 21
2880439.206000001
 31
168.532
100
AcDbAttribute
280
     0
  2
height
 70
     0
 74
     2
280
     0
  0
SEQEND
  5
1AAB
330
1AA9
100
AcDbEntity
  8
GCD
  6
Continuous
  0
INSERT
  5
1AAC
330
1F
100
AcDbEntity
  8
GCD
  6
Continuous
100
AcDbBlockReference
 66
     1
  2
gc200
 10
574395.9680000001
 20
2880435.615
 30
168.588
 41
0.5
 42
0.5
 43
0.5
1001
S_GXRQ
1071
1718286499
1001
south
1000
202101
1000
421
  0
ATTRIB
  5
1AAD
330
1AAC
100
AcDbEntity
  8
GCD
  6
Continuous
100
AcDbText
 10
574396.568
 20
2880435.115
 30
168.588
 40
1.0
  1
168.59
 41
0.8
 11
574396.568
 21
2880435.615
 31
168.588
100
AcDbAttribute
280
     0
  2
height
 70
     0
 74
     2
280
     0
  0
SEQEND
  5
1AAE
330
1AAC
100
AcDbEntity
  8
GCD
  6
Continuous
  0
INSERT
  5
1AAF
330
1F
100
AcDbEntity
  8
GCD
  6
Continuous
100
AcDbBlockReference
 66
     1
  2
gc200
 10
574393.4040000001
 20
2880430.350000001
 30
168.506
 41
0.5
 42
0.5
 43
0.5
1001
S_GXRQ
1071
1718286499
1001
south
1000
202101
1000
422
  0
ATTRIB
  5
1AB0
330
1AAF
100
AcDbEntity
  8
GCD
  6
Continuous
100
AcDbText
 10
574394.004
 20
2880429.850000001
 30
168.506
 40
1.0
  1
168.51
 41
0.8
 11
574394.004
 21
2880430.350000001
 31
168.506
100
AcDbAttribute
280
     0
  2
height
 70
     0
 74
     2
280
     0
  0
SEQEND
  5
1AB1
330
1AAF
100
AcDbEntity
  8
GCD
  6
Continuous
  0
INSERT
  5
1AB2
330
1F
100
AcDbEntity
  8
GCD
  6
Continuous
100
AcDbBlockReference
 66
     1
  2
gc200
 10
574387.05
 20
2880429.64
 30
168.52
 41
0.125
 42
0.125
 43
0.125
1001
S_GXRQ
1071
1718286499
1001
south
1000
202101
1000
423
  0
ATTRIB
  5
1AB3
330
1AB2
100
AcDbEntity
  8
GCD
  6
Continuous
100
AcDbText
 10
574387.2000000001
 20
2880429.515
 30
168.52
 40
0.25
  1
168.52
 41
0.8
 11
574387.2000000001
 21
2880429.64
 31
168.52
100
AcDbAttribute
280
     0
  2
height
 70
     0
 74
     2
280
     0
  0
SEQEND
  5
1AB4
330
1AB2
100
AcDbEntity
  8
GCD
  6
Continuous
  0
INSERT
  5
1AB5
330
1F
100
AcDbEntity
  8
GCD
  6
Continuous
100
AcDbBlockReference
 66
     1
  2
gc200
 10
574385.6740000001
 20
2880433.245
 30
168.495
 41
0.125
 42
0.125
 43
0.125
1001
S_GXRQ
1071
1718286499
1001
south
1000
202101
1000
424
  0
ATTRIB
  5
1AB6
330
1AB5
100
AcDbEntity
  8
GCD
  6
Continuous
100
AcDbText
 10
574385.8240000001
 20
2880433.12
 30
168.495
 40
0.25
  1
168.50
 41
0.8
 11
574385.8240000001
 21
2880433.245
 31
168.495
100
AcDbAttribute
280
     0
  2
height
 70
     0
 74
     2
280
     0
  0
SEQEND
  5
1AB7
330
1AB5
100
AcDbEntity
  8
GCD
  6
Continuous
  0
INSERT
  5
1AB8
330
1F
100
AcDbEntity
  8
GCD
  6
Continuous
100
AcDbBlockReference
 66
     1
  2
gc200
 10
574386.9030000003
 20
2880437.373
 30
168.535
 41
0.125
 42
0.125
 43
0.125
1001
S_GXRQ
1071
1718286499
1001
south
1000
202101
1000
425
  0
ATTRIB
  5
1AB9
330
1AB8
100
AcDbEntity
  8
GCD
  6
Continuous
100
AcDbText
 10
574387.0530000001
 20
2880437.248
 30
168.535
 40
0.25
  1
168.54
 41
0.8
 11
574387.0530000001
 21
2880437.373
 31
168.535
100
AcDbAttribute
280
     0
  2
height
 70
     0
 74
     2
280
     0
  0
SEQEND
  5
1ABA
330
1AB8
100
AcDbEntity
  8
GCD
  6
Continuous
  0
INSERT
  5
1ABB
330
1F
100
AcDbEntity
  8
GCD
  6
Continuous
100
AcDbBlockReference
 66
     1
  2
gc200
 10
574390.288
 20
2880442.284
 30
168.49
 41
0.5
 42
0.5
 43
0.5
1001
S_GXRQ
1071
1718286499
1001
south
1000
202101
1000
426
  0
ATTRIB
  5
1ABC
330
1ABB
100
AcDbEntity
  8
GCD
  6
Continuous
100
AcDbText
 10
574390.8880000001
 20
2880441.784
 30
168.49
 40
1.0
  1
168.49
 41
0.8
 11
574390.8880000001
 21
2880442.284
 31
168.49
100
AcDbAttribute
280
     0
  2
height
 70
     0
 74
     2
280
     0
  0
SEQEND
  5
1ABD
330
1ABB
100
AcDbEntity
  8
GCD
  6
Continuous
  0
INSERT
  5
1ABE
330
1F
100
AcDbEntity
  8
GCD
  6
Continuous
100
AcDbBlockReference
 66
     1
  2
gc200
 10
574392.442
 20
2880448.883
 30
168.49
 41
0.5
 42
0.5
 43
0.5
1001
S_GXRQ
1071
1718286499
1001
south
1000
202101
1000
427
  0
ATTRIB
  5
1ABF
330
1ABE
100
AcDbEntity
  8
GCD
  6
Continuous
100
AcDbText
 10
574393.0420000001
 20
2880448.383
 30
168.49
 40
1.0
  1
168.49
 41
0.8
 11
574393.0420000001
 21
2880448.883
 31
168.49
100
AcDbAttribute
280
     0
  2
height
 70
     0
 74
     2
280
     0
  0
SEQEND
  5
1AC0
330
1ABE
100
AcDbEntity
  8
GCD
  6
Continuous
  0
INSERT
  5
1AC1
330
1F
100
AcDbEntity
  8
GCD
  6
Continuous
100
AcDbBlockReference
 66
     1
  2
gc200
 10
574393.6510000001
 20
2880453.928000001
 30
168.492
 41
0.5
 42
0.5
 43
0.5
1001
S_GXRQ
1071
1718286499
1001
south
1000
202101
1000
428
  0
ATTRIB
  5
1AC2
330
1AC1
100
AcDbEntity
  8
GCD
  6
Continuous
100
AcDbText
 10
574394.2510000001
 20
2880453.428000001
 30
168.492
 40
1.0
  1
168.49
 41
0.8
 11
574394.2510000001
 21
2880453.928000001
 31
168.492
100
AcDbAttribute
280
     0
  2
height
 70
     0
 74
     2
280
     0
  0
SEQEND
  5
1AC3
330
1AC1
100
AcDbEntity
  8
GCD
  6
Continuous
  0
INSERT
  5
1AC4
330
1F
100
AcDbEntity
  8
GCD
  6
Continuous
100
AcDbBlockReference
 66
     1
  2
gc200
 10
574384.6670000001
 20
2880453.476
 30
168.502
 41
0.125
 42
0.125
 43
0.125
1001
S_GXRQ
1071
1718286499
1001
south
1000
202101
1000
429
  0
ATTRIB
  5
1AC5
330
1AC4
100
AcDbEntity
  8
GCD
  6
Continuous
100
AcDbText
 10
574384.817
 20
2880453.351
 30
168.502
 40
0.25
  1
168.50
 41
0.8
 11
574384.817
 21
2880453.476
 31
168.502
100
AcDbAttribute
280
     0
  2
height
 70
     0
 74
     2
280
     0
  0
SEQEND
  5
1AC6
330
1AC4
100
AcDbEntity
  8
GCD
  6
Continuous
  0
INSERT
  5
1AC7
330
1F
100
AcDbEntity
  8
GCD
  6
Continuous
100
AcDbBlockReference
 66
     1
  2
gc200
 10
574383.8760000003
 20
2880451.001
 30
168.415
 41
0.125
 42
0.125
 43
0.125
1001
S_GXRQ
1071
1718286499
1001
south
1000
202101
1000
430
  0
ATTRIB
  5
1AC8
330
1AC7
100
AcDbEntity
  8
GCD
  6
Continuous
100
AcDbText
 10
574384.0260000001
 20
2880450.876000001
 30
168.415
 40
0.25
  1
168.42
 41
0.8
 11
574384.0260000001
 21
2880451.001
 31
168.415
100
AcDbAttribute
280
     0
  2
height
 70
     0
 74
     2
280
     0
  0
SEQEND
  5
1AC9
330
1AC7
100
AcDbEntity
  8
GCD
  6
Continuous
  0
INSERT
  5
1ACA
330
1F
100
AcDbEntity
  8
GCD
  6
Continuous
100
AcDbBlockReference
 66
     1
  2
gc200
 10
574381.5870000001
 20
2880445.134
 30
168.517
 41
0.125
 42
0.125
 43
0.125
1001
S_GXRQ
1071
1718286499
1001
south
1000
202101
1000
431
  0
ATTRIB
  5
1ACB
330
1ACA
100
AcDbEntity
  8
GCD
  6
Continuous
100
AcDbText
 10
574381.7370000002
 20
2880445.009
 30
168.517
 40
0.25
  1
168.52
 41
0.8
 11
574381.7370000002
 21
2880445.134
 31
168.517
100
AcDbAttribute
280
     0
  2
height
 70
     0
 74
     2
280
     0
  0
SEQEND
  5
1ACC
330
1ACA
100
AcDbEntity
  8
GCD
  6
Continuous
  0
INSERT
  5
1ACD
330
1F
100
AcDbEntity
  8
GCD
  6
Continuous
100
AcDbBlockReference
 66
     1
  2
gc200
 10
574380.2890000001
 20
2880440.577
 30
168.469
 41
0.125
 42
0.125
 43
0.125
1001
S_GXRQ
1071
1718286499
1001
south
1000
202101
1000
432
  0
ATTRIB
  5
1ACE
330
1ACD
100
AcDbEntity
  8
GCD
  6
Continuous
100
AcDbText
 10
574380.4390000001
 20
2880440.452
 30
168.469
 40
0.25
  1
168.47
 41
0.8
 11
574380.4390000001
 21
2880440.577
 31
168.469
100
AcDbAttribute
280
     0
  2
height
 70
     0
 74
     2
280
     0
  0
SEQEND
  5
1ACF
330
1ACD
100
AcDbEntity
  8
GCD
  6
Continuous
  0
INSERT
  5
1AD0
330
1F
100
AcDbEntity
  8
GCD
  6
Continuous
100
AcDbBlockReference
 66
     1
  2
gc200
 10
574378.96
 20
2880435.94
 30
168.454
 41
0.125
 42
0.125
 43
0.125
1001
S_GXRQ
1071
1718286499
1001
south
1000
202101
1000
433
  0
ATTRIB
  5
1AD1
330
1AD0
100
AcDbEntity
  8
GCD
  6
Continuous
100
AcDbText
 10
574379.11
 20
2880435.815
 30
168.454
 40
0.25
  1
168.45
 41
0.8
 11
574379.11
 21
2880435.94
 31
168.454
100
AcDbAttribute
280
     0
  2
height
 70
     0
 74
     2
280
     0
  0
SEQEND
  5
1AD2
330
1AD0
100
AcDbEntity
  8
GCD
  6
Continuous
  0
INSERT
  5
1AD3
330
1F
100
AcDbEntity
  8
GCD
  6
Continuous
100
AcDbBlockReference
 66
     1
  2
gc200
 10
574368.21
 20
2880430.652000001
 30
168.424
 41
0.1
 42
0.1
 43
0.1
1001
S_GXRQ
1071
1718286499
1001
south
1000
202101
1000
434
  0
ATTRIB
  5
1AD4
330
1AD3
100
AcDbEntity
  8
GCD
  6
Continuous
100
AcDbText
 10
574368.33
 20
2880430.552000001
 30
168.424
 40
0.2
  1
168.42
 41
0.8
 11
574368.33
 21
2880430.652000001
 31
168.424
100
AcDbAttribute
280
     0
  2
height
 70
     0
 74
     2
280
     0
  0
SEQEND
  5
1AD5
330
1AD3
100
AcDbEntity
  8
GCD
  6
Continuous
  0
INSERT
  5
1AD6
330
1F
100
AcDbEntity
  8
GCD
  6
Continuous
100
AcDbBlockReference
 66
     1
  2
gc200
 10
574374.0370000002
 20
2880430.197
 30
168.475
 41
0.125
 42
0.125
 43
0.125
1001
S_GXRQ
1071
1718286499
1001
south
1000
202101
1000
435
  0
ATTRIB
  5
1AD7
330
1AD6
100
AcDbEntity
  8
GCD
  6
Continuous
100
AcDbText
 10
574374.187
 20
2880430.072
 30
168.475
 40
0.25
  1
168.48
 41
0.8
 11
574374.187
 21
2880430.197
 31
168.475
100
AcDbAttribute
280
     0
  2
height
 70
     0
 74
     2
280
     0
  0
SEQEND
  5
1AD8
330
1AD6
100
AcDbEntity
  8
GCD
  6
Continuous
  0
INSERT
  5
1AD9
330
1F
100
AcDbEntity
  8
GCD
  6
Continuous
100
AcDbBlockReference
 66
     1
  2
gc200
 10
574369.584
 20
2880432.864000002
 30
168.485
 41
0.1
 42
0.1
 43
0.1
1001
S_GXRQ
1071
1718286500
1001
south
1000
202101
1000
436
  0
ATTRIB
  5
1ADA
330
1AD9
100
AcDbEntity
  8
GCD
  6
Continuous
100
AcDbText
 10
574369.704
 20
2880432.764000002
 30
168.485
 40
0.2
  1
168.49
 41
0.8
 11
574369.704
 21
2880432.864000002
 31
168.485
100
AcDbAttribute
280
     0
  2
height
 70
     0
 74
     2
280
     0
  0
SEQEND
  5
1ADB
330
1AD9
100
AcDbEntity
  8
GCD
  6
Continuous
  0
INSERT
  5
1ADC
330
1F
100
AcDbEntity
  8
GCD
  6
Continuous
100
AcDbBlockReference
 66
     1
  2
gc200
 10
574371.4050000001
 20
2880439.177999999
 30
168.456
 41
0.1
 42
0.1
 43
0.1
1001
S_GXRQ
1071
1718286500
1001
south
1000
202101
1000
437
  0
ATTRIB
  5
1ADD
330
1ADC
100
AcDbEntity
  8
GCD
  6
Continuous
100
AcDbText
 10
574371.5250000001
 20
2880439.077999999
 30
168.456
 40
0.2
  1
168.46
 41
0.8
 11
574371.5250000001
 21
2880439.177999999
 31
168.456
100
AcDbAttribute
280
     0
  2
height
 70
     0
 74
     2
280
     0
  0
SEQEND
  5
1ADE
330
1ADC
100
AcDbEntity
  8
GCD
  6
Continuous
  0
INSERT
  5
1ADF
330
1F
100
AcDbEntity
  8
GCD
  6
Continuous
100
AcDbBlockReference
 66
     1
  2
gc200
 10
574375.561
 20
2880443.846000002
 30
168.456
 41
0.1
 42
0.1
 43
0.1
1001
S_GXRQ
1071
1718286500
1001
south
1000
202101
1000
438
  0
ATTRIB
  5
1AE0
330
1ADF
100
AcDbEntity
  8
GCD
  6
Continuous
100
AcDbText
 10
574375.6810000001
 20
2880443.746000002
 30
168.456
 40
0.2
  1
168.46
 41
0.8
 11
574375.6810000001
 21
2880443.846000002
 31
168.456
100
AcDbAttribute
280
     0
  2
height
 70
     0
 74
     2
280
     0
  0
SEQEND
  5
1AE1
330
1ADF
100
AcDbEntity
  8
GCD
  6
Continuous
  0
INSERT
  5
1AE2
330
1F
100
AcDbEntity
  8
GCD
  6
Continuous
100
AcDbBlockReference
 66
     1
  2
gc200
 10
574376.4910000002
 20
2880447.905
 30
168.463
 41
0.1
 42
0.1
 43
0.1
1001
S_GXRQ
1071
1718286500
1001
south
1000
202101
1000
439
  0
ATTRIB
  5
1AE3
330
1AE2
100
AcDbEntity
  8
GCD
  6
Continuous
100
AcDbText
 10
574376.6110000002
 20
2880447.805
 30
168.463
 40
0.2
  1
168.46
 41
0.8
 11
574376.6110000002
 21
2880447.905
 31
168.463
100
AcDbAttribute
280
     0
  2
height
 70
     0
 74
     2
280
     0
  0
SEQEND
  5
1AE4
330
1AE2
100
AcDbEntity
  8
GCD
  6
Continuous
  0
INSERT
  5
1AE5
330
1F
100
AcDbEntity
  8
GCD
  6
Continuous
100
AcDbBlockReference
 66
     1
  2
gc200
 10
574377.625
 20
2880453.113999999
 30
168.4009999999999
 41
0.125
 42
0.125
 43
0.125
1001
S_GXRQ
1071
1718286500
1001
south
1000
202101
1000
440
  0
ATTRIB
  5
1AE6
330
1AE5
100
AcDbEntity
  8
GCD
  6
Continuous
100
AcDbText
 10
574377.775
 20
2880452.988999999
 30
168.4009999999999
 40
0.25
  1
168.40
 41
0.8
 11
574377.775
 21
2880453.113999999
 31
168.4009999999999
100
AcDbAttribute
280
     0
  2
height
 70
     0
 74
     2
280
     0
  0
SEQEND
  5
1AE7
330
1AE5
100
AcDbEntity
  8
GCD
  6
Continuous
  0
INSERT
  5
1AE8
330
1F
100
AcDbEntity
  8
GCD
  6
Continuous
100
AcDbBlockReference
 66
     1
  2
gc200
 10
574409.1520000001
 20
2880457.126000001
 30
168.367
 41
0.5
 42
0.5
 43
0.5
1001
S_GXRQ
1071
1718286500
1001
south
1000
202101
1000
441
  0
ATTRIB
  5
1AE9
330
1AE8
100
AcDbEntity
  8
GCD
  6
Continuous
100
AcDbText
 10
574409.7520000001
 20
2880456.626000001
 30
168.367
 40
1.0
  1
168.37
 41
0.8
 11
574409.7520000001
 21
2880457.126000001
 31
168.367
100
AcDbAttribute
280
     0
  2
height
 70
     0
 74
     2
280
     0
  0
SEQEND
  5
1AEA
330
1AE8
100
AcDbEntity
  8
GCD
  6
Continuous
  0
INSERT
  5
1AEB
330
1F
100
AcDbEntity
  8
GCD
  6
Continuous
100
AcDbBlockReference
 66
     1
  2
gc200
 10
574409.406
 20
2880460.998
 30
168.389
 41
0.5
 42
0.5
 43
0.5
1001
S_GXRQ
1071
1718286500
1001
south
1000
202101
1000
442
  0
ATTRIB
  5
1AEC
330
1AEB
100
AcDbEntity
  8
GCD
  6
Continuous
100
AcDbText
 10
574410.006
 20
2880460.498000001
 30
168.389
 40
1.0
  1
168.39
 41
0.8
 11
574410.006
 21
2880460.998
 31
168.389
100
AcDbAttribute
280
     0
  2
height
 70
     0
 74
     2
280
     0
  0
SEQEND
  5
1AED
330
1AEB
100
AcDbEntity
  8
GCD
  6
Continuous
  0
INSERT
  5
1AEE
330
1F
100
AcDbEntity
  8
GCD
  6
Continuous
100
AcDbBlockReference
 66
     1
  2
gc200
 10
574409.3220000003
 20
2880468.722
 30
168.314
 41
0.5
 42
0.5
 43
0.5
1001
S_GXRQ
1071
1718286500
1001
south
1000
202101
1000
443
  0
ATTRIB
  5
1AEF
330
1AEE
100
AcDbEntity
  8
GCD
  6
Continuous
100
AcDbText
 10
574409.922
 20
2880468.222
 30
168.314
 40
1.0
  1
168.31
 41
0.8
 11
574409.922
 21
2880468.722
 31
168.314
100
AcDbAttribute
280
     0
  2
height
 70
     0
 74
     2
280
     0
  0
SEQEND
  5
1AF0
330
1AEE
100
AcDbEntity
  8
GCD
  6
Continuous
  0
INSERT
  5
1AF1
330
1F
100
AcDbEntity
  8
GCD
  6
Continuous
100
AcDbBlockReference
 66
     1
  2
gc200
 10
574409.7700000001
 20
2880475.902
 30
168.331
 41
0.5
 42
0.5
 43
0.5
1001
S_GXRQ
1071
1718286500
1001
south
1000
202101
1000
444
  0
ATTRIB
  5
1AF2
330
1AF1
100
AcDbEntity
  8
GCD
  6
Continuous
100
AcDbText
 10
574410.3700000001
 20
2880475.402
 30
168.331
 40
1.0
  1
168.33
 41
0.8
 11
574410.3700000001
 21
2880475.902
 31
168.331
100
AcDbAttribute
280
     0
  2
height
 70
     0
 74
     2
280
     0
  0
SEQEND
  5
1AF3
330
1AF1
100
AcDbEntity
  8
GCD
  6
Continuous
  0
INSERT
  5
1AF4
330
1F
100
AcDbEntity
  8
GCD
  6
Continuous
100
AcDbBlockReference
 66
     1
  2
gc200
 10
574403.9300000003
 20
2880475.933
 30
168.398
 41
0.5
 42
0.5
 43
0.5
1001
S_GXRQ
1071
1718286500
1001
south
1000
202101
1000
445
  0
ATTRIB
  5
1AF5
330
1AF4
100
AcDbEntity
  8
GCD
  6
Continuous
100
AcDbText
 10
574404.53
 20
2880475.433
 30
168.398
 40
1.0
  1
168.40
 41
0.8
 11
574404.53
 21
2880475.933
 31
168.398
100
AcDbAttribute
280
     0
  2
height
 70
     0
 74
     2
280
     0
  0
SEQEND
  5
1AF6
330
1AF4
100
AcDbEntity
  8
GCD
  6
Continuous
  0
INSERT
  5
1AF7
330
1F
100
AcDbEntity
  8
GCD
  6
Continuous
100
AcDbBlockReference
 66
     1
  2
gc200
 10
574403.3470000001
 20
2880471.364
 30
168.345
 41
0.5
 42
0.5
 43
0.5
1001
S_GXRQ
1071
1718286500
1001
south
1000
202101
1000
446
  0
ATTRIB
  5
1AF8
330
1AF7
100
AcDbEntity
  8
GCD
  6
Continuous
100
AcDbText
 10
574403.947
 20
2880470.863999999
 30
168.345
 40
1.0
  1
168.35
 41
0.8
 11
574403.947
 21
2880471.364
 31
168.345
100
AcDbAttribute
280
     0
  2
height
 70
     0
 74
     2
280
     0
  0
SEQEND
  5
1AF9
330
1AF7
100
AcDbEntity
  8
GCD
  6
Continuous
  0
INSERT
  5
1AFA
330
1F
100
AcDbEntity
  8
GCD
  6
Continuous
100
AcDbBlockReference
 66
     1
  2
gc200
 10
574402.331
 20
2880466.719000001
 30
168.407
 41
0.5
 42
0.5
 43
0.5
1001
S_GXRQ
1071
1718286500
1001
south
1000
202101
1000
447
  0
ATTRIB
  5
1AFB
330
1AFA
100
AcDbEntity
  8
GCD
  6
Continuous
100
AcDbText
 10
574402.9310000001
 20
2880466.219000002
 30
168.407
 40
1.0
  1
168.41
 41
0.8
 11
574402.9310000001
 21
2880466.719000001
 31
168.407
100
AcDbAttribute
280
     0
  2
height
 70
     0
 74
     2
280
     0
  0
SEQEND
  5
1AFC
330
1AFA
100
AcDbEntity
  8
GCD
  6
Continuous
  0
INSERT
  5
1AFD
330
1F
100
AcDbEntity
  8
GCD
  6
Continuous
100
AcDbBlockReference
 66
     1
  2
gc200
 10
574402.4420000001
 20
2880461.686
 30
168.4479999999999
 41
0.5
 42
0.5
 43
0.5
1001
S_GXRQ
1071
1718286500
1001
south
1000
202101
1000
448
  0
ATTRIB
  5
1AFE
330
1AFD
100
AcDbEntity
  8
GCD
  6
Continuous
100
AcDbText
 10
574403.0420000001
 20
2880461.186000001
 30
168.4479999999999
 40
1.0
  1
168.45
 41
0.8
 11
574403.0420000001
 21
2880461.686
 31
168.4479999999999
100
AcDbAttribute
280
     0
  2
height
 70
     0
 74
     2
280
     0
  0
SEQEND
  5
1AFF
330
1AFD
100
AcDbEntity
  8
GCD
  6
Continuous
  0
INSERT
  5
1B00
330
1F
100
AcDbEntity
  8
GCD
  6
Continuous
100
AcDbBlockReference
 66
     1
  2
gc200
 10
574401.3930000003
 20
2880456.287
 30
168.402
 41
0.5
 42
0.5
 43
0.5
1001
S_GXRQ
1071
1718286500
1001
south
1000
202101
1000
449
  0
ATTRIB
  5
1B01
330
1B00
100
AcDbEntity
  8
GCD
  6
Continuous
100
AcDbText
 10
574401.993
 20
2880455.787
 30
168.402
 40
1.0
  1
168.40
 41
0.8
 11
574401.993
 21
2880456.287
 31
168.402
100
AcDbAttribute
280
     0
  2
height
 70
     0
 74
     2
280
     0
  0
SEQEND
  5
1B02
330
1B00
100
AcDbEntity
  8
GCD
  6
Continuous
  0
INSERT
  5
1B03
330
1F
100
AcDbEntity
  8
GCD
  6
Continuous
100
AcDbBlockReference
 66
     1
  2
gc200
 10
574394.5150000001
 20
2880457.485
 30
168.429
 41
0.5
 42
0.5
 43
0.5
1001
S_GXRQ
1071
1718286500
1001
south
1000
202101
1000
450
  0
ATTRIB
  5
1B04
330
1B03
100
AcDbEntity
  8
GCD
  6
Continuous
100
AcDbText
 10
574395.115
 20
2880456.985
 30
168.429
 40
1.0
  1
168.43
 41
0.8
 11
574395.115
 21
2880457.485
 31
168.429
100
AcDbAttribute
280
     0
  2
height
 70
     0
 74
     2
280
     0
  0
SEQEND
  5
1B05
330
1B03
100
AcDbEntity
  8
GCD
  6
Continuous
  0
INSERT
  5
1B06
330
1F
100
AcDbEntity
  8
GCD
  6
Continuous
100
AcDbBlockReference
 66
     1
  2
gc200
 10
574394.098
 20
2880461.499
 30
168.427
 41
0.5
 42
0.5
 43
0.5
1001
S_GXRQ
1071
1718286500
1001
south
1000
202101
1000
451
  0
ATTRIB
  5
1B07
330
1B06
100
AcDbEntity
  8
GCD
  6
Continuous
100
AcDbText
 10
574394.6980000001
 20
2880460.999
 30
168.427
 40
1.0
  1
168.43
 41
0.8
 11
574394.6980000001
 21
2880461.499
 31
168.427
100
AcDbAttribute
280
     0
  2
height
 70
     0
 74
     2
280
     0
  0
SEQEND
  5
1B08
330
1B06
100
AcDbEntity
  8
GCD
  6
Continuous
  0
INSERT
  5
1B09
330
1F
100
AcDbEntity
  8
GCD
  6
Continuous
100
AcDbBlockReference
 66
     1
  2
gc200
 10
574393.5930000001
 20
2880464.868
 30
168.384
 41
0.5
 42
0.5
 43
0.5
1001
S_GXRQ
1071
1718286500
1001
south
1000
202101
1000
452
  0
ATTRIB
  5
1B0A
330
1B09
100
AcDbEntity
  8
GCD
  6
Continuous
100
AcDbText
 10
574394.193
 20
2880464.368000001
 30
168.384
 40
1.0
  1
168.38
 41
0.8
 11
574394.193
 21
2880464.868
 31
168.384
100
AcDbAttribute
280
     0
  2
height
 70
     0
 74
     2
280
     0
  0
SEQEND
  5
1B0B
330
1B09
100
AcDbEntity
  8
GCD
  6
Continuous
  0
INSERT
  5
1B0C
330
1F
100
AcDbEntity
  8
GCD
  6
Continuous
100
AcDbBlockReference
 66
     1
  2
gc200
 10
574392.7010000001
 20
2880469.854
 30
168.421
 41
0.5
 42
0.5
 43
0.5
1001
S_GXRQ
1071
1718286500
1001
south
1000
202101
1000
453
  0
ATTRIB
  5
1B0D
330
1B0C
100
AcDbEntity
  8
GCD
  6
Continuous
100
AcDbText
 10
574393.301
 20
2880469.354
 30
168.421
 40
1.0
  1
168.42
 41
0.8
 11
574393.301
 21
2880469.854
 31
168.421
100
AcDbAttribute
280
     0
  2
height
 70
     0
 74
     2
280
     0
  0
SEQEND
  5
1B0E
330
1B0C
100
AcDbEntity
  8
GCD
  6
Continuous
  0
INSERT
  5
1B0F
330
1F
100
AcDbEntity
  8
GCD
  6
Continuous
100
AcDbBlockReference
 66
     1
  2
gc200
 10
574392.3090000001
 20
2880473.679000001
 30
168.313
 41
0.5
 42
0.5
 43
0.5
1001
S_GXRQ
1071
1718286500
1001
south
1000
202101
1000
454
  0
ATTRIB
  5
1B10
330
1B0F
100
AcDbEntity
  8
GCD
  6
Continuous
100
AcDbText
 10
574392.909
 20
2880473.179000002
 30
168.313
 40
1.0
  1
168.31
 41
0.8
 11
574392.909
 21
2880473.679000001
 31
168.313
100
AcDbAttribute
280
     0
  2
height
 70
     0
 74
     2
280
     0
  0
SEQEND
  5
1B11
330
1B0F
100
AcDbEntity
  8
GCD
  6
Continuous
  0
INSERT
  5
1B12
330
1F
100
AcDbEntity
  8
GCD
  6
Continuous
100
AcDbBlockReference
 66
     1
  2
gc200
 10
574392.5050000001
 20
2880477.122
 30
168.395
 41
0.5
 42
0.5
 43
0.5
1001
S_GXRQ
1071
1718286500
1001
south
1000
202101
1000
455
  0
ATTRIB
  5
1B13
330
1B12
100
AcDbEntity
  8
GCD
  6
Continuous
100
AcDbText
 10
574393.105
 20
2880476.622
 30
168.395
 40
1.0
  1
168.40
 41
0.8
 11
574393.105
 21
2880477.122
 31
168.395
100
AcDbAttribute
280
     0
  2
height
 70
     0
 74
     2
280
     0
  0
SEQEND
  5
1B14
330
1B12
100
AcDbEntity
  8
GCD
  6
Continuous
  0
INSERT
  5
1B15
330
1F
100
AcDbEntity
  8
GCD
  6
Continuous
100
AcDbBlockReference
 66
     1
  2
gc200
 10
574383.1400000001
 20
2880466.397
 30
168.399
 41
0.5
 42
0.5
 43
0.5
1001
S_GXRQ
1071
1718286500
1001
south
1000
202101
1000
456
  0
ATTRIB
  5
1B16
330
1B15
100
AcDbEntity
  8
GCD
  6
Continuous
100
AcDbText
 10
574383.74
 20
2880465.897
 30
168.399
 40
1.0
  1
168.40
 41
0.8
 11
574383.74
 21
2880466.397
 31
168.399
100
AcDbAttribute
280
     0
  2
height
 70
     0
 74
     2
280
     0
  0
SEQEND
  5
1B17
330
1B15
100
AcDbEntity
  8
GCD
  6
Continuous
  0
INSERT
  5
1B18
330
1F
100
AcDbEntity
  8
GCD
  6
Continuous
100
AcDbBlockReference
 66
     1
  2
gc200
 10
574381.081
 20
2880475.835
 30
168.395
 41
0.5
 42
0.5
 43
0.5
1001
S_GXRQ
1071
1718286500
1001
south
1000
202101
1000
457
  0
ATTRIB
  5
1B19
330
1B18
100
AcDbEntity
  8
GCD
  6
Continuous
100
AcDbText
 10
574381.6810000001
 20
2880475.335
 30
168.395
 40
1.0
  1
168.40
 41
0.8
 11
574381.6810000001
 21
2880475.835
 31
168.395
100
AcDbAttribute
280
     0
  2
height
 70
     0
 74
     2
280
     0
  0
SEQEND
  5
1B1A
330
1B18
100
AcDbEntity
  8
GCD
  6
Continuous
  0
INSERT
  5
1B1B
330
1F
100
AcDbEntity
  8
GCD
  6
Continuous
100
AcDbBlockReference
 66
     1
  2
gc200
 10
574381.203
 20
2880471.878
 30
168.384
 41
0.5
 42
0.5
 43
0.5
1001
S_GXRQ
1071
1718286500
1001
south
1000
202101
1000
458
  0
ATTRIB
  5
1B1C
330
1B1B
100
AcDbEntity
  8
GCD
  6
Continuous
100
AcDbText
 10
574381.8030000001
 20
2880471.378
 30
168.384
 40
1.0
  1
168.38
 41
0.8
 11
574381.8030000001
 21
2880471.878
 31
168.384
100
AcDbAttribute
280
     0
  2
height
 70
     0
 74
     2
280
     0
  0
SEQEND
  5
1B1D
330
1B1B
100
AcDbEntity
  8
GCD
  6
Continuous
  0
INSERT
  5
1B1E
330
1F
100
AcDbEntity
  8
GCD
  6
Continuous
100
AcDbBlockReference
 66
     1
  2
gc200
 10
574386.3230000001
 20
2880456.436000001
 30
168.327
 41
0.5
 42
0.5
 43
0.5
1001
S_GXRQ
1071
1718286500
1001
south
1000
202101
1000
459
  0
ATTRIB
  5
1B1F
330
1B1E
100
AcDbEntity
  8
GCD
  6
Continuous
100
AcDbText
 10
574386.923
 20
2880455.936000002
 30
168.327
 40
1.0
  1
168.33
 41
0.8
 11
574386.923
 21
2880456.436000001
 31
168.327
100
AcDbAttribute
280
     0
  2
height
 70
     0
 74
     2
280
     0
  0
SEQEND
  5
1B20
330
1B1E
100
AcDbEntity
  8
GCD
  6
Continuous
  0
INSERT
  5
1B21
330
1F
100
AcDbEntity
  8
GCD
  6
Continuous
100
AcDbBlockReference
 66
     1
  2
gc200
 10
574386.1680000001
 20
2880459.774
 30
168.386
 41
0.5
 42
0.5
 43
0.5
1001
S_GXRQ
1071
1718286500
1001
south
1000
202101
1000
460
  0
ATTRIB
  5
1B22
330
1B21
100
AcDbEntity
  8
GCD
  6
Continuous
100
AcDbText
 10
574386.768
 20
2880459.274
 30
168.386
 40
1.0
  1
168.39
 41
0.8
 11
574386.768
 21
2880459.774
 31
168.386
100
AcDbAttribute
280
     0
  2
height
 70
     0
 74
     2
280
     0
  0
SEQEND
  5
1B23
330
1B21
100
AcDbEntity
  8
GCD
  6
Continuous
  0
INSERT
  5
1B24
330
1F
100
AcDbEntity
  8
GCD
  6
Continuous
100
AcDbBlockReference
 66
     1
  2
gc200
 10
574385.8770000001
 20
2880462.979
 30
168.339
 41
0.5
 42
0.5
 43
0.5
1001
S_GXRQ
1071
1718286500
1001
south
1000
202101
1000
461
  0
ATTRIB
  5
1B25
330
1B24
100
AcDbEntity
  8
GCD
  6
Continuous
100
AcDbText
 10
574386.4770000001
 20
2880462.479
 30
168.339
 40
1.0
  1
168.34
 41
0.8
 11
574386.4770000001
 21
2880462.979
 31
168.339
100
AcDbAttribute
280
     0
  2
height
 70
     0
 74
     2
280
     0
  0
SEQEND
  5
1B26
330
1B24
100
AcDbEntity
  8
GCD
  6
Continuous
  0
INSERT
  5
1B27
330
1F
100
AcDbEntity
  8
GCD
  6
Continuous
100
AcDbBlockReference
 66
     1
  2
gc200
 10
574385.635
 20
2880465.672
 30
168.403
 41
0.5
 42
0.5
 43
0.5
1001
S_GXRQ
1071
1718286500
1001
south
1000
202101
1000
462
  0
ATTRIB
  5
1B28
330
1B27
100
AcDbEntity
  8
GCD
  6
Continuous
100
AcDbText
 10
574386.2350000001
 20
2880465.172
 30
168.403
 40
1.0
  1
168.40
 41
0.8
 11
574386.2350000001
 21
2880465.672
 31
168.403
100
AcDbAttribute
280
     0
  2
height
 70
     0
 74
     2
280
     0
  0
SEQEND
  5
1B29
330
1B27
100
AcDbEntity
  8
GCD
  6
Continuous
  0
INSERT
  5
1B2A
330
1F
100
AcDbEntity
  8
GCD
  6
Continuous
100
AcDbBlockReference
 66
     1
  2
gc200
 10
574384.8830000001
 20
2880468.451
 30
168.404
 41
0.5
 42
0.5
 43
0.5
1001
S_GXRQ
1071
1718286500
1001
south
1000
202101
1000
463
  0
ATTRIB
  5
1B2B
330
1B2A
100
AcDbEntity
  8
GCD
  6
Continuous
100
AcDbText
 10
574385.483
 20
2880467.951
 30
168.404
 40
1.0
  1
168.40
 41
0.8
 11
574385.483
 21
2880468.451
 31
168.404
100
AcDbAttribute
280
     0
  2
height
 70
     0
 74
     2
280
     0
  0
SEQEND
  5
1B2C
330
1B2A
100
AcDbEntity
  8
GCD
  6
Continuous
  0
INSERT
  5
1B2D
330
1F
100
AcDbEntity
  8
GCD
  6
Continuous
100
AcDbBlockReference
 66
     1
  2
gc200
 10
574384.1430000003
 20
2880472.576
 30
168.403
 41
0.5
 42
0.5
 43
0.5
1001
S_GXRQ
1071
1718286500
1001
south
1000
202101
1000
464
  0
ATTRIB
  5
1B2E
330
1B2D
100
AcDbEntity
  8
GCD
  6
Continuous
100
AcDbText
 10
574384.743
 20
2880472.076
 30
168.403
 40
1.0
  1
168.40
 41
0.8
 11
574384.743
 21
2880472.576
 31
168.403
100
AcDbAttribute
280
     0
  2
height
 70
     0
 74
     2
280
     0
  0
SEQEND
  5
1B2F
330
1B2D
100
AcDbEntity
  8
GCD
  6
Continuous
  0
INSERT
  5
1B30
330
1F
100
AcDbEntity
  8
GCD
  6
Continuous
100
AcDbBlockReference
 66
     1
  2
gc200
 10
574384.048
 20
2880476.479
 30
168.358
 41
0.5
 42
0.5
 43
0.5
1001
S_GXRQ
1071
1718286500
1001
south
1000
202101
1000
465
  0
ATTRIB
  5
1B31
330
1B30
100
AcDbEntity
  8
GCD
  6
Continuous
100
AcDbText
 10
574384.6480000001
 20
2880475.979
 30
168.358
 40
1.0
  1
168.36
 41
0.8
 11
574384.6480000001
 21
2880476.479
 31
168.358
100
AcDbAttribute
280
     0
  2
height
 70
     0
 74
     2
280
     0
  0
SEQEND
  5
1B32
330
1B30
100
AcDbEntity
  8
GCD
  6
Continuous
  0
INSERT
  5
1B33
330
1F
100
AcDbEntity
  8
GCD
  6
Continuous
100
AcDbBlockReference
 66
     1
  2
gc200
 10
574375.743
 20
2880472.228
 30
168.39
 41
0.0375
 42
0.0375
 43
0.0375
1001
S_GXRQ
1071
1718286500
1001
south
1000
202101
1000
466
  0
ATTRIB
  5
1B34
330
1B33
100
AcDbEntity
  8
GCD
  6
Continuous
100
AcDbText
 10
574375.788
 20
2880472.1905
 30
168.39
 40
0.075
  1
168.39
 41
0.8
 11
574375.788
 21
2880472.228
 31
168.39
100
AcDbAttribute
280
     0
  2
height
 70
     0
 74
     2
280
     0
  0
SEQEND
  5
1B35
330
1B33
100
AcDbEntity
  8
GCD
  6
Continuous
  0
INSERT
  5
1B36
330
1F
100
AcDbEntity
  8
GCD
  6
Continuous
100
AcDbBlockReference
 66
     1
  2
gc200
 10
574375.1270000001
 20
2880475.140000001
 30
168.361
 41
0.075
 42
0.075
 43
0.075
1001
S_GXRQ
1071
1718286500
1001
south
1000
202101
1000
467
  0
ATTRIB
  5
1B37
330
1B36
100
AcDbEntity
  8
GCD
  6
Continuous
100
AcDbText
 10
574375.2170000001
 20
2880475.065000001
 30
168.361
 40
0.15
  1
168.36
 41
0.8
 11
574375.2170000001
 21
2880475.140000001
 31
168.361
100
AcDbAttribute
280
     0
  2
height
 70
     0
 74
     2
280
     0
  0
SEQEND
  5
1B38
330
1B36
100
AcDbEntity
  8
GCD
  6
Continuous
  0
INSERT
  5
1B39
330
1F
100
AcDbEntity
  8
GCD
  6
Continuous
100
AcDbBlockReference
 66
     1
  2
gc200
 10
574376.666
 20
2880467.591
 30
168.433
 41
0.0375
 42
0.0375
 43
0.0375
1001
S_GXRQ
1071
1718286500
1001
south
1000
202101
1000
468
  0
ATTRIB
  5
1B3A
330
1B39
100
AcDbEntity
  8
GCD
  6
Continuous
100
AcDbText
 10
574376.7110000002
 20
2880467.5535
 30
168.433
 40
0.075
  1
168.43
 41
0.8
 11
574376.7110000002
 21
2880467.591
 31
168.433
100
AcDbAttribute
280
     0
  2
height
 70
     0
 74
     2
280
     0
  0
SEQEND
  5
1B3B
330
1B39
100
AcDbEntity
  8
GCD
  6
Continuous
  0
INSERT
  5
1B3C
330
1F
100
AcDbEntity
  8
GCD
  6
Continuous
100
AcDbBlockReference
 66
     1
  2
gc200
 10
574377.5500000001
 20
2880456.441000002
 30
168.322
 41
0.0625
 42
0.0625
 43
0.0625
1001
S_GXRQ
1071
1718286500
1001
south
1000
202101
1000
469
  0
ATTRIB
  5
1B3D
330
1B3C
100
AcDbEntity
  8
GCD
  6
Continuous
100
AcDbText
 10
574377.625
 20
2880456.378500002
 30
168.322
 40
0.125
  1
168.32
 41
0.8
 11
574377.625
 21
2880456.441000002
 31
168.322
100
AcDbAttribute
280
     0
  2
height
 70
     0
 74
     2
280
     0
  0
SEQEND
  5
1B3E
330
1B3C
100
AcDbEntity
  8
GCD
  6
Continuous
  0
INSERT
  5
1B3F
330
1F
100
AcDbEntity
  8
GCD
  6
Continuous
100
AcDbBlockReference
 66
     1
  2
gc200
 10
574376.8639970797
 20
2880462.113918359
 30
84.18699999999999
 41
0.0625
 42
0.0625
 43
0.0625
1001
S_GXRQ
1071
1718286500
1001
south
1000
202101
1000
470
  0
ATTRIB
  5
1B40
330
1B3F
100
AcDbEntity
  8
GCD
  6
Continuous
100
AcDbText
 10
574376.9389970797
 20
2880462.051418359
 30
84.18699999999999
 40
0.125
  1
168.37
 41
0.8
 11
574376.9389970797
 21
2880462.113918359
 31
84.18699999999999
100
AcDbAttribute
280
     0
  2
height
 70
     0
 74
     2
280
     0
  0
SEQEND
  5
1B41
330
1B3F
100
AcDbEntity
  8
GCD
  6
Continuous
  0
INSERT
  5
1B42
330
1F
100
AcDbEntity
  8
GCD
  6
Continuous
100
AcDbBlockReference
 66
     1
  2
gc200
 10
574375.6850000001
 20
2880469.052999999
 30
168.3329999999999
 41
0.0375
 42
0.0375
 43
0.0375
1001
S_GXRQ
1071
1718286500
1001
south
1000
202101
1000
471
  0
ATTRIB
  5
1B43
330
1B42
100
AcDbEntity
  8
GCD
  6
Continuous
100
AcDbText
 10
574375.73
 20
2880469.015499999
 30
168.3329999999999
 40
0.075
  1
168.33
 41
0.8
 11
574375.73
 21
2880469.052999999
 31
168.3329999999999
100
AcDbAttribute
280
     0
  2
height
 70
     0
 74
     2
280
     0
  0
SEQEND
  5
1B44
330
1B42
100
AcDbEntity
  8
GCD
  6
Continuous
  0
INSERT
  5
1B45
330
1F
100
AcDbEntity
  8
GCD
  6
Continuous
100
AcDbBlockReference
 66
     1
  2
gc200
 10
574379.129
 20
2880460.893
 30
168.374
 41
0.0625
 42
0.0625
 43
0.0625
1001
S_GXRQ
1071
1718286500
1001
south
1000
202101
1000
472
  0
ATTRIB
  5
1B46
330
1B45
100
AcDbEntity
  8
GCD
  6
Continuous
100
AcDbText
 10
574379.2040000003
 20
2880460.8305
 30
168.374
 40
0.125
  1
168.37
 41
0.8
 11
574379.2040000003
 21
2880460.893
 31
168.374
100
AcDbAttribute
280
     0
  2
height
 70
     0
 74
     2
280
     0
  0
SEQEND
  5
1B47
330
1B45
100
AcDbEntity
  8
GCD
  6
Continuous
  0
INSERT
  5
1B48
330
1F
100
AcDbEntity
  8
GCD
  6
Continuous
100
AcDbBlockReference
 66
     1
  2
gc200
 10
574380.1130000001
 20
2880457.089
 30
168.336
 41
0.125
 42
0.125
 43
0.125
1001
S_GXRQ
1071
1718286500
1001
south
1000
202101
1000
473
  0
ATTRIB
  5
1B49
330
1B48
100
AcDbEntity
  8
GCD
  6
Continuous
100
AcDbText
 10
574380.2630000003
 20
2880456.964
 30
168.336
 40
0.25
  1
168.34
 41
0.8
 11
574380.2630000003
 21
2880457.089
 31
168.336
100
AcDbAttribute
280
     0
  2
height
 70
     0
 74
     2
280
     0
  0
SEQEND
  5
1B4A
330
1B48
100
AcDbEntity
  8
GCD
  6
Continuous
  0
INSERT
  5
1B4B
330
1F
100
AcDbEntity
  8
GCD
  6
Continuous
100
AcDbBlockReference
 66
     1
  2
gc200
 10
574379.4799999999
 20
2880463.742
 30
168.329
 41
0.0625
 42
0.0625
 43
0.0625
1001
S_GXRQ
1071
1718286500
1001
south
1000
202101
1000
474
  0
ATTRIB
  5
1B4C
330
1B4B
100
AcDbEntity
  8
GCD
  6
Continuous
100
AcDbText
 10
574379.5549999999
 20
2880463.6795
 30
168.329
 40
0.125
  1
168.33
 41
0.8
 11
574379.5549999999
 21
2880463.742
 31
168.329
100
AcDbAttribute
280
     0
  2
height
 70
     0
 74
     2
280
     0
  0
SEQEND
  5
1B4D
330
1B4B
100
AcDbEntity
  8
GCD
  6
Continuous
  0
INSERT
  5
1B4E
330
1F
100
AcDbEntity
  8
GCD
  6
Continuous
100
AcDbBlockReference
 66
     1
  2
gc200
 10
574407.014
 20
2880443.936
 30
168.097
 41
0.5
 42
0.5
 43
0.5
1001
S_GXRQ
1071
1718286500
1001
south
1000
202101
1000
475
  0
ATTRIB
  5
1B4F
330
1B4E
100
AcDbEntity
  8
GCD
  6
Continuous
100
AcDbText
 10
574407.614
 20
2880443.436000001
 30
168.097
 40
1.0
  1
168.10
 41
0.8
 11
574407.614
 21
2880443.936
 31
168.097
100
AcDbAttribute
280
     0
  2
height
 70
     0
 74
     2
280
     0
  0
SEQEND
  5
1B50
330
1B4E
100
AcDbEntity
  8
GCD
  6
Continuous
  0
INSERT
  5
1B51
330
1F
100
AcDbEntity
  8
GCD
  6
Continuous
100
AcDbBlockReference
 66
     1
  2
gc200
 10
574408.4870000001
 20
2880448.209
 30
168.062
 41
0.5
 42
0.5
 43
0.5
1001
S_GXRQ
1071
1718286500
1001
south
1000
202101
1000
476
  0
ATTRIB
  5
1B52
330
1B51
100
AcDbEntity
  8
GCD
  6
Continuous
100
AcDbText
 10
574409.087
 20
2880447.709
 30
168.062
 40
1.0
  1
168.06
 41
0.8
 11
574409.087
 21
2880448.209
 31
168.062
100
AcDbAttribute
280
     0
  2
height
 70
     0
 74
     2
280
     0
  0
SEQEND
  5
1B53
330
1B51
100
AcDbEntity
  8
GCD
  6
Continuous
  0
INSERT
  5
1B54
330
1F
100
AcDbEntity
  8
GCD
  6
Continuous
100
AcDbBlockReference
 66
     1
  2
gc200
 10
574405.655
 20
2880440.729
 30
168.081
 41
0.5
 42
0.5
 43
0.5
1001
S_GXRQ
1071
1718286500
1001
south
1000
202101
1000
477
  0
ATTRIB
  5
1B55
330
1B54
100
AcDbEntity
  8
GCD
  6
Continuous
100
AcDbText
 10
574406.2550000002
 20
2880440.229
 30
168.081
 40
1.0
  1
168.08
 41
0.8
 11
574406.2550000002
 21
2880440.729
 31
168.081
100
AcDbAttribute
280
     0
  2
height
 70
     0
 74
     2
280
     0
  0
SEQEND
  5
1B56
330
1B54
100
AcDbEntity
  8
GCD
  6
Continuous
  0
INSERT
  5
1B57
330
1F
100
AcDbEntity
  8
GCD
  6
Continuous
100
AcDbBlockReference
 66
     1
  2
gc200
 10
574402.6430000001
 20
2880434.644
 30
168.05
 41
0.5
 42
0.5
 43
0.5
1001
S_GXRQ
1071
1718286500
1001
south
1000
202101
1000
478
  0
ATTRIB
  5
1B58
330
1B57
100
AcDbEntity
  8
GCD
  6
Continuous
100
AcDbText
 10
574403.243
 20
2880434.144
 30
168.05
 40
1.0
  1
168.05
 41
0.8
 11
574403.243
 21
2880434.644
 31
168.05
100
AcDbAttribute
280
     0
  2
height
 70
     0
 74
     2
280
     0
  0
SEQEND
  5
1B59
330
1B57
100
AcDbEntity
  8
GCD
  6
Continuous
  0
INSERT
  5
1B5A
330
1F
100
AcDbEntity
  8
GCD
  6
Continuous
100
AcDbBlockReference
 66
     1
  2
gc200
 10
574397.956
 20
2880429.426
 30
168.057
 41
0.5
 42
0.5
 43
0.5
1001
S_GXRQ
1071
1718286500
1001
south
1000
202101
1000
479
  0
ATTRIB
  5
1B5B
330
1B5A
100
AcDbEntity
  8
GCD
  6
Continuous
100
AcDbText
 10
574398.5560000002
 20
2880428.926000001
 30
168.057
 40
1.0
  1
168.06
 41
0.8
 11
574398.5560000002
 21
2880429.426
 31
168.057
100
AcDbAttribute
280
     0
  2
height
 70
     0
 74
     2
280
     0
  0
SEQEND
  5
1B5C
330
1B5A
100
AcDbEntity
  8
GCD
  6
Continuous
  0
INSERT
  5
1B5D
330
1F
100
AcDbEntity
  8
GCD
  6
Continuous
100
AcDbBlockReference
 66
     1
  2
gc200
 10
574396.4710000001
 20
2880429.255
 30
168.274
 41
0.5
 42
0.5
 43
0.5
1001
S_GXRQ
1071
1718286500
1001
south
1000
202101
1000
480
  0
ATTRIB
  5
1B5E
330
1B5D
100
AcDbEntity
  8
GCD
  6
Continuous
100
AcDbText
 10
574397.071
 20
2880428.755
 30
168.274
 40
1.0
  1
168.27
 41
0.8
 11
574397.071
 21
2880429.255
 31
168.274
100
AcDbAttribute
280
     0
  2
height
 70
     0
 74
     2
280
     0
  0
SEQEND
  5
1B5F
330
1B5D
100
AcDbEntity
  8
GCD
  6
Continuous
  0
INSERT
  5
1B60
330
1F
100
AcDbEntity
  8
GCD
  6
Continuous
100
AcDbBlockReference
 66
     1
  2
gc200
 10
574388.007
 20
2880427.642
 30
168.1029999999999
 41
0.125
 42
0.125
 43
0.125
1001
S_GXRQ
1071
1718286500
1001
south
1000
202101
1000
481
  0
ATTRIB
  5
1B61
330
1B60
100
AcDbEntity
  8
GCD
  6
Continuous
100
AcDbText
 10
574388.157
 20
2880427.517
 30
168.1029999999999
 40
0.25
  1
168.10
 41
0.8
 11
574388.157
 21
2880427.642
 31
168.1029999999999
100
AcDbAttribute
280
     0
  2
height
 70
     0
 74
     2
280
     0
  0
SEQEND
  5
1B62
330
1B60
100
AcDbEntity
  8
GCD
  6
Continuous
  0
INSERT
  5
1B63
330
1F
100
AcDbEntity
  8
GCD
  6
Continuous
100
AcDbBlockReference
 66
     1
  2
gc200
 10
574383.902
 20
2880428.168
 30
168.082
 41
0.125
 42
0.125
 43
0.125
1001
S_GXRQ
1071
1718286500
1001
south
1000
202101
1000
482
  0
ATTRIB
  5
1B64
330
1B63
100
AcDbEntity
  8
GCD
  6
Continuous
100
AcDbText
 10
574384.052
 20
2880428.043
 30
168.082
 40
0.25
  1
168.08
 41
0.8
 11
574384.052
 21
2880428.168
 31
168.082
100
AcDbAttribute
280
     0
  2
height
 70
     0
 74
     2
280
     0
  0
SEQEND
  5
1B65
330
1B63
100
AcDbEntity
  8
GCD
  6
Continuous
  0
INSERT
  5
1B66
330
1F
100
AcDbEntity
  8
GCD
  6
Continuous
100
AcDbBlockReference
 66
     1
  2
gc200
 10
574368.9320000001
 20
2880428.872
 30
167.997
 41
0.125
 42
0.125
 43
0.125
1001
S_GXRQ
1071
1718286500
1001
south
1000
202101
1000
483
  0
ATTRIB
  5
1B67
330
1B66
100
AcDbEntity
  8
GCD
  6
Continuous
100
AcDbText
 10
574369.0820000001
 20
2880428.747
 30
167.997
 40
0.25
  1
168.00
 41
0.8
 11
574369.0820000001
 21
2880428.872
 31
167.997
100
AcDbAttribute
280
     0
  2
height
 70
     0
 74
     2
280
     0
  0
SEQEND
  5
1B68
330
1B66
100
AcDbEntity
  8
GCD
  6
Continuous
  0
INSERT
  5
1B69
330
1F
100
AcDbEntity
  8
GCD
  6
Continuous
100
AcDbBlockReference
 66
     1
  2
gc200
 10
574377.8900000004
 20
2880428.305
 30
168.029
 41
0.125
 42
0.125
 43
0.125
1001
S_GXRQ
1071
1718286500
1001
south
1000
202101
1000
484
  0
ATTRIB
  5
1B6A
330
1B69
100
AcDbEntity
  8
GCD
  6
Continuous
100
AcDbText
 10
574378.0400000001
 20
2880428.18
 30
168.029
 40
0.25
  1
168.03
 41
0.8
 11
574378.0400000001
 21
2880428.305
 31
168.029
100
AcDbAttribute
280
     0
  2
height
 70
     0
 74
     2
280
     0
  0
SEQEND
  5
1B6B
330
1B69
100
AcDbEntity
  8
GCD
  6
Continuous
  0
INSERT
  5
1B6C
330
1F
100
AcDbEntity
  8
GCD
  6
Continuous
100
AcDbBlockReference
 66
     1
  2
gc200
 10
574368.5460000001
 20
2880428.875
 30
167.988
 41
0.125
 42
0.125
 43
0.125
1001
S_GXRQ
1071
1718286500
1001
south
1000
202101
1000
485
  0
ATTRIB
  5
1B6D
330
1B6C
100
AcDbEntity
  8
GCD
  6
Continuous
100
AcDbText
 10
574368.696
 20
2880428.75
 30
167.988
 40
0.25
  1
167.99
 41
0.8
 11
574368.696
 21
2880428.875
 31
167.988
100
AcDbAttribute
280
     0
  2
height
 70
     0
 74
     2
280
     0
  0
SEQEND
  5
1B6E
330
1B6C
100
AcDbEntity
  8
GCD
  6
Continuous
  0
INSERT
  5
1B6F
330
1F
100
AcDbEntity
  8
GCD
  6
Continuous
100
AcDbBlockReference
 66
     1
  2
gc200
 10
574363.1999999999
 20
2880430.916
 30
168.143
 41
0.1
 42
0.1
 43
0.1
1001
S_GXRQ
1071
1718286500
1001
south
1000
202101
1000
486
  0
ATTRIB
  5
1B70
330
1B6F
100
AcDbEntity
  8
GCD
  6
Continuous
100
AcDbText
 10
574363.3200000001
 20
2880430.816
 30
168.143
 40
0.2
  1
168.14
 41
0.8
 11
574363.3200000001
 21
2880430.916
 31
168.143
100
AcDbAttribute
280
     0
  2
height
 70
     0
 74
     2
280
     0
  0
SEQEND
  5
1B71
330
1B6F
100
AcDbEntity
  8
GCD
  6
Continuous
  0
INSERT
  5
1B72
330
1F
100
AcDbEntity
  8
GCD
  6
Continuous
100
AcDbBlockReference
 66
     1
  2
gc200
 10
574362.669
 20
2880429.45
 30
168.194
 41
0.1
 42
0.1
 43
0.1
1001
S_GXRQ
1071
1718286500
1001
south
1000
202101
1000
487
  0
ATTRIB
  5
1B73
330
1B72
100
AcDbEntity
  8
GCD
  6
Continuous
100
AcDbText
 10
574362.7890000001
 20
2880429.35
 30
168.194
 40
0.2
  1
168.19
 41
0.8
 11
574362.7890000001
 21
2880429.45
 31
168.194
100
AcDbAttribute
280
     0
  2
height
 70
     0
 74
     2
280
     0
  0
SEQEND
  5
1B74
330
1B72
100
AcDbEntity
  8
GCD
  6
Continuous
  0
INSERT
  5
1B75
330
1F
100
AcDbEntity
  8
GCD
  6
Continuous
100
AcDbBlockReference
 66
     1
  2
gc200
 10
574362.5450000003
 20
2880430.387
 30
168.161
 41
0.1
 42
0.1
 43
0.1
1001
S_GXRQ
1071
1718286500
1001
south
1000
202101
1000
488
  0
ATTRIB
  5
1B76
330
1B75
100
AcDbEntity
  8
GCD
  6
Continuous
100
AcDbText
 10
574362.6650000003
 20
2880430.287
 30
168.161
 40
0.2
  1
168.16
 41
0.8
 11
574362.6650000003
 21
2880430.387
 31
168.161
100
AcDbAttribute
280
     0
  2
height
 70
     0
 74
     2
280
     0
  0
SEQEND
  5
1B77
330
1B75
100
AcDbEntity
  8
GCD
  6
Continuous
  0
INSERT
  5
1B78
330
1F
100
AcDbEntity
  8
GCD
  6
Continuous
100
AcDbBlockReference
 66
     1
  2
gc200
 10
574363.8419999999
 20
2880432.967
 30
168.085
 41
0.1
 42
0.1
 43
0.1
1001
S_GXRQ
1071
1718286500
1001
south
1000
202101
1000
489
  0
ATTRIB
  5
1B79
330
1B78
100
AcDbEntity
  8
GCD
  6
Continuous
100
AcDbText
 10
574363.9620000001
 20
2880432.867
 30
168.085
 40
0.2
  1
168.09
 41
0.8
 11
574363.9620000001
 21
2880432.967
 31
168.085
100
AcDbAttribute
280
     0
  2
height
 70
     0
 74
     2
280
     0
  0
SEQEND
  5
1B7A
330
1B78
100
AcDbEntity
  8
GCD
  6
Continuous
  0
INSERT
  5
1B7B
330
1F
100
AcDbEntity
  8
GCD
  6
Continuous
100
AcDbBlockReference
 66
     1
  2
gc200
 10
574365.6210000001
 20
2880435.147
 30
168.049
 41
0.1
 42
0.1
 43
0.1
1001
S_GXRQ
1071
1718286500
1001
south
1000
202101
1000
490
  0
ATTRIB
  5
1B7C
330
1B7B
100
AcDbEntity
  8
GCD
  6
Continuous
100
AcDbText
 10
574365.741
 20
2880435.047
 30
168.049
 40
0.2
  1
168.05
 41
0.8
 11
574365.741
 21
2880435.147
 31
168.049
100
AcDbAttribute
280
     0
  2
height
 70
     0
 74
     2
280
     0
  0
SEQEND
  5
1B7D
330
1B7B
100
AcDbEntity
  8
GCD
  6
Continuous
  0
INSERT
  5
1B7E
330
1F
100
AcDbEntity
  8
GCD
  6
Continuous
100
AcDbBlockReference
 66
     1
  2
gc200
 10
574366.2410000003
 20
2880437.226
 30
168.025
 41
0.1
 42
0.1
 43
0.1
1001
S_GXRQ
1071
1718286500
1001
south
1000
202101
1000
491
  0
ATTRIB
  5
1B7F
330
1B7E
100
AcDbEntity
  8
GCD
  6
Continuous
100
AcDbText
 10
574366.3610000003
 20
2880437.126
 30
168.025
 40
0.2
  1
168.03
 41
0.8
 11
574366.3610000003
 21
2880437.226
 31
168.025
100
AcDbAttribute
280
     0
  2
height
 70
     0
 74
     2
280
     0
  0
SEQEND
  5
1B80
330
1B7E
100
AcDbEntity
  8
GCD
  6
Continuous
  0
INSERT
  5
1B81
330
1F
100
AcDbEntity
  8
GCD
  6
Continuous
100
AcDbBlockReference
 66
     1
  2
gc200
 10
574368.665
 20
2880441.483
 30
168.039
 41
0.1
 42
0.1
 43
0.1
1001
S_GXRQ
1071
1718286500
1001
south
1000
202101
1000
492
  0
ATTRIB
  5
1B82
330
1B81
100
AcDbEntity
  8
GCD
  6
Continuous
100
AcDbText
 10
574368.7850000003
 20
2880441.383
 30
168.039
 40
0.2
  1
168.04
 41
0.8
 11
574368.7850000003
 21
2880441.483
 31
168.039
100
AcDbAttribute
280
     0
  2
height
 70
     0
 74
     2
280
     0
  0
SEQEND
  5
1B83
330
1B81
100
AcDbEntity
  8
GCD
  6
Continuous
  0
INSERT
  5
1B84
330
1F
100
AcDbEntity
  8
GCD
  6
Continuous
100
AcDbBlockReference
 66
     1
  2
gc200
 10
574370.3870000001
 20
2880444.068
 30
168.041
 41
0.1
 42
0.1
 43
0.1
1001
S_GXRQ
1071
1718286500
1001
south
1000
202101
1000
494
  0
ATTRIB
  5
1B85
330
1B84
100
AcDbEntity
  8
GCD
  6
Continuous
100
AcDbText
 10
574370.5070000002
 20
2880443.968
 30
168.041
 40
0.2
  1
168.04
 41
0.8
 11
574370.5070000002
 21
2880444.068
 31
168.041
100
AcDbAttribute
280
     0
  2
height
 70
     0
 74
     2
280
     0
  0
SEQEND
  5
1B86
330
1B84
100
AcDbEntity
  8
GCD
  6
Continuous
  0
INSERT
  5
1B87
330
1F
100
AcDbEntity
  8
GCD
  6
Continuous
100
AcDbBlockReference
 66
     1
  2
gc200
 10
574370.9910000003
 20
2880446.698
 30
168.017
 41
0.1
 42
0.1
 43
0.1
1001
S_GXRQ
1071
1718286500
1001
south
1000
202101
1000
495
  0
ATTRIB
  5
1B88
330
1B87
100
AcDbEntity
  8
GCD
  6
Continuous
100
AcDbText
 10
574371.1110000003
 20
2880446.598
 30
168.017
 40
0.2
  1
168.02
 41
0.8
 11
574371.1110000003
 21
2880446.698
 31
168.017
100
AcDbAttribute
280
     0
  2
height
 70
     0
 74
     2
280
     0
  0
SEQEND
  5
1B89
330
1B87
100
AcDbEntity
  8
GCD
  6
Continuous
  0
INSERT
  5
1B8A
330
1F
100
AcDbEntity
  8
GCD
  6
Continuous
100
AcDbBlockReference
 66
     1
  2
gc200
 10
574373.0840000001
 20
2880453.235
 30
167.777
 41
0.1
 42
0.1
 43
0.1
1001
S_GXRQ
1071
1718286500
1001
south
1000
202101
1000
497
  0
ATTRIB
  5
1B8B
330
1B8A
100
AcDbEntity
  8
GCD
  6
Continuous
100
AcDbText
 10
574373.2040000002
 20
2880453.135
 30
167.777
 40
0.2
  1
167.78
 41
0.8
 11
574373.2040000002
 21
2880453.235
 31
167.777
100
AcDbAttribute
280
     0
  2
height
 70
     0
 74
     2
280
     0
  0
SEQEND
  5
1B8C
330
1B8A
100
AcDbEntity
  8
GCD
  6
Continuous
  0
INSERT
  5
1B8D
330
1F
100
AcDbEntity
  8
GCD
  6
Continuous
100
AcDbBlockReference
 66
     1
  2
gc200
 10
574371.9580000001
 20
2880449.688
 30
168.0309999999999
 41
0.1
 42
0.1
 43
0.1
1001
S_GXRQ
1071
1718286500
1001
south
1000
202101
1000
498
  0
ATTRIB
  5
1B8E
330
1B8D
100
AcDbEntity
  8
GCD
  6
Continuous
100
AcDbText
 10
574372.0780000002
 20
2880449.588
 30
168.0309999999999
 40
0.2
  1
168.03
 41
0.8
 11
574372.0780000002
 21
2880449.688
 31
168.0309999999999
100
AcDbAttribute
280
     0
  2
height
 70
     0
 74
     2
280
     0
  0
SEQEND
  5
1B8F
330
1B8D
100
AcDbEntity
  8
GCD
  6
Continuous
  0
INSERT
  5
1B90
330
1F
100
AcDbEntity
  8
GCD
  6
Continuous
100
AcDbBlockReference
 66
     1
  2
gc200
 10
574373.0350000003
 20
2880451.843000001
 30
168.0609999999999
 41
0.1
 42
0.1
 43
0.1
1001
S_GXRQ
1071
1718286500
1001
south
1000
202101
1000
499
  0
ATTRIB
  5
1B91
330
1B90
100
AcDbEntity
  8
GCD
  6
Continuous
100
AcDbText
 10
574373.1550000003
 20
2880451.743000001
 30
168.0609999999999
 40
0.2
  1
168.06
 41
0.8
 11
574373.1550000003
 21
2880451.843000001
 31
168.0609999999999
100
AcDbAttribute
280
     0
  2
height
 70
     0
 74
     2
280
     0
  0
SEQEND
  5
1B92
330
1B90
100
AcDbEntity
  8
GCD
  6
Continuous
  0
INSERT
  5
1B93
330
1F
100
AcDbEntity
  8
GCD
  6
Continuous
100
AcDbBlockReference
 66
     1
  2
gc200
 10
574370.885
 20
2880476.640000001
 30
167.7849999999999
 41
0.075
 42
0.075
 43
0.075
1001
S_GXRQ
1071
1718286500
1001
south
1000
202101
1000
500
  0
ATTRIB
  5
1B94
330
1B93
100
AcDbEntity
  8
GCD
  6
Continuous
100
AcDbText
 10
574370.975
 20
2880476.565000001
 30
167.7849999999999
 40
0.15
  1
167.79
 41
0.8
 11
574370.975
 21
2880476.640000001
 31
167.7849999999999
100
AcDbAttribute
280
     0
  2
height
 70
     0
 74
     2
280
     0
  0
SEQEND
  5
1B95
330
1B93
100
AcDbEntity
  8
GCD
  6
Continuous
  0
INSERT
  5
1B96
330
1F
100
AcDbEntity
  8
GCD
  6
Continuous
100
AcDbBlockReference
 66
     1
  2
gc200
 10
574371.446
 20
2880471.367
 30
167.964
 41
0.075
 42
0.075
 43
0.075
1001
S_GXRQ
1071
1718286500
1001
south
1000
202101
1000
501
  0
ATTRIB
  5
1B97
330
1B96
100
AcDbEntity
  8
GCD
  6
Continuous
100
AcDbText
 10
574371.536
 20
2880471.292
 30
167.964
 40
0.15
  1
167.96
 41
0.8
 11
574371.536
 21
2880471.367
 31
167.964
100
AcDbAttribute
280
     0
  2
height
 70
     0
 74
     2
280
     0
  0
SEQEND
  5
1B98
330
1B96
100
AcDbEntity
  8
GCD
  6
Continuous
  0
INSERT
  5
1B99
330
1F
100
AcDbEntity
  8
GCD
  6
Continuous
100
AcDbBlockReference
 66
     1
  2
gc200
 10
574372.3338320111
 20
2880462.887178193
 30
83.8235
 41
0.075
 42
0.075
 43
0.075
1001
S_GXRQ
1071
1718286500
1001
south
1000
202101
1000
502
  0
ATTRIB
  5
1B9A
330
1B99
100
AcDbEntity
  8
GCD
  6
Continuous
100
AcDbText
 10
574372.4238320111
 20
2880462.812178194
 30
83.8235
 40
0.15
  1
167.65
 41
0.8
 11
574372.4238320111
 21
2880462.887178193
 31
83.8235
100
AcDbAttribute
280
     0
  2
height
 70
     0
 74
     2
280
     0
  0
SEQEND
  5
1B9B
330
1B99
100
AcDbEntity
  8
GCD
  6
Continuous
  0
INSERT
  5
1B9C
330
1F
100
AcDbEntity
  8
GCD
  6
Continuous
100
AcDbBlockReference
 66
     1
  2
gc200
 10
574373.2450000003
 20
2880455.687
 30
167.748
 41
0.15
 42
0.15
 43
0.15
1001
S_GXRQ
1071
1718286500
1001
south
1000
202101
1000
503
  0
ATTRIB
  5
1B9D
330
1B9C
100
AcDbEntity
  8
GCD
  6
Continuous
100
AcDbText
 10
574373.4250000001
 20
2880455.537
 30
167.748
 40
0.3
  1
167.75
 41
0.8
 11
574373.4250000001
 21
2880455.687
 31
167.748
100
AcDbAttribute
280
     0
  2
height
 70
     0
 74
     2
280
     0
  0
SEQEND
  5
1B9E
330
1B9C
100
AcDbEntity
  8
GCD
  6
Continuous
  0
INSERT
  5
1B9F
330
1F
100
AcDbEntity
  8
GCD
  6
Continuous
100
AcDbBlockReference
 66
     1
  2
gc200
 10
574373.233
 20
2880458.157
 30
167.9839999999999
 41
0.075
 42
0.075
 43
0.075
1001
S_GXRQ
1071
1718286500
1001
south
1000
202101
1000
504
  0
ATTRIB
  5
1BA0
330
1B9F
100
AcDbEntity
  8
GCD
  6
Continuous
100
AcDbText
 10
574373.323
 20
2880458.082
 30
167.9839999999999
 40
0.15
  1
167.98
 41
0.8
 11
574373.323
 21
2880458.157
 31
167.9839999999999
100
AcDbAttribute
280
     0
  2
height
 70
     0
 74
     2
280
     0
  0
SEQEND
  5
1BA1
330
1B9F
100
AcDbEntity
  8
GCD
  6
Continuous
  0
INSERT
  5
1BA2
330
1F
100
AcDbEntity
  8
GCD
  6
Continuous
100
AcDbBlockReference
 66
     1
  2
gc200
 10
574372.4197864712
 20
2880460.58887497
 30
83.969
 41
0.075
 42
0.075
 43
0.075
1001
S_GXRQ
1071
1718286500
1001
south
1000
202101
1000
505
  0
ATTRIB
  5
1BA3
330
1BA2
100
AcDbEntity
  8
GCD
  6
Continuous
100
AcDbText
 10
574372.5097864711
 20
2880460.51387497
 30
83.969
 40
0.15
  1
167.94
 41
0.8
 11
574372.5097864711
 21
2880460.58887497
 31
83.969
100
AcDbAttribute
280
     0
  2
height
 70
     0
 74
     2
280
     0
  0
SEQEND
  5
1BA4
330
1BA2
100
AcDbEntity
  8
GCD
  6
Continuous
  0
INSERT
  5
1BA5
330
1F
100
AcDbEntity
  8
GCD
  6
Continuous
100
AcDbBlockReference
 66
     1
  2
gc200
 10
574372.3620790541
 20
2880465.436074438
 30
83.97949999999999
 41
0.075
 42
0.075
 43
0.075
1001
S_GXRQ
1071
1718286500
1001
south
1000
202101
1000
506
  0
ATTRIB
  5
1BA6
330
1BA5
100
AcDbEntity
  8
GCD
  6
Continuous
100
AcDbText
 10
574372.4520790542
 20
2880465.361074438
 30
83.97949999999999
 40
0.15
  1
167.96
 41
0.8
 11
574372.4520790542
 21
2880465.436074438
 31
83.97949999999999
100
AcDbAttribute
280
     0
  2
height
 70
     0
 74
     2
280
     0
  0
SEQEND
  5
1BA7
330
1BA5
100
AcDbEntity
  8
GCD
  6
Continuous
  0
INSERT
  5
1BA8
330
1F
100
AcDbEntity
  8
GCD
  6
Continuous
100
AcDbBlockReference
 66
     1
  2
gc200
 10
574371.4920000002
 20
2880468.045
 30
167.995
 41
0.075
 42
0.075
 43
0.075
1001
S_GXRQ
1071
1718286500
1001
south
1000
202101
1000
507
  0
ATTRIB
  5
1BA9
330
1BA8
100
AcDbEntity
  8
GCD
  6
Continuous
100
AcDbText
 10
574371.5820000001
 20
2880467.97
 30
167.995
 40
0.15
  1
168.00
 41
0.8
 11
574371.5820000001
 21
2880468.045
 31
167.995
100
AcDbAttribute
280
     0
  2
height
 70
     0
 74
     2
280
     0
  0
SEQEND
  5
1BAA
330
1BA8
100
AcDbEntity
  8
GCD
  6
Continuous
  0
INSERT
  5
1BAB
330
1F
100
AcDbEntity
  8
GCD
  6
Continuous
100
AcDbBlockReference
 66
     1
  2
gc200
 10
574371.4539999999
 20
2880473.087
 30
168.015
 41
0.075
 42
0.075
 43
0.075
1001
S_GXRQ
1071
1718286500
1001
south
1000
202101
1000
508
  0
ATTRIB
  5
1BAC
330
1BAB
100
AcDbEntity
  8
GCD
  6
Continuous
100
AcDbText
 10
574371.544
 20
2880473.012
 30
168.015
 40
0.15
  1
168.02
 41
0.8
 11
574371.544
 21
2880473.087
 31
168.015
100
AcDbAttribute
280
     0
  2
height
 70
     0
 74
     2
280
     0
  0
SEQEND
  5
1BAD
330
1BAB
100
AcDbEntity
  8
GCD
  6
Continuous
  0
INSERT
  5
1BAE
330
1F
100
AcDbEntity
  8
GCD
  6
Continuous
100
AcDbBlockReference
 66
     1
  2
gc200
 10
574371.0169999999
 20
2880481.165
 30
167.972
 41
0.075
 42
0.075
 43
0.075
1001
S_GXRQ
1071
1718286500
1001
south
1000
202101
1000
509
  0
ATTRIB
  5
1BAF
330
1BAE
100
AcDbEntity
  8
GCD
  6
Continuous
100
AcDbText
 10
574371.1069999999
 20
2880481.09
 30
167.972
 40
0.15
  1
167.97
 41
0.8
 11
574371.1069999999
 21
2880481.165
 31
167.972
100
AcDbAttribute
280
     0
  2
height
 70
     0
 74
     2
280
     0
  0
SEQEND
  5
1BB0
330
1BAE
100
AcDbEntity
  8
GCD
  6
Continuous
  0
INSERT
  5
1BB1
330
1F
100
AcDbEntity
  8
GCD
  6
Continuous
100
AcDbBlockReference
 66
     1
  2
gc200
 10
574370.606
 20
2880477.542999999
 30
168.01
 41
0.075
 42
0.075
 43
0.075
1001
S_GXRQ
1071
1718286500
1001
south
1000
202101
1000
510
  0
ATTRIB
  5
1BB2
330
1BB1
100
AcDbEntity
  8
GCD
  6
Continuous
100
AcDbText
 10
574370.6960000001
 20
2880477.467999999
 30
168.01
 40
0.15
  1
168.01
 41
0.8
 11
574370.6960000001
 21
2880477.542999999
 31
168.01
100
AcDbAttribute
280
     0
  2
height
 70
     0
 74
     2
280
     0
  0
SEQEND
  5
1BB3
330
1BB1
100
AcDbEntity
  8
GCD
  6
Continuous
  0
INSERT
  5
1BB4
330
1F
100
AcDbEntity
  8
GCD
  6
Continuous
100
AcDbBlockReference
 66
     1
  2
gc200
 10
574367.479
 20
2880479.569000002
 30
168.162
 41
0.0375
 42
0.0375
 43
0.0375
1001
S_GXRQ
1071
1718286500
1001
south
1000
202101
1000
511
  0
ATTRIB
  5
1BB5
330
1BB4
100
AcDbEntity
  8
GCD
  6
Continuous
100
AcDbText
 10
574367.524
 20
2880479.531500002
 30
168.162
 40
0.075
  1
168.16
 41
0.8
 11
574367.524
 21
2880479.569000002
 31
168.162
100
AcDbAttribute
280
     0
  2
height
 70
     0
 74
     2
280
     0
  0
SEQEND
  5
1BB6
330
1BB4
100
AcDbEntity
  8
GCD
  6
Continuous
  0
INSERT
  5
1BB7
330
1F
100
AcDbEntity
  8
GCD
  6
Continuous
100
AcDbBlockReference
 66
     1
  2
gc200
 10
574369.5030000003
 20
2880478.336
 30
168.064
 41
0.075
 42
0.075
 43
0.075
1001
S_GXRQ
1071
1718286500
1001
south
1000
202101
1000
512
  0
ATTRIB
  5
1BB8
330
1BB7
100
AcDbEntity
  8
GCD
  6
Continuous
100
AcDbText
 10
574369.5930000001
 20
2880478.261
 30
168.064
 40
0.15
  1
168.06
 41
0.8
 11
574369.5930000001
 21
2880478.336
 31
168.064
100
AcDbAttribute
280
     0
  2
height
 70
     0
 74
     2
280
     0
  0
SEQEND
  5
1BB9
330
1BB7
100
AcDbEntity
  8
GCD
  6
Continuous
  0
INSERT
  5
1BBA
330
1F
100
AcDbEntity
  8
GCD
  6
Continuous
100
AcDbBlockReference
 66
     1
  2
gc200
 10
574368.22
 20
2880475.839000001
 30
168.302
 41
0.075
 42
0.075
 43
0.075
1001
S_GXRQ
1071
1718286500
1001
south
1000
202101
1000
513
  0
ATTRIB
  5
1BBB
330
1BBA
100
AcDbEntity
  8
GCD
  6
Continuous
100
AcDbText
 10
574368.3100000001
 20
2880475.764000001
 30
168.302
 40
0.15
  1
168.30
 41
0.8
 11
574368.3100000001
 21
2880475.839000001
 31
168.302
100
AcDbAttribute
280
     0
  2
height
 70
     0
 74
     2
280
     0
  0
SEQEND
  5
1BBC
330
1BBA
100
AcDbEntity
  8
GCD
  6
Continuous
  0
INSERT
  5
1BBD
330
1F
100
AcDbEntity
  8
GCD
  6
Continuous
100
AcDbBlockReference
 66
     1
  2
gc200
 10
574369.605
 20
2880474.225
 30
168.268
 41
0.075
 42
0.075
 43
0.075
1001
S_GXRQ
1071
1718286500
1001
south
1000
202101
1000
514
  0
ATTRIB
  5
1BBE
330
1BBD
100
AcDbEntity
  8
GCD
  6
Continuous
100
AcDbText
 10
574369.695
 20
2880474.15
 30
168.268
 40
0.15
  1
168.27
 41
0.8
 11
574369.695
 21
2880474.225
 31
168.268
100
AcDbAttribute
280
     0
  2
height
 70
     0
 74
     2
280
     0
  0
SEQEND
  5
1BBF
330
1BBD
100
AcDbEntity
  8
GCD
  6
Continuous
  0
INSERT
  5
1BC0
330
1F
100
AcDbEntity
  8
GCD
  6
Continuous
100
AcDbBlockReference
 66
     1
  2
gc200
 10
574369.3152243253
 20
2880456.112253199
 30
165.4702146085088
 41
0.075
 42
0.075
 43
0.075
1001
S_GXRQ
1071
1718286500
1001
south
1000
202101
1000
515
  0
ATTRIB
  5
1BC1
330
1BC0
100
AcDbEntity
  8
GCD
  6
Continuous
100
AcDbText
 10
574369.4052243252
 20
2880456.037253199
 30
165.4702146085088
 40
0.15
  1
168.51
 41
0.8
 11
574369.4052243252
 21
2880456.112253199
 31
165.4702146085088
100
AcDbAttribute
280
     0
  2
height
 70
     0
 74
     2
280
     0
  0
SEQEND
  5
1BC2
330
1BC0
100
AcDbEntity
  8
GCD
  6
Continuous
  0
INSERT
  5
1BC3
330
1F
100
AcDbEntity
  8
GCD
  6
Continuous
100
AcDbBlockReference
 66
     1
  2
gc200
 10
574369.1239999997
 20
2880464.484
 30
168.399
 41
0.15
 42
0.15
 43
0.15
1001
S_GXRQ
1071
1718286500
1001
south
1000
202101
1000
516
  0
ATTRIB
  5
1BC4
330
1BC3
100
AcDbEntity
  8
GCD
  6
Continuous
100
AcDbText
 10
574369.304
 20
2880464.334
 30
168.399
 40
0.3
  1
168.40
 41
0.8
 11
574369.304
 21
2880464.484
 31
168.399
100
AcDbAttribute
280
     0
  2
height
 70
     0
 74
     2
280
     0
  0
SEQEND
  5
1BC5
330
1BC3
100
AcDbEntity
  8
GCD
  6
Continuous
  0
INSERT
  5
1BC6
330
1F
100
AcDbEntity
  8
GCD
  6
Continuous
100
AcDbBlockReference
 66
     1
  2
gc200
 10
574368.4810000003
 20
2880469.187
 30
168.327
 41
0.075
 42
0.075
 43
0.075
1001
S_GXRQ
1071
1718286500
1001
south
1000
202101
1000
517
  0
ATTRIB
  5
1BC7
330
1BC6
100
AcDbEntity
  8
GCD
  6
Continuous
100
AcDbText
 10
574368.5710000001
 20
2880469.112
 30
168.327
 40
0.15
  1
168.33
 41
0.8
 11
574368.5710000001
 21
2880469.187
 31
168.327
100
AcDbAttribute
280
     0
  2
height
 70
     0
 74
     2
280
     0
  0
SEQEND
  5
1BC8
330
1BC6
100
AcDbEntity
  8
GCD
  6
Continuous
  0
INSERT
  5
1BC9
330
1F
100
AcDbEntity
  8
GCD
  6
Continuous
100
AcDbBlockReference
 66
     1
  2
gc200
 10
574370.58
 20
2880466.623
 30
168.212
 41
0.15
 42
0.15
 43
0.15
1001
S_GXRQ
1071
1718286500
1001
south
1000
202101
1000
518
  0
ATTRIB
  5
1BCA
330
1BC9
100
AcDbEntity
  8
GCD
  6
Continuous
100
AcDbText
 10
574370.76
 20
2880466.473
 30
168.212
 40
0.3
  1
168.21
 41
0.8
 11
574370.76
 21
2880466.623
 31
168.212
100
AcDbAttribute
280
     0
  2
height
 70
     0
 74
     2
280
     0
  0
SEQEND
  5
1BCB
330
1BC9
100
AcDbEntity
  8
GCD
  6
Continuous
  0
INSERT
  5
1BCC
330
1F
100
AcDbEntity
  8
GCD
  6
Continuous
100
AcDbBlockReference
 66
     1
  2
gc200
 10
574370.686
 20
2880464.241
 30
168.243
 41
0.15
 42
0.15
 43
0.15
1001
S_GXRQ
1071
1718286500
1001
south
1000
202101
1000
519
  0
ATTRIB
  5
1BCD
330
1BCC
100
AcDbEntity
  8
GCD
  6
Continuous
100
AcDbText
 10
574370.8659999999
 20
2880464.091000001
 30
168.243
 40
0.3
  1
168.24
 41
0.8
 11
574370.8659999999
 21
2880464.241
 31
168.243
100
AcDbAttribute
280
     0
  2
height
 70
     0
 74
     2
280
     0
  0
SEQEND
  5
1BCE
330
1BCC
100
AcDbEntity
  8
GCD
  6
Continuous
  0
INSERT
  5
1BCF
330
1F
100
AcDbEntity
  8
GCD
  6
Continuous
100
AcDbBlockReference
 66
     1
  2
gc200
 10
574371.4320585644
 20
2880459.459991144
 30
84.0915
 41
0.075
 42
0.075
 43
0.075
1001
S_GXRQ
1071
1718286500
1001
south
1000
202101
1000
520
  0
ATTRIB
  5
1BD0
330
1BCF
100
AcDbEntity
  8
GCD
  6
Continuous
100
AcDbText
 10
574371.5220585643
 20
2880459.384991143
 30
84.0915
 40
0.15
  1
168.18
 41
0.8
 11
574371.5220585643
 21
2880459.459991144
 31
84.0915
100
AcDbAttribute
280
     0
  2
height
 70
     0
 74
     2
280
     0
  0
SEQEND
  5
1BD1
330
1BCF
100
AcDbEntity
  8
GCD
  6
Continuous
  0
INSERT
  5
1BD2
330
1F
100
AcDbEntity
  8
GCD
  6
Continuous
100
AcDbBlockReference
 66
     1
  2
gc200
 10
574371.1332890687
 20
2880461.6596992
 30
84.16649999999998
 41
0.075
 42
0.075
 43
0.075
1001
S_GXRQ
1071
1718286500
1001
south
1000
202101
1000
521
  0
ATTRIB
  5
1BD3
330
1BD2
100
AcDbEntity
  8
GCD
  6
Continuous
100
AcDbText
 10
574371.2232890686
 20
2880461.5846992
 30
84.16649999999998
 40
0.15
  1
168.33
 41
0.8
 11
574371.2232890686
 21
2880461.6596992
 31
84.16649999999998
100
AcDbAttribute
280
     0
  2
height
 70
     0
 74
     2
280
     0
  0
SEQEND
  5
1BD4
330
1BD2
100
AcDbEntity
  8
GCD
  6
Continuous
  0
INSERT
  5
1BD5
330
1F
100
AcDbEntity
  8
GCD
  6
Continuous
100
AcDbBlockReference
 66
     1
  2
gc200
 10
574370.3917844341
 20
2880457.122520708
 30
84.12550000000001
 41
0.075
 42
0.075
 43
0.075
1001
S_GXRQ
1071
1718286500
1001
south
1000
202101
1000
522
  0
ATTRIB
  5
1BD6
330
1BD5
100
AcDbEntity
  8
GCD
  6
Continuous
100
AcDbText
 10
574370.4817844341
 20
2880457.047520708
 30
84.12550000000001
 40
0.15
  1
168.25
 41
0.8
 11
574370.4817844341
 21
2880457.122520708
 31
84.12550000000001
100
AcDbAttribute
280
     0
  2
height
 70
     0
 74
     2
280
     0
  0
SEQEND
  5
1BD7
330
1BD5
100
AcDbEntity
  8
GCD
  6
Continuous
  0
INSERT
  5
1BD8
330
1F
100
AcDbEntity
  8
GCD
  6
Continuous
100
AcDbBlockReference
 66
     1
  2
gc200
 10
574370.0740000001
 20
2880454.106
 30
168.142
 41
0.15
 42
0.15
 43
0.15
1001
S_GXRQ
1071
1718286501
1001
south
1000
202101
1000
523
  0
ATTRIB
  5
1BD9
330
1BD8
100
AcDbEntity
  8
GCD
  6
Continuous
100
AcDbText
 10
574370.254
 20
2880453.956000001
 30
168.142
 40
0.3
  1
168.14
 41
0.8
 11
574370.254
 21
2880454.106
 31
168.142
100
AcDbAttribute
280
     0
  2
height
 70
     0
 74
     2
280
     0
  0
SEQEND
  5
1BDA
330
1BD8
100
AcDbEntity
  8
GCD
  6
Continuous
  0
INSERT
  5
1BDB
330
1F
100
AcDbEntity
  8
GCD
  6
Continuous
100
AcDbBlockReference
 66
     1
  2
gc200
 10
574370.923
 20
2880450.604000001
 30
168.046
 41
0.1
 42
0.1
 43
0.1
1001
S_GXRQ
1071
1718286501
1001
south
1000
202101
1000
524
  0
ATTRIB
  5
1BDC
330
1BDB
100
AcDbEntity
  8
GCD
  6
Continuous
100
AcDbText
 10
574371.0430000001
 20
2880450.504000001
 30
168.046
 40
0.2
  1
168.05
 41
0.8
 11
574371.0430000001
 21
2880450.604000001
 31
168.046
100
AcDbAttribute
280
     0
  2
height
 70
     0
 74
     2
280
     0
  0
SEQEND
  5
1BDD
330
1BDB
100
AcDbEntity
  8
GCD
  6
Continuous
  0
INSERT
  5
1BDE
330
1F
100
AcDbEntity
  8
GCD
  6
Continuous
100
AcDbBlockReference
 66
     1
  2
gc200
 10
574368.736
 20
2880448.286000001
 30
168.098
 41
0.1
 42
0.1
 43
0.1
1001
S_GXRQ
1071
1718286501
1001
south
1000
202101
1000
525
  0
ATTRIB
  5
1BDF
330
1BDE
100
AcDbEntity
  8
GCD
  6
Continuous
100
AcDbText
 10
574368.8560000003
 20
2880448.186000002
 30
168.098
 40
0.2
  1
168.10
 41
0.8
 11
574368.8560000003
 21
2880448.286000001
 31
168.098
100
AcDbAttribute
280
     0
  2
height
 70
     0
 74
     2
280
     0
  0
SEQEND
  5
1BE0
330
1BDE
100
AcDbEntity
  8
GCD
  6
Continuous
  0
INSERT
  5
1BE1
330
1F
100
AcDbEntity
  8
GCD
  6
Continuous
100
AcDbBlockReference
 66
     1
  2
gc200
 10
574368.9030000003
 20
2880445.467
 30
168.067
 41
0.1
 42
0.1
 43
0.1
1001
S_GXRQ
1071
1718286501
1001
south
1000
202101
1000
526
  0
ATTRIB
  5
1BE2
330
1BE1
100
AcDbEntity
  8
GCD
  6
Continuous
100
AcDbText
 10
574369.0230000003
 20
2880445.367
 30
168.067
 40
0.2
  1
168.07
 41
0.8
 11
574369.0230000003
 21
2880445.467
 31
168.067
100
AcDbAttribute
280
     0
  2
height
 70
     0
 74
     2
280
     0
  0
SEQEND
  5
1BE3
330
1BE1
100
AcDbEntity
  8
GCD
  6
Continuous
  0
INSERT
  5
1BE4
330
1F
100
AcDbEntity
  8
GCD
  6
Continuous
100
AcDbBlockReference
 66
     1
  2
gc200
 10
574405.8670000001
 20
2880433.947
 30
169.11
 41
0.5
 42
0.5
 43
0.5
1001
S_GXRQ
1071
1718286501
1001
south
1000
202101
1000
527
  0
ATTRIB
  5
1BE5
330
1BE4
100
AcDbEntity
  8
GCD
  6
Continuous
100
AcDbText
 10
574406.4670000001
 20
2880433.447
 30
169.11
 40
1.0
  1
169.11
 41
0.8
 11
574406.4670000001
 21
2880433.947
 31
169.11
100
AcDbAttribute
280
     0
  2
height
 70
     0
 74
     2
280
     0
  0
SEQEND
  5
1BE6
330
1BE4
100
AcDbEntity
  8
GCD
  6
Continuous
  0
INSERT
  5
1BE7
330
1F
100
AcDbEntity
  8
GCD
  6
Continuous
100
AcDbBlockReference
 66
     1
  2
gc200
 10
574402.639
 20
2880430.602
 30
169.021
 41
0.5
 42
0.5
 43
0.5
1001
S_GXRQ
1071
1718286501
1001
south
1000
202101
1000
528
  0
ATTRIB
  5
1BE8
330
1BE7
100
AcDbEntity
  8
GCD
  6
Continuous
100
AcDbText
 10
574403.239
 20
2880430.102
 30
169.021
 40
1.0
  1
169.02
 41
0.8
 11
574403.239
 21
2880430.602
 31
169.021
100
AcDbAttribute
280
     0
  2
height
 70
     0
 74
     2
280
     0
  0
SEQEND
  5
1BE9
330
1BE7
100
AcDbEntity
  8
GCD
  6
Continuous
  0
INSERT
  5
1BEA
330
1F
100
AcDbEntity
  8
GCD
  6
Continuous
100
AcDbBlockReference
 66
     1
  2
gc200
 10
574400.3700000001
 20
2880426.956
 30
168.948
 41
0.5
 42
0.5
 43
0.5
1001
S_GXRQ
1071
1718286501
1001
south
1000
202101
1000
529
  0
ATTRIB
  5
1BEB
330
1BEA
100
AcDbEntity
  8
GCD
  6
Continuous
100
AcDbText
 10
574400.97
 20
2880426.456
 30
168.948
 40
1.0
  1
168.95
 41
0.8
 11
574400.97
 21
2880426.956
 31
168.948
100
AcDbAttribute
280
     0
  2
height
 70
     0
 74
     2
280
     0
  0
SEQEND
  5
1BEC
330
1BEA
100
AcDbEntity
  8
GCD
  6
Continuous
  0
INSERT
  5
1BED
330
1F
100
AcDbEntity
  8
GCD
  6
Continuous
100
AcDbBlockReference
 66
     1
  2
gc200
 10
574396.3930000003
 20
2880422.135
 30
168.959
 41
0.5
 42
0.5
 43
0.5
1001
S_GXRQ
1071
1718286501
1001
south
1000
202101
1000
530
  0
ATTRIB
  5
1BEE
330
1BED
100
AcDbEntity
  8
GCD
  6
Continuous
100
AcDbText
 10
574396.993
 20
2880421.635
 30
168.959
 40
1.0
  1
168.96
 41
0.8
 11
574396.993
 21
2880422.135
 31
168.959
100
AcDbAttribute
280
     0
  2
height
 70
     0
 74
     2
280
     0
  0
SEQEND
  5
1BEF
330
1BED
100
AcDbEntity
  8
GCD
  6
Continuous
  0
INSERT
  5
1BF0
330
1F
100
AcDbEntity
  8
GCD
  6
Continuous
100
AcDbBlockReference
 66
     1
  2
gc200
 10
574395.304
 20
2880425.8
 30
168.93
 41
0.5
 42
0.5
 43
0.5
1001
S_GXRQ
1071
1718286501
1001
south
1000
202101
1000
531
  0
ATTRIB
  5
1BF1
330
1BF0
100
AcDbEntity
  8
GCD
  6
Continuous
100
AcDbText
 10
574395.9040000001
 20
2880425.3
 30
168.93
 40
1.0
  1
168.93
 41
0.8
 11
574395.9040000001
 21
2880425.8
 31
168.93
100
AcDbAttribute
280
     0
  2
height
 70
     0
 74
     2
280
     0
  0
SEQEND
  5
1BF2
330
1BF0
100
AcDbEntity
  8
GCD
  6
Continuous
  0
INSERT
  5
1BF3
330
1F
100
AcDbEntity
  8
GCD
  6
Continuous
100
AcDbBlockReference
 66
     1
  2
gc200
 10
574388.004
 20
2880424.388
 30
168.816
 41
0.125
 42
0.125
 43
0.125
1001
S_GXRQ
1071
1718286501
1001
south
1000
202101
1000
532
  0
ATTRIB
  5
1BF4
330
1BF3
100
AcDbEntity
  8
GCD
  6
Continuous
100
AcDbText
 10
574388.154
 20
2880424.263
 30
168.816
 40
0.25
  1
168.82
 41
0.8
 11
574388.154
 21
2880424.388
 31
168.816
100
AcDbAttribute
280
     0
  2
height
 70
     0
 74
     2
280
     0
  0
SEQEND
  5
1BF5
330
1BF3
100
AcDbEntity
  8
GCD
  6
Continuous
  0
INSERT
  5
1BF6
330
1F
100
AcDbEntity
  8
GCD
  6
Continuous
100
AcDbBlockReference
 66
     1
  2
gc200
 10
574382.9470000003
 20
2880425.607
 30
168.78
 41
0.125
 42
0.125
 43
0.125
1001
S_GXRQ
1071
1718286501
1001
south
1000
202101
1000
533
  0
ATTRIB
  5
1BF7
330
1BF6
100
AcDbEntity
  8
GCD
  6
Continuous
100
AcDbText
 10
574383.0970000001
 20
2880425.482
 30
168.78
 40
0.25
  1
168.78
 41
0.8
 11
574383.0970000001
 21
2880425.607
 31
168.78
100
AcDbAttribute
280
     0
  2
height
 70
     0
 74
     2
280
     0
  0
SEQEND
  5
1BF8
330
1BF6
100
AcDbEntity
  8
GCD
  6
Continuous
  0
INSERT
  5
1BF9
330
1F
100
AcDbEntity
  8
GCD
  6
Continuous
100
AcDbBlockReference
 66
     1
  2
gc200
 10
574377.0590000004
 20
2880424.097
 30
168.754
 41
0.125
 42
0.125
 43
0.125
1001
S_GXRQ
1071
1718286501
1001
south
1000
202101
1000
534
  0
ATTRIB
  5
1BFA
330
1BF9
100
AcDbEntity
  8
GCD
  6
Continuous
100
AcDbText
 10
574377.2090000001
 20
2880423.972
 30
168.754
 40
0.25
  1
168.75
 41
0.8
 11
574377.2090000001
 21
2880424.097
 31
168.754
100
AcDbAttribute
280
     0
  2
height
 70
     0
 74
     2
280
     0
  0
SEQEND
  5
1BFB
330
1BF9
100
AcDbEntity
  8
GCD
  6
Continuous
  0
INSERT
  5
1BFC
330
1F
100
AcDbEntity
  8
GCD
  6
Continuous
100
AcDbBlockReference
 66
     1
  2
gc200
 10
574371.095
 20
2880425.402
 30
168.699
 41
0.125
 42
0.125
 43
0.125
1001
S_GXRQ
1071
1718286501
1001
south
1000
202101
1000
535
  0
ATTRIB
  5
1BFD
330
1BFC
100
AcDbEntity
  8
GCD
  6
Continuous
100
AcDbText
 10
574371.245
 20
2880425.277
 30
168.699
 40
0.25
  1
168.70
 41
0.8
 11
574371.245
 21
2880425.402
 31
168.699
100
AcDbAttribute
280
     0
  2
height
 70
     0
 74
     2
280
     0
  0
SEQEND
  5
1BFE
330
1BFC
100
AcDbEntity
  8
GCD
  6
Continuous
  0
INSERT
  5
1BFF
330
1F
100
AcDbEntity
  8
GCD
  6
Continuous
100
AcDbBlockReference
 66
     1
  2
gc200
 10
574365.7569999999
 20
2880425.099
 30
168.643
 41
0.05
 42
0.05
 43
0.05
1001
S_GXRQ
1071
1718286501
1001
south
1000
202101
1000
536
  0
ATTRIB
  5
1C00
330
1BFF
100
AcDbEntity
  8
GCD
  6
Continuous
100
AcDbText
 10
574365.817
 20
2880425.049
 30
168.643
 40
0.1
  1
168.64
 41
0.8
 11
574365.817
 21
2880425.099
 31
168.643
100
AcDbAttribute
280
     0
  2
height
 70
     0
 74
     2
280
     0
  0
SEQEND
  5
1C01
330
1BFF
100
AcDbEntity
  8
GCD
  6
Continuous
  0
INSERT
  5
1C02
330
1F
100
AcDbEntity
  8
GCD
  6
Continuous
100
AcDbBlockReference
 66
     1
  2
gc200
 10
574365.2580000002
 20
2880442.242
 30
168.063
 41
0.1
 42
0.1
 43
0.1
1001
S_GXRQ
1071
1718286501
1001
south
1000
202101
1000
537
  0
ATTRIB
  5
1C03
330
1C02
100
AcDbEntity
  8
GCD
  6
Continuous
100
AcDbText
 10
574365.3780000003
 20
2880442.142
 30
168.063
 40
0.2
  1
168.06
 41
0.8
 11
574365.3780000003
 21
2880442.242
 31
168.063
100
AcDbAttribute
280
     0
  2
height
 70
     0
 74
     2
280
     0
  0
SEQEND
  5
1C04
330
1C02
100
AcDbEntity
  8
GCD
  6
Continuous
  0
INSERT
  5
1C05
330
1F
100
AcDbEntity
  8
GCD
  6
Continuous
100
AcDbBlockReference
 66
     1
  2
gc200
 10
574363.5190000001
 20
2880437.974
 30
168.3
 41
0.1
 42
0.1
 43
0.1
1001
S_GXRQ
1071
1718286501
1001
south
1000
202101
1000
538
  0
ATTRIB
  5
1C06
330
1C05
100
AcDbEntity
  8
GCD
  6
Continuous
100
AcDbText
 10
574363.6390000002
 20
2880437.874
 30
168.3
 40
0.2
  1
168.30
 41
0.8
 11
574363.6390000002
 21
2880437.974
 31
168.3
100
AcDbAttribute
280
     0
  2
height
 70
     0
 74
     2
280
     0
  0
SEQEND
  5
1C07
330
1C05
100
AcDbEntity
  8
GCD
  6
Continuous
  0
INSERT
  5
1C08
330
1F
100
AcDbEntity
  8
GCD
  6
Continuous
100
AcDbBlockReference
 66
     1
  2
gc200
 10
574360.146
 20
2880435.38
 30
168.493
 41
0.1
 42
0.1
 43
0.1
1001
S_GXRQ
1071
1718286501
1001
south
1000
202101
1000
539
  0
ATTRIB
  5
1C09
330
1C08
100
AcDbEntity
  8
GCD
  6
Continuous
100
AcDbText
 10
574360.2660000001
 20
2880435.28
 30
168.493
 40
0.2
  1
168.49
 41
0.8
 11
574360.2660000001
 21
2880435.38
 31
168.493
100
AcDbAttribute
280
     0
  2
height
 70
     0
 74
     2
280
     0
  0
SEQEND
  5
1C0A
330
1C08
100
AcDbEntity
  8
GCD
  6
Continuous
  0
INSERT
  5
1C0B
330
1F
100
AcDbEntity
  8
GCD
  6
Continuous
100
AcDbBlockReference
 66
     1
  2
gc200
 10
574357.9760000001
 20
2880431.448
 30
168.607
 41
0.1
 42
0.1
 43
0.1
1001
S_GXRQ
1071
1718286501
1001
south
1000
202101
1000
540
  0
ATTRIB
  5
1C0C
330
1C0B
100
AcDbEntity
  8
GCD
  6
Continuous
100
AcDbText
 10
574358.0960000001
 20
2880431.348
 30
168.607
 40
0.2
  1
168.61
 41
0.8
 11
574358.0960000001
 21
2880431.448
 31
168.607
100
AcDbAttribute
280
     0
  2
height
 70
     0
 74
     2
280
     0
  0
SEQEND
  5
1C0D
330
1C0B
100
AcDbEntity
  8
GCD
  6
Continuous
  0
INSERT
  5
1C0E
330
1F
100
AcDbEntity
  8
GCD
  6
Continuous
100
AcDbBlockReference
 66
     1
  2
gc200
 10
574356.4840000003
 20
2880426.064
 30
168.62
 41
0.1
 42
0.1
 43
0.1
1001
S_GXRQ
1071
1718286501
1001
south
1000
202101
1000
541
  0
ATTRIB
  5
1C0F
330
1C0E
100
AcDbEntity
  8
GCD
  6
Continuous
100
AcDbText
 10
574356.6040000003
 20
2880425.964
 30
168.62
 40
0.2
  1
168.62
 41
0.8
 11
574356.6040000003
 21
2880426.064
 31
168.62
100
AcDbAttribute
280
     0
  2
height
 70
     0
 74
     2
280
     0
  0
SEQEND
  5
1C10
330
1C0E
100
AcDbEntity
  8
GCD
  6
Continuous
  0
INSERT
  5
1C11
330
1F
100
AcDbEntity
  8
GCD
  6
Continuous
100
AcDbBlockReference
 66
     1
  2
gc200
 10
574359.0460000001
 20
2880422.521000001
 30
168.617
 41
0.1
 42
0.1
 43
0.1
1001
S_GXRQ
1071
1718286501
1001
south
1000
202101
1000
542
  0
ATTRIB
  5
1C12
330
1C11
100
AcDbEntity
  8
GCD
  6
Continuous
100
AcDbText
 10
574359.1660000002
 20
2880422.421000001
 30
168.617
 40
0.2
  1
168.62
 41
0.8
 11
574359.1660000002
 21
2880422.521000001
 31
168.617
100
AcDbAttribute
280
     0
  2
height
 70
     0
 74
     2
280
     0
  0
SEQEND
  5
1C13
330
1C11
100
AcDbEntity
  8
GCD
  6
Continuous
  0
INSERT
  5
1C14
330
1F
100
AcDbEntity
  8
GCD
  6
Continuous
100
AcDbBlockReference
 66
     1
  2
gc200
 10
574354.6300000001
 20
2880420.42
 30
168.579
 41
0.1
 42
0.1
 43
0.1
1001
S_GXRQ
1071
1718286501
1001
south
1000
202101
1000
543
  0
ATTRIB
  5
1C15
330
1C14
100
AcDbEntity
  8
GCD
  6
Continuous
100
AcDbText
 10
574354.7500000002
 20
2880420.32
 30
168.579
 40
0.2
  1
168.58
 41
0.8
 11
574354.7500000002
 21
2880420.42
 31
168.579
100
AcDbAttribute
280
     0
  2
height
 70
     0
 74
     2
280
     0
  0
SEQEND
  5
1C16
330
1C14
100
AcDbEntity
  8
GCD
  6
Continuous
  0
INSERT
  5
1C17
330
1F
100
AcDbEntity
  8
GCD
  6
Continuous
100
AcDbBlockReference
 66
     1
  2
gc200
 10
574352.162
 20
2880416.073000001
 30
168.5259999999999
 41
0.5
 42
0.5
 43
0.5
1001
S_GXRQ
1071
1718286501
1001
south
1000
202101
1000
544
  0
ATTRIB
  5
1C18
330
1C17
100
AcDbEntity
  8
GCD
  6
Continuous
100
AcDbText
 10
574352.7620000001
 20
2880415.573000001
 30
168.5259999999999
 40
1.0
  1
168.53
 41
0.8
 11
574352.7620000001
 21
2880416.073000001
 31
168.5259999999999
100
AcDbAttribute
280
     0
  2
height
 70
     0
 74
     2
280
     0
  0
SEQEND
  5
1C19
330
1C17
100
AcDbEntity
  8
GCD
  6
Continuous
  0
INSERT
  5
1C1A
330
1F
100
AcDbEntity
  8
GCD
  6
Continuous
100
AcDbBlockReference
 66
     1
  2
gc200
 10
574354.2990000001
 20
2880412.071000002
 30
168.519
 41
0.5
 42
0.5
 43
0.5
1001
S_GXRQ
1071
1718286501
1001
south
1000
202101
1000
545
  0
ATTRIB
  5
1C1B
330
1C1A
100
AcDbEntity
  8
GCD
  6
Continuous
100
AcDbText
 10
574354.899
 20
2880411.571000002
 30
168.519
 40
1.0
  1
168.52
 41
0.8
 11
574354.899
 21
2880412.071000002
 31
168.519
100
AcDbAttribute
280
     0
  2
height
 70
     0
 74
     2
280
     0
  0
SEQEND
  5
1C1C
330
1C1A
100
AcDbEntity
  8
GCD
  6
Continuous
  0
INSERT
  5
1C1D
330
1F
100
AcDbEntity
  8
GCD
  6
Continuous
100
AcDbBlockReference
 66
     1
  2
gc200
 10
574350.6240000001
 20
2880406.828
 30
168.353
 41
0.5
 42
0.5
 43
0.5
1001
S_GXRQ
1071
1718286501
1001
south
1000
202101
1000
546
  0
ATTRIB
  5
1C1E
330
1C1D
100
AcDbEntity
  8
GCD
  6
Continuous
100
AcDbText
 10
574351.224
 20
2880406.328
 30
168.353
 40
1.0
  1
168.35
 41
0.8
 11
574351.224
 21
2880406.828
 31
168.353
100
AcDbAttribute
280
     0
  2
height
 70
     0
 74
     2
280
     0
  0
SEQEND
  5
1C1F
330
1C1D
100
AcDbEntity
  8
GCD
  6
Continuous
  0
INSERT
  5
1C20
330
1F
100
AcDbEntity
  8
GCD
  6
Continuous
100
AcDbBlockReference
 66
     1
  2
gc200
 10
574351.588
 20
2880401.988
 30
168.436
 41
0.5
 42
0.5
 43
0.5
1001
S_GXRQ
1071
1718286501
1001
south
1000
202101
1000
547
  0
ATTRIB
  5
1C21
330
1C20
100
AcDbEntity
  8
GCD
  6
Continuous
100
AcDbText
 10
574352.1880000001
 20
2880401.488
 30
168.436
 40
1.0
  1
168.44
 41
0.8
 11
574352.1880000001
 21
2880401.988
 31
168.436
100
AcDbAttribute
280
     0
  2
height
 70
     0
 74
     2
280
     0
  0
SEQEND
  5
1C22
330
1C20
100
AcDbEntity
  8
GCD
  6
Continuous
  0
INSERT
  5
1C23
330
1F
100
AcDbEntity
  8
GCD
  6
Continuous
100
AcDbBlockReference
 66
     1
  2
gc200
 10
574352.5749999999
 20
2880397.932
 30
168.557
 41
0.5
 42
0.5
 43
0.5
1001
S_GXRQ
1071
1718286501
1001
south
1000
202101
1000
548
  0
ATTRIB
  5
1C24
330
1C23
100
AcDbEntity
  8
GCD
  6
Continuous
100
AcDbText
 10
574353.1750000001
 20
2880397.432
 30
168.557
 40
1.0
  1
168.56
 41
0.8
 11
574353.1750000001
 21
2880397.932
 31
168.557
100
AcDbAttribute
280
     0
  2
height
 70
     0
 74
     2
280
     0
  0
SEQEND
  5
1C25
330
1C23
100
AcDbEntity
  8
GCD
  6
Continuous
  0
INSERT
  5
1C26
330
1F
100
AcDbEntity
  8
GCD
  6
Continuous
100
AcDbBlockReference
 66
     1
  2
gc200
 10
574350.2380000002
 20
2880393.177
 30
168.571
 41
0.5
 42
0.5
 43
0.5
1001
S_GXRQ
1071
1718286501
1001
south
1000
202101
1000
549
  0
ATTRIB
  5
1C27
330
1C26
100
AcDbEntity
  8
GCD
  6
Continuous
100
AcDbText
 10
574350.838
 20
2880392.677
 30
168.571
 40
1.0
  1
168.57
 41
0.8
 11
574350.838
 21
2880393.177
 31
168.571
100
AcDbAttribute
280
     0
  2
height
 70
     0
 74
     2
280
     0
  0
SEQEND
  5
1C28
330
1C26
100
AcDbEntity
  8
GCD
  6
Continuous
  0
INSERT
  5
1C29
330
1F
100
AcDbEntity
  8
GCD
  6
Continuous
100
AcDbBlockReference
 66
     1
  2
gc200
 10
574349.503
 20
2880388.813
 30
168.587
 41
0.5
 42
0.5
 43
0.5
1001
S_GXRQ
1071
1718286501
1001
south
1000
202101
1000
550
  0
ATTRIB
  5
1C2A
330
1C29
100
AcDbEntity
  8
GCD
  6
Continuous
100
AcDbText
 10
574350.1030000001
 20
2880388.313
 30
168.587
 40
1.0
  1
168.59
 41
0.8
 11
574350.1030000001
 21
2880388.813
 31
168.587
100
AcDbAttribute
280
     0
  2
height
 70
     0
 74
     2
280
     0
  0
SEQEND
  5
1C2B
330
1C29
100
AcDbEntity
  8
GCD
  6
Continuous
  0
INSERT
  5
1C2C
330
1F
100
AcDbEntity
  8
GCD
  6
Continuous
100
AcDbBlockReference
 66
     1
  2
gc200
 10
574345.476
 20
2880383.285
 30
168.606
 41
0.5
 42
0.5
 43
0.5
1001
S_GXRQ
1071
1718286501
1001
south
1000
202101
1000
551
  0
ATTRIB
  5
1C2D
330
1C2C
100
AcDbEntity
  8
GCD
  6
Continuous
100
AcDbText
 10
574346.0760000001
 20
2880382.785000001
 30
168.606
 40
1.0
  1
168.61
 41
0.8
 11
574346.0760000001
 21
2880383.285
 31
168.606
100
AcDbAttribute
280
     0
  2
height
 70
     0
 74
     2
280
     0
  0
SEQEND
  5
1C2E
330
1C2C
100
AcDbEntity
  8
GCD
  6
Continuous
  0
INSERT
  5
1C2F
330
1F
100
AcDbEntity
  8
GCD
  6
Continuous
100
AcDbBlockReference
 66
     1
  2
gc200
 10
574344.4920000001
 20
2880378.563
 30
168.668
 41
0.5
 42
0.5
 43
0.5
1001
S_GXRQ
1071
1718286501
1001
south
1000
202101
1000
552
  0
ATTRIB
  5
1C30
330
1C2F
100
AcDbEntity
  8
GCD
  6
Continuous
100
AcDbText
 10
574345.092
 20
2880378.063
 30
168.668
 40
1.0
  1
168.67
 41
0.8
 11
574345.092
 21
2880378.563
 31
168.668
100
AcDbAttribute
280
     0
  2
height
 70
     0
 74
     2
280
     0
  0
SEQEND
  5
1C31
330
1C2F
100
AcDbEntity
  8
GCD
  6
Continuous
  0
INSERT
  5
1C32
330
1F
100
AcDbEntity
  8
GCD
  6
Continuous
100
AcDbBlockReference
 66
     1
  2
gc200
 10
574339.8370000001
 20
2880373.916
 30
168.5979999999999
 41
0.5
 42
0.5
 43
0.5
1001
S_GXRQ
1071
1718286501
1001
south
1000
202101
1000
553
  0
ATTRIB
  5
1C33
330
1C32
100
AcDbEntity
  8
GCD
  6
Continuous
100
AcDbText
 10
574340.4370000003
 20
2880373.416000001
 30
168.5979999999999
 40
1.0
  1
168.60
 41
0.8
 11
574340.4370000003
 21
2880373.916
 31
168.5979999999999
100
AcDbAttribute
280
     0
  2
height
 70
     0
 74
     2
280
     0
  0
SEQEND
  5
1C34
330
1C32
100
AcDbEntity
  8
GCD
  6
Continuous
  0
INSERT
  5
1C35
330
1F
100
AcDbEntity
  8
GCD
  6
Continuous
100
AcDbBlockReference
 66
     1
  2
gc200
 10
574336.656
 20
2880368.331
 30
168.619
 41
0.5
 42
0.5
 43
0.5
1001
S_GXRQ
1071
1718286501
1001
south
1000
202101
1000
554
  0
ATTRIB
  5
1C36
330
1C35
100
AcDbEntity
  8
GCD
  6
Continuous
100
AcDbText
 10
574337.256
 20
2880367.831
 30
168.619
 40
1.0
  1
168.62
 41
0.8
 11
574337.256
 21
2880368.331
 31
168.619
100
AcDbAttribute
280
     0
  2
height
 70
     0
 74
     2
280
     0
  0
SEQEND
  5
1C37
330
1C35
100
AcDbEntity
  8
GCD
  6
Continuous
  0
INSERT
  5
1C38
330
1F
100
AcDbEntity
  8
GCD
  6
Continuous
100
AcDbBlockReference
 66
     1
  2
gc200
 10
574322.7520000001
 20
2880356.095
 30
168.33
 41
0.5
 42
0.5
 43
0.5
1001
S_GXRQ
1071
1718286501
1001
south
1000
202101
1000
556
  0
ATTRIB
  5
1C39
330
1C38
100
AcDbEntity
  8
GCD
  6
Continuous
100
AcDbText
 10
574323.3520000001
 20
2880355.595000001
 30
168.33
 40
1.0
  1
168.33
 41
0.8
 11
574323.3520000001
 21
2880356.095
 31
168.33
100
AcDbAttribute
280
     0
  2
height
 70
     0
 74
     2
280
     0
  0
SEQEND
  5
1C3A
330
1C38
100
AcDbEntity
  8
GCD
  6
Continuous
  0
INSERT
  5
1C3B
330
1F
100
AcDbEntity
  8
GCD
  6
Continuous
100
AcDbBlockReference
 66
     1
  2
gc200
 10
574320.6820000001
 20
2880352.128
 30
168.431
 41
0.5
 42
0.5
 43
0.5
1001
S_GXRQ
1071
1718286501
1001
south
1000
202101
1000
557
  0
ATTRIB
  5
1C3C
330
1C3B
100
AcDbEntity
  8
GCD
  6
Continuous
100
AcDbText
 10
574321.2820000001
 20
2880351.628
 30
168.431
 40
1.0
  1
168.43
 41
0.8
 11
574321.2820000001
 21
2880352.128
 31
168.431
100
AcDbAttribute
280
     0
  2
height
 70
     0
 74
     2
280
     0
  0
SEQEND
  5
1C3D
330
1C3B
100
AcDbEntity
  8
GCD
  6
Continuous
  0
INSERT
  5
1C3E
330
1F
100
AcDbEntity
  8
GCD
  6
Continuous
100
AcDbBlockReference
 66
     1
  2
gc200
 10
574316.753
 20
2880348.93
 30
168.43
 41
0.5
 42
0.5
 43
0.5
1001
S_GXRQ
1071
1718286501
1001
south
1000
202101
1000
558
  0
ATTRIB
  5
1C3F
330
1C3E
100
AcDbEntity
  8
GCD
  6
Continuous
100
AcDbText
 10
574317.3530000001
 20
2880348.43
 30
168.43
 40
1.0
  1
168.43
 41
0.8
 11
574317.3530000001
 21
2880348.93
 31
168.43
100
AcDbAttribute
280
     0
  2
height
 70
     0
 74
     2
280
     0
  0
SEQEND
  5
1C40
330
1C3E
100
AcDbEntity
  8
GCD
  6
Continuous
  0
INSERT
  5
1C41
330
1F
100
AcDbEntity
  8
GCD
  6
Continuous
100
AcDbBlockReference
 66
     1
  2
gc200
 10
574312.1210000001
 20
2880344.983
 30
168.557
 41
0.5
 42
0.5
 43
0.5
1001
S_GXRQ
1071
1718286501
1001
south
1000
202101
1000
559
  0
ATTRIB
  5
1C42
330
1C41
100
AcDbEntity
  8
GCD
  6
Continuous
100
AcDbText
 10
574312.7210000001
 20
2880344.483
 30
168.557
 40
1.0
  1
168.56
 41
0.8
 11
574312.7210000001
 21
2880344.983
 31
168.557
100
AcDbAttribute
280
     0
  2
height
 70
     0
 74
     2
280
     0
  0
SEQEND
  5
1C43
330
1C41
100
AcDbEntity
  8
GCD
  6
Continuous
  0
INSERT
  5
1C44
330
1F
100
AcDbEntity
  8
GCD
  6
Continuous
100
AcDbBlockReference
 66
     1
  2
gc200
 10
574331.6270000001
 20
2880313.017
 30
175.465
 41
0.5
 42
0.5
 43
0.5
1001
S_GXRQ
1071
1718286501
1001
south
1000
202101
1000
560
  0
ATTRIB
  5
1C45
330
1C44
100
AcDbEntity
  8
GCD
  6
Continuous
100
AcDbText
 10
574332.2270000001
 20
2880312.517000001
 30
175.465
 40
1.0
  1
175.47
 41
0.8
 11
574332.2270000001
 21
2880313.017
 31
175.465
100
AcDbAttribute
280
     0
  2
height
 70
     0
 74
     2
280
     0
  0
SEQEND
  5
1C46
330
1C44
100
AcDbEntity
  8
GCD
  6
Continuous
  0
INSERT
  5
1C47
330
1F
100
AcDbEntity
  8
GCD
  6
Continuous
100
AcDbBlockReference
 66
     1
  2
gc200
 10
574331.3400000001
 20
2880316.727
 30
175.136
 41
0.5
 42
0.5
 43
0.5
1001
S_GXRQ
1071
1718286501
1001
south
1000
202101
1000
561
  0
ATTRIB
  5
1C48
330
1C47
100
AcDbEntity
  8
GCD
  6
Continuous
100
AcDbText
 10
574331.94
 20
2880316.227
 30
175.136
 40
1.0
  1
175.14
 41
0.8
 11
574331.94
 21
2880316.727
 31
175.136
100
AcDbAttribute
280
     0
  2
height
 70
     0
 74
     2
280
     0
  0
SEQEND
  5
1C49
330
1C47
100
AcDbEntity
  8
GCD
  6
Continuous
  0
INSERT
  5
1C4A
330
1F
100
AcDbEntity
  8
GCD
  6
Continuous
100
AcDbBlockReference
 66
     1
  2
gc200
 10
574328.8700000001
 20
2880320.68
 30
174.425
 41
0.5
 42
0.5
 43
0.5
1001
S_GXRQ
1071
1718286501
1001
south
1000
202101
1000
562
  0
ATTRIB
  5
1C4B
330
1C4A
100
AcDbEntity
  8
GCD
  6
Continuous
100
AcDbText
 10
574329.4699999999
 20
2880320.18
 30
174.425
 40
1.0
  1
174.43
 41
0.8
 11
574329.4699999999
 21
2880320.68
 31
174.425
100
AcDbAttribute
280
     0
  2
height
 70
     0
 74
     2
280
     0
  0
SEQEND
  5
1C4C
330
1C4A
100
AcDbEntity
  8
GCD
  6
Continuous
  0
INSERT
  5
1C4D
330
1F
100
AcDbEntity
  8
GCD
  6
Continuous
100
AcDbBlockReference
 66
     1
  2
gc200
 10
574326.1430000003
 20
2880324.013
 30
173.566
 41
0.5
 42
0.5
 43
0.5
1001
S_GXRQ
1071
1718286501
1001
south
1000
202101
1000
563
  0
ATTRIB
  5
1C4E
330
1C4D
100
AcDbEntity
  8
GCD
  6
Continuous
100
AcDbText
 10
574326.743
 20
2880323.513
 30
173.566
 40
1.0
  1
173.57
 41
0.8
 11
574326.743
 21
2880324.013
 31
173.566
100
AcDbAttribute
280
     0
  2
height
 70
     0
 74
     2
280
     0
  0
SEQEND
  5
1C4F
330
1C4D
100
AcDbEntity
  8
GCD
  6
Continuous
  0
INSERT
  5
1C50
330
1F
100
AcDbEntity
  8
GCD
  6
Continuous
100
AcDbBlockReference
 66
     1
  2
gc200
 10
574323.1970000003
 20
2880329.188
 30
172.562
 41
0.5
 42
0.5
 43
0.5
1001
S_GXRQ
1071
1718286501
1001
south
1000
202101
1000
564
  0
ATTRIB
  5
1C51
330
1C50
100
AcDbEntity
  8
GCD
  6
Continuous
100
AcDbText
 10
574323.797
 20
2880328.688
 30
172.562
 40
1.0
  1
172.56
 41
0.8
 11
574323.797
 21
2880329.188
 31
172.562
100
AcDbAttribute
280
     0
  2
height
 70
     0
 74
     2
280
     0
  0
SEQEND
  5
1C52
330
1C50
100
AcDbEntity
  8
GCD
  6
Continuous
  0
INSERT
  5
1C53
330
1F
100
AcDbEntity
  8
GCD
  6
Continuous
100
AcDbBlockReference
 66
     1
  2
gc200
 10
574317.6840000002
 20
2880332.032
 30
171.436
 41
0.5
 42
0.5
 43
0.5
1001
S_GXRQ
1071
1718286501
1001
south
1000
202101
1000
565
  0
ATTRIB
  5
1C54
330
1C53
100
AcDbEntity
  8
GCD
  6
Continuous
100
AcDbText
 10
574318.284
 20
2880331.531999999
 30
171.436
 40
1.0
  1
171.44
 41
0.8
 11
574318.284
 21
2880332.032
 31
171.436
100
AcDbAttribute
280
     0
  2
height
 70
     0
 74
     2
280
     0
  0
SEQEND
  5
1C55
330
1C53
100
AcDbEntity
  8
GCD
  6
Continuous
  0
INSERT
  5
1C56
330
1F
100
AcDbEntity
  8
GCD
  6
Continuous
100
AcDbBlockReference
 66
     1
  2
gc200
 10
574312.4910000003
 20
2880335.290000001
 30
170.119
 41
0.5
 42
0.5
 43
0.5
1001
S_GXRQ
1071
1718286501
1001
south
1000
202101
1000
566
  0
ATTRIB
  5
1C57
330
1C56
100
AcDbEntity
  8
GCD
  6
Continuous
100
AcDbText
 10
574313.0910000001
 20
2880334.790000002
 30
170.119
 40
1.0
  1
170.12
 41
0.8
 11
574313.0910000001
 21
2880335.290000001
 31
170.119
100
AcDbAttribute
280
     0
  2
height
 70
     0
 74
     2
280
     0
  0
SEQEND
  5
1C58
330
1C56
100
AcDbEntity
  8
GCD
  6
Continuous
  0
INSERT
  5
1C59
330
1F
100
AcDbEntity
  8
GCD
  6
Continuous
100
AcDbBlockReference
 66
     1
  2
gc200
 10
574309.1570000001
 20
2880338.577
 30
169.148
 41
0.5
 42
0.5
 43
0.5
1001
S_GXRQ
1071
1718286501
1001
south
1000
202101
1000
567
  0
ATTRIB
  5
1C5A
330
1C59
100
AcDbEntity
  8
GCD
  6
Continuous
100
AcDbText
 10
574309.7569999999
 20
2880338.077
 30
169.148
 40
1.0
  1
169.15
 41
0.8
 11
574309.7569999999
 21
2880338.577
 31
169.148
100
AcDbAttribute
280
     0
  2
height
 70
     0
 74
     2
280
     0
  0
SEQEND
  5
1C5B
330
1C59
100
AcDbEntity
  8
GCD
  6
Continuous
  0
INSERT
  5
1C5C
330
1F
100
AcDbEntity
  8
GCD
  6
Continuous
100
AcDbBlockReference
 66
     1
  2
gc200
 10
574304.1920000001
 20
2880340.434
 30
168.69
 41
0.5
 42
0.5
 43
0.5
1001
S_GXRQ
1071
1718286501
1001
south
1000
202101
1000
568
  0
ATTRIB
  5
1C5D
330
1C5C
100
AcDbEntity
  8
GCD
  6
Continuous
100
AcDbText
 10
574304.7920000003
 20
2880339.934
 30
168.69
 40
1.0
  1
168.69
 41
0.8
 11
574304.7920000003
 21
2880340.434
 31
168.69
100
AcDbAttribute
280
     0
  2
height
 70
     0
 74
     2
280
     0
  0
SEQEND
  5
1C5E
330
1C5C
100
AcDbEntity
  8
GCD
  6
Continuous
  0
INSERT
  5
1C5F
330
1F
100
AcDbEntity
  8
GCD
  6
Continuous
100
AcDbBlockReference
 66
     1
  2
gc200
 10
574298.3950000001
 20
2880336.395
 30
168.5909999999999
 41
0.5
 42
0.5
 43
0.5
1001
S_GXRQ
1071
1718286501
1001
south
1000
202101
1000
569
  0
ATTRIB
  5
1C60
330
1C5F
100
AcDbEntity
  8
GCD
  6
Continuous
100
AcDbText
 10
574298.9950000001
 20
2880335.895
 30
168.5909999999999
 40
1.0
  1
168.59
 41
0.8
 11
574298.9950000001
 21
2880336.395
 31
168.5909999999999
100
AcDbAttribute
280
     0
  2
height
 70
     0
 74
     2
280
     0
  0
SEQEND
  5
1C61
330
1C5F
100
AcDbEntity
  8
GCD
  6
Continuous
  0
INSERT
  5
1C62
330
1F
100
AcDbEntity
  8
GCD
  6
Continuous
100
AcDbBlockReference
 66
     1
  2
gc200
 10
574290.5400000001
 20
2880335.399000001
 30
168.555
 41
0.5
 42
0.5
 43
0.5
1001
S_GXRQ
1071
1718286501
1001
south
1000
202101
1000
570
  0
ATTRIB
  5
1C63
330
1C62
100
AcDbEntity
  8
GCD
  6
Continuous
100
AcDbText
 10
574291.1400000001
 20
2880334.899000001
 30
168.555
 40
1.0
  1
168.56
 41
0.8
 11
574291.1400000001
 21
2880335.399000001
 31
168.555
100
AcDbAttribute
280
     0
  2
height
 70
     0
 74
     2
280
     0
  0
SEQEND
  5
1C64
330
1C62
100
AcDbEntity
  8
GCD
  6
Continuous
  0
INSERT
  5
1C65
330
1F
100
AcDbEntity
  8
GCD
  6
Continuous
100
AcDbBlockReference
 66
     1
  2
gc200
 10
574289.8620000001
 20
2880331.494
 30
168.575
 41
0.5
 42
0.5
 43
0.5
1001
S_GXRQ
1071
1718286501
1001
south
1000
202101
1000
571
  0
ATTRIB
  5
1C66
330
1C65
100
AcDbEntity
  8
GCD
  6
Continuous
100
AcDbText
 10
574290.462
 20
2880330.994
 30
168.575
 40
1.0
  1
168.58
 41
0.8
 11
574290.462
 21
2880331.494
 31
168.575
100
AcDbAttribute
280
     0
  2
height
 70
     0
 74
     2
280
     0
  0
SEQEND
  5
1C67
330
1C65
100
AcDbEntity
  8
GCD
  6
Continuous
  0
INSERT
  5
1C68
330
1F
100
AcDbEntity
  8
GCD
  6
Continuous
100
AcDbBlockReference
 66
     1
  2
gc200
 10
574283.1170000001
 20
2880325.638
 30
168.704
 41
0.5
 42
0.5
 43
0.5
1001
S_GXRQ
1071
1718286501
1001
south
1000
202101
1000
572
  0
ATTRIB
  5
1C69
330
1C68
100
AcDbEntity
  8
GCD
  6
Continuous
100
AcDbText
 10
574283.7170000001
 20
2880325.138000001
 30
168.704
 40
1.0
  1
168.70
 41
0.8
 11
574283.7170000001
 21
2880325.638
 31
168.704
100
AcDbAttribute
280
     0
  2
height
 70
     0
 74
     2
280
     0
  0
SEQEND
  5
1C6A
330
1C68
100
AcDbEntity
  8
GCD
  6
Continuous
  0
INSERT
  5
1C6B
330
1F
100
AcDbEntity
  8
GCD
  6
Continuous
100
AcDbBlockReference
 66
     1
  2
gc200
 10
574271.5830000001
 20
2880319.317
 30
169.147
 41
0.5
 42
0.5
 43
0.5
1001
S_GXRQ
1071
1718286501
1001
south
1000
202101
1000
573
  0
ATTRIB
  5
1C6C
330
1C6B
100
AcDbEntity
  8
GCD
  6
Continuous
100
AcDbText
 10
574272.183
 20
2880318.817
 30
169.147
 40
1.0
  1
169.15
 41
0.8
 11
574272.183
 21
2880319.317
 31
169.147
100
AcDbAttribute
280
     0
  2
height
 70
     0
 74
     2
280
     0
  0
SEQEND
  5
1C6D
330
1C6B
100
AcDbEntity
  8
GCD
  6
Continuous
  0
INSERT
  5
1C6E
330
1F
100
AcDbEntity
  8
GCD
  6
Continuous
100
AcDbBlockReference
 66
     1
  2
gc200
 10
574264.473
 20
2880313.489
 30
169.198
 41
0.5
 42
0.5
 43
0.5
1001
S_GXRQ
1071
1718286501
1001
south
1000
202101
1000
574
  0
ATTRIB
  5
1C6F
330
1C6E
100
AcDbEntity
  8
GCD
  6
Continuous
100
AcDbText
 10
574265.0730000001
 20
2880312.989
 30
169.198
 40
1.0
  1
169.20
 41
0.8
 11
574265.0730000001
 21
2880313.489
 31
169.198
100
AcDbAttribute
280
     0
  2
height
 70
     0
 74
     2
280
     0
  0
SEQEND
  5
1C70
330
1C6E
100
AcDbEntity
  8
GCD
  6
Continuous
  0
INSERT
  5
1C71
330
1F
100
AcDbEntity
  8
GCD
  6
Continuous
100
AcDbBlockReference
 66
     1
  2
gc200
 10
574256.2330000001
 20
2880308.457
 30
169.252
 41
0.5
 42
0.5
 43
0.5
1001
S_GXRQ
1071
1718286501
1001
south
1000
202101
1000
575
  0
ATTRIB
  5
1C72
330
1C71
100
AcDbEntity
  8
GCD
  6
Continuous
100
AcDbText
 10
574256.833
 20
2880307.957
 30
169.252
 40
1.0
  1
169.25
 41
0.8
 11
574256.833
 21
2880308.457
 31
169.252
100
AcDbAttribute
280
     0
  2
height
 70
     0
 74
     2
280
     0
  0
SEQEND
  5
1C73
330
1C71
100
AcDbEntity
  8
GCD
  6
Continuous
  0
INSERT
  5
1C74
330
1F
100
AcDbEntity
  8
GCD
  6
Continuous
100
AcDbBlockReference
 66
     1
  2
gc200
 10
574253.277
 20
2880304.159000001
 30
169.178
 41
0.5
 42
0.5
 43
0.5
1001
S_GXRQ
1071
1718286501
1001
south
1000
202101
1000
576
  0
ATTRIB
  5
1C75
330
1C74
100
AcDbEntity
  8
GCD
  6
Continuous
100
AcDbText
 10
574253.8770000001
 20
2880303.659000002
 30
169.178
 40
1.0
  1
169.18
 41
0.8
 11
574253.8770000001
 21
2880304.159000001
 31
169.178
100
AcDbAttribute
280
     0
  2
height
 70
     0
 74
     2
280
     0
  0
SEQEND
  5
1C76
330
1C74
100
AcDbEntity
  8
GCD
  6
Continuous
  0
INSERT
  5
1C77
330
1F
100
AcDbEntity
  8
GCD
  6
Continuous
100
AcDbBlockReference
 66
     1
  2
gc200
 10
574302.7873443258
 20
2880418.905196951
 30
165.1818090879638
 41
0.5
 42
0.5
 43
0.5
1001
south
1000
202101
1001
S_GXRQ
1071
1718286720
  0
ATTRIB
  5
1C78
330
1C77
100
AcDbEntity
  8
GCD
  6
Continuous
100
AcDbText
 10
574303.2373443258
 20
2880418.405196952
 30
165.1818090879638
 40
1.0
  1
165.18
 41
0.8
 11
574303.2373443258
 21
2880418.905196951
 31
165.1818090879638
100
AcDbAttribute
280
     0
  2
height
 70
     0
 74
     2
280
     0
  0
SEQEND
  5
1C79
330
1C77
100
AcDbEntity
  8
GCD
  6
Continuous
  0
INSERT
  5
1C7A
330
1F
100
AcDbEntity
  8
GCD
  6
Continuous
100
AcDbBlockReference
 66
     1
  2
gc200
 10
574299.665089899
 20
2880445.229609497
 30
170.9
 41
0.5
 42
0.5
 43
0.5
1001
south
1000
202101
1001
S_GXRQ
1071
1718286753
  0
ATTRIB
  5
1C7B
330
1C7A
100
AcDbEntity
  8
GCD
  6
Continuous
100
AcDbText
 10
574300.1150898989
 20
2880444.729609497
 30
170.9
 40
1.0
  1
170.90
 41
0.8
 11
574300.1150898989
 21
2880445.229609497
 31
170.9
100
AcDbAttribute
280
     0
  2
height
 70
     0
 74
     2
280
     0
  0
SEQEND
  5
1C7C
330
1C7A
100
AcDbEntity
  8
GCD
  6
Continuous
  0
INSERT
  5
1C7D
330
1F
100
AcDbEntity
  8
GCD
  6
Continuous
100
AcDbBlockReference
 66
     1
  2
gc200
 10
574308.1231056986
 20
2880380.238226624
 30
164.3
 41
0.5
 42
0.5
 43
0.5
1001
south
1000
202101
1001
S_GXRQ
1071
1718286813
  0
ATTRIB
  5
1C7E
330
1C7D
100
AcDbEntity
  8
GCD
  6
Continuous
100
AcDbText
 10
574308.5731056986
 20
2880379.738226624
 30
164.3
 40
1.0
  1
164.30
 41
0.8
 11
574308.5731056986
 21
2880380.238226624
 31
164.3
100
AcDbAttribute
280
     0
  2
height
 70
     0
 74
     2
280
     0
  0
SEQEND
  5
1C7F
330
1C7D
100
AcDbEntity
  8
GCD
  6
Continuous
  0
INSERT
  5
1C80
330
1F
100
AcDbEntity
  8
GCD
  6
Continuous
100
AcDbBlockReference
 66
     1
  2
gc200
 10
574291.8672479685
 20
2880453.827923513
 30
171.3
 41
0.5
 42
0.5
 43
0.5
1001
south
1000
202101
1001
S_GXRQ
1071
1718286885
  0
ATTRIB
  5
1C81
330
1C80
100
AcDbEntity
  8
GCD
  6
Continuous
100
AcDbText
 10
574292.3172479684
 20
2880453.327923513
 30
171.3
 40
1.0
  1
171.30
 41
0.8
 11
574292.3172479684
 21
2880453.827923513
 31
171.3
100
AcDbAttribute
280
     0
  2
height
 70
     0
 74
     2
280
     0
  0
SEQEND
  5
1C82
330
1C80
100
AcDbEntity
  8
GCD
  6
Continuous
  0
INSERT
  5
1C83
330
1F
100
AcDbEntity
  8
GCD
  6
Continuous
100
AcDbBlockReference
 66
     1
  2
gc200
 10
574277.7343713321
 20
2880454.421120571
 30
172.5
 41
0.5
 42
0.5
 43
0.5
1001
south
1000
202101
1001
S_GXRQ
1071
1718286889
  0
ATTRIB
  5
1C84
330
1C83
100
AcDbEntity
  8
GCD
  6
Continuous
100
AcDbText
 10
574278.1843713321
 20
2880453.921120571
 30
172.5
 40
1.0
  1
172.50
 41
0.8
 11
574278.1843713321
 21
2880454.421120571
 31
172.5
100
AcDbAttribute
280
     0
  2
height
 70
     0
 74
     2
280
     0
  0
SEQEND
  5
1C85
330
1C83
100
AcDbEntity
  8
GCD
  6
Continuous
  0
INSERT
  5
1C86
330
1F
100
AcDbEntity
  8
GCD
  6
Continuous
100
AcDbBlockReference
 66
     1
  2
gc200
 10
574299.0639306421
 20
2880479.998063925
 30
170.6
 41
0.5
 42
0.5
 43
0.5
1001
south
1000
202101
1001
S_GXRQ
1071
1718286894
  0
ATTRIB
  5
1C87
330
1C86
100
AcDbEntity
  8
GCD
  6
Continuous
100
AcDbText
 10
574299.5139306422
 20
2880479.498063925
 30
168.365
 40
1.0
  1
170.60
 41
0.8
 11
574299.5139306422
 21
2880479.998063925
 31
168.365
100
AcDbAttribute
280
     0
  2
height
 70
     0
 74
     2
280
     0
  0
SEQEND
  5
1C88
330
1C86
100
AcDbEntity
  8
GCD
  6
Continuous
  0
INSERT
  5
1C89
330
1F
100
AcDbEntity
  8
GCD
  6
Continuous
100
AcDbBlockReference
 66
     1
  2
gc200
 10
574285.7397076572
 20
2880463.813132827
 30
171.5
 41
0.5
 42
0.5
 43
0.5
1001
south
1000
202101
1001
S_GXRQ
1071
1718286899
  0
ATTRIB
  5
1C8A
330
1C89
100
AcDbEntity
  8
GCD
  6
Continuous
100
AcDbText
 10
574286.1897076571
 20
2880463.313132827
 30
171.5
 40
1.0
  1
171.50
 41
0.8
 11
574286.1897076571
 21
2880463.813132827
 31
171.5
100
AcDbAttribute
280
     0
  2
height
 70
     0
 74
     2
280
     0
  0
SEQEND
  5
1C8B
330
1C89
100
AcDbEntity
  8
GCD
  6
Continuous
  0
INSERT
  5
1C8C
330
1F
100
AcDbEntity
  8
GCD
  6
Continuous
100
AcDbBlockReference
 66
     1
  2
gc200
 10
574243.0793296336
 20
2880357.335728892
 30
168.5
 41
0.5
 42
0.5
 43
0.5
1001
south
1000
202101
1001
S_GXRQ
1071
1718286946
  0
ATTRIB
  5
1C8D
330
1C8C
100
AcDbEntity
  8
GCD
  6
Continuous
100
AcDbText
 10
574243.5293296336
 20
2880356.835728892
 30
168.5
 40
1.0
  1
168.50
 41
0.8
 11
574243.5293296336
 21
2880357.335728892
 31
168.5
100
AcDbAttribute
280
     0
  2
height
 70
     0
 74
     2
280
     0
  0
SEQEND
  5
1C8E
330
1C8C
100
AcDbEntity
  8
GCD
  6
Continuous
  0
INSERT
  5
1C8F
330
1F
100
AcDbEntity
  8
GCD
  6
Continuous
100
AcDbBlockReference
 66
     1
  2
gc200
 10
574274.9245677076
 20
2880310.173018218
 30
170.5068116522886
 41
0.5
 42
0.5
 43
0.5
1001
south
1000
202101
  0
ATTRIB
  5
1C90
330
1C8F
100
AcDbEntity
  8
GCD
  6
Continuous
100
AcDbText
 10
574275.3745677076
 20
2880309.673018218
 30
170.5068116522886
 40
1.0
  1
170.51
 41
0.8
 11
574275.3745677076
 21
2880310.173018218
 31
170.5068116522886
100
AcDbAttribute
280
     0
  2
height
 70
     0
 74
     2
280
     0
  0
SEQEND
  5
1C91
330
1C8F
100
AcDbEntity
  8
GCD
  6
Continuous
  0
INSERT
  5
1C92
330
1F
100
AcDbEntity
  8
GCD
  6
Continuous
100
AcDbBlockReference
 66
     1
  2
gc200
 10
574289.811214574
 20
2880397.095971864
 30
168.0
 41
0.5
 42
0.5
 43
0.5
1001
south
1000
202101
1001
S_GXRQ
1071
1718287066
  0
ATTRIB
  5
1C93
330
1C92
100
AcDbEntity
  8
GCD
  6
Continuous
100
AcDbText
 10
574290.2612145739
 20
2880396.595971864
 30
168.0
 40
1.0
  1
168.00
 41
0.8
 11
574290.2612145739
 21
2880397.095971864
 31
168.0
100
AcDbAttribute
280
     0
  2
height
 70
     0
 74
     2
280
     0
  0
SEQEND
  5
1C94
330
1C92
100
AcDbEntity
  8
GCD
  6
Continuous
  0
INSERT
  5
1C95
330
1F
100
AcDbEntity
  8
GCD
  6
Continuous
100
AcDbBlockReference
 66
     1
  2
gc200
 10
574285.0030221323
 20
2880401.485121679
 30
169.5
 41
0.5
 42
0.5
 43
0.5
1001
south
1000
202101
1001
S_GXRQ
1071
1718287091
  0
ATTRIB
  5
1C96
330
1C95
100
AcDbEntity
  8
GCD
  6
Continuous
100
AcDbText
 10
574285.4530221322
 20
2880400.985121678
 30
169.5
 40
1.0
  1
169.50
 41
0.8
 11
574285.4530221322
 21
2880401.485121679
 31
169.5
100
AcDbAttribute
280
     0
  2
height
 70
     0
 74
     2
280
     0
  0
SEQEND
  5
1C97
330
1C95
100
AcDbEntity
  8
GCD
  6
Continuous
  0
INSERT
  5
1C98
330
1F
100
AcDbEntity
  8
GCD
  6
Continuous
100
AcDbBlockReference
 66
     1
  2
gc200
 10
574282.0503242954
 20
2880404.19267527
 30
171.38
 41
0.5
 42
0.5
 43
0.5
1001
south
1000
202101
1001
S_GXRQ
1071
1718287106
  0
ATTRIB
  5
1C99
330
1C98
100
AcDbEntity
  8
GCD
  6
Continuous
100
AcDbText
 10
574282.5003242954
 20
2880403.69267527
 30
171.38
 40
1.0
  1
171.38
 41
0.8
 11
574282.5003242954
 21
2880404.19267527
 31
171.38
100
AcDbAttribute
280
     0
  2
height
 70
     0
 74
     2
280
     0
  0
SEQEND
  5
1C9A
330
1C98
100
AcDbEntity
  8
GCD
  6
Continuous
  0
INSERT
  5
1C9B
330
1F
100
AcDbEntity
  8
GCD
  6
Continuous
100
AcDbBlockReference
 66
     1
  2
gc200
 10
574276.1827931972
 20
2880409.689952134
 30
172.8
 41
0.5
 42
0.5
 43
0.5
1001
south
1000
202101
1001
S_GXRQ
1071
1718287120
  0
ATTRIB
  5
1C9C
330
1C9B
100
AcDbEntity
  8
GCD
  6
Continuous
100
AcDbText
 10
574276.6327931972
 20
2880409.189952134
 30
172.8
 40
1.0
  1
172.80
 41
0.8
 11
574276.6327931972
 21
2880409.689952134
 31
172.8
100
AcDbAttribute
280
     0
  2
height
 70
     0
 74
     2
280
     0
  0
SEQEND
  5
1C9D
330
1C9B
100
AcDbEntity
  8
GCD
  6
Continuous
  0
INSERT
  5
1C9E
330
1F
100
AcDbEntity
  8
GCD
  6
Continuous
100
AcDbBlockReference
 66
     1
  2
gc200
 10
574330.9792675237
 20
2880359.269240524
 30
169.3
 41
0.5
 42
0.5
 43
0.5
1001
south
1000
202101
1001
S_GXRQ
1071
1718287217
  0
ATTRIB
  5
1C9F
330
1C9E
100
AcDbEntity
  8
GCD
  6
Continuous
100
AcDbText
 10
574331.4292675236
 20
2880358.769240524
 30
169.3
 40
1.0
  1
169.30
 41
0.8
 11
574331.4292675236
 21
2880359.269240524
 31
169.3
100
AcDbAttribute
280
     0
  2
height
 70
     0
 74
     2
280
     0
  0
SEQEND
  5
1CA0
330
1C9E
100
AcDbEntity
  8
GCD
  6
Continuous
  0
INSERT
  5
1CA1
330
1F
100
AcDbEntity
  8
GCD
  6
Continuous
100
AcDbBlockReference
 66
     1
  2
gc200
 10
574330.3582189336
 20
2880359.858642381
 30
168.35
 41
0.5
 42
0.5
 43
0.5
1001
south
1000
202101
1001
S_GXRQ
1071
1718287264
  0
ATTRIB
  5
1CA2
330
1CA1
100
AcDbEntity
  8
GCD
  6
Continuous
100
AcDbText
 10
574330.8082189334
 20
2880359.358642381
 30
168.35
 40
1.0
  1
168.35
 41
0.8
 11
574330.8082189334
 21
2880359.858642381
 31
168.35
100
AcDbAttribute
280
     0
  2
height
 70
     0
 74
     2
280
     0
  0
SEQEND
  5
1CA3
330
1CA1
100
AcDbEntity
  8
GCD
  6
Continuous
  0
INSERT
  5
1CA4
330
1F
100
AcDbEntity
  8
GCD
  6
Continuous
100
AcDbBlockReference
 66
     1
  2
gc200
 10
574327.8422896246
 20
2880362.139772931
 30
168.38
 41
0.5
 42
0.5
 43
0.5
1001
south
1000
202101
1001
S_GXRQ
1071
1718287270
  0
ATTRIB
  5
1CA5
330
1CA4
100
AcDbEntity
  8
GCD
  6
Continuous
100
AcDbText
 10
574328.2922896246
 20
2880361.639772932
 30
168.38
 40
1.0
  1
168.38
 41
0.8
 11
574328.2922896246
 21
2880362.139772931
 31
168.38
100
AcDbAttribute
280
     0
  2
height
 70
     0
 74
     2
280
     0
  0
SEQEND
  5
1CA6
330
1CA4
100
AcDbEntity
  8
GCD
  6
Continuous
  0
INSERT
  5
1CA7
330
1F
100
AcDbEntity
  8
GCD
  6
Continuous
100
AcDbBlockReference
 66
     1
  2
gc200
 10
574323.083003781
 20
2880366.505542876
 30
168.37
 41
0.5
 42
0.5
 43
0.5
1001
south
1000
202101
1001
S_GXRQ
1071
1718287299
  0
ATTRIB
  5
1CA8
330
1CA7
100
AcDbEntity
  8
GCD
  6
Continuous
100
AcDbText
 10
574323.533003781
 20
2880366.005542876
 30
168.37
 40
1.0
  1
168.37
 41
0.8
 11
574323.533003781
 21
2880366.505542876
 31
168.37
100
AcDbAttribute
280
     0
  2
height
 70
     0
 74
     2
280
     0
  0
SEQEND
  5
1CA9
330
1CA7
100
AcDbEntity
  8
GCD
  6
Continuous
  0
INSERT
  5
1CAA
330
1F
100
AcDbEntity
  8
GCD
  6
Continuous
100
AcDbBlockReference
 66
     1
  2
gc200
 10
574320.1284366254
 20
2880369.229315581
 30
166.4
 41
0.5
 42
0.5
 43
0.5
1001
south
1000
202101
1001
S_GXRQ
1071
1718287348
  0
ATTRIB
  5
1CAB
330
1CAA
100
AcDbEntity
  8
GCD
  6
Continuous
100
AcDbText
 10
574320.5784366255
 20
2880368.729315581
 30
166.4
 40
1.0
  1
166.40
 41
0.8
 11
574320.5784366255
 21
2880369.229315581
 31
166.4
100
AcDbAttribute
280
     0
  2
height
 70
     0
 74
     2
280
     0
  0
SEQEND
  5
1CAC
330
1CAA
100
AcDbEntity
  8
GCD
  6
Continuous
  0
INSERT
  5
1CAD
330
1F
100
AcDbEntity
  8
GCD
  6
Continuous
100
AcDbBlockReference
 66
     1
  2
gc200
 10
574317.0125429042
 20
2880372.07410507
 30
164.03
 41
0.5
 42
0.5
 43
0.5
1001
south
1000
202101
1001
S_GXRQ
1071
1718287441
  0
ATTRIB
  5
1CAE
330
1CAD
100
AcDbEntity
  8
GCD
  6
Continuous
100
AcDbText
 10
574317.4625429041
 20
2880371.57410507
 30
164.03
 40
1.0
  1
164.03
 41
0.8
 11
574317.4625429041
 21
2880372.07410507
 31
164.03
100
AcDbAttribute
280
     0
  2
height
 70
     0
 74
     2
280
     0
  0
SEQEND
  5
1CAF
330
1CAD
100
AcDbEntity
  8
GCD
  6
Continuous
  0
INSERT
  5
1CB0
330
1F
100
AcDbEntity
  8
GCD
  6
Continuous
100
AcDbBlockReference
 66
     1
  2
gc200
 10
574291.5089908333
 20
2880395.496044068
 30
164.08
 41
0.5
 42
0.5
 43
0.5
1001
south
1000
202101
1001
S_GXRQ
1071
1718287468
  0
ATTRIB
  5
1CB1
330
1CB0
100
AcDbEntity
  8
GCD
  6
Continuous
100
AcDbText
 10
574291.9589908332
 20
2880394.996044068
 30
164.08
 40
1.0
  1
164.08
 41
0.8
 11
574291.9589908332
 21
2880395.496044068
 31
164.08
100
AcDbAttribute
280
     0
  2
height
 70
     0
 74
     2
280
     0
  0
SEQEND
  5
1CB2
330
1CB0
100
AcDbEntity
  8
GCD
  6
Continuous
  0
INSERT
  5
1CB3
330
1F
100
AcDbEntity
  8
GCD
  6
Continuous
100
AcDbBlockReference
 66
     1
  2
gc200
 10
574314.3164634229
 20
2880374.570380544
 30
164.62
 41
0.5
 42
0.5
 43
0.5
1001
south
1000
202101
1001
S_GXRQ
1071
1718287514
  0
ATTRIB
  5
1CB4
330
1CB3
100
AcDbEntity
  8
GCD
  6
Continuous
100
AcDbText
 10
574314.7664634229
 20
2880374.070380544
 30
164.62
 40
1.0
  1
164.62
 41
0.8
 11
574314.7664634229
 21
2880374.570380544
 31
164.62
100
AcDbAttribute
280
     0
  2
height
 70
     0
 74
     2
280
     0
  0
SEQEND
  5
1CB5
330
1CB3
100
AcDbEntity
  8
GCD
  6
Continuous
  0
INSERT
  5
1CB6
330
1F
100
AcDbEntity
  8
GCD
  6
Continuous
100
AcDbBlockReference
 66
     1
  2
gc200
 10
574271.2395750714
 20
2880414.207315291
 30
172.9
 41
0.5
 42
0.5
 43
0.5
1001
south
1000
202101
1001
S_GXRQ
1071
1718287533
  0
ATTRIB
  5
1CB7
330
1CB6
100
AcDbEntity
  8
GCD
  6
Continuous
100
AcDbText
 10
574271.6895750715
 20
2880413.707315291
 30
172.9
 40
1.0
  1
172.90
 41
0.8
 11
574271.6895750715
 21
2880414.207315291
 31
172.9
100
AcDbAttribute
280
     0
  2
height
 70
     0
 74
     2
280
     0
  0
SEQEND
  5
1CB8
330
1CB6
100
AcDbEntity
  8
GCD
  6
Continuous
  0
INSERT
  5
1CB9
330
1F
100
AcDbEntity
  8
GCD
  6
Continuous
100
AcDbBlockReference
 66
     1
  2
gc200
 10
574308.6729621161
 20
2880480.652890816
 30
163.65
 41
0.5
 42
0.5
 43
0.5
1001
south
1000
202101
1001
S_GXRQ
1071
1718330743
  0
ATTRIB
  5
1CBA
330
1CB9
100
AcDbEntity
  8
GCD
  6
Continuous
100
AcDbText
 10
574309.122962116
 20
2880480.152890817
 30
163.65
 40
1.0
  1
163.65
 41
0.8
 11
574309.122962116
 21
2880480.652890816
 31
163.65
100
AcDbAttribute
280
     0
  2
height
 70
     0
 74
     2
280
     0
  0
SEQEND
  5
1CBB
330
1CB9
100
AcDbEntity
  8
GCD
  6
Continuous
  0
INSERT
  5
1CBC
330
1F
100
AcDbEntity
  8
GCD
  6
Continuous
100
AcDbBlockReference
 66
     1
  2
gc200
 10
574310.4670764807
 20
2880480.775154369
 30
163.27
 41
0.5
 42
0.5
 43
0.5
1001
south
1000
202101
1001
S_GXRQ
1071
1718330753
  0
ATTRIB
  5
1CBD
330
1CBC
100
AcDbEntity
  8
GCD
  6
Continuous
100
AcDbText
 10
574310.9170764806
 20
2880480.275154369
 30
163.27
 40
1.0
  1
163.27
 41
0.8
 11
574310.9170764806
 21
2880480.775154369
 31
163.27
100
AcDbAttribute
280
     0
  2
height
 70
     0
 74
     2
280
     0
  0
SEQEND
  5
1CBE
330
1CBC
100
AcDbEntity
  8
GCD
  6
Continuous
  0
INSERT
  5
1CBF
330
1F
100
AcDbEntity
  8
GCD
  6
Continuous
100
AcDbBlockReference
 66
     1
  2
gc200
 10
574336.5375794946
 20
2880482.551781545
 30
163.76
 41
0.075
 42
0.075
 43
0.075
1001
south
1000
202101
1001
S_GXRQ
1071
1718330766
  0
ATTRIB
  5
1CC0
330
1CBF
100
AcDbEntity
  8
GCD
  6
Continuous
100
AcDbText
 10
574336.6050794946
 20
2880482.476781545
 30
163.76
 40
0.15
  1
163.76
 41
0.8
 11
574336.6050794946
 21
2880482.551781545
 31
163.76
100
AcDbAttribute
280
     0
  2
height
 70
     0
 74
     2
280
     0
  0
SEQEND
  5
1CC1
330
1CBF
100
AcDbEntity
  8
GCD
  6
Continuous
  0
INSERT
  5
1CC2
330
1F
100
AcDbEntity
  8
GCD
  6
Continuous
100
AcDbBlockReference
 66
     1
  2
gc200
 10
574332.7825467773
 20
2880482.295887243
 30
163.27
 41
0.075
 42
0.075
 43
0.075
1001
south
1000
202101
1001
S_GXRQ
1071
1718330779
  0
ATTRIB
  5
1CC3
330
1CC2
100
AcDbEntity
  8
GCD
  6
Continuous
100
AcDbText
 10
574332.8500467772
 20
2880482.220887243
 30
163.27
 40
0.15
  1
163.27
 41
0.8
 11
574332.8500467772
 21
2880482.295887243
 31
163.27
100
AcDbAttribute
280
     0
  2
height
 70
     0
 74
     2
280
     0
  0
SEQEND
  5
1CC4
330
1CC2
100
AcDbEntity
  8
GCD
  6
Continuous
  0
INSERT
  5
1CC5
330
1F
100
AcDbEntity
  8
GCD
  6
Continuous
100
AcDbBlockReference
 66
     1
  2
gc200
 10
574328.926334291
 20
2880482.033097841
 30
163.13
 41
0.075
 42
0.075
 43
0.075
1001
south
1000
202101
1001
S_GXRQ
1071
1718330797
  0
ATTRIB
  5
1CC6
330
1CC5
100
AcDbEntity
  8
GCD
  6
Continuous
100
AcDbText
 10
574328.9938342911
 20
2880481.958097842
 30
163.13
 40
0.15
  1
163.13
 41
0.8
 11
574328.9938342911
 21
2880482.033097841
 31
163.13
100
AcDbAttribute
280
     0
  2
height
 70
     0
 74
     2
280
     0
  0
SEQEND
  5
1CC7
330
1CC5
100
AcDbEntity
  8
GCD
  6
Continuous
  0
INSERT
  5
1CC8
330
1F
100
AcDbEntity
  8
GCD
  6
Continuous
100
AcDbBlockReference
 66
     1
  2
gc200
 10
574313.3050043732
 20
2880480.968550708
 30
163.05
 41
0.5
 42
0.5
 43
0.5
1001
south
1000
202101
1001
S_GXRQ
1071
1718330820
  0
ATTRIB
  5
1CC9
330
1CC8
100
AcDbEntity
  8
GCD
  6
Continuous
100
AcDbText
 10
574313.7550043732
 20
2880480.468550708
 30
163.05
 40
1.0
  1
163.05
 41
0.8
 11
574313.7550043732
 21
2880480.968550708
 31
163.05
100
AcDbAttribute
280
     0
  2
height
 70
     0
 74
     2
280
     0
  0
SEQEND
  5
1CCA
330
1CC8
100
AcDbEntity
  8
GCD
  6
Continuous
  0
INSERT
  5
1CCB
330
1F
100
AcDbEntity
  8
GCD
  6
Continuous
100
AcDbBlockReference
 66
     1
  2
gc200
 10
574317.6251208339
 20
2880481.262953784
 30
163.1
 41
0.15
 42
0.15
 43
0.15
1001
south
1000
202101
1001
S_GXRQ
1071
1718330831
  0
ATTRIB
  5
1CCC
330
1CCB
100
AcDbEntity
  8
GCD
  6
Continuous
100
AcDbText
 10
574317.7601208337
 20
2880481.112953784
 30
163.1
 40
0.3
  1
163.10
 41
0.8
 11
574317.7601208337
 21
2880481.262953784
 31
163.1
100
AcDbAttribute
280
     0
  2
height
 70
     0
 74
     2
280
     0
  0
SEQEND
  5
1CCD
330
1CCB
100
AcDbEntity
  8
GCD
  6
Continuous
  0
INSERT
  5
1CCE
330
1F
100
AcDbEntity
  8
GCD
  6
Continuous
100
AcDbBlockReference
 66
     1
  2
gc200
 10
574324.8089658618
 20
2880481.752511438
 30
163.09
 41
0.075
 42
0.075
 43
0.075
1001
south
1000
202101
1001
S_GXRQ
1071
1718330842
  0
ATTRIB
  5
1CCF
330
1CCE
100
AcDbEntity
  8
GCD
  6
Continuous
100
AcDbText
 10
574324.8764658618
 20
2880481.677511438
 30
163.09
 40
0.15
  1
163.09
 41
0.8
 11
574324.8764658618
 21
2880481.752511438
 31
163.09
100
AcDbAttribute
280
     0
  2
height
 70
     0
 74
     2
280
     0
  0
SEQEND
  5
1CD0
330
1CCE
100
AcDbEntity
  8
GCD
  6
Continuous
  0
TEXT
  5
1CD1
330
1F
100
AcDbEntity
  8
ZJ
  6
Continuous
100
AcDbText
 10
574321.3565125556
 20
2880471.135763574
 30
0.0
 40
1.0
  1
麻    桑    河
 50
273.8560934983019
  7
_TCH_DIM
 72
     4
 11
574322.1288997777
 21
2880466.482758007
 31
0.0
100
AcDbText
  0
ELLIPSE
  5
1CD2
330
1F
100
AcDbEntity
  8
0
 62
     8
370
    -3
100
AcDbEllipse
 10
574364.6075183684
 20
2880475.418648049
 30
162.2708299557489
 11
-0.1959321560825413
 21
0.1959321560825413
 31
0.0
210
0.0
220
0.0
230
1.0
 40
0.999999999610455
 41
-0.3156866271855541
 42
0.6755213301805956
  0
ELLIPSE
  5
1CD3
330
1F
100
AcDbEntity
  8
0
 62
     8
370
    -3
100
AcDbEllipse
 10
574364.2385591336
 20
2880475.440683557
 30
162.2708299557489
 11
0.0664059137482284
 21
0.0664059137482284
 31
0.0
210
0.0
220
0.0
230
1.0
 40
0.9999999993962283
 41
5.586807227362121
 42
7.713581915279151
  0
LINE
  5
1CD4
330
1F
100
AcDbEntity
  8
0
  6
Continuous
 62
     8
370
    -3
100
AcDbLine
 10
574364.2570994158
 20
2880475.365728817
 30
162.2708299557489
 11
574364.4070994157
 21
2880475.365728817
 31
162.2708299557489
  0
LINE
  5
1CD5
330
1F
100
AcDbEntity
  8
0
  6
Continuous
 62
     8
370
    -3
100
AcDbLine
 10
574364.3320994158
 20
2880475.449032587
 30
162.2708299557489
 11
574364.3320994158
 21
2880475.365728817
 31
162.2708299557489
  0
ELLIPSE
  5
1CD6
330
1F
100
AcDbEntity
  8
0
 62
     8
370
    -3
100
AcDbEllipse
 10
574350.250162591
 20
2880440.542126257
 30
162.1488330659321
 11
-0.6531071869418043
 21
0.6531071869418044
 31
0.0
210
0.0
220
0.0
230
1.0
 40
0.999999999610455
 41
-0.3156866271855541
 42
0.6755213301805956
  0
ELLIPSE
  5
1CD7
330
1F
100
AcDbEntity
  8
0
 62
     8
370
    -3
100
AcDbEllipse
 10
574349.0202984744
 20
2880440.615577951
 30
162.1488330659321
 11
0.2213530458274281
 21
0.221353045827428
 31
0.0
210
0.0
220
0.0
230
1.0
 40
0.9999999993962285
 41
5.586807227362121
 42
7.713581915279151
  0
LINE
  5
1CD8
330
1F
100
AcDbEntity
  8
0
  6
Continuous
 62
     8
370
    -3
100
AcDbLine
 10
574349.0820994158
 20
2880440.365728818
 30
162.1488330659321
 11
574349.582099416
 21
2880440.365728818
 31
162.1488330659321
  0
LINE
  5
1CD9
330
1F
100
AcDbEntity
  8
0
  6
Continuous
 62
     8
370
    -3
100
AcDbLine
 10
574349.3320994158
 20
2880440.643408049
 30
162.1488330659321
 11
574349.3320994158
 21
2880440.365728818
 31
162.1488330659321
  0
ELLIPSE
  5
1CDA
330
1F
100
AcDbEntity
  8
0
 62
     8
370
    -3
100
AcDbEllipse
 10
574360.250162591
 20
2880440.542126257
 30
162.5892622065356
 11
-0.6531071869418043
 21
0.6531071869418044
 31
0.0
210
0.0
220
0.0
230
1.0
 40
0.999999999610455
 41
-0.3156866271855541
 42
0.6755213301805956
  0
ELLIPSE
  5
1CDB
330
1F
100
AcDbEntity
  8
0
 62
     8
370
    -3
100
AcDbEllipse
 10
574359.0202984742
 20
2880440.615577951
 30
162.5892622065356
 11
0.2213530458274281
 21
0.221353045827428
 31
0.0
210
0.0
220
0.0
230
1.0
 40
0.9999999993962285
 41
5.586807227362121
 42
7.713581915279151
  0
LINE
  5
1CDC
330
1F
100
AcDbEntity
  8
0
  6
Continuous
 62
     8
370
    -3
100
AcDbLine
 10
574359.0820994159
 20
2880440.365728818
 30
162.5892622065356
 11
574359.5820994158
 21
2880440.365728818
 31
162.5892622065356
  0
LINE
  5
1CDD
330
1F
100
AcDbEntity
  8
0
  6
Continuous
 62
     8
370
    -3
100
AcDbLine
 10
574359.3320994158
 20
2880440.643408049
 30
162.5892622065356
 11
574359.3320994158
 21
2880440.365728818
 31
162.5892622065356
  0
ELLIPSE
  5
1CDE
330
1F
100
AcDbEntity
  8
GCD
  6
Continuous
100
AcDbEllipse
 10
574355.2501625909
 20
2880445.542126257
 30
162.0347966359976
 11
-0.6531071869418043
 21
0.6531071869418044
 31
0.0
210
0.0
220
0.0
230
1.0
 40
0.999999999610455
 41
-0.3156866271855541
 42
0.6755213301805956
  0
ELLIPSE
  5
1CDF
330
1F
100
AcDbEntity
  8
GCD
  6
Continuous
100
AcDbEllipse
 10
574354.0202984743
 20
2880445.61557795
 30
162.0347966359976
 11
0.2213530458274281
 21
0.221353045827428
 31
0.0
210
0.0
220
0.0
230
1.0
 40
0.9999999993962285
 41
5.586807227362121
 42
7.713581915279151
  0
LINE
  5
1CE0
330
1F
100
AcDbEntity
  8
0
  6
Continuous
 62
     8
370
    -3
100
AcDbLine
 10
574354.082099416
 20
2880445.365728817
 30
162.0347966359976
 11
574354.582099416
 21
2880445.365728817
 31
162.0347966359976
  0
LINE
  5
1CE1
330
1F
100
AcDbEntity
  8
0
  6
Continuous
 62
     8
370
    -3
100
AcDbLine
 10
574354.3320994159
 20
2880445.643408049
 30
162.0347966359976
 11
574354.3320994159
 21
2880445.365728817
 31
162.0347966359976
  0
ELLIPSE
  5
1CE2
330
1F
100
AcDbEntity
  8
0
 62
     8
370
    -3
100
AcDbEllipse
 10
574365.250162591
 20
2880445.542126257
 30
162.6732497860878
 11
-0.6531071869418043
 21
0.6531071869418044
 31
0.0
210
0.0
220
0.0
230
1.0
 40
0.999999999610455
 41
-0.3156866271855541
 42
0.6755213301805956
  0
ELLIPSE
  5
1CE3
330
1F
100
AcDbEntity
  8
0
 62
     8
370
    -3
100
AcDbEllipse
 10
574364.0202984742
 20
2880445.61557795
 30
162.6732497860878
 11
0.2213530458274281
 21
0.221353045827428
 31
0.0
210
0.0
220
0.0
230
1.0
 40
0.9999999993962285
 41
5.586807227362121
 42
7.713581915279151
  0
LINE
  5
1CE4
330
1F
100
AcDbEntity
  8
0
  6
Continuous
 62
     8
370
    -3
100
AcDbLine
 10
574364.0820994158
 20
2880445.365728817
 30
162.6732497860878
 11
574364.5820994158
 21
2880445.365728817
 31
162.6732497860878
  0
LINE
  5
1CE5
330
1F
100
AcDbEntity
  8
0
  6
Continuous
 62
     8
370
    -3
100
AcDbLine
 10
574364.3320994158
 20
2880445.643408049
 30
162.6732497860878
 11
574364.3320994158
 21
2880445.365728817
 31
162.6732497860878
  0
ELLIPSE
  5
1CE6
330
1F
100
AcDbEntity
  8
GCD
  6
Continuous
100
AcDbEllipse
 10
574350.250162591
 20
2880450.542126257
 30
161.6708366264814
 11
-0.6531071869418043
 21
0.6531071869418044
 31
0.0
210
0.0
220
0.0
230
1.0
 40
0.999999999610455
 41
-0.3156866271855541
 42
0.6755213301805956
  0
ELLIPSE
  5
1CE7
330
1F
100
AcDbEntity
  8
GCD
  6
Continuous
100
AcDbEllipse
 10
574349.0202984744
 20
2880450.61557795
 30
161.6708366264814
 11
0.2213530458274281
 21
0.221353045827428
 31
0.0
210
0.0
220
0.0
230
1.0
 40
0.9999999993962285
 41
5.586807227362121
 42
7.713581915279151
  0
LINE
  5
1CE8
330
1F
100
AcDbEntity
  8
GCD
  6
Continuous
100
AcDbLine
 10
574349.0820994158
 20
2880450.365728817
 30
161.6708366264814
 11
574349.582099416
 21
2880450.365728817
 31
161.6708366264814
  0
LINE
  5
1CE9
330
1F
100
AcDbEntity
  8
GCD
  6
Continuous
100
AcDbLine
 10
574349.3320994158
 20
2880450.643408049
 30
161.6708366264814
 11
574349.3320994158
 21
2880450.365728817
 31
161.6708366264814
  0
ELLIPSE
  5
1CEA
330
1F
100
AcDbEntity
  8
0
 62
     8
370
    -3
100
AcDbEllipse
 10
574354.6075183684
 20
2880455.418648049
 30
161.2972121116251
 11
-0.1959321560825413
 21
0.1959321560825413
 31
0.0
210
0.0
220
0.0
230
1.0
 40
0.999999999610455
 41
-0.3156866271855541
 42
0.6755213301805956
  0
ELLIPSE
  5
1CEB
330
1F
100
AcDbEntity
  8
0
 62
     8
370
    -3
100
AcDbEllipse
 10
574354.2385591335
 20
2880455.440683557
 30
161.2972121116251
 11
0.0664059137482284
 21
0.0664059137482284
 31
0.0
210
0.0
220
0.0
230
1.0
 40
0.9999999993962283
 41
5.586807227362121
 42
7.713581915279151
  0
LINE
  5
1CEC
330
1F
100
AcDbEntity
  8
0
  6
Continuous
 62
     8
370
    -3
100
AcDbLine
 10
574354.257099416
 20
2880455.365728817
 30
161.2972121116251
 11
574354.4070994158
 21
2880455.365728817
 31
161.2972121116251
  0
LINE
  5
1CED
330
1F
100
AcDbEntity
  8
0
  6
Continuous
 62
     8
370
    -3
100
AcDbLine
 10
574354.3320994159
 20
2880455.449032587
 30
161.2972121116251
 11
574354.3320994159
 21
2880455.365728817
 31
161.2972121116251
  0
ELLIPSE
  5
1CEE
330
1F
100
AcDbEntity
  8
0
 62
     8
370
    -3
100
AcDbEllipse
 10
574364.6075183684
 20
2880455.418648049
 30
162.8463872903138
 11
-0.1959321560825413
 21
0.1959321560825413
 31
0.0
210
0.0
220
0.0
230
1.0
 40
0.999999999610455
 41
-0.3156866271855541
 42
0.6755213301805956
  0
ELLIPSE
  5
1CEF
330
1F
100
AcDbEntity
  8
0
 62
     8
370
    -3
100
AcDbEllipse
 10
574364.2385591336
 20
2880455.440683557
 30
162.8463872903138
 11
0.0664059137482284
 21
0.0664059137482284
 31
0.0
210
0.0
220
0.0
230
1.0
 40
0.9999999993962283
 41
5.586807227362121
 42
7.713581915279151
  0
LINE
  5
1CF0
330
1F
100
AcDbEntity
  8
0
  6
Continuous
 62
     8
370
    -3
100
AcDbLine
 10
574364.2570994158
 20
2880455.365728817
 30
162.8463872903138
 11
574364.4070994157
 21
2880455.365728817
 31
162.8463872903138
  0
LINE
  5
1CF1
330
1F
100
AcDbEntity
  8
0
  6
Continuous
 62
     8
370
    -3
100
AcDbLine
 10
574364.3320994158
 20
2880455.449032587
 30
162.8463872903138
 11
574364.3320994158
 21
2880455.365728817
 31
162.8463872903138
  0
ELLIPSE
  5
1CF2
330
1F
100
AcDbEntity
  8
0
 62
     8
370
    -3
100
AcDbEllipse
 10
574349.6075183684
 20
2880460.418648048
 30
161.3388744683798
 11
-0.1959321560825413
 21
0.1959321560825413
 31
0.0
210
0.0
220
0.0
230
1.0
 40
0.999999999610455
 41
-0.3156866271855541
 42
0.6755213301805956
  0
ELLIPSE
  5
1CF3
330
1F
100
AcDbEntity
  8
0
 62
     8
370
    -3
100
AcDbEllipse
 10
574349.2385591335
 20
2880460.440683557
 30
161.3388744683798
 11
0.0664059137482284
 21
0.0664059137482284
 31
0.0
210
0.0
220
0.0
230
1.0
 40
0.9999999993962283
 41
5.586807227362121
 42
7.713581915279151
  0
LINE
  5
1CF4
330
1F
100
AcDbEntity
  8
0
  6
Continuous
 62
     8
370
    -3
100
AcDbLine
 10
574349.257099416
 20
2880460.365728817
 30
161.3388744683798
 11
574349.4070994158
 21
2880460.365728817
 31
161.3388744683798
  0
LINE
  5
1CF5
330
1F
100
AcDbEntity
  8
0
  6
Continuous
 62
     8
370
    -3
100
AcDbLine
 10
574349.3320994158
 20
2880460.449032587
 30
161.3388744683798
 11
574349.3320994158
 21
2880460.365728817
 31
161.3388744683798
  0
ELLIPSE
  5
1CF6
330
1F
100
AcDbEntity
  8
0
 62
     8
370
    -3
100
AcDbEllipse
 10
574359.6075183685
 20
2880460.418648048
 30
162.8091755278454
 11
-0.1959321560825413
 21
0.1959321560825413
 31
0.0
210
0.0
220
0.0
230
1.0
 40
0.999999999610455
 41
-0.3156866271855541
 42
0.6755213301805956
  0
ELLIPSE
  5
1CF7
330
1F
100
AcDbEntity
  8
0
 62
     8
370
    -3
100
AcDbEllipse
 10
574359.2385591335
 20
2880460.440683557
 30
162.8091755278454
 11
0.0664059137482284
 21
0.0664059137482284
 31
0.0
210
0.0
220
0.0
230
1.0
 40
0.9999999993962283
 41
5.586807227362121
 42
7.713581915279151
  0
LINE
  5
1CF8
330
1F
100
AcDbEntity
  8
0
  6
Continuous
 62
     8
370
    -3
100
AcDbLine
 10
574359.2570994159
 20
2880460.365728817
 30
162.8091755278454
 11
574359.4070994158
 21
2880460.365728817
 31
162.8091755278454
  0
LINE
  5
1CF9
330
1F
100
AcDbEntity
  8
0
  6
Continuous
 62
     8
370
    -3
100
AcDbLine
 10
574359.3320994158
 20
2880460.449032587
 30
162.8091755278454
 11
574359.3320994158
 21
2880460.365728817
 31
162.8091755278454
  0
ELLIPSE
  5
1CFA
330
1F
100
AcDbEntity
  8
0
 62
     8
370
    -3
100
AcDbEllipse
 10
574354.9575183685
 20
2880466.118648048
 30
162.1929720093659
 11
-0.1959321560825413
 21
0.1959321560825413
 31
0.0
210
0.0
220
0.0
230
1.0
 40
0.999999999610455
 41
-0.3156866271855541
 42
0.6755213301805956
  0
ELLIPSE
  5
1CFB
330
1F
100
AcDbEntity
  8
0
 62
     8
370
    -3
100
AcDbEllipse
 10
574354.5885591332
 20
2880466.140683557
 30
162.1929720093659
 11
0.0664059137482284
 21
0.0664059137482284
 31
0.0
210
0.0
220
0.0
230
1.0
 40
0.9999999993962283
 41
5.586807227362121
 42
7.713581915279151
  0
LINE
  5
1CFC
330
1F
100
AcDbEntity
  8
0
  6
Continuous
 62
     8
370
    -3
100
AcDbLine
 10
574354.6070994157
 20
2880466.065728817
 30
162.1929720093659
 11
574354.7570994159
 21
2880466.065728817
 31
162.1929720093659
  0
LINE
  5
1CFD
330
1F
100
AcDbEntity
  8
0
  6
Continuous
 62
     8
370
    -3
100
AcDbLine
 10
574354.682099416
 20
2880466.149032586
 30
162.1929720093659
 11
574354.682099416
 21
2880466.065728817
 31
162.1929720093659
  0
ELLIPSE
  5
1CFE
330
1F
100
AcDbEntity
  8
0
 62
     8
370
    -3
100
AcDbEllipse
 10
574364.6075183684
 20
2880465.418648049
 30
163.0127021928981
 11
-0.1959321560825413
 21
0.1959321560825413
 31
0.0
210
0.0
220
0.0
230
1.0
 40
0.999999999610455
 41
-0.3156866271855541
 42
0.6755213301805956
  0
ELLIPSE
  5
1CFF
330
1F
100
AcDbEntity
  8
0
 62
     8
370
    -3
100
AcDbEllipse
 10
574364.2385591336
 20
2880465.440683557
 30
163.0127021928981
 11
0.0664059137482284
 21
0.0664059137482284
 31
0.0
210
0.0
220
0.0
230
1.0
 40
0.9999999993962283
 41
5.586807227362121
 42
7.713581915279151
  0
LINE
  5
1D00
330
1F
100
AcDbEntity
  8
0
  6
Continuous
 62
     8
370
    -3
100
AcDbLine
 10
574364.2570994158
 20
2880465.365728817
 30
163.0127021928981
 11
574364.4070994157
 21
2880465.365728817
 31
163.0127021928981
  0
LINE
  5
1D01
330
1F
100
AcDbEntity
  8
0
  6
Continuous
 62
     8
370
    -3
100
AcDbLine
 10
574364.3320994158
 20
2880465.449032588
 30
163.0127021928981
 11
574364.3320994158
 21
2880465.365728817
 31
163.0127021928981
  0
ELLIPSE
  5
1D02
330
1F
100
AcDbEntity
  8
0
 62
     8
370
    -3
100
AcDbEllipse
 10
574349.6075183684
 20
2880470.418648049
 30
162.3252307229642
 11
-0.1959321560825413
 21
0.1959321560825413
 31
0.0
210
0.0
220
0.0
230
1.0
 40
0.999999999610455
 41
-0.3156866271855541
 42
0.6755213301805956
  0
ELLIPSE
  5
1D03
330
1F
100
AcDbEntity
  8
0
 62
     8
370
    -3
100
AcDbEllipse
 10
574349.2385591335
 20
2880470.440683557
 30
162.3252307229642
 11
0.0664059137482284
 21
0.0664059137482284
 31
0.0
210
0.0
220
0.0
230
1.0
 40
0.9999999993962283
 41
5.586807227362121
 42
7.713581915279151
  0
LINE
  5
1D04
330
1F
100
AcDbEntity
  8
0
  6
Continuous
 62
     8
370
    -3
100
AcDbLine
 10
574349.257099416
 20
2880470.365728817
 30
162.3252307229642
 11
574349.4070994158
 21
2880470.365728817
 31
162.3252307229642
  0
LINE
  5
1D05
330
1F
100
AcDbEntity
  8
0
  6
Continuous
 62
     8
370
    -3
100
AcDbLine
 10
574349.3320994158
 20
2880470.449032586
 30
162.3252307229642
 11
574349.3320994158
 21
2880470.365728817
 31
162.3252307229642
  0
ELLIPSE
  5
1D06
330
1F
100
AcDbEntity
  8
0
 62
     8
370
    -3
100
AcDbEllipse
 10
574359.9575183685
 20
2880471.118648049
 30
162.589916776027
 11
-0.1959321560825413
 21
0.1959321560825413
 31
0.0
210
0.0
220
0.0
230
1.0
 40
0.999999999610455
 41
-0.3156866271855541
 42
0.6755213301805956
  0
ELLIPSE
  5
1D07
330
1F
100
AcDbEntity
  8
0
 62
     8
370
    -3
100
AcDbEllipse
 10
574359.5885591332
 20
2880471.140683557
 30
162.589916776027
 11
0.0664059137482284
 21
0.0664059137482284
 31
0.0
210
0.0
220
0.0
230
1.0
 40
0.9999999993962283
 41
5.586807227362121
 42
7.713581915279151
  0
LINE
  5
1D08
330
1F
100
AcDbEntity
  8
0
  6
Continuous
 62
     8
370
    -3
100
AcDbLine
 10
574359.6070994158
 20
2880471.065728817
 30
162.589916776027
 11
574359.7570994158
 21
2880471.065728817
 31
162.589916776027
  0
LINE
  5
1D09
330
1F
100
AcDbEntity
  8
0
  6
Continuous
 62
     8
370
    -3
100
AcDbLine
 10
574359.6820994159
 20
2880471.149032587
 30
162.589916776027
 11
574359.6820994159
 21
2880471.065728817
 31
162.589916776027
  0
ELLIPSE
  5
1D0A
330
1F
100
AcDbEntity
  8
0
 62
     8
370
    -3
100
AcDbEllipse
 10
574354.6075183684
 20
2880475.418648049
 30
162.3995473759771
 11
-0.1959321560825413
 21
0.1959321560825413
 31
0.0
210
0.0
220
0.0
230
1.0
 40
0.999999999610455
 41
-0.3156866271855541
 42
0.6755213301805956
  0
ELLIPSE
  5
1D0B
330
1F
100
AcDbEntity
  8
0
 62
     8
370
    -3
100
AcDbEllipse
 10
574354.2385591335
 20
2880475.440683557
 30
162.3995473759771
 11
0.0664059137482284
 21
0.0664059137482284
 31
0.0
210
0.0
220
0.0
230
1.0
 40
0.9999999993962283
 41
5.586807227362121
 42
7.713581915279151
  0
LINE
  5
1D0C
330
1F
100
AcDbEntity
  8
0
  6
Continuous
 62
     8
370
    -3
100
AcDbLine
 10
574354.257099416
 20
2880475.365728817
 30
162.3995473759771
 11
574354.4070994158
 21
2880475.365728817
 31
162.3995473759771
  0
LINE
  5
1D0D
330
1F
100
AcDbEntity
  8
0
  6
Continuous
 62
     8
370
    -3
100
AcDbLine
 10
574354.3320994159
 20
2880475.449032587
 30
162.3995473759771
 11
574354.3320994159
 21
2880475.365728817
 31
162.3995473759771
  0
ELLIPSE
  5
1D0E
330
1F
100
AcDbEntity
  8
0
 62
     8
370
    -3
100
AcDbEllipse
 10
574349.6075183684
 20
2880480.418648049
 30
162.3551711970086
 11
-0.1959321560825413
 21
0.1959321560825413
 31
0.0
210
0.0
220
0.0
230
1.0
 40
0.999999999610455
 41
-0.3156866271855541
 42
0.6755213301805956
  0
ELLIPSE
  5
1D0F
330
1F
100
AcDbEntity
  8
0
 62
     8
370
    -3
100
AcDbEllipse
 10
574349.2385591335
 20
2880480.440683557
 30
162.3551711970086
 11
0.0664059137482284
 21
0.0664059137482284
 31
0.0
210
0.0
220
0.0
230
1.0
 40
0.9999999993962283
 41
5.586807227362121
 42
7.713581915279151
  0
LINE
  5
1D10
330
1F
100
AcDbEntity
  8
0
  6
Continuous
 62
     8
370
    -3
100
AcDbLine
 10
574349.257099416
 20
2880480.365728817
 30
162.3551711970086
 11
574349.4070994158
 21
2880480.365728817
 31
162.3551711970086
  0
LINE
  5
1D11
330
1F
100
AcDbEntity
  8
0
  6
Continuous
 62
     8
370
    -3
100
AcDbLine
 10
574349.3320994158
 20
2880480.449032587
 30
162.3551711970086
 11
574349.3320994158
 21
2880480.365728817
 31
162.3551711970086
  0
ELLIPSE
  5
1D12
330
1F
100
AcDbEntity
  8
0
 62
     8
370
    -3
100
AcDbEllipse
 10
574359.6075183685
 20
2880480.418648049
 30
162.4442864192835
 11
-0.1959321560825413
 21
0.1959321560825413
 31
0.0
210
0.0
220
0.0
230
1.0
 40
0.999999999610455
 41
-0.3156866271855541
 42
0.6755213301805956
  0
ELLIPSE
  5
1D13
330
1F
100
AcDbEntity
  8
0
 62
     8
370
    -3
100
AcDbEllipse
 10
574359.2385591335
 20
2880480.440683557
 30
162.4442864192835
 11
0.0664059137482284
 21
0.0664059137482284
 31
0.0
210
0.0
220
0.0
230
1.0
 40
0.9999999993962283
 41
5.586807227362121
 42
7.713581915279151
  0
LINE
  5
1D14
330
1F
100
AcDbEntity
  8
0
  6
Continuous
 62
     8
370
    -3
100
AcDbLine
 10
574359.2570994159
 20
2880480.365728817
 30
162.4442864192835
 11
574359.4070994158
 21
2880480.365728817
 31
162.4442864192835
  0
LINE
  5
1D15
330
1F
100
AcDbEntity
  8
0
  6
Continuous
 62
     8
370
    -3
100
AcDbLine
 10
574359.3320994158
 20
2880480.449032587
 30
162.4442864192835
 11
574359.3320994158
 21
2880480.365728817
 31
162.4442864192835
  0
LWPOLYLINE
  5
1D16
330
1F
100
AcDbEntity
  8
0
  6
Continuous
100
AcDbPolyline
 90
        2
 70
     0
 43
0.0
 10
574349.7823547863
 20
2880479.452994637
 10
574350.7715420456
 20
2880462.782316531
  0
LWPOLYLINE
  5
1D1A
330
1F
100
AcDbEntity
  8
管
  6
Continuous
 62
     8
370
    -2
100
AcDbPolyline
 90
        2
 70
     0
 43
0.3
 10
574355.9274895601
 20
2880481.206122691
 10
574356.0071323498
 20
2880479.824649695
  0
INSERT
  5
1D1B
330
1F
100
AcDbEntity
  8
YHJ_剖面_梁板
100
AcDbBlockReference
  2
hwgasgsftagsf
 10
571444.6900868742
 20
2882254.986778812
 30
0.0
 41
0.001
 42
0.001
 43
0.001
 50
273.2994856816956
  0
LWPOLYLINE
  5
1D1C
330
1F
100
AcDbEntity
  8
DLSS-斜坡
  6
Continuous
 62
     4
100
AcDbPolyline
 90
       10
 70
   128
 43
0.054
 10
574348.0250980442
 20
2880458.421728272
 10
574340.6063559618
 20
2880458.411997834
 10
574338.8260779899
 20
2880464.460324059
 10
574339.3460214068
 20
2880469.198103095
 10
574340.3525853832
 20
2880469.256132144
 10
574339.8576118218
 20
2880477.84187621
 10
574338.8524620506
 20
2880477.783630637
 10
574337.7886726096
 20
2880482.430702583
 10
574346.6099238817
 20
2880482.270028922
 10
574348.0250980535
 20
2880458.421728273
  0
LWPOLYLINE
  5
1D1D
330
1F
100
AcDbEntity
  8
DLSS
  6
Continuous
 62
     4
100
AcDbPolyline
 90
        8
 70
   128
 10
574365.5562542425
 20
2880459.469832295
 40
0.054
 41
0.054
 10
574348.0250980441
 20
2880458.421728272
 40
0.054
 41
0.054
 10
574346.6099238817
 20
2880482.270028922
 40
0.054
 41
0.054
 10
574366.8857082425
 20
2880483.978162772
 40
0.054
 41
0.054
 10
574367.0972034109
 20
2880480.659691512
 40
0.054
 41
0.054
 10
574367.6226098833
 20
2880474.689827453
 40
0.054
 41
0.054
 10
574368.2673494008
 20
2880467.279461298
 40
0.054
 41
0.054
 10
574368.9384596779
 20
2880460.874180756
 40
0.0
 41
0.0
  0
LWPOLYLINE
  5
1D1E
330
1F
100
AcDbEntity
  8
YHJ_剖面_梁板
 62
    42
100
AcDbPolyline
 90
        5
 70
     0
 43
0.0
 10
574340.6063559614
 20
2880458.411997834
 10
574344.5471562328
 20
2880456.974924108
 10
574358.5457505546
 20
2880457.392379538
 10
574361.9979820559
 20
2880455.928686678
 10
574363.4076676713
 20
2880454.769476474
  0
LWPOLYLINE
  5
1D1F
330
1F
100
AcDbEntity
  8
YHJ_剖面_梁板
 62
    42
100
AcDbPolyline
 90
       15
 70
     0
 43
0.0
 38
162.4274292170176
 10
574369.4047711811
 20
2880484.153287658
 10
574369.767303066
 20
2880479.961351807
 10
574370.3807637466
 20
2880473.120184463
 10
574370.9242938289
 20
2880467.058866492
 10
574371.1133925561
 20
2880464.529149468
 10
574371.4370417812
 20
2880461.959346308
 10
574372.0776378975
 20
2880456.872957101
 10
574371.9064311371
 20
2880452.409865007
 10
574370.4738917144
 20
2880447.661721871
 10
574368.3866984465
 20
2880443.47031623
 10
574365.3887723065
 20
2880439.409294062
 10
574363.4820048757
 20
2880437.041758309
 10
574360.7869145642
 20
2880432.373724957
 10
574359.6328751194
 20
2880428.992679398
 10
574358.8803246126
 20
2880425.300654152
  0
LWPOLYLINE
  5
1D20
330
1F
100
AcDbEntity
  8
DLSS
  6
Continuous
 62
     4
100
AcDbPolyline
 90
        6
 70
   128
 43
0.054
 38
162.4274292170176
 10
574366.8144401166
 20
2880483.929267626
 10
574367.603274246
 20
2880474.909526169
 10
574369.3134486503
 20
2880456.93233146
 10
574369.3134486503
 20
2880453.726681333
 42
-0.1597662982430891
 10
574363.3736122163
 20
2880438.945246191
 42
0.2592604356856535
 10
574358.8803246126
 20
2880425.300654152
 42
0.2592604356856535
  0
LWPOLYLINE
  5
1D21
330
1F
100
AcDbEntity
  8
DLSS
  6
Continuous
 62
     4
100
AcDbPolyline
 90
        5
 70
   128
 43
0.054
 38
162.4274292170176
 10
574365.5562542425
 20
2880459.469832295
 10
574365.8134486503
 20
2880456.766228535
 10
574365.8134486503
 20
2880453.845099872
 42
-0.1561448812913852
 10
574360.8234397753
 20
2880441.352279529
 42
0.202644822839024
 10
574354.3379421236
 20
2880423.243022092
  0
LWPOLYLINE
  5
1D22
330
1F
100
AcDbEntity
  8
YHJ_剖面_梁板
 62
    42
100
AcDbPolyline
 90
        8
 70
     0
 43
0.0
 10
574363.4076676713
 20
2880454.769476474
 10
574363.8487931774
 20
2880453.179018774
 42
-0.0901909204803051
 10
574362.6147121501
 20
2880448.777858614
 10
574361.0052671293
 20
2880445.990218067
 10
574356.8943998623
 20
2880439.083274627
 10
574354.1095749012
 20
2880431.881438942
 10
574353.1819854055
 20
2880426.191995858
 10
574354.3379421236
 20
2880423.243022092
  0
LWPOLYLINE
  5
1D23
330
1F
100
AcDbEntity
  8
YHJ_剖面_梁板
 62
    42
100
AcDbPolyline
 90
        8
 70
     0
 43
0.0
 10
574338.0895895148
 20
2880482.447752578
 10
574341.4078459128
 20
2880483.999303265
 10
574346.6754395068
 20
2880484.640159468
 10
574352.405604161
 20
2880485.153185709
 10
574362.8869243065
 20
2880486.048874796
 10
574367.554758702
 20
2880486.246860145
 10
574368.5849859428
 20
2880485.867138568
 10
574369.4082580511
 20
2880484.153530066
  0
LWPOLYLINE
  5
1D24
330
1F
100
AcDbEntity
  8
YHJ_剖面_梁板
100
AcDbPolyline
 90
        2
 70
     0
 43
0.0
 10
574365.5562542425
 20
2880459.469832295
 10
574364.2339819195
 20
2880457.568663119
  0
LWPOLYLINE
  5
1D25
330
1F
100
AcDbEntity
  8
YHJ_剖面_梁板
100
AcDbPolyline
 90
        2
 70
     0
 43
0.0
 38
162.2634705092958
 10
574366.8805389975
 20
2880483.977803406
 10
574368.5849859428
 20
2880485.867138568
  0
LWPOLYLINE
  5
1D26
330
1F
100
AcDbEntity
  8
YHJ_剖面_梁板
100
AcDbPolyline
 90
        2
 70
     0
 43
0.0
 38
162.4274292170176
 10
574365.5562542425
 20
2880459.469832295
 10
574362.0405277575
 20
2880455.931230282
  0
LWPOLYLINE
  5
1D27
330
1F
100
AcDbEntity
  8
YHJ_剖面_梁板
100
AcDbPolyline
 90
        2
 70
     0
 43
0.0
 10
574363.450213373
 20
2880454.772020078
 10
574365.5562542425
 20
2880459.469832295
  0
LWPOLYLINE
  5
1D28
330
1F
100
AcDbEntity
  8
YHJ_剖面_梁板
100
AcDbPolyline
 90
        2
 70
     0
 43
0.0
 38
162.2634705092958
 10
574366.8805389975
 20
2880483.977803406
 10
574367.3935461433
 20
2880485.191720502
  0
LWPOLYLINE
  5
1D29
330
1F
100
AcDbEntity
  8
YHJ_剖面_梁板
100
AcDbPolyline
 90
        2
 70
     0
 43
0.0
 10
574365.5562542425
 20
2880459.469832295
 10
574363.6743805145
 20
2880458.965585749
  0
LWPOLYLINE
  5
1D2A
330
1F
100
AcDbEntity
  8
YHJ_剖面_梁板
100
AcDbPolyline
 90
        2
 70
     0
 43
0.0
 10
574366.8857082441
 20
2880483.978162772
 10
574367.554758702
 20
2880486.246860145
  0
LWPOLYLINE
  5
1D2B
330
1F
100
AcDbEntity
  8
YHJ_剖面_梁板
100
AcDbPolyline
 90
        2
 70
     0
 43
0.0
 38
162.4274292170176
 10
574366.8144401166
 20
2880483.929267626
 10
574366.6928566582
 20
2880485.319485568
  0
HATCH
  5
1D2C
330
1F
100
AcDbEntity
  8
0
 62
     8
100
AcDbHatch
 10
0.0
 20
0.0
 30
0.0
210
0.0
220
0.0
230
1.0
  2
混凝土
 70
     0
 71
     1
 91
        1
 92
        1
 93
        4
 72
     1
 10
574361.8166060823
 20
2880476.09181153
 11
574363.7162578083
 21
2880476.204671638
 72
     1
 10
574363.7162578083
 20
2880476.204671638
 11
574363.7814176224
 21
2880475.107907203
 72
     1
 10
574363.7814176224
 20
2880475.107907203
 11
574361.8817658965
 21
2880474.995047094
 72
     1
 10
574361.8817658965
 20
2880474.995047094
 11
574361.8166060823
 21
2880476.09181153
 97
        1
330
1D2D
 75
     1
 76
     1
 52
3.400000016400538
 41
0.1
 77
     0
 78
    13
 53
56.80000001640053
 43
3.030527446069753
 44
0.1800465062260628
 45
0.7196447234559156
 46
0.0226157465364057
 79
     2
 49
0.075
 49
-0.825
 53
1.800000016400522
 43
3.030527446069753
 44
0.1800465062260628
 45
-0.2268378222496005
 46
0.7304721356606433
 79
     2
 49
0.06
 49
-0.6600000000000003
 53
107.2514000164005
 43
3.090497837285511
 44
0.1819311561994254
 45
0.492807484255062
 46
0.7530874918298363
 79
     2
 49
0.06374019
 49
-0.701142112
 53
52.98420001640055
 43
3.00684665236622
 44
0.3786396076902747
 45
1.079331658258324
 46
-0.0379890965586874
 79
     2
 49
0.1125
 49
-1.2375
 53
103.4356000164005
 43
3.096790954819879
 44
0.375473793130368
 45
0.8127484065019555
 46
1.077933220232013
 79
     2
 49
0.095610288
 49
-1.051712999999999
 53
357.9842000164006
 43
3.00684665236622
 44
0.3786396076902747
 45
0.8127475649981697
 46
1.077933855085382
 79
     2
 49
0.09
 49
-0.99
 53
27.80000001640055
 43
3.112063401611521
 44
0.3408317291177809
 45
0.6403797887633265
 46
-0.3291105074785327
 79
     2
 49
0.075
 49
-0.825
 53
332.8000000164006
 43
3.112063401611521
 44
0.3408317291177809
 45
0.1557430890260829
 46
0.7488584838273359
 79
     2
 49
0.06
 49
-0.6599999999999996
 53
78.25140001640055
 43
3.16542836651206
 44
0.3134058197028935
 45
0.7961231984815541
 46
0.4197473522583043
 79
     2
 49
0.06374019
 49
-0.701142112
 53
44.30000001640054
 43
3.030527446069753
 44
0.1800465062260628
 45
-0.0273416364998666
 46
0.3319918898309253
 79
     6
 49
0.0
 49
-0.6520000000000003
 49
0.0
 49
-0.6700000000000001
 49
0.0
 49
-0.6625
 53
14.30000001640054
 43
3.030527446069753
 44
0.1800465062260628
 45
0.2145190649591433
 46
0.4227857031275476
 79
     6
 49
0.0
 49
-0.382
 49
0.0
 49
-0.637
 49
0.0
 49
-0.2525
 53
334.3000000164005
 43
2.809096137760207
 44
0.1536424211226404
 45
0.5327378528789187
 46
0.0408104852943436
 79
     6
 49
0.0
 49
-0.25
 49
0.0
 49
-0.7800000000000003
 49
0.0
 49
-1.034999999999999
 53
324.3000000164006
 43
2.709799586911684
 44
0.1418020245619118
 45
0.5672309237581505
 46
0.1684523515195775
 79
     6
 49
0.0
 49
-0.3249999999999998
 49
0.0
 49
-0.5179999999999997
 49
0.0
 49
-0.7349999999999996
 98
        1
 10
-89380.03777092216
 20
-262249.6740564569
1001
GradientColor1ACI
1070
     5
1001
GradientColor2ACI
1070
     2
1001
ACAD
1010
0.0
1020
0.0
1030
0.0
  0
LWPOLYLINE
  5
1D2D
102
{ACAD_REACTORS
330
1D2C
102
}
330
1F
100
AcDbEntity
  8
YHJ_剖面_梁板
100
AcDbPolyline
 90
        4
 70
     1
 43
0.0
 10
574361.8166060823
 20
2880476.09181153
 10
574363.7162578083
 20
2880476.204671638
 10
574363.7814176224
 20
2880475.107907203
 10
574361.8817658965
 20
2880474.995047094
  0
TEXT
  5
1D2E
330
1F
100
AcDbEntity
  8
YHG_文字
100
AcDbText
 10
574361.875971966
 20
2880474.048608558
 30
0.0
 40
0.7000000000000001
  1
地面硬化
 50
3.399999999999999
 41
0.7
  7
TSSD_Rein
100
AcDbText
  0
INSERT
  5
1D30
330
1F
100
AcDbEntity
  8
YHJ_剖面_梁板
100
AcDbBlockReference
  2
GFSDAFSAFSDAGDS
 10
577386.9716620762
 20
2878180.176593856
 30
0.0
 41
0.001
 42
0.001
 43
0.001
 50
93.42136833414201
  0
INSERT
  5
1D31
330
1F
100
AcDbEntity
  8
YHJ_剖面_梁板
100
AcDbBlockReference
  2
GFSDAFSAFSDAGDS
 10
571265.8974930963
 20
2882686.978460984
 30
0.0
 41
0.001
 42
0.001
 43
0.001
 50
274.815513301836
  0
INSERT
  5
1D32
330
1F
100
AcDbEntity
  8
YHJ_剖面_梁板
100
AcDbBlockReference
  2
GFSDAFSAFSDAGDS
 10
576511.21422642
 20
2883599.535046362
 30
0.0
 41
0.001
 42
0.001
 43
0.001
 50
185.9404080524414
  0
INSERT
  5
1D33
330
1F
100
AcDbEntity
  8
YHJ_剖面_梁板
100
AcDbBlockReference
  2
GFSDAFSAFSDAGDS
 10
570877.7407914167
 20
2878948.250984585
 30
162.4274292170176
 41
0.001
 42
0.001
 43
0.001
 50
333.581934259361
  0
TEXT
  5
1D34
330
1F
100
AcDbEntity
  8
YHG_文字
100
AcDbText
 10
574370.3093592653
 20
2880465.159717693
 30
163.0237566623025
 40
0.7000000000000001
  1
混凝土护坡
 50
95.78911772438083
 41
0.7
  7
TSSD_Rein
 72
     4
 11
574369.8340616224
 21
2880466.350565684
 31
163.0237566623025
100
AcDbText
  0
INSERT
  5
1D39
330
1F
100
AcDbEntity
  8
YHJ_剖面_梁板
100
AcDbBlockReference
  2
GFSDAFSAFSDAGDS
 10
572062.4893541915
 20
2877438.463644574
 30
0.0
 41
0.001
 42
0.001
 43
0.001
 50
3.299485673816766
  0
TEXT
  5
1D3A
330
1F
100
AcDbEntity
  8
YHG_文字
100
AcDbText
 10
574369.3974363491
 20
2880465.221648999
 30
163.0237566623025
 40
0.7000000000000001
  1
1:2.0
 50
95.78911772438083
 41
0.7
  7
TSSD_Rein
 72
     4
 11
574368.9837243771
 21
2880465.965829766
 31
163.0237566623025
100
AcDbText
  0
INSERT
  5
1D3D
330
1F
100
AcDbEntity
  8
YHJ_剖面_梁板
100
AcDbBlockReference
  2
GFSDAFSAFSDAGDS
 10
575465.0897836314
 20
2876812.775942101
 30
162.4274292170176
 41
-0.001
 42
0.001
 43
0.001
 50
336.4927941561519
  0
TEXT
  5
1D3E
330
1F
100
AcDbEntity
  8
YHJ_剖面_梁板
 62
     3
100
AcDbText
 10
574362.3833085387
 20
2880470.866452404
 30
0.0
 40
0.525
  1
169.50
 50
3.399999996183276
 41
0.7
  7
TSSD_Rein
100
AcDbText
  0
LWPOLYLINE
  5
1D3F
330
1F
100
AcDbEntity
  8
YHJ_剖面_梁板
 62
     3
100
AcDbPolyline
 90
        4
 70
     1
 43
0.0
 10
574362.3153589394
 20
2880471.528273901
 10
574363.8991005344
 20
2880471.62236549
 10
574363.9450131503
 20
2880470.849568251
 10
574362.3612715547
 20
2880470.755476662
  0
TEXT
  5
1D40
330
1F
100
AcDbEntity
  8
YHJ_剖面_梁板
 62
     3
100
AcDbText
 10
574347.9190949564
 20
2880469.176298591
 30
0.0
 40
0.525
  1
169.50
 50
3.399999996183276
 41
0.7
  7
TSSD_Rein
100
AcDbText
  0
LWPOLYLINE
  5
1D41
330
1F
100
AcDbEntity
  8
YHJ_剖面_梁板
 62
     3
100
AcDbPolyline
 90
        4
 70
     1
 43
0.0
 10
574347.8511453567
 20
2880469.838120088
 10
574349.434886952
 20
2880469.932211677
 10
574349.4807995679
 20
2880469.159414438
 10
574347.8970579725
 20
2880469.065322849
  0
TEXT
  5
1D42
330
1F
100
AcDbEntity
  8
YHJ_剖面_梁板
 62
     3
100
AcDbText
 10
574355.1574237782
 20
2880462.32424611
 30
0.0
 40
0.525
  1
169.80
 50
3.399999996183276
 41
0.7
  7
TSSD_Rein
100
AcDbText
  0
LWPOLYLINE
  5
1D43
330
1F
100
AcDbEntity
  8
YHJ_剖面_梁板
 62
     3
100
AcDbPolyline
 90
        4
 70
     1
 43
0.0
 10
574355.0894741787
 20
2880462.986067607
 10
574356.6732157741
 20
2880463.080159195
 10
574356.7191283897
 20
2880462.307361956
 10
574355.1353867946
 20
2880462.213270368
  0
TEXT
  5
1D44
330
1F
100
AcDbEntity
  8
YHJ_剖面_梁板
 62
     3
100
AcDbText
 10
574351.9711891707
 20
2880470.215335346
 30
0.0
 40
0.525
  1
166.20
 50
3.399999996183276
 41
0.7
  7
TSSD_Rein
100
AcDbText
  0
LWPOLYLINE
  5
1D45
330
1F
100
AcDbEntity
  8
YHJ_剖面_梁板
 62
     3
100
AcDbPolyline
 90
        4
 70
     1
 43
0.0
 10
574351.9032395711
 20
2880470.877156843
 10
574353.4869811664
 20
2880470.971248431
 10
574353.5328937824
 20
2880470.198451192
 10
574351.9491521871
 20
2880470.104359604
  0
LWPOLYLINE
  5
1D4A
330
1F
100
AcDbEntity
  8
YHJ_剖面_梁板
  6
DASH
 62
     8
 48
5.0
100
AcDbPolyline
 90
       10
 70
     0
 43
0.0
 10
574362.4968854017
 20
2880461.373529364
 10
574361.2382428991
 20
2880482.558892751
 10
574346.7913556465
 20
2880481.700589497
 10
574337.2055839874
 20
2880483.77869874
 10
574329.8959216041
 20
2880483.926687544
 10
574325.8413552942
 20
2880483.68580192
 10
574327.1260709494
 20
2880462.06157745
 10
574341.6395755132
 20
2880462.923838501
 10
574346.9792292169
 20
2880460.249939107
 10
574362.5088247611
 20
2880461.172567087
  0
TEXT
  5
1D4B
330
1F
100
AcDbEntity
  8
YHJ_剖面_梁板
 62
     3
100
AcDbText
 10
574330.7592404288
 20
2880471.494856607
 30
0.0
 40
0.525
  1
161.14
 50
3.399999996183276
 41
0.7
  7
TSSD_Rein
100
AcDbText
  0
LWPOLYLINE
  5
1D4C
330
1F
100
AcDbEntity
  8
YHJ_剖面_梁板
 62
     3
100
AcDbPolyline
 90
        4
 70
     1
 43
0.0
 10
574330.6912908292
 20
2880472.156678104
 10
574332.2750324246
 20
2880472.250769693
 10
574332.3209450405
 20
2880471.477972454
 10
574330.737203445
 20
2880471.383880865
  0
TEXT
  5
1D4D
330
1F
100
AcDbEntity
  8
YHG_文字
100
AcDbText
 10
574370.2704551647
 20
2880448.231847036
 30
163.0237566623025
 40
0.7000000000000001
  1
混凝土护坡
 50
77.38911772560176
 41
0.7
  7
TSSD_Rein
 72
     4
 11
574370.1953466543
 21
2880449.51184137
 31
163.0237566623025
100
AcDbText
  0
TEXT
  5
1D4E
330
1F
100
AcDbEntity
  8
YHG_文字
100
AcDbText
 10
574369.4247019419
 20
2880448.578459755
 30
163.0237566623025
 40
0.7000000000000001
  1
1:2.0
 50
77.38911772560176
 41
0.7
  7
TSSD_Rein
 72
     4
 11
574369.2670405187
 21
2880449.41518282
 31
163.0237566623025
100
AcDbText
  0
INSERT
  5
1D51
330
1F
100
AcDbEntity
  8
YHJ_剖面_梁板
100
AcDbBlockReference
  2
GAFASFASGASAFCCCXV
 10
571533.7828422823
 20
2882381.404686672
 30
0.0
 41
0.001
 42
0.001
 43
0.001
 50
273.4000000023771
  0
LWPOLYLINE
  5
1D52
330
1F
100
AcDbEntity
  8
YHJ_剖面_梁板
 62
     6
100
AcDbPolyline
 90
        2
 70
     0
 43
0.0
 10
574347.2095008601
 20
2880474.588129879
 10
574340.0097458914
 20
2880474.160499412
  0
LWPOLYLINE
  5
1D53
330
1F
100
AcDbEntity
  8
YHJ_剖面_梁板
 62
     6
100
AcDbPolyline
 90
        2
 70
     0
 43
0.0
 10
574347.3140171015
 20
2880472.832427121
 10
574340.1109745203
 20
2880472.404601387
  0
TEXT
  5
1D54
330
1F
100
AcDbEntity
  8
YHG_文字
100
AcDbText
 10
574365.3902919728
 20
2880424.951969062
 30
163.0237566623025
 40
0.7000000000000001
  1
现状道路
 41
0.7
  7
TSSD_Rein
 72
     4
 11
574366.3760793744
 21
2880425.301969062
 31
163.0237566623025
100
AcDbText
  0
LWPOLYLINE
  5
1D55
330
1F
100
AcDbEntity
  8
YHJ_剖面_梁板
 62
     6
100
AcDbPolyline
 90
        2
 70
     0
 43
0.0
 10
574348.1587817274
 20
2880458.609637138
 10
574347.3140171015
 20
2880472.832427121
  0
LWPOLYLINE
  5
1D56
330
1F
100
AcDbEntity
  8
YHJ_剖面_梁板
 62
     6
100
AcDbPolyline
 90
        2
 70
     0
 43
0.0
 10
574347.2095005415
 20
2880474.588135239
 10
574346.7624973304
 20
2880482.114057375
  0
LWPOLYLINE
  5
1D5F
330
1F
100
AcDbEntity
  8
YHJ_剖面_梁板
 62
     6
100
AcDbPolyline
 90
        2
 70
     0
 43
0.0
 10
574348.1587981886
 20
2880458.609638117
 10
574358.1411964677
 20
2880459.202701853
  0
LWPOLYLINE
  5
1D60
330
1F
100
AcDbEntity
  8
YHJ_剖面_梁板
 62
     6
100
AcDbPolyline
 90
        2
 70
     0
 43
0.0
 10
574346.7624999716
 20
2880482.114057605
 10
574356.7910848818
 20
2880482.987268043
  0
LINE
  5
1D79
330
1F
100
AcDbEntity
  8
DIM_COOR
 62
     3
100
AcDbLine
 10
574345.9355666793
 20
2880485.782354284
 30
0.0
 11
574348.1019503679
 21
2880486.422278377
 31
0.0
  0
LWPOLYLINE
  5
1D7A
330
1F
100
AcDbEntity
  8
DIM_COOR
 62
     3
370
    -2
100
AcDbPolyline
 90
        2
 70
     1
 43
0.08
 10
574345.897944832
 20
2880485.76876765
 42
1.0
 10
574345.9731885264
 20
2880485.795940917
 42
1.0
  0
TEXT
  5
1D7B
330
1F
100
AcDbEntity
  8
DIM_COOR
 62
     7
100
AcDbText
 10
574347.5159930508
 20
2880486.572472593
 30
0.0
 40
0.5950000000000001
  1
DN400
 50
3.399999999999999
 41
0.7058823529411768
  7
_TCH_DIM
100
AcDbText
  0
TEXT
  5
1D7C
330
1F
100
AcDbEntity
  8
DIM_COOR
 62
     7
100
AcDbText
 10
574349.5723670965
 20
2880486.694643722
 30
0.0
 40
0.675177304964539
  1
出水主管
 50
3.399999999999999
  7
_TCH_DIM
100
AcDbText
  0
LINE
  5
1D7D
330
1F
100
AcDbEntity
  8
DIM_COOR
 62
     3
100
AcDbLine
 10
574348.1019503679
 20
2880486.422278377
 30
0.0
 11
574351.5770384149
 21
2880486.628736649
 31
0.0
  0
LINE
  5
1D7E
330
1F
100
AcDbEntity
  8
DIM_COOR
 62
     3
100
AcDbLine
 10
574371.462777425
 20
2880473.912304988
 30
0.0
 11
574371.4757733972
 21
2880476.526778942
 31
0.0
  0
LWPOLYLINE
  5
1D7F
330
1F
100
AcDbEntity
  8
DIM_COOR
 62
     3
370
    -2
100
AcDbPolyline
 90
        2
 70
     1
 43
0.08
 10
574371.4649511718
 20
2880473.872364096
 42
1.0
 10
574371.460603678
 20
2880473.952245879
 42
1.0
  0
TEXT
  5
1D80
330
1F
100
AcDbEntity
  8
DIM_COOR
 62
     7
100
AcDbText
 10
574372.0402478221
 20
2880476.745321397
 30
0.0
 40
0.5950000000000001
  1
DN200
 50
3.399999999999999
 41
0.7058823529411768
  7
_TCH_DIM
100
AcDbText
  0
TEXT
  5
1D81
330
1F
100
AcDbEntity
  8
DIM_COOR
 62
     7
100
AcDbText
 10
574374.0966218675
 20
2880476.867492527
 30
0.0
 40
0.675177304964539
  1
出水主管
 50
3.399999999999999
  7
_TCH_DIM
100
AcDbText
  0
LINE
  5
1D82
330
1F
100
AcDbEntity
  8
DIM_COOR
 62
     3
100
AcDbLine
 10
574371.4757733972
 20
2880476.526778942
 30
0.0
 11
574376.1012931861
 21
2880476.801585453
 31
0.0
  0
LWPOLYLINE
  5
1D83
330
1F
100
AcDbEntity
  8
DIM_SYMB
100
AcDbPolyline
 90
        6
 70
     0
 43
0.0
 10
574366.5812613319
 20
2880483.956997667
 10
574368.0304259648
 20
2880484.05774338
 10
574368.0921116606
 20
2880484.272538615
 10
574368.1951187139
 20
2880483.858685941
 10
574368.2548842141
 20
2880484.073347684
 10
574369.7040488469
 20
2880484.174093397
  0
LINE
  5
1D86
330
1F
100
AcDbEntity
  8
DIM_ELEV
100
AcDbLine
 10
574357.2435034355
 20
2880424.607424103
 30
0.0
 11
574356.6435034356
 21
2880425.207424104
 31
0.0
  0
LINE
  5
1D87
330
1F
100
AcDbEntity
  8
DIM_ELEV
100
AcDbLine
 10
574357.2435034355
 20
2880424.607424103
 30
0.0
 11
574357.8435034355
 21
2880425.207424104
 31
0.0
  0
LINE
  5
1D88
330
1F
100
AcDbEntity
  8
DIM_ELEV
100
AcDbLine
 10
574356.6435034356
 20
2880425.207424104
 30
0.0
 11
574357.8435034355
 21
2880425.207424104
 31
0.0
  0
HATCH
  5
1D89
330
1F
100
AcDbEntity
  8
DIM_ELEV
100
AcDbHatch
 10
0.0
 20
0.0
 30
0.0
210
0.0
220
0.0
230
1.0
  2
SOLID
 70
     1
 71
     0
 91
        1
 92
        7
 72
     0
 73
     1
 93
        3
 10
574357.2435034355
 20
2880424.607424103
 10
574356.6435034356
 20
2880425.207424104
 10
574357.8435034355
 20
2880425.207424104
 97
        0
 75
     0
 76
     1
 47
0.0
 98
        1
 10
0.0
 20
0.0
450
        0
451
        0
460
0.0
461
0.0
452
        0
462
0.0
453
        0
470

  0
TEXT
  5
1D8A
330
1F
100
AcDbEntity
  8
DIM_ELEV
 62
     7
100
AcDbText
 10
574356.0115034354
 20
2880425.417424104
 30
0.0
 40
0.5950000000000001
  1
168.600
 41
0.7058823529411768
  7
_TCH_DIM
100
AcDbText
  0
LINE
  5
1D8C
330
1F
100
AcDbEntity
  8
DIM_LEAD
100
AcDbLine
 10
574356.7707092683
 20
2880479.868670388
 30
0.0
 11
574357.2302641614
 21
2880481.242997275
 31
0.0
  0
TEXT
  5
1D8D
330
1F
100
AcDbEntity
  8
DIM_LEAD
 62
     7
100
AcDbText
 10
574357.4652225099
 20
2880481.467326662
 30
0.0
 40
0.7000000000000001
  1
X3
 50
3.399999999999999
 41
0.7
  7
TSSD_Rein
100
AcDbText
  0
LINE
  5
1D8E
330
1F
100
AcDbEntity
  8
DIM_LEAD
100
AcDbLine
 10
574357.2302641614
 20
2880481.242997275
 30
0.0
 11
574358.3269485789
 21
2880481.308152336
 31
0.0
  0
LINE
  5
1D8F
330
1F
100
AcDbEntity
  8
DIM_LEAD
100
AcDbLine
 10
574349.7771630913
 20
2880479.465488038
 30
0.0
 11
574350.0460429066
 21
2880480.528418484
 31
0.0
  0
TEXT
  5
1D90
330
1F
100
AcDbEntity
  8
DIM_LEAD
 62
     7
100
AcDbText
 10
574350.2899658387
 20
2880480.753280464
 30
0.0
 40
0.7000000000000001
  1
X4
 50
3.399999999999999
 41
0.7
  7
TSSD_Rein
100
AcDbText
  0
LINE
  5
1D91
330
1F
100
AcDbEntity
  8
DIM_LEAD
100
AcDbLine
 10
574350.0460429066
 20
2880480.528418484
 30
0.0
 11
574351.1705048891
 21
2880480.595223834
 31
0.0
  0
LINE
  5
1D92
330
1F
100
AcDbEntity
  8
DIM_LEAD
100
AcDbLine
 10
574365.5562542425
 20
2880459.469832295
 30
0.0
 11
574366.3094210605
 21
2880460.973871675
 31
0.0
  0
TEXT
  5
1D93
330
1F
100
AcDbEntity
  8
DIM_LEAD
 62
     7
100
AcDbText
 10
574366.6718297792
 20
2880461.205773009
 30
0.0
 40
0.7000000000000001
  1
X9
 50
3.399999999999999
 41
0.7
  7
TSSD_Rein
100
AcDbText
  0
LINE
  5
1D94
330
1F
100
AcDbEntity
  8
DIM_LEAD
100
AcDbLine
 10
574366.3094210605
 20
2880460.973871675
 30
0.0
 11
574367.514742867
 21
2880461.045480985
 31
0.0
  0
LINE
  5
1D95
330
1F
100
AcDbEntity
  8
DIM_LEAD
100
AcDbLine
 10
574337.8567295501
 20
2880469.11224448
 30
0.0
 11
574336.7480882283
 21
2880467.604337214
 31
0.0
  0
TEXT
  5
1D96
330
1F
100
AcDbEntity
  8
DIM_LEAD
 62
     7
100
AcDbText
 10
574335.8223892453
 20
2880467.759710849
 30
0.0
 40
0.7000000000000001
  1
X5
 50
3.399999999999999
 41
0.7
  7
TSSD_Rein
100
AcDbText
  0
LINE
  5
1D97
330
1F
100
AcDbEntity
  8
DIM_LEAD
100
AcDbLine
 10
574336.7480882283
 20
2880467.604337214
 30
0.0
 11
574335.6252132199
 21
2880467.537626146
 31
0.0
  0
LINE
  5
1D98
330
1F
100
AcDbEntity
  8
DIM_LEAD
100
AcDbLine
 10
574340.3525853832
 20
2880469.256132144
 30
0.0
 11
574340.5575047495
 21
2880468.011154901
 31
0.0
  0
TEXT
  5
1D99
330
1F
100
AcDbEntity
  8
DIM_LEAD
 62
     7
100
AcDbText
 10
574340.9048056337
 20
2880468.242158663
 30
0.0
 40
0.7000000000000001
  1
X6
 50
3.399999999999999
 41
0.7
  7
TSSD_Rein
100
AcDbText
  0
LINE
  5
1D9A
330
1F
100
AcDbEntity
  8
DIM_LEAD
100
AcDbLine
 10
574340.5575047495
 20
2880468.011154901
 30
0.0
 11
574341.7477187213
 21
2880468.08186664
 31
0.0
  0
LINE
  5
1D9B
330
1F
100
AcDbEntity
  8
DIM_LEAD
100
AcDbLine
 10
574337.3617559895
 20
2880477.697988547
 30
0.0
 11
574336.9455530192
 21
2880478.330139949
 31
0.0
  0
TEXT
  5
1D9C
330
1F
100
AcDbEntity
  8
DIM_LEAD
 62
     7
100
AcDbText
 10
574335.7709277198
 20
2880478.470724636
 30
0.0
 40
0.7000000000000001
  1
X7
 50
3.399999999999999
 41
0.7
  7
TSSD_Rein
100
AcDbText
  0
LINE
  5
1D9D
330
1F
100
AcDbEntity
  8
DIM_LEAD
100
AcDbLine
 10
574336.9455530192
 20
2880478.330139949
 30
0.0
 11
574335.5737516944
 21
2880478.248639933
 31
0.0
  0
LINE
  5
1D9E
330
1F
100
AcDbEntity
  8
DIM_LEAD
100
AcDbLine
 10
574339.8576118305
 20
2880477.84187621
 30
0.0
 11
574340.1333043704
 21
2880479.184945539
 31
0.0
  0
TEXT
  5
1D9F
330
1F
100
AcDbEntity
  8
DIM_LEAD
 62
     7
100
AcDbText
 10
574340.3096620419
 20
2880479.405793403
 30
0.0
 40
0.7000000000000001
  1
X8
 50
3.399999999999999
 41
0.7
  7
TSSD_Rein
100
AcDbText
  0
LINE
  5
1DA0
330
1F
100
AcDbEntity
  8
DIM_LEAD
100
AcDbLine
 10
574340.1333043704
 20
2880479.184945539
 30
0.0
 11
574341.1713881109
 21
2880479.246619077
 31
0.0
  0
LINE
  5
1DA1
330
1F
100
AcDbEntity
  8
DIM_LEAD
100
AcDbLine
 10
574361.2382428991
 20
2880482.558892751
 30
0.0
 11
574361.603825096
 21
2880484.339870343
 31
0.0
  0
TEXT
  5
1DA2
330
1F
100
AcDbEntity
  8
DIM_LEAD
 62
     7
100
AcDbText
 10
574361.6451372422
 20
2880484.583631832
 30
0.0
 40
0.7000000000000001
  1
设计开挖线
 50
3.399999999999999
 41
0.7
  7
TSSD_Rein
100
AcDbText
  0
LINE
  5
1DA3
330
1F
100
AcDbEntity
  8
DIM_LEAD
100
AcDbLine
 10
574361.603825096
 20
2880484.339870343
 30
0.0
 11
574364.2338600368
 21
2880484.49612321
 31
0.0
  0
LINE
  5
1DA4
330
1F
100
AcDbEntity
  8
DIM_LEAD
100
AcDbLine
 10
574354.3359118384
 20
2880423.279745404
 30
0.0
 11
574352.5176941343
 21
2880424.392861808
 31
0.0
  0
TEXT
  5
1DA5
330
1F
100
AcDbEntity
  8
DIM_LEAD
 62
     7
100
AcDbText
 10
574350.8756160365
 20
2880424.602861808
 30
0.0
 40
0.7000000000000001
  1
X10
 41
0.7
  7
TSSD_Rein
100
AcDbText
  0
LINE
  5
1DA6
330
1F
100
AcDbEntity
  8
DIM_LEAD
100
AcDbLine
 10
574352.5176941343
 20
2880424.392861808
 30
0.0
 11
574350.6656160366
 21
2880424.392861808
 31
0.0
  0
LINE
  5
1DA7
330
1F
100
AcDbEntity
  8
DIM_LEAD
100
AcDbLine
 10
574358.8803246126
 20
2880425.300654152
 30
0.0
 11
574359.7497856224
 21
2880426.449106341
 31
0.0
  0
TEXT
  5
1DA8
330
1F
100
AcDbEntity
  8
DIM_LEAD
 62
     7
100
AcDbText
 10
574360.0510586563
 20
2880426.659106341
 30
0.0
 40
0.7000000000000001
  1
X11
 41
0.7
  7
TSSD_Rein
100
AcDbText
  0
LINE
  5
1DA9
330
1F
100
AcDbEntity
  8
DIM_LEAD
100
AcDbLine
 10
574359.7497856224
 20
2880426.449106341
 30
0.0
 11
574361.1845201948
 21
2880426.449106341
 31
0.0
  0
LINE
  5
1DAA
330
1F
100
AcDbEntity
  8
DIM_LEAD
100
AcDbLine
 10
574363.5232390698
 20
2880439.124930484
 30
0.0
 11
574364.7615025096
 21
2880440.097334195
 31
0.0
  0
TEXT
  5
1DAB
330
1F
100
AcDbEntity
  8
DIM_LEAD
 62
     7
100
AcDbText
 10
574364.9424737157
 20
2880440.307334195
 30
0.0
 40
0.7000000000000001
  1
X13
 41
0.7
  7
TSSD_Rein
100
AcDbText
  0
LINE
  5
1DAC
330
1F
100
AcDbEntity
  8
DIM_LEAD
100
AcDbLine
 10
574364.7615025096
 20
2880440.097334195
 30
0.0
 11
574366.1701660232
 21
2880440.097334195
 31
0.0
  0
LINE
  5
1DAD
330
1F
100
AcDbEntity
  8
DIM_LEAD
100
AcDbLine
 10
574360.8234397753
 20
2880441.352279529
 30
0.0
 11
574360.1704345117
 21
2880442.886183616
 31
0.0
  0
TEXT
  5
1DAE
330
1F
100
AcDbEntity
  8
DIM_LEAD
 62
     7
100
AcDbText
 10
574358.7891909526
 20
2880443.096183616
 30
0.0
 40
0.7000000000000001
  1
X12
 41
0.7
  7
TSSD_Rein
100
AcDbText
  0
LINE
  5
1DAF
330
1F
100
AcDbEntity
  8
DIM_LEAD
100
AcDbLine
 10
574360.1704345117
 20
2880442.886183616
 30
0.0
 11
574358.5791909526
 21
2880442.886183616
 31
0.0
  0
LINE
  5
1DB0
330
1F
100
AcDbEntity
  8
DIM_LEAD
100
AcDbLine
 10
574367.5243180209
 20
2880445.861470923
 30
0.0
 11
574368.5071967162
 21
2880446.844349618
 31
0.0
  0
TEXT
  5
1DB1
330
1F
100
AcDbEntity
  8
DIM_LEAD
 62
     7
100
AcDbText
 10
574368.6565404242
 20
2880447.054349618
 30
0.0
 40
0.7000000000000001
  1
X14
 41
0.7
  7
TSSD_Rein
100
AcDbText
  0
LINE
  5
1DB2
330
1F
100
AcDbEntity
  8
DIM_LEAD
100
AcDbLine
 10
574368.5071967162
 20
2880446.844349618
 30
0.0
 11
574369.9030788858
 21
2880446.844349618
 31
0.0
  0
LINE
  5
1DB3
330
1F
100
AcDbEntity
  8
DIM_LEAD
100
AcDbLine
 10
574369.3134486503
 20
2880453.726681333
 30
0.0
 11
574369.6239462249
 21
2880452.567888609
 31
0.0
  0
TEXT
  5
1DB4
330
1F
100
AcDbEntity
  8
DIM_LEAD
 62
     7
100
AcDbText
 10
574369.8159493312
 20
2880452.777888609
 30
0.0
 40
0.7000000000000001
  1
X16
 41
0.7
  7
TSSD_Rein
100
AcDbText
  0
LINE
  5
1DB5
330
1F
100
AcDbEntity
  8
DIM_LEAD
100
AcDbLine
 10
574369.6239462249
 20
2880452.567888609
 30
0.0
 11
574371.0247954851
 21
2880452.567888609
 31
0.0
  0
LINE
  5
1DB6
330
1F
100
AcDbEntity
  8
DIM_LEAD
100
AcDbLine
 10
574365.8047985331
 20
2880453.726681333
 30
0.0
 11
574364.7069999999
 21
2880454.274000001
 31
0.0
  0
TEXT
  5
1DB7
330
1F
100
AcDbEntity
  8
DIM_LEAD
 62
     7
100
AcDbText
 10
574363.7577389652
 20
2880454.484000001
 30
0.0
 40
0.7000000000000001
  1
X15
 41
0.7
  7
TSSD_Rein
100
AcDbText
  0
LINE
  5
1DB8
330
1F
100
AcDbEntity
  8
DIM_LEAD
100
AcDbLine
 10
574364.7069999999
 20
2880454.274000001
 30
0.0
 11
574363.5477389652
 21
2880454.274000001
 31
0.0
  0
LINE
  5
1DB9
330
1F
100
AcDbEntity
  8
DIM_LEAD
100
AcDbLine
 10
574357.7992343381
 20
2880461.998244003
 30
0.0
 11
574358.3125515028
 21
2880460.455155677
 31
0.0
  0
TEXT
  5
1DBA
330
1F
100
AcDbEntity
  8
DIM_LEAD
 62
     7
100
AcDbText
 10
574358.4082248035
 20
2880460.671210007
 30
0.0
 40
0.7000000000000001
  1
X2
 50
3.399999999999999
 41
0.7
  7
TSSD_Rein
100
AcDbText
  0
LINE
  5
1DBB
330
1F
100
AcDbEntity
  8
DIM_LEAD
100
AcDbLine
 10
574358.3125515028
 20
2880460.455155677
 30
0.0
 11
574359.2699508726
 21
2880460.512035682
 31
0.0
  0
LINE
  5
1DBC
330
1F
100
AcDbEntity
  8
DIM_LEAD
100
AcDbLine
 10
574350.7810678861
 20
2880461.606411362
 30
0.0
 11
574349.8010215898
 21
2880460.119571414
 31
0.0
  0
TEXT
  5
1DBD
330
1F
100
AcDbEntity
  8
DIM_LEAD
 62
     7
100
AcDbText
 10
574349.0407982455
 20
2880460.284776113
 30
0.0
 40
0.7000000000000001
  1
X1
 50
3.399999999999999
 41
0.7
  7
TSSD_Rein
100
AcDbText
  0
LINE
  5
1DBE
330
1F
100
AcDbEntity
  8
DIM_LEAD
100
AcDbLine
 10
574349.8010215898
 20
2880460.119571414
 30
0.0
 11
574348.8436222201
 21
2880460.06269141
 31
0.0
  0
LINE
  5
1DC3
330
1F
100
AcDbEntity
  8
DIM_LEAD
100
AcDbLine
 10
574336.8516450215
 20
2880482.376384297
 30
0.0
 11
574336.0416157265
 21
2880484.811422194
 31
0.0
  0
TEXT
  5
1DC4
330
1F
100
AcDbEntity
  8
DIM_LEAD
 62
     7
100
AcDbText
 10
574332.6602322088
 20
2880484.867306495
 30
0.0
 40
0.7000000000000001
  1
不锈钢栏杆
 50
3.399999999999999
 41
0.7
  7
TSSD_Rein
100
AcDbText
  0
TEXT
  5
1DC5
330
1F
100
AcDbEntity
  8
DIM_LEAD
 62
     7
100
AcDbText
 10
574332.7294026278
 20
2880483.703035895
 30
0.0
 40
0.7000000000000001
  1
h=1200mm
 50
3.399999999999999
 41
0.7
  7
TSSD_Rein
100
AcDbText
  0
LINE
  5
1DC6
330
1F
100
AcDbEntity
  8
DIM_LEAD
100
AcDbLine
 10
574336.0416157265
 20
2880484.811422194
 30
0.0
 11
574332.465803464
 21
2880484.598979801
 31
0.0
  0
LINE
  5
1DC7
330
1F
100
AcDbEntity
  8
DIM_LEAD
100
AcDbLine
 10
574339.3236912554
 20
2880473.203457425
 30
0.0
 11
574336.6140724721
 21
2880471.238271386
 31
0.0
  0
TEXT
  5
1DC8
330
1F
100
AcDbEntity
  8
DIM_LEAD
 62
     7
100
AcDbText
 10
574333.4044883823
 20
2880471.304362454
 30
0.0
 40
0.7000000000000001
  1
不锈钢检修爬梯
 50
3.399999999999999
 41
0.7
  7
TSSD_Rein
100
AcDbText
  0
LINE
  5
1DC9
330
1F
100
AcDbEntity
  8
DIM_LEAD
100
AcDbLine
 10
574336.6140724721
 20
2880471.238271386
 30
0.0
 11
574333.2100596376
 21
2880471.03603576
 31
0.0
  0
LWPOLYLINE
  5
1FB0
330
1F
100
AcDbEntity
  8
WALL_OUT
100
AcDbPolyline
 90
        4
 70
     1
 43
0.0
 10
574349.7778365995
 20
2880479.468150538
 10
574356.7707092683
 20
2880479.868670388
 10
574357.8009449372
 20
2880461.998342621
 10
574350.810838005
 20
2880461.595358545
  0
LWPOLYLINE
  5
1FB1
330
1F
100
AcDbEntity
  8
WALL_OUT
100
AcDbPolyline
 90
        4
 70
     1
 43
0.0
 10
574337.0622532885
 20
2880477.680722027
 10
574339.8576118234
 20
2880477.841876177
 10
574340.3525853832
 20
2880469.256132144
 10
574337.5572268497
 20
2880469.09497796
  0
LWPOLYLINE
  5
2009
330
1F
100
AcDbEntity
  8
SXSS
  6
X0
 62
     5
 48
2.0
100
AcDbPolyline
 90
        5
 70
   128
 43
0.0
 38
158.8226
 10
574298.1700796322
 20
2880493.983202015
 10
574280.0093780108
 20
2880520.658128449
 10
574262.5369905918
 20
2880534.249155459
 10
574241.3717011539
 20
2880560.405664261
 10
574233.689832099
 20
2880584.146579752
  0
LWPOLYLINE
  5
200A
330
1F
100
AcDbEntity
  8
SXSS
  6
X0
 62
     5
 48
2.0
100
AcDbPolyline
 90
        7
 70
   128
 43
0.0
 38
157.6342
 10
574333.491727361
 20
2880496.445105944
 10
574318.9865997072
 20
2880514.801156438
 10
574318.8415755206
 20
2880514.984682662
 10
574304.024333696
 20
2880534.971665044
 10
574293.3130748605
 20
2880544.697473387
 10
574279.1582124469
 20
2880567.852600992
 10
574273.1529542098
 20
2880589.292046884
  0
LWPOLYLINE
  5
2035
330
1F
100
AcDbEntity
  8
DLSS
  6
Continuous
 62
     4
100
AcDbPolyline
 90
       14
 70
   128
 38
162.4054018370976
 10
574361.2068252935
 20
2880425.913668803
 40
0.054
 41
0.054
 10
574361.5839238756
 20
2880426.099077358
 40
0.054
 41
0.054
 10
574365.124844685
 20
2880426.728762167
 40
0.054
 41
0.054
 10
574369.0814690822
 20
2880427.096666076
 40
0.054
 41
0.054
 10
574375.0571307142
 20
2880427.020192304
 40
0.054
 41
0.054
 10
574379.5931245386
 20
2880426.848328994
 40
0.054
 41
0.054
 10
574385.9464670066
 20
2880426.45396335
 40
0.054
 41
0.054
 10
574390.1245051616
 20
2880426.263653701
 40
0.054
 41
0.054
 10
574394.68897875
 20
2880426.511703823
 40
0.054
 41
0.054
 10
574397.2625129386
 20
2880427.017804159
 40
0.054
 41
0.054
 10
574398.4285915687
 20
2880427.776724655
 40
0.054
 41
0.054
 10
574402.0261074346
 20
2880431.294124626
 40
0.054
 41
0.054
 10
574406.7603127772
 20
2880433.311067442
 40
0.054
 41
0.054
 10
574408.1028357472
 20
2880430.159872791
 40
0.0
 41
0.0
  0
ENDSEC
  0
SECTION
  2
OBJECTS
  0
DICTIONARY
  5
C
330
0
100
AcDbDictionary
281
     1
  3
ACAD_CIP_PREVIOUS_PRODUCT_INFO
350
1A5
  3
ACAD_COLOR
350
73
  3
ACAD_DETAILVIEWSTYLE
350
1AB
  3
ACAD_GROUP
350
D
  3
ACAD_LAYOUT
350
1A
  3
ACAD_MATERIAL
350
72
  3
ACAD_MLEADERSTYLE
350
D7
  3
ACAD_MLINESTYLE
350
17
  3
ACAD_PLOTSETTINGS
350
19
  3
ACAD_PLOTSTYLENAME
350
E
  3
ACAD_SCALELIST
350
B6
  3
ACAD_SECTIONVIEWSTYLE
350
1A8
  3
ACAD_TABLESTYLE
350
86
  3
ACAD_VISUALSTYLE
350
99
  3
ACDB_RECOMPOSE_DATA
350
2038
  3
AcDbVariableDictionary
350
66
  0
DICTIONARY
  5
18E
330
2
100
AcDbDictionary
280
     1
281
     1
  3
ACAD_LAYERSTATES
360
18F
  0
DICTIONARY
  5
E6
330
10
100
AcDbDictionary
280
     1
281
     1
  0
DICTIONARY
  5
7D8
330
7D7
100
AcDbDictionary
280
     1
281
     1
  0
DICTIONARY
  5
7E0
330
7DF
100
AcDbDictionary
280
     1
281
     1
  0
DICTIONARY
  5
7E2
330
7E1
100
AcDbDictionary
280
     1
281
     1
  0
DICTIONARY
  5
7E4
330
7E3
100
AcDbDictionary
280
     1
281
     1
  0
DICTIONARY
  5
7E7
330
7E6
100
AcDbDictionary
280
     1
281
     1
  0
DICTIONARY
  5
7E9
330
7E8
100
AcDbDictionary
280
     1
281
     1
  0
DICTIONARY
  5
15D
330
1F
100
AcDbDictionary
280
     1
281
     1
  0
DICTIONARY
  5
235
330
234
100
AcDbDictionary
280
     1
281
     1
  0
DICTIONARY
  5
249
330
248
100
AcDbDictionary
280
     1
281
     1
  0
DICTIONARY
  5
2ED
330
2EC
100
AcDbDictionary
280
     1
281
     1
  3
ACAD_SORTENTS
360
2EE
  0
DICTIONARY
  5
6A7
330
6A6
100
AcDbDictionary
280
     1
281
     1
  0
DICTIONARY
  5
1306
330
1305
100
AcDbDictionary
280
     1
281
     1
  3
south
360
1307
  0
DICTIONARY
  5
130A
330
1309
100
AcDbDictionary
280
     1
281
     1
  3
south
360
130B
  0
DICTIONARY
  5
130D
330
130C
100
AcDbDictionary
280
     1
281
     1
  3
south
360
130E
  0
DICTIONARY
  5
131C
330
131B
100
AcDbDictionary
280
     1
281
     1
  3
south
360
131D
  0
DICTIONARY
  5
1326
330
1325
100
AcDbDictionary
280
     1
281
     1
  3
south
360
1327
  0
DICTIONARY
  5
1329
330
1328
100
AcDbDictionary
280
     1
281
     1
  3
south
360
132A
  0
DICTIONARY
  5
132C
330
132B
100
AcDbDictionary
280
     1
281
     1
  3
south
360
132D
  0
DICTIONARY
  5
132F
330
132E
100
AcDbDictionary
280
     1
281
     1
  3
south
360
1330
  0
DICTIONARY
  5
1332
330
1331
100
AcDbDictionary
280
     1
281
     1
  3
south
360
1333
  0
DICTIONARY
  5
1335
330
1334
100
AcDbDictionary
280
     1
281
     1
  3
south
360
1336
  0
DICTIONARY
  5
133C
330
133B
100
AcDbDictionary
280
     1
281
     1
  3
south
360
133D
  0
DICTIONARY
  5
133F
330
133E
100
AcDbDictionary
280
     1
281
     1
  3
south
360
1340
  0
DICTIONARY
  5
1342
330
1341
100
AcDbDictionary
280
     1
281
     1
  3
south
360
1343
  0
DICTIONARY
  5
1345
330
1344
100
AcDbDictionary
280
     1
281
     1
  3
south
360
1346
  0
DICTIONARY
  5
1348
330
1347
100
AcDbDictionary
280
     1
281
     1
  3
south
360
1349
  0
DICTIONARY
  5
134B
330
134A
100
AcDbDictionary
280
     1
281
     1
  3
south
360
134C
  0
DICTIONARY
  5
134E
330
134D
100
AcDbDictionary
280
     1
281
     1
  3
south
360
134F
  0
DICTIONARY
  5
1351
330
1350
100
AcDbDictionary
280
     1
281
     1
  3
south
360
1352
  0
DICTIONARY
  5
1354
330
1353
100
AcDbDictionary
280
     1
281
     1
  3
south
360
1355
  0
DICTIONARY
  5
1357
330
1356
100
AcDbDictionary
280
     1
281
     1
  3
south
360
1358
  0
DICTIONARY
  5
135A
330
1359
100
AcDbDictionary
280
     1
281
     1
  3
south
360
135B
  0
DICTIONARY
  5
135D
330
135C
100
AcDbDictionary
280
     1
281
     1
  3
south
360
135E
  0
DICTIONARY
  5
1360
330
135F
100
AcDbDictionary
280
     1
281
     1
  3
south
360
1361
  0
DICTIONARY
  5
1363
330
1362
100
AcDbDictionary
280
     1
281
     1
  3
south
360
1364
  0
DICTIONARY
  5
1366
330
1365
100
AcDbDictionary
280
     1
281
     1
  3
south
360
1367
  0
DICTIONARY
  5
1369
330
1368
100
AcDbDictionary
280
     1
281
     1
  3
south
360
136A
  0
DICTIONARY
  5
136C
330
136B
100
AcDbDictionary
280
     1
281
     1
  3
south
360
136D
  0
DICTIONARY
  5
136F
330
136E
100
AcDbDictionary
280
     1
281
     1
  3
south
360
1370
  0
DICTIONARY
  5
1372
330
1371
100
AcDbDictionary
280
     1
281
     1
  3
south
360
1373
  0
DICTIONARY
  5
1375
330
1374
100
AcDbDictionary
280
     1
281
     1
  3
south
360
1376
  0
DICTIONARY
  5
1378
330
1377
100
AcDbDictionary
280
     1
281
     1
  3
south
360
1379
  0
DICTIONARY
  5
137B
330
137A
100
AcDbDictionary
280
     1
281
     1
  3
south
360
137C
  0
DICTIONARY
  5
137E
330
137D
100
AcDbDictionary
280
     1
281
     1
  3
south
360
137F
  0
DICTIONARY
  5
1381
330
1380
100
AcDbDictionary
280
     1
281
     1
  3
south
360
1382
  0
DICTIONARY
  5
1384
330
1383
100
AcDbDictionary
280
     1
281
     1
  3
south
360
1385
  0
DICTIONARY
  5
1387
330
1386
100
AcDbDictionary
280
     1
281
     1
  3
south
360
1388
  0
DICTIONARY
  5
138A
330
1389
100
AcDbDictionary
280
     1
281
     1
  3
south
360
138B
  0
DICTIONARY
  5
138D
330
138C
100
AcDbDictionary
280
     1
281
     1
  3
south
360
138E
  0
DICTIONARY
  5
1390
330
138F
100
AcDbDictionary
280
     1
281
     1
  3
south
360
1391
  0
DICTIONARY
  5
1393
330
1392
100
AcDbDictionary
280
     1
281
     1
  3
south
360
1394
  0
DICTIONARY
  5
1396
330
1395
100
AcDbDictionary
280
     1
281
     1
  3
south
360
1397
  0
DICTIONARY
  5
1399
330
1398
100
AcDbDictionary
280
     1
281
     1
  3
south
360
139A
  0
DICTIONARY
  5
139C
330
139B
100
AcDbDictionary
280
     1
281
     1
  3
south
360
139D
  0
DICTIONARY
  5
139F
330
139E
100
AcDbDictionary
280
     1
281
     1
  3
south
360
13A0
  0
DICTIONARY
  5
13A2
330
13A1
100
AcDbDictionary
280
     1
281
     1
  3
south
360
13A3
  0
DICTIONARY
  5
13A5
330
13A4
100
AcDbDictionary
280
     1
281
     1
  3
south
360
13A6
  0
DICTIONARY
  5
13AF
330
13AE
100
AcDbDictionary
280
     1
281
     1
  3
south
360
13B0
  0
DICTIONARY
  5
13C0
330
13BF
100
AcDbDictionary
280
     1
281
     1
  3
south
360
13C1
  0
DICTIONARY
  5
13C3
330
13C2
100
AcDbDictionary
280
     1
281
     1
  3
south
360
13C4
  0
DICTIONARY
  5
13C6
330
13C5
100
AcDbDictionary
280
     1
281
     1
  3
south
360
13C7
  0
DICTIONARY
  5
13C9
330
13C8
100
AcDbDictionary
280
     1
281
     1
  3
south
360
13CA
  0
DICTIONARY
  5
13CC
330
13CB
100
AcDbDictionary
280
     1
281
     1
  3
south
360
13CD
  0
DICTIONARY
  5
13CF
330
13CE
100
AcDbDictionary
280
     1
281
     1
  3
south
360
13D0
  0
DICTIONARY
  5
13D2
330
13D1
100
AcDbDictionary
280
     1
281
     1
  3
south
360
13D3
  0
DICTIONARY
  5
13D5
330
13D4
100
AcDbDictionary
280
     1
281
     1
  3
south
360
13D6
  0
DICTIONARY
  5
13D8
330
13D7
100
AcDbDictionary
280
     1
281
     1
  3
south
360
13D9
  0
DICTIONARY
  5
13DB
330
13DA
100
AcDbDictionary
280
     1
281
     1
  3
south
360
13DC
  0
DICTIONARY
  5
13DE
330
13DD
100
AcDbDictionary
280
     1
281
     1
  3
south
360
13DF
  0
DICTIONARY
  5
13E1
330
13E0
100
AcDbDictionary
280
     1
281
     1
  3
south
360
13E2
  0
DICTIONARY
  5
13E4
330
13E3
100
AcDbDictionary
280
     1
281
     1
  3
south
360
13E5
  0
DICTIONARY
  5
13E7
330
13E6
100
AcDbDictionary
280
     1
281
     1
  3
south
360
13E8
  0
DICTIONARY
  5
13EA
330
13E9
100
AcDbDictionary
280
     1
281
     1
  3
south
360
13EB
  0
DICTIONARY
  5
13ED
330
13EC
100
AcDbDictionary
280
     1
281
     1
  3
south
360
13EE
  0
DICTIONARY
  5
13F7
330
13F6
100
AcDbDictionary
280
     1
281
     1
  3
south
360
13F8
  0
DICTIONARY
  5
13FA
330
13F9
100
AcDbDictionary
280
     1
281
     1
  3
south
360
13FB
  0
DICTIONARY
  5
13FD
330
13FC
100
AcDbDictionary
280
     1
281
     1
  3
south
360
13FE
  0
DICTIONARY
  5
141F
330
141E
100
AcDbDictionary
280
     1
281
     1
  3
south
360
1420
  0
DICTIONARY
  5
1422
330
1421
100
AcDbDictionary
280
     1
281
     1
  3
south
360
1423
  0
DICTIONARY
  5
1425
330
1424
100
AcDbDictionary
280
     1
281
     1
  3
south
360
1426
  0
DICTIONARY
  5
1428
330
1427
100
AcDbDictionary
280
     1
281
     1
  3
south
360
1429
  0
DICTIONARY
  5
142B
330
142A
100
AcDbDictionary
280
     1
281
     1
  3
south
360
142C
  0
DICTIONARY
  5
142E
330
142D
100
AcDbDictionary
280
     1
281
     1
  3
south
360
142F
  0
DICTIONARY
  5
1431
330
1430
100
AcDbDictionary
280
     1
281
     1
  3
south
360
1432
  0
DICTIONARY
  5
1434
330
1433
100
AcDbDictionary
280
     1
281
     1
  3
south
360
1435
  0
DICTIONARY
  5
1437
330
1436
100
AcDbDictionary
280
     1
281
     1
  3
south
360
1438
  0
DICTIONARY
  5
143A
330
1439
100
AcDbDictionary
280
     1
281
     1
  3
south
360
143B
  0
DICTIONARY
  5
143D
330
143C
100
AcDbDictionary
280
     1
281
     1
  3
south
360
143E
  0
DICTIONARY
  5
1440
330
143F
100
AcDbDictionary
280
     1
281
     1
  3
south
360
1441
  0
DICTIONARY
  5
1443
330
1442
100
AcDbDictionary
280
     1
281
     1
  3
south
360
1444
  0
DICTIONARY
  5
1446
330
1445
100
AcDbDictionary
280
     1
281
     1
  3
south
360
1447
  0
DICTIONARY
  5
1449
330
1448
100
AcDbDictionary
280
     1
281
     1
  3
south
360
144A
  0
DICTIONARY
  5
144C
330
144B
100
AcDbDictionary
280
     1
281
     1
  3
south
360
144D
  0
DICTIONARY
  5
1470
330
146F
100
AcDbDictionary
280
     1
281
     1
  3
south
360
1471
  0
DICTIONARY
  5
1473
330
1472
100
AcDbDictionary
280
     1
281
     1
  3
south
360
1474
  0
DICTIONARY
  5
1476
330
1475
100
AcDbDictionary
280
     1
281
     1
  3
south
360
1477
  0
DICTIONARY
  5
1479
330
1478
100
AcDbDictionary
280
     1
281
     1
  3
south
360
147A
  0
DICTIONARY
  5
147C
330
147B
100
AcDbDictionary
280
     1
281
     1
  3
south
360
147D
  0
DICTIONARY
  5
147F
330
147E
100
AcDbDictionary
280
     1
281
     1
  3
south
360
1480
  0
DICTIONARY
  5
1482
330
1481
100
AcDbDictionary
280
     1
281
     1
  3
south
360
1483
  0
DICTIONARY
  5
1485
330
1484
100
AcDbDictionary
280
     1
281
     1
  3
south
360
1486
  0
DICTIONARY
  5
1488
330
1487
100
AcDbDictionary
280
     1
281
     1
  3
south
360
1489
  0
DICTIONARY
  5
148B
330
148A
100
AcDbDictionary
280
     1
281
     1
  3
south
360
148C
  0
DICTIONARY
  5
148E
330
148D
100
AcDbDictionary
280
     1
281
     1
  3
south
360
148F
  0
DICTIONARY
  5
1491
330
1490
100
AcDbDictionary
280
     1
281
     1
  3
south
360
1492
  0
DICTIONARY
  5
1494
330
1493
100
AcDbDictionary
280
     1
281
     1
  3
south
360
1495
  0
DICTIONARY
  5
1497
330
1496
100
AcDbDictionary
280
     1
281
     1
  3
south
360
1498
  0
DICTIONARY
  5
149A
330
1499
100
AcDbDictionary
280
     1
281
     1
  3
south
360
149B
  0
DICTIONARY
  5
149D
330
149C
100
AcDbDictionary
280
     1
281
     1
  3
south
360
149E
  0
DICTIONARY
  5
14A0
330
149F
100
AcDbDictionary
280
     1
281
     1
  3
south
360
14A1
  0
DICTIONARY
  5
14A3
330
14A2
100
AcDbDictionary
280
     1
281
     1
  3
south
360
14A4
  0
DICTIONARY
  5
14A6
330
14A5
100
AcDbDictionary
280
     1
281
     1
  3
south
360
14A7
  0
DICTIONARY
  5
14A9
330
14A8
100
AcDbDictionary
280
     1
281
     1
  3
south
360
14AA
  0
DICTIONARY
  5
14AC
330
14AB
100
AcDbDictionary
280
     1
281
     1
  3
south
360
14AD
  0
DICTIONARY
  5
14AF
330
14AE
100
AcDbDictionary
280
     1
281
     1
  3
south
360
14B0
  0
DICTIONARY
  5
14B2
330
14B1
100
AcDbDictionary
280
     1
281
     1
  3
south
360
14B3
  0
DICTIONARY
  5
14B5
330
14B4
100
AcDbDictionary
280
     1
281
     1
  3
south
360
14B6
  0
DICTIONARY
  5
14B8
330
14B7
100
AcDbDictionary
280
     1
281
     1
  3
south
360
14B9
  0
DICTIONARY
  5
14BB
330
14BA
100
AcDbDictionary
280
     1
281
     1
  3
south
360
14BC
  0
DICTIONARY
  5
14BE
330
14BD
100
AcDbDictionary
280
     1
281
     1
  3
south
360
14BF
  0
DICTIONARY
  5
14C1
330
14C0
100
AcDbDictionary
280
     1
281
     1
  3
south
360
14C2
  0
DICTIONARY
  5
14C4
330
14C3
100
AcDbDictionary
280
     1
281
     1
  3
south
360
14C5
  0
DICTIONARY
  5
14C7
330
14C6
100
AcDbDictionary
280
     1
281
     1
  3
south
360
14C8
  0
DICTIONARY
  5
14CA
330
14C9
100
AcDbDictionary
280
     1
281
     1
  3
south
360
14CB
  0
DICTIONARY
  5
14CD
330
14CC
100
AcDbDictionary
280
     1
281
     1
  3
south
360
14CE
  0
DICTIONARY
  5
14D0
330
14CF
100
AcDbDictionary
280
     1
281
     1
  3
south
360
14D1
  0
DICTIONARY
  5
14D3
330
14D2
100
AcDbDictionary
280
     1
281
     1
  3
south
360
14D4
  0
DICTIONARY
  5
14D6
330
14D5
100
AcDbDictionary
280
     1
281
     1
  3
south
360
14D7
  0
DICTIONARY
  5
14D9
330
14D8
100
AcDbDictionary
280
     1
281
     1
  3
south
360
14DA
  0
DICTIONARY
  5
14DC
330
14DB
100
AcDbDictionary
280
     1
281
     1
  3
south
360
14DD
  0
DICTIONARY
  5
14DF
330
14DE
100
AcDbDictionary
280
     1
281
     1
  3
south
360
14E0
  0
DICTIONARY
  5
14E2
330
14E1
100
AcDbDictionary
280
     1
281
     1
  3
south
360
14E3
  0
DICTIONARY
  5
14E5
330
14E4
100
AcDbDictionary
280
     1
281
     1
  3
south
360
14E6
  0
DICTIONARY
  5
14E8
330
14E7
100
AcDbDictionary
280
     1
281
     1
  3
south
360
14E9
  0
DICTIONARY
  5
14EB
330
14EA
100
AcDbDictionary
280
     1
281
     1
  3
south
360
14EC
  0
DICTIONARY
  5
14EE
330
14ED
100
AcDbDictionary
280
     1
281
     1
  3
south
360
14EF
  0
DICTIONARY
  5
14F1
330
14F0
100
AcDbDictionary
280
     1
281
     1
  3
south
360
14F2
  0
DICTIONARY
  5
14F4
330
14F3
100
AcDbDictionary
280
     1
281
     1
  3
south
360
14F5
  0
DICTIONARY
  5
14F7
330
14F6
100
AcDbDictionary
280
     1
281
     1
  3
south
360
14F8
  0
DICTIONARY
  5
15A4
330
15A3
100
AcDbDictionary
280
     1
281
     1
  3
south
360
15A5
  0
DICTIONARY
  5
15A7
330
15A6
100
AcDbDictionary
280
     1
281
     1
  3
south
360
15A8
  0
DICTIONARY
  5
15AA
330
15A9
100
AcDbDictionary
280
     1
281
     1
  3
south
360
15AB
  0
DICTIONARY
  5
15AD
330
15AC
100
AcDbDictionary
280
     1
281
     1
  3
south
360
15AE
  0
DICTIONARY
  5
15B0
330
15AF
100
AcDbDictionary
280
     1
281
     1
  3
south
360
15B1
  0
DICTIONARY
  5
15B3
330
15B2
100
AcDbDictionary
280
     1
281
     1
  3
south
360
15B4
  0
DICTIONARY
  5
15B6
330
15B5
100
AcDbDictionary
280
     1
281
     1
  3
south
360
15B7
  0
DICTIONARY
  5
15B9
330
15B8
100
AcDbDictionary
280
     1
281
     1
  3
south
360
15BA
  0
DICTIONARY
  5
15BC
330
15BB
100
AcDbDictionary
280
     1
281
     1
  3
south
360
15BD
  0
DICTIONARY
  5
15BF
330
15BE
100
AcDbDictionary
280
     1
281
     1
  3
south
360
15C0
  0
DICTIONARY
  5
15C2
330
15C1
100
AcDbDictionary
280
     1
281
     1
  3
south
360
15C3
  0
DICTIONARY
  5
15C5
330
15C4
100
AcDbDictionary
280
     1
281
     1
  3
south
360
15C6
  0
DICTIONARY
  5
15C8
330
15C7
100
AcDbDictionary
280
     1
281
     1
  3
south
360
15C9
  0
DICTIONARY
  5
15CB
330
15CA
100
AcDbDictionary
280
     1
281
     1
  3
south
360
15CC
  0
DICTIONARY
  5
15CE
330
15CD
100
AcDbDictionary
280
     1
281
     1
  3
south
360
15CF
  0
DICTIONARY
  5
15D1
330
15D0
100
AcDbDictionary
280
     1
281
     1
  3
south
360
15D2
  0
DICTIONARY
  5
15D4
330
15D3
100
AcDbDictionary
280
     1
281
     1
  3
south
360
15D5
  0
DICTIONARY
  5
15D7
330
15D6
100
AcDbDictionary
280
     1
281
     1
  3
south
360
15D8
  0
DICTIONARY
  5
15DA
330
15D9
100
AcDbDictionary
280
     1
281
     1
  3
south
360
15DB
  0
DICTIONARY
  5
15DD
330
15DC
100
AcDbDictionary
280
     1
281
     1
  3
south
360
15DE
  0
DICTIONARY
  5
15E0
330
15DF
100
AcDbDictionary
280
     1
281
     1
  3
south
360
15E1
  0
DICTIONARY
  5
15E3
330
15E2
100
AcDbDictionary
280
     1
281
     1
  3
south
360
15E4
  0
DICTIONARY
  5
15E6
330
15E5
100
AcDbDictionary
280
     1
281
     1
  3
south
360
15E7
  0
DICTIONARY
  5
15E9
330
15E8
100
AcDbDictionary
280
     1
281
     1
  3
south
360
15EA
  0
DICTIONARY
  5
15EC
330
15EB
100
AcDbDictionary
280
     1
281
     1
  3
south
360
15ED
  0
DICTIONARY
  5
15EF
330
15EE
100
AcDbDictionary
280
     1
281
     1
  3
south
360
15F0
  0
DICTIONARY
  5
15F2
330
15F1
100
AcDbDictionary
280
     1
281
     1
  3
south
360
15F3
  0
DICTIONARY
  5
15F5
330
15F4
100
AcDbDictionary
280
     1
281
     1
  3
south
360
15F6
  0
DICTIONARY
  5
15F8
330
15F7
100
AcDbDictionary
280
     1
281
     1
  3
south
360
15F9
  0
DICTIONARY
  5
15FB
330
15FA
100
AcDbDictionary
280
     1
281
     1
  3
south
360
15FC
  0
DICTIONARY
  5
15FE
330
15FD
100
AcDbDictionary
280
     1
281
     1
  3
south
360
15FF
  0
DICTIONARY
  5
1601
330
1600
100
AcDbDictionary
280
     1
281
     1
  3
south
360
1602
  0
DICTIONARY
  5
1604
330
1603
100
AcDbDictionary
280
     1
281
     1
  3
south
360
1605
  0
XRECORD
  5
1A5
102
{ACAD_REACTORS
330
C
102
}
330
C
100
AcDbXrecord
280
     1
300
ACD
300
2020
300

  0
DICTIONARY
  5
73
102
{ACAD_REACTORS
330
C
102
}
330
C
100
AcDbDictionary
281
     1
  0
DICTIONARY
  5
1AB
102
{ACAD_REACTORS
330
C
102
}
330
C
100
AcDbDictionary
281
     1
  3
Imperial24
350
1AC
  3
Metric50
350
818
  0
DICTIONARY
  5
D
102
{ACAD_REACTORS
330
C
102
}
330
C
100
AcDbDictionary
281
     1
  0
DICTIONARY
  5
1A
102
{ACAD_REACTORS
330
C
102
}
330
C
100
AcDbDictionary
281
     1
  3
Model
350
22
  3
布局1
350
59
  3
布局2
350
5E
  0
DICTIONARY
  5
72
102
{ACAD_REACTORS
330
C
102
}
330
C
100
AcDbDictionary
281
     1
  3
ByBlock
350
97
  3
ByLayer
350
96
  3
Global
350
98
  0
DICTIONARY
  5
D7
102
{ACAD_REACTORS
330
C
102
}
330
C
100
AcDbDictionary
281
     1
  3
Annotative
350
E5
  3
Standard
350
D8
  0
DICTIONARY
  5
17
102
{ACAD_REACTORS
330
C
102
}
330
C
100
AcDbDictionary
281
     1
  3
Standard
350
18
  0
DICTIONARY
  5
19
102
{ACAD_REACTORS
330
C
102
}
330
C
100
AcDbDictionary
281
     1
  0
ACDBDICTIONARYWDFLT
  5
E
102
{ACAD_REACTORS
330
C
102
}
330
C
100
AcDbDictionary
281
     1
  3
Normal
350
F
100
AcDbDictionaryWithDefault
340
F
  0
DICTIONARY
  5
B6
102
{ACAD_REACTORS
330
C
102
}
330
C
100
AcDbDictionary
281
     1
  3
A0
350
B7
  3
A1
350
124
  3
A2
350
125
  3
A3
350
126
  3
A4
350
127
  3
A5
350
128
  3
A6
350
129
  3
A7
350
12A
  3
A8
350
12B
  3
A9
350
12C
  3
B0
350
12D
  3
B1
350
12E
  3
B2
350
12F
  3
B3
350
130
  3
B4
350
131
  3
B5
350
132
  3
B6
350
133
  3
B7
350
134
  3
B8
350
135
  3
B9
350
136
  3
C0
350
137
  3
C1
350
138
  3
C2
350
139
  3
C3
350
13A
  3
C4
350
13B
  3
C5
350
13C
  3
C6
350
13D
  3
C7
350
13E
  3
C8
350
13F
  3
C9
350
140
  3
D0
350
141
  3
D1
350
142
  3
D2
350
143
  0
DICTIONARY
  5
1A8
102
{ACAD_REACTORS
330
C
102
}
330
C
100
AcDbDictionary
281
     1
  3
Imperial24
350
1AA
  3
Metric50
350
817
  0
DICTIONARY
  5
86
102
{ACAD_REACTORS
330
C
102
}
330
C
100
AcDbDictionary
281
     1
  3
Standard
350
87
  0
DICTIONARY
  5
99
102
{ACAD_REACTORS
330
C
102
}
330
C
100
AcDbDictionary
281
     1
  3
2dWireframe
350
9F
  3
Basic
350
9E
  3
Brighten
350
A5
  3
ColorChange
350
A9
  3
Conceptual
350
A2
  3
Dim
350
A4
  3
EdgeColorOff
350
175
  3
Facepattern
350
A8
  3
Flat
350
9A
  3
FlatWithEdges
350
9B
  3
Gouraud
350
9C
  3
GouraudWithEdges
350
9D
  3
Hidden
350
A1
  3
JitterOff
350
173
  3
Linepattern
350
A7
  3
OverhangOff
350
174
  3
Realistic
350
A3
  3
Shaded
350
182
  3
Shaded with edges
350
181
  3
Shades of Gray
350
17E
  3
Sketchy
350
17F
  3
Thicken
350
A6
  3
Wireframe
350
A0
  3
X-Ray
350
180
  0
XRECORD
  5
2038
102
{ACAD_REACTORS
330
C
102
}
330
C
100
AcDbXrecord
280
     1
 90
        1
330
87
  0
DICTIONARY
  5
66
102
{ACAD_REACTORS
330
C
102
}
330
C
100
AcDbDictionary
281
     1
  3
CANNOSCALE
350
F0
  3
CMLEADERSTYLE
350
EF
  3
CTABLESTYLE
350
89
  3
CVIEWDETAILSTYLE
350
1B7
  3
CVIEWSECTIONSTYLE
350
1B8
  3
DIMASSOC
350
67
  3
HIDETEXT
350
6B
  3
LAYEREVAL
350
14D
  3
LAYERNOTIFY
350
14E
  0
DICTIONARY
  5
18F
102
{ACAD_REACTORS
330
18E
102
}
330
18E
100
AcDbDictionary
281
     1
  3
_LAYISO_STATE
350
2032
1001
AcLayerTools
1000
22
1000
0
  0
SORTENTSTABLE
  5
2EE
102
{ACAD_REACTORS
330
2ED
102
}
330
2ED
100
AcDbSortentsTable
330
2EC
331
51A
  5
51B
331
509
  5
50B
331
519
  5
51A
331
353
  5
354
331
4FB
  5
4FC
331
508
  5
50F
331
518
  5
519
331
352
  5
353
331
4FA
  5
4FB
331
50F
  5
510
331
351
  5
352
331
51F
  5
520
331
50E
  5
503
331
350
  5
351
331
51E
  5
51F
331
50D
  5
504
331
50C
  5
506
331
4FF
  5
500
331
51D
  5
51E
331
503
  5
508
331
4FE
  5
4FF
331
51C
  5
51D
331
513
  5
514
331
4FD
  5
4FE
331
502
  5
507
331
512
  5
513
331
354
  5
34F
331
4FC
  5
4FD
331
501
  5
502
331
511
  5
512
331
500
  5
501
331
510
  5
511
331
507
  5
50E
331
506
  5
50D
331
517
  5
518
331
505
  5
50C
331
516
  5
517
331
504
  5
509
331
515
  5
516
331
34F
  5
350
331
361
  5
35F
331
35F
  5
360
331
514
  5
515
331
360
  5
361
331
520
  5
4FA
331
50B
  5
505
331
51B
  5
51C
  0
XRECORD
  5
1307
102
{ACAD_REACTORS
330
1306
102
}
330
1306
100
AcDbXrecord
280
     1
  1
164201
  1
164201
  1
164201
  1
164201
  1
164201
  1
164201
  1
164201
  1
164201
  1
164201
  1
164201
  1
164201
  0
XRECORD
  5
130B
102
{ACAD_REACTORS
330
130A
102
}
330
130A
100
AcDbXrecord
280
     1
  1
181200
  1
181200
  1
181200
  1
181200
  1
181200
  1
181200
  1
181200
  1
181200
  1
181200
  1
181200
  1
181200
  1
181200
  1
181200
  1
181200
  1
181200
  1
181200
  1
181200
  1
181200
  1
181200
  1
181200
  1
181200
  1
181200
  1
181200
  1
181200
  0
XRECORD
  5
130E
102
{ACAD_REACTORS
330
130D
102
}
330
130D
100
AcDbXrecord
280
     1
  1
181200
  1
181200
  1
181200
  1
181200
  1
181200
  1
181200
  1
181200
  1
181200
  1
181200
  1
181200
  1
181200
  1
181200
  1
181200
  1
181200
  1
181200
  1
181200
  1
181200
  1
181200
  1
181200
  0
XRECORD
  5
131D
102
{ACAD_REACTORS
330
131C
102
}
330
131C
100
AcDbXrecord
280
     1
  1
171300
  0
XRECORD
  5
1327
102
{ACAD_REACTORS
330
1326
102
}
330
1326
100
AcDbXrecord
280
     1
  1
171600-1
  0
XRECORD
  5
132A
102
{ACAD_REACTORS
330
1329
102
}
330
1329
100
AcDbXrecord
280
     1
  1
155210
  0
XRECORD
  5
132D
102
{ACAD_REACTORS
330
132C
102
}
330
132C
100
AcDbXrecord
280
     1
  1
171300
  0
XRECORD
  5
1330
102
{ACAD_REACTORS
330
132F
102
}
330
132F
100
AcDbXrecord
280
     1
  1
155210
  0
XRECORD
  5
1333
102
{ACAD_REACTORS
330
1332
102
}
330
1332
100
AcDbXrecord
280
     1
  1
171300
  0
XRECORD
  5
1336
102
{ACAD_REACTORS
330
1335
102
}
330
1335
100
AcDbXrecord
280
     1
  1
171300
  0
XRECORD
  5
133D
102
{ACAD_REACTORS
330
133C
102
}
330
133C
100
AcDbXrecord
280
     1
  1
211100
  1
211100
  1
211100
  1
211100
  1
211100
  1
211100
  1
211100
  1
211100
  1
211100
  1
211100
  1
211100
  1
211100
  1
211100
  1
211100
  1
211100
  1

  1
211100
  1
211100
  1
211100
  0
XRECORD
  5
1340
102
{ACAD_REACTORS
330
133F
102
}
330
133F
100
AcDbXrecord
280
     1
  1
211100-1
  0
XRECORD
  5
1343
102
{ACAD_REACTORS
330
1342
102
}
330
1342
100
AcDbXrecord
280
     1
  1
211100-1
  0
XRECORD
  5
1346
102
{ACAD_REACTORS
330
1345
102
}
330
1345
100
AcDbXrecord
280
     1
  1
211100-1
  0
XRECORD
  5
1349
102
{ACAD_REACTORS
330
1348
102
}
330
1348
100
AcDbXrecord
280
     1
  1
211100-1
  0
XRECORD
  5
134C
102
{ACAD_REACTORS
330
134B
102
}
330
134B
100
AcDbXrecord
280
     1
  1
211100-1
  0
XRECORD
  5
134F
102
{ACAD_REACTORS
330
134E
102
}
330
134E
100
AcDbXrecord
280
     1
  1
211100-1
  0
XRECORD
  5
1352
102
{ACAD_REACTORS
330
1351
102
}
330
1351
100
AcDbXrecord
280
     1
  1
211100-1
  0
XRECORD
  5
1355
102
{ACAD_REACTORS
330
1354
102
}
330
1354
100
AcDbXrecord
280
     1
  1
211100-1
  0
XRECORD
  5
1358
102
{ACAD_REACTORS
330
1357
102
}
330
1357
100
AcDbXrecord
280
     1
  1
211100-1
  0
XRECORD
  5
135B
102
{ACAD_REACTORS
330
135A
102
}
330
135A
100
AcDbXrecord
280
     1
  1
211100-1
  0
XRECORD
  5
135E
102
{ACAD_REACTORS
330
135D
102
}
330
135D
100
AcDbXrecord
280
     1
  1
211100-1
  0
XRECORD
  5
1361
102
{ACAD_REACTORS
330
1360
102
}
330
1360
100
AcDbXrecord
280
     1
  1
211100-1
  0
XRECORD
  5
1364
102
{ACAD_REACTORS
330
1363
102
}
330
1363
100
AcDbXrecord
280
     1
  1
211100-1
  0
XRECORD
  5
1367
102
{ACAD_REACTORS
330
1366
102
}
330
1366
100
AcDbXrecord
280
     1
  1
211100-1
  0
XRECORD
  5
136A
102
{ACAD_REACTORS
330
1369
102
}
330
1369
100
AcDbXrecord
280
     1
  1
211100-1
  0
XRECORD
  5
136D
102
{ACAD_REACTORS
330
136C
102
}
330
136C
100
AcDbXrecord
280
     1
  1
211100-1
  0
XRECORD
  5
1370
102
{ACAD_REACTORS
330
136F
102
}
330
136F
100
AcDbXrecord
280
     1
  1
211100-1
  0
XRECORD
  5
1373
102
{ACAD_REACTORS
330
1372
102
}
330
1372
100
AcDbXrecord
280
     1
  1
211100-1
  0
XRECORD
  5
1376
102
{ACAD_REACTORS
330
1375
102
}
330
1375
100
AcDbXrecord
280
     1
  1
211100-1
  0
XRECORD
  5
1379
102
{ACAD_REACTORS
330
1378
102
}
330
1378
100
AcDbXrecord
280
     1
  1
211100-1
  0
XRECORD
  5
137C
102
{ACAD_REACTORS
330
137B
102
}
330
137B
100
AcDbXrecord
280
     1
  1
211100-1
  0
XRECORD
  5
137F
102
{ACAD_REACTORS
330
137E
102
}
330
137E
100
AcDbXrecord
280
     1
  1
211100-1
  0
XRECORD
  5
1382
102
{ACAD_REACTORS
330
1381
102
}
330
1381
100
AcDbXrecord
280
     1
  1
211100-1
  0
XRECORD
  5
1385
102
{ACAD_REACTORS
330
1384
102
}
330
1384
100
AcDbXrecord
280
     1
  1
211100-1
  0
XRECORD
  5
1388
102
{ACAD_REACTORS
330
1387
102
}
330
1387
100
AcDbXrecord
280
     1
  1
211100-1
  0
XRECORD
  5
138B
102
{ACAD_REACTORS
330
138A
102
}
330
138A
100
AcDbXrecord
280
     1
  1
211100-1
  0
XRECORD
  5
138E
102
{ACAD_REACTORS
330
138D
102
}
330
138D
100
AcDbXrecord
280
     1
  1
211100-1
  0
XRECORD
  5
1391
102
{ACAD_REACTORS
330
1390
102
}
330
1390
100
AcDbXrecord
280
     1
  1
211100-1
  0
XRECORD
  5
1394
102
{ACAD_REACTORS
330
1393
102
}
330
1393
100
AcDbXrecord
280
     1
  1
211100-1
  0
XRECORD
  5
1397
102
{ACAD_REACTORS
330
1396
102
}
330
1396
100
AcDbXrecord
280
     1
  1
211100-1
  0
XRECORD
  5
139A
102
{ACAD_REACTORS
330
1399
102
}
330
1399
100
AcDbXrecord
280
     1
  1
211100-1
  0
XRECORD
  5
139D
102
{ACAD_REACTORS
330
139C
102
}
330
139C
100
AcDbXrecord
280
     1
  1
211100-1
  0
XRECORD
  5
13A0
102
{ACAD_REACTORS
330
139F
102
}
330
139F
100
AcDbXrecord
280
     1
  1
211100-1
  0
XRECORD
  5
13A3
102
{ACAD_REACTORS
330
13A2
102
}
330
13A2
100
AcDbXrecord
280
     1
  1
211100-1
  0
XRECORD
  5
13A6
102
{ACAD_REACTORS
330
13A5
102
}
330
13A5
100
AcDbXrecord
280
     1
  1
211110
  1
211110
  0
XRECORD
  5
13B0
102
{ACAD_REACTORS
330
13AF
102
}
330
13AF
100
AcDbXrecord
280
     1
  1
204201
  1
204201
  1
204201
  1
204201
  1
204201
  1
204201
  1
204201
  1
204201
  1
204201
  1
204201
  1
204201
  1
204201
  1
204201
  1
204201
  0
XRECORD
  5
13C1
102
{ACAD_REACTORS
330
13C0
102
}
330
13C0
100
AcDbXrecord
280
     1
  1
214100
  1
214100
  1
214100
  1
214100
  1
214100
  1
214100
  1
214100
  1
214100
  1
214100
  1
214100
  1
214100
  1
214100
  1
214100
  1
214100
  1
214100
  1
214100
  1
214100
  1
214100
  1
214100
  1
214100
  1
214100
  1
214100
  1
214100
  1
214100
  1
214100
  1

  1
214100
  1
214100
  1
214100
  0
XRECORD
  5
13C4
102
{ACAD_REACTORS
330
13C3
102
}
330
13C3
100
AcDbXrecord
280
     1
  1
214100-1
  0
XRECORD
  5
13C7
102
{ACAD_REACTORS
330
13C6
102
}
330
13C6
100
AcDbXrecord
280
     1
  1
214100-1
  0
XRECORD
  5
13CA
102
{ACAD_REACTORS
330
13C9
102
}
330
13C9
100
AcDbXrecord
280
     1
  1
214100-1
  0
XRECORD
  5
13CD
102
{ACAD_REACTORS
330
13CC
102
}
330
13CC
100
AcDbXrecord
280
     1
  1
214100-1
  0
XRECORD
  5
13D0
102
{ACAD_REACTORS
330
13CF
102
}
330
13CF
100
AcDbXrecord
280
     1
  1
214100-1
  0
XRECORD
  5
13D3
102
{ACAD_REACTORS
330
13D2
102
}
330
13D2
100
AcDbXrecord
280
     1
  1
214100-1
  0
XRECORD
  5
13D6
102
{ACAD_REACTORS
330
13D5
102
}
330
13D5
100
AcDbXrecord
280
     1
  1
214100-1
  0
XRECORD
  5
13D9
102
{ACAD_REACTORS
330
13D8
102
}
330
13D8
100
AcDbXrecord
280
     1
  1
214100-1
  0
XRECORD
  5
13DC
102
{ACAD_REACTORS
330
13DB
102
}
330
13DB
100
AcDbXrecord
280
     1
  1
214100-1
  0
XRECORD
  5
13DF
102
{ACAD_REACTORS
330
13DE
102
}
330
13DE
100
AcDbXrecord
280
     1
  1
214100-1
  0
XRECORD
  5
13E2
102
{ACAD_REACTORS
330
13E1
102
}
330
13E1
100
AcDbXrecord
280
     1
  1
144400
  1
144400
  1
144400
  1
144400
  1
144400
  1
144400
  1
144400
  1
144400
  0
XRECORD
  5
13E5
102
{ACAD_REACTORS
330
13E4
102
}
330
13E4
100
AcDbXrecord
280
     1
  1
171300
  0
XRECORD
  5
13E8
102
{ACAD_REACTORS
330
13E7
102
}
330
13E7
100
AcDbXrecord
280
     1
  1
144400
  1
144400
  1
144400
  1
144400
  0
XRECORD
  5
13EB
102
{ACAD_REACTORS
330
13EA
102
}
330
13EA
100
AcDbXrecord
280
     1
  1
144400
  1
144400
  1
144400
  1
144400
  1
144400
  1
144400
  1
144400
  1
144400
  1
144400
  1
144400
  1
144400
  0
XRECORD
  5
13EE
102
{ACAD_REACTORS
330
13ED
102
}
330
13ED
100
AcDbXrecord
280
     1
  1
141500
  1
141500
  1

  1
141500
  1
141500
  0
XRECORD
  5
13F8
102
{ACAD_REACTORS
330
13F7
102
}
330
13F7
100
AcDbXrecord
280
     1
  1
204201
  1
204201
  1
204201
  1
204201
  1
204201
  1
204201
  1
204201
  0
XRECORD
  5
13FB
102
{ACAD_REACTORS
330
13FA
102
}
330
13FA
100
AcDbXrecord
280
     1
  1
207800
  1
207800
  1
207800
  1
207800
  1
207800
  1
207800
  1
207800
  1
207800
  1
207800
  1
207800
  1
207800
  1
207800
  1
207800
  1
207800
  1
207800
  1
207800
  1
207800
  1

  1
207800
  1
207800
  1
207800
  1
207800
  1
207800
  1
207800
  1
207800
  1
207800
  1
207800
  1
207800
  1
207800
  1
207800
  1

  1
207800
  1
207800
  0
XRECORD
  5
13FE
102
{ACAD_REACTORS
330
13FD
102
}
330
13FD
100
AcDbXrecord
280
     1
  1
200009
  0
XRECORD
  5
1420
102
{ACAD_REACTORS
330
141F
102
}
330
141F
100
AcDbXrecord
280
     1
  1
204101
  1
204101
  1
204101
  1

  1
204101
  1
204101
  1
204101
  1
204101
  1
204101
  1
204101
  1
204101
  1
204101
  1
204101
  1
204101
  1
204101
  0
XRECORD
  5
1423
102
{ACAD_REACTORS
330
1422
102
}
330
1422
100
AcDbXrecord
280
     1
  1
214100
  1
214100
  1
214100
  1
214100
  1
214100
  1
214100
  1
214100
  1
214100
  1
214100
  1
214100
  1
214100
  1
214100
  1
214100
  1
214100
  1
214100
  1
214100
  1
214100
  1
214100
  1
214100
  1
214100
  1
214100
  1
214100
  1
214100
  1
214100
  1
214100
  1
214100
  1
214100
  1
214100
  1
214100
  1
214100
  1

  1
214100
  1
214100
  1
214100
  0
XRECORD
  5
1426
102
{ACAD_REACTORS
330
1425
102
}
330
1425
100
AcDbXrecord
280
     1
  1
214100-1
  0
XRECORD
  5
1429
102
{ACAD_REACTORS
330
1428
102
}
330
1428
100
AcDbXrecord
280
     1
  1
214100-1
  0
XRECORD
  5
142C
102
{ACAD_REACTORS
330
142B
102
}
330
142B
100
AcDbXrecord
280
     1
  1
214100-1
  0
XRECORD
  5
142F
102
{ACAD_REACTORS
330
142E
102
}
330
142E
100
AcDbXrecord
280
     1
  1
214100-1
  0
XRECORD
  5
1432
102
{ACAD_REACTORS
330
1431
102
}
330
1431
100
AcDbXrecord
280
     1
  1
214100-1
  0
XRECORD
  5
1435
102
{ACAD_REACTORS
330
1434
102
}
330
1434
100
AcDbXrecord
280
     1
  1
214100-1
  0
XRECORD
  5
1438
102
{ACAD_REACTORS
330
1437
102
}
330
1437
100
AcDbXrecord
280
     1
  1
214100-1
  0
XRECORD
  5
143B
102
{ACAD_REACTORS
330
143A
102
}
330
143A
100
AcDbXrecord
280
     1
  1
214100-1
  0
XRECORD
  5
143E
102
{ACAD_REACTORS
330
143D
102
}
330
143D
100
AcDbXrecord
280
     1
  1
214100-1
  0
XRECORD
  5
1441
102
{ACAD_REACTORS
330
1440
102
}
330
1440
100
AcDbXrecord
280
     1
  1
214100-1
  0
XRECORD
  5
1444
102
{ACAD_REACTORS
330
1443
102
}
330
1443
100
AcDbXrecord
280
     1
  1
214100-1
  0
XRECORD
  5
1447
102
{ACAD_REACTORS
330
1446
102
}
330
1446
100
AcDbXrecord
280
     1
  1
214100-1
  0
XRECORD
  5
144A
102
{ACAD_REACTORS
330
1449
102
}
330
1449
100
AcDbXrecord
280
     1
  1
214100-1
  0
XRECORD
  5
144D
102
{ACAD_REACTORS
330
144C
102
}
330
144C
100
AcDbXrecord
280
     1
  1
216100
  1
216100
  1
216100
  1
216100
  1
216100
  1
216100
  1
216100
  1
216100
  1
216100
  1
216100
  1

  1
216100
  1
216100
  0
XRECORD
  5
1471
102
{ACAD_REACTORS
330
1470
102
}
330
1470
100
AcDbXrecord
280
     1
  1
214100-1
  0
XRECORD
  5
1474
102
{ACAD_REACTORS
330
1473
102
}
330
1473
100
AcDbXrecord
280
     1
  1
214100-1
  0
XRECORD
  5
1477
102
{ACAD_REACTORS
330
1476
102
}
330
1476
100
AcDbXrecord
280
     1
  1
214100-1
  0
XRECORD
  5
147A
102
{ACAD_REACTORS
330
1479
102
}
330
1479
100
AcDbXrecord
280
     1
  1
214100-1
  0
XRECORD
  5
147D
102
{ACAD_REACTORS
330
147C
102
}
330
147C
100
AcDbXrecord
280
     1
  1
214100-1
  0
XRECORD
  5
1480
102
{ACAD_REACTORS
330
147F
102
}
330
147F
100
AcDbXrecord
280
     1
  1
214100-1
  0
XRECORD
  5
1483
102
{ACAD_REACTORS
330
1482
102
}
330
1482
100
AcDbXrecord
280
     1
  1
214100-1
  0
XRECORD
  5
1486
102
{ACAD_REACTORS
330
1485
102
}
330
1485
100
AcDbXrecord
280
     1
  1
214100-1
  0
XRECORD
  5
1489
102
{ACAD_REACTORS
330
1488
102
}
330
1488
100
AcDbXrecord
280
     1
  1
214100-1
  0
XRECORD
  5
148C
102
{ACAD_REACTORS
330
148B
102
}
330
148B
100
AcDbXrecord
280
     1
  1
214100-1
  0
XRECORD
  5
148F
102
{ACAD_REACTORS
330
148E
102
}
330
148E
100
AcDbXrecord
280
     1
  1
214100-1
  0
XRECORD
  5
1492
102
{ACAD_REACTORS
330
1491
102
}
330
1491
100
AcDbXrecord
280
     1
  1
214100-1
  0
XRECORD
  5
1495
102
{ACAD_REACTORS
330
1494
102
}
330
1494
100
AcDbXrecord
280
     1
  1
214100-1
  0
XRECORD
  5
1498
102
{ACAD_REACTORS
330
1497
102
}
330
1497
100
AcDbXrecord
280
     1
  1
214100-1
  0
XRECORD
  5
149B
102
{ACAD_REACTORS
330
149A
102
}
330
149A
100
AcDbXrecord
280
     1
  1
214100-1
  0
XRECORD
  5
149E
102
{ACAD_REACTORS
330
149D
102
}
330
149D
100
AcDbXrecord
280
     1
  1
214100-1
  0
XRECORD
  5
14A1
102
{ACAD_REACTORS
330
14A0
102
}
330
14A0
100
AcDbXrecord
280
     1
  1
214100-1
  0
XRECORD
  5
14A4
102
{ACAD_REACTORS
330
14A3
102
}
330
14A3
100
AcDbXrecord
280
     1
  1
214100-1
  0
XRECORD
  5
14A7
102
{ACAD_REACTORS
330
14A6
102
}
330
14A6
100
AcDbXrecord
280
     1
  1
214100-1
  0
XRECORD
  5
14AA
102
{ACAD_REACTORS
330
14A9
102
}
330
14A9
100
AcDbXrecord
280
     1
  1
214100-1
  0
XRECORD
  5
14AD
102
{ACAD_REACTORS
330
14AC
102
}
330
14AC
100
AcDbXrecord
280
     1
  1
214100-1
  0
XRECORD
  5
14B0
102
{ACAD_REACTORS
330
14AF
102
}
330
14AF
100
AcDbXrecord
280
     1
  1
214100-1
  0
XRECORD
  5
14B3
102
{ACAD_REACTORS
330
14B2
102
}
330
14B2
100
AcDbXrecord
280
     1
  1
214100-1
  0
XRECORD
  5
14B6
102
{ACAD_REACTORS
330
14B5
102
}
330
14B5
100
AcDbXrecord
280
     1
  1
214100-1
  0
XRECORD
  5
14B9
102
{ACAD_REACTORS
330
14B8
102
}
330
14B8
100
AcDbXrecord
280
     1
  1
214100-1
  0
XRECORD
  5
14BC
102
{ACAD_REACTORS
330
14BB
102
}
330
14BB
100
AcDbXrecord
280
     1
  1
214100-1
  0
XRECORD
  5
14BF
102
{ACAD_REACTORS
330
14BE
102
}
330
14BE
100
AcDbXrecord
280
     1
  1
214100-1
  0
XRECORD
  5
14C2
102
{ACAD_REACTORS
330
14C1
102
}
330
14C1
100
AcDbXrecord
280
     1
  1
214100-1
  0
XRECORD
  5
14C5
102
{ACAD_REACTORS
330
14C4
102
}
330
14C4
100
AcDbXrecord
280
     1
  1
214100-1
  0
XRECORD
  5
14C8
102
{ACAD_REACTORS
330
14C7
102
}
330
14C7
100
AcDbXrecord
280
     1
  1
214100-1
  0
XRECORD
  5
14CB
102
{ACAD_REACTORS
330
14CA
102
}
330
14CA
100
AcDbXrecord
280
     1
  1
214100-1
  0
XRECORD
  5
14CE
102
{ACAD_REACTORS
330
14CD
102
}
330
14CD
100
AcDbXrecord
280
     1
  1
214100-1
  0
XRECORD
  5
14D1
102
{ACAD_REACTORS
330
14D0
102
}
330
14D0
100
AcDbXrecord
280
     1
  1
214100-1
  0
XRECORD
  5
14D4
102
{ACAD_REACTORS
330
14D3
102
}
330
14D3
100
AcDbXrecord
280
     1
  1
214100-1
  0
XRECORD
  5
14D7
102
{ACAD_REACTORS
330
14D6
102
}
330
14D6
100
AcDbXrecord
280
     1
  1
214100-1
  0
XRECORD
  5
14DA
102
{ACAD_REACTORS
330
14D9
102
}
330
14D9
100
AcDbXrecord
280
     1
  1
214100-1
  0
XRECORD
  5
14DD
102
{ACAD_REACTORS
330
14DC
102
}
330
14DC
100
AcDbXrecord
280
     1
  1
214100-1
  0
XRECORD
  5
14E0
102
{ACAD_REACTORS
330
14DF
102
}
330
14DF
100
AcDbXrecord
280
     1
  1
214100-1
  0
XRECORD
  5
14E3
102
{ACAD_REACTORS
330
14E2
102
}
330
14E2
100
AcDbXrecord
280
     1
  1
214100-1
  0
XRECORD
  5
14E6
102
{ACAD_REACTORS
330
14E5
102
}
330
14E5
100
AcDbXrecord
280
     1
  1
214100-1
  0
XRECORD
  5
14E9
102
{ACAD_REACTORS
330
14E8
102
}
330
14E8
100
AcDbXrecord
280
     1
  1
214100-1
  0
XRECORD
  5
14EC
102
{ACAD_REACTORS
330
14EB
102
}
330
14EB
100
AcDbXrecord
280
     1
  1
214100-1
  0
XRECORD
  5
14EF
102
{ACAD_REACTORS
330
14EE
102
}
330
14EE
100
AcDbXrecord
280
     1
  1
214100-1
  0
XRECORD
  5
14F2
102
{ACAD_REACTORS
330
14F1
102
}
330
14F1
100
AcDbXrecord
280
     1
  1
214100-1
  0
XRECORD
  5
14F5
102
{ACAD_REACTORS
330
14F4
102
}
330
14F4
100
AcDbXrecord
280
     1
  1
214100-1
  0
XRECORD
  5
14F8
102
{ACAD_REACTORS
330
14F7
102
}
330
14F7
100
AcDbXrecord
280
     1
  1
214100-1
  0
XRECORD
  5
15A5
102
{ACAD_REACTORS
330
15A4
102
}
330
15A4
100
AcDbXrecord
280
     1
  1
211100
  1
211100
  1
211100
  1
211100
  1
211100
  1
211100
  1
211100
  1
211100
  1
211100
  1
211100
  1
211100
  1
211100
  1
211100
  1
211100
  1
211100
  1
211100
  1
211100
  1
211100
  1
211100
  1
211100
  1
211100
  1
211100
  1

  1
211100
  1
211100
  1
211100
  0
XRECORD
  5
15A8
102
{ACAD_REACTORS
330
15A7
102
}
330
15A7
100
AcDbXrecord
280
     1
  1
211100-1
  0
XRECORD
  5
15AB
102
{ACAD_REACTORS
330
15AA
102
}
330
15AA
100
AcDbXrecord
280
     1
  1
211100-1
  0
XRECORD
  5
15AE
102
{ACAD_REACTORS
330
15AD
102
}
330
15AD
100
AcDbXrecord
280
     1
  1
211100-1
  0
XRECORD
  5
15B1
102
{ACAD_REACTORS
330
15B0
102
}
330
15B0
100
AcDbXrecord
280
     1
  1
211100-1
  0
XRECORD
  5
15B4
102
{ACAD_REACTORS
330
15B3
102
}
330
15B3
100
AcDbXrecord
280
     1
  1
211100-1
  0
XRECORD
  5
15B7
102
{ACAD_REACTORS
330
15B6
102
}
330
15B6
100
AcDbXrecord
280
     1
  1
211100-1
  0
XRECORD
  5
15BA
102
{ACAD_REACTORS
330
15B9
102
}
330
15B9
100
AcDbXrecord
280
     1
  1
211100-1
  0
XRECORD
  5
15BD
102
{ACAD_REACTORS
330
15BC
102
}
330
15BC
100
AcDbXrecord
280
     1
  1
211100-1
  0
XRECORD
  5
15C0
102
{ACAD_REACTORS
330
15BF
102
}
330
15BF
100
AcDbXrecord
280
     1
  1
211100-1
  0
XRECORD
  5
15C3
102
{ACAD_REACTORS
330
15C2
102
}
330
15C2
100
AcDbXrecord
280
     1
  1
211100-1
  0
XRECORD
  5
15C6
102
{ACAD_REACTORS
330
15C5
102
}
330
15C5
100
AcDbXrecord
280
     1
  1
211100-1
  0
XRECORD
  5
15C9
102
{ACAD_REACTORS
330
15C8
102
}
330
15C8
100
AcDbXrecord
280
     1
  1
211100-1
  0
XRECORD
  5
15CC
102
{ACAD_REACTORS
330
15CB
102
}
330
15CB
100
AcDbXrecord
280
     1
  1
211100-1
  0
XRECORD
  5
15CF
102
{ACAD_REACTORS
330
15CE
102
}
330
15CE
100
AcDbXrecord
280
     1
  1
211100-1
  0
XRECORD
  5
15D2
102
{ACAD_REACTORS
330
15D1
102
}
330
15D1
100
AcDbXrecord
280
     1
  1
211100-1
  0
XRECORD
  5
15D5
102
{ACAD_REACTORS
330
15D4
102
}
330
15D4
100
AcDbXrecord
280
     1
  1
211100-1
  0
XRECORD
  5
15D8
102
{ACAD_REACTORS
330
15D7
102
}
330
15D7
100
AcDbXrecord
280
     1
  1
211100-1
  0
XRECORD
  5
15DB
102
{ACAD_REACTORS
330
15DA
102
}
330
15DA
100
AcDbXrecord
280
     1
  1
211100-1
  0
XRECORD
  5
15DE
102
{ACAD_REACTORS
330
15DD
102
}
330
15DD
100
AcDbXrecord
280
     1
  1
211100-1
  0
XRECORD
  5
15E1
102
{ACAD_REACTORS
330
15E0
102
}
330
15E0
100
AcDbXrecord
280
     1
  1
211100-1
  0
XRECORD
  5
15E4
102
{ACAD_REACTORS
330
15E3
102
}
330
15E3
100
AcDbXrecord
280
     1
  1
211100-1
  0
XRECORD
  5
15E7
102
{ACAD_REACTORS
330
15E6
102
}
330
15E6
100
AcDbXrecord
280
     1
  1
211100-1
  0
XRECORD
  5
15EA
102
{ACAD_REACTORS
330
15E9
102
}
330
15E9
100
AcDbXrecord
280
     1
  1
211100-1
  0
XRECORD
  5
15ED
102
{ACAD_REACTORS
330
15EC
102
}
330
15EC
100
AcDbXrecord
280
     1
  1
211100-1
  0
XRECORD
  5
15F0
102
{ACAD_REACTORS
330
15EF
102
}
330
15EF
100
AcDbXrecord
280
     1
  1
211100-1
  0
XRECORD
  5
15F3
102
{ACAD_REACTORS
330
15F2
102
}
330
15F2
100
AcDbXrecord
280
     1
  1
211100-1
  0
XRECORD
  5
15F6
102
{ACAD_REACTORS
330
15F5
102
}
330
15F5
100
AcDbXrecord
280
     1
  1
211100-1
  0
XRECORD
  5
15F9
102
{ACAD_REACTORS
330
15F8
102
}
330
15F8
100
AcDbXrecord
280
     1
  1
211100-1
  0
XRECORD
  5
15FC
102
{ACAD_REACTORS
330
15FB
102
}
330
15FB
100
AcDbXrecord
280
     1
  1
211100-1
  0
XRECORD
  5
15FF
102
{ACAD_REACTORS
330
15FE
102
}
330
15FE
100
AcDbXrecord
280
     1
  1
211100-1
  0
XRECORD
  5
1602
102
{ACAD_REACTORS
330
1601
102
}
330
1601
100
AcDbXrecord
280
     1
  1
211110
  1
211110
  1
211110
  1
211110
  0
XRECORD
  5
1605
102
{ACAD_REACTORS
330
1604
102
}
330
1604
100
AcDbXrecord
280
     1
  1
216100
  1
216100
  1
216100
  1
216100
  1
216100
  1
216100
  1
216100
  1
216100
  1
216100
  1
216100
  1
216100
  1
216100
  1
216100
  1

  1
216100
  1
216100
  0
ACDBDETAILVIEWSTYLE
  5
1AC
102
{ACAD_REACTORS
330
1AB
102
}
330
1AB
100
AcDbModelDocViewStyle
 70
     0
  3
Imperial24
290
     0
300
Imperial24
 90
        0
100
AcDbDetailViewStyle
 70
     0
 71
     0
 90
        3
 71
     1
340
11
 62
   256
 40
0.24
340
0
 62
   256
 40
0.24
300

 40
0.36
280
     3
 71
     2
340
16
 90
       25
 62
   256
 71
     3
340
11
 62
   256
 40
0.24
 90
        1
 40
0.75
 90
        1
300
%<\AcVar ViewType \f "%tc1">% %<\AcVar ViewDetailId>%\PSCALE %<\AcVar ViewScale \f "%sn">%
 71
     4
340
16
 90
       25
 62
   256
340
16
 90
       25
 62
   256
280
     0
  0
ACDBDETAILVIEWSTYLE
  5
818
102
{ACAD_REACTORS
330
1AB
102
}
330
1AB
100
AcDbModelDocViewStyle
 70
     0
  3
Metric50
290
     0
300
Metric50
 90
        0
100
AcDbDetailViewStyle
 70
     0
 71
     0
 90
        3
 71
     1
340
11
 62
   256
 40
5.0
340
0
 62
   256
 40
5.0
300

 40
0.0
280
     1
 71
     2
340
16
 90
       25
 62
   256
 71
     3
340
11
 62
   256
 40
5.0
 90
        0
 40
15.0
 90
        1
300
%<\AcVar ViewDetailId>% (%<\AcVar ViewScale \f "%sn">%)
 71
     4
340
16
 90
       25
 62
   256
340
16
 90
       25
 62
   256
280
     0
  0
LAYOUT
  5
22
102
{ACAD_XDICTIONARY
360
194
102
}
102
{ACAD_REACTORS
330
1A
102
}
330
1A
100
AcDbPlotSettings
  1

  2
none_device
  4
ANSI_A_(8.50_x_11.00_Inches)
  6

 40
6.349999904632567
 41
19.04999923706055
 42
6.350006103515625
 43
19.04998779296875
 44
215.8999938964844
 45
279.3999938964844
 46
0.0
 47
0.0
 48
0.0
 49
0.0
140
0.0
141
0.0
142
1.0
143
2.584895464708373
 70
 11952
 72
     0
 73
     1
 74
     0
  7

 75
     0
147
0.3868628397755418
 76
     0
 77
     2
 78
   300
148
0.0
149
0.0
100
AcDbLayout
  1
Model
 70
     1
 71
     0
 10
0.0
 20
0.0
 11
12.0
 21
9.0
 12
0.0
 22
0.0
 32
0.0
 14
0.0
 24
0.0
 34
0.0
 15
0.0
 25
0.0
 35
0.0
146
0.0
 13
0.0
 23
0.0
 33
0.0
 16
1.0
 26
0.0
 36
0.0
 17
0.0
 27
1.0
 37
0.0
 76
     0
330
1F
331
94
  0
LAYOUT
  5
59
102
{ACAD_REACTORS
330
1A
102
}
330
1A
100
AcDbPlotSettings
  1

  2
None
  4

  6

 40
0.0
 41
0.0
 42
0.0
 43
0.0
 44
0.0
 45
0.0
 46
0.0
 47
0.0
 48
0.0
 49
0.0
140
0.0
141
0.0
142
1.0
143
1.0
 70
   688
 72
     0
 73
     0
 74
     5
  7

 75
    16
147
1.0
 76
     0
 77
     2
 78
   300
148
0.0
149
0.0
100
AcDbLayout
  1
布局1
 70
     1
 71
     1
 10
0.0
 20
0.0
 11
12.0
 21
9.0
 12
0.0
 22
0.0
 32
0.0
 14
0.0
 24
0.0
 34
0.0
 15
0.0
 25
0.0
 35
0.0
146
0.0
 13
0.0
 23
0.0
 33
0.0
 16
1.0
 26
0.0
 36
0.0
 17
0.0
 27
1.0
 37
0.0
 76
     0
330
58
  0
LAYOUT
  5
5E
102
{ACAD_REACTORS
330
1A
102
}
330
1A
100
AcDbPlotSettings
  1

  2
None
  4

  6

 40
0.0
 41
0.0
 42
0.0
 43
0.0
 44
0.0
 45
0.0
 46
0.0
 47
0.0
 48
0.0
 49
0.0
140
0.0
141
0.0
142
1.0
143
1.0
 70
   688
 72
     0
 73
     0
 74
     5
  7

 75
    16
147
1.0
 76
     0
 77
     2
 78
   300
148
0.0
149
0.0
100
AcDbLayout
  1
布局2
 70
     1
 71
     2
 10
0.0
 20
0.0
 11
12.0
 21
9.0
 12
0.0
 22
0.0
 32
0.0
 14
0.0
 24
0.0
 34
0.0
 15
0.0
 25
0.0
 35
0.0
146
0.0
 13
0.0
 23
0.0
 33
0.0
 16
1.0
 26
0.0
 36
0.0
 17
0.0
 27
1.0
 37
0.0
 76
     0
330
5D
  0
MATERIAL
  5
97
102
{ACAD_XDICTIONARY
360
188
102
}
102
{ACAD_REACTORS
330
72
102
}
330
72
100
AcDbMaterial
  1
ByBlock
 94
       63
  0
MATERIAL
  5
96
102
{ACAD_XDICTIONARY
360
186
102
}
102
{ACAD_REACTORS
330
72
102
}
330
72
100
AcDbMaterial
  1
ByLayer
 94
       63
  0
MATERIAL
  5
98
102
{ACAD_XDICTIONARY
360
110
102
}
102
{ACAD_REACTORS
330
72
102
}
330
72
100
AcDbMaterial
  1
Global
 43
0.0208000000566244
 43
0.0
 43
0.0
 43
0.0
 43
0.0
 43
0.0208000000566244
 43
0.0
 43
0.0
 43
0.0
 43
0.0
 43
1.0
 43
0.0
 43
0.0
 43
0.0
 43
0.0
 43
1.0
 49
0.0208000000566244
 49
0.0
 49
0.0
 49
0.0
 49
0.0
 49
0.0208000000566244
 49
0.0
 49
0.0
 49
0.0
 49
0.0
 49
1.0
 49
0.0
 49
0.0
 49
0.0
 49
0.0
 49
1.0
142
0.0208000000566244
142
0.0
142
0.0
142
0.0
142
0.0
142
0.0208000000566244
142
0.0
142
0.0
142
0.0
142
0.0
142
1.0
142
0.0
142
0.0
142
0.0
142
0.0
142
1.0
144
0.0208000000566244
144
0.0
144
0.0
144
0.0
144
0.0
144
0.0208000000566244
144
0.0
144
0.0
144
0.0
144
0.0
144
1.0
144
0.0
144
0.0
144
0.0
144
0.0
144
1.0
 94
       63
1001
ACAD
1070
    -1
1070
     3
1070
     0
1000

1071
        0
1070
     0
  0
MLEADERSTYLE
  5
E5
102
{ACAD_REACTORS
330
D7
102
}
330
D7
100
AcDbMLeaderStyle
179
     2
170
     2
171
     1
172
     0
 90
        2
 40
0.0
 41
0.0
173
     1
 91
-1056964608
340
14
 92
       -2
290
     1
 42
0.09
291
     1
 43
0.36
  3
Standard
 44
0.18
300

342
11
174
     1
178
     1
175
     1
176
     0
 93
-1056964608
 45
0.18
292
     0
297
     0
 46
0.18
 94
-1056964608
 47
1.0
 49
1.0
140
1.0
293
     1
141
0.0
294
     1
177
     0
142
1.0
295
     0
296
     1
143
0.125
271
     0
272
     9
273
     9
298
     0
  0
MLEADERSTYLE
  5
D8
102
{ACAD_REACTORS
330
D7
102
}
330
D7
100
AcDbMLeaderStyle
179
     2
170
     2
171
     1
172
     0
 90
        2
 40
0.0
 41
0.0
173
     1
 91
-1056964608
340
14
 92
       -2
290
     1
 42
0.09
291
     1
 43
0.36
  3
Standard
 44
0.18
300

342
11
174
     1
178
     1
175
     1
176
     0
 93
-1056964608
 45
0.18
292
     0
297
     0
 46
0.18
 94
-1056964608
 47
1.0
 49
1.0
140
1.0
293
     1
141
0.0
294
     1
177
     0
142
1.0
295
     0
296
     0
143
0.125
271
     0
272
     9
273
     9
298
     0
  0
MLINESTYLE
  5
18
102
{ACAD_REACTORS
330
17
102
}
330
17
100
AcDbMlineStyle
  2
STANDARD
 70
     0
  3

 62
   256
 51
90.0
 52
90.0
 71
     2
 49
0.5
 62
   256
  6
BYLAYER
 49
-0.5
 62
   256
  6
BYLAYER
  0
ACDBPLACEHOLDER
  5
F
102
{ACAD_REACTORS
330
E
102
}
330
E
  0
SCALE
  5
B7
102
{ACAD_REACTORS
330
B6
102
}
330
B6
100
AcDbScale
 70
     0
300
1:1
140
1.0
141
1.0
290
     1
  0
SCALE
  5
124
102
{ACAD_REACTORS
330
B6
102
}
330
B6
100
AcDbScale
 70
     0
300
1:2
140
1.0
141
2.0
290
     0
  0
SCALE
  5
125
102
{ACAD_REACTORS
330
B6
102
}
330
B6
100
AcDbScale
 70
     0
300
1:4
140
1.0
141
4.0
290
     0
  0
SCALE
  5
126
102
{ACAD_REACTORS
330
B6
102
}
330
B6
100
AcDbScale
 70
     0
300
1:5
140
1.0
141
5.0
290
     0
  0
SCALE
  5
127
102
{ACAD_REACTORS
330
B6
102
}
330
B6
100
AcDbScale
 70
     0
300
1:8
140
1.0
141
8.0
290
     0
  0
SCALE
  5
128
102
{ACAD_REACTORS
330
B6
102
}
330
B6
100
AcDbScale
 70
     0
300
1:10
140
1.0
141
10.0
290
     0
  0
SCALE
  5
129
102
{ACAD_REACTORS
330
B6
102
}
330
B6
100
AcDbScale
 70
     0
300
1:16
140
1.0
141
16.0
290
     0
  0
SCALE
  5
12A
102
{ACAD_REACTORS
330
B6
102
}
330
B6
100
AcDbScale
 70
     0
300
1:20
140
1.0
141
20.0
290
     0
  0
SCALE
  5
12B
102
{ACAD_REACTORS
330
B6
102
}
330
B6
100
AcDbScale
 70
     0
300
1:30
140
1.0
141
30.0
290
     0
  0
SCALE
  5
12C
102
{ACAD_REACTORS
330
B6
102
}
330
B6
100
AcDbScale
 70
     0
300
1:40
140
1.0
141
40.0
290
     0
  0
SCALE
  5
12D
102
{ACAD_REACTORS
330
B6
102
}
330
B6
100
AcDbScale
 70
     0
300
1:50
140
1.0
141
50.0
290
     0
  0
SCALE
  5
12E
102
{ACAD_REACTORS
330
B6
102
}
330
B6
100
AcDbScale
 70
     0
300
1:100
140
1.0
141
100.0
290
     0
  0
SCALE
  5
12F
102
{ACAD_REACTORS
330
B6
102
}
330
B6
100
AcDbScale
 70
     0
300
2:1
140
2.0
141
1.0
290
     0
  0
SCALE
  5
130
102
{ACAD_REACTORS
330
B6
102
}
330
B6
100
AcDbScale
 70
     0
300
4:1
140
4.0
141
1.0
290
     0
  0
SCALE
  5
131
102
{ACAD_REACTORS
330
B6
102
}
330
B6
100
AcDbScale
 70
     0
300
8:1
140
8.0
141
1.0
290
     0
  0
SCALE
  5
132
102
{ACAD_REACTORS
330
B6
102
}
330
B6
100
AcDbScale
 70
     0
300
10:1
140
10.0
141
1.0
290
     0
  0
SCALE
  5
133
102
{ACAD_REACTORS
330
B6
102
}
330
B6
100
AcDbScale
 70
     0
300
100:1
140
100.0
141
1.0
290
     0
  0
SCALE
  5
134
102
{ACAD_REACTORS
330
B6
102
}
330
B6
100
AcDbScale
 70
     0
300
1/128" = 1'-0"
140
0.0078125
141
12.0
290
     0
  0
SCALE
  5
135
102
{ACAD_REACTORS
330
B6
102
}
330
B6
100
AcDbScale
 70
     0
300
1/64" = 1'-0"
140
0.015625
141
12.0
290
     0
  0
SCALE
  5
136
102
{ACAD_REACTORS
330
B6
102
}
330
B6
100
AcDbScale
 70
     0
300
1/32" = 1'-0"
140
0.03125
141
12.0
290
     0
  0
SCALE
  5
137
102
{ACAD_REACTORS
330
B6
102
}
330
B6
100
AcDbScale
 70
     0
300
1/16" = 1'-0"
140
0.0625
141
12.0
290
     0
  0
SCALE
  5
138
102
{ACAD_REACTORS
330
B6
102
}
330
B6
100
AcDbScale
 70
     0
300
3/32" = 1'-0"
140
0.09375
141
12.0
290
     0
  0
SCALE
  5
139
102
{ACAD_REACTORS
330
B6
102
}
330
B6
100
AcDbScale
 70
     0
300
1/8" = 1'-0"
140
0.125
141
12.0
290
     0
  0
SCALE
  5
13A
102
{ACAD_REACTORS
330
B6
102
}
330
B6
100
AcDbScale
 70
     0
300
3/16" = 1'-0"
140
0.1875
141
12.0
290
     0
  0
SCALE
  5
13B
102
{ACAD_REACTORS
330
B6
102
}
330
B6
100
AcDbScale
 70
     0
300
1/4" = 1'-0"
140
0.25
141
12.0
290
     0
  0
SCALE
  5
13C
102
{ACAD_REACTORS
330
B6
102
}
330
B6
100
AcDbScale
 70
     0
300
3/8" = 1'-0"
140
0.375
141
12.0
290
     0
  0
SCALE
  5
13D
102
{ACAD_REACTORS
330
B6
102
}
330
B6
100
AcDbScale
 70
     0
300
1/2" = 1'-0"
140
0.5
141
12.0
290
     0
  0
SCALE
  5
13E
102
{ACAD_REACTORS
330
B6
102
}
330
B6
100
AcDbScale
 70
     0
300
3/4" = 1'-0"
140
0.75
141
12.0
290
     0
  0
SCALE
  5
13F
102
{ACAD_REACTORS
330
B6
102
}
330
B6
100
AcDbScale
 70
     0
300
1" = 1'-0"
140
1.0
141
12.0
290
     0
  0
SCALE
  5
140
102
{ACAD_REACTORS
330
B6
102
}
330
B6
100
AcDbScale
 70
     0
300
1-1/2" = 1'-0"
140
1.5
141
12.0
290
     0
  0
SCALE
  5
141
102
{ACAD_REACTORS
330
B6
102
}
330
B6
100
AcDbScale
 70
     0
300
3" = 1'-0"
140
3.0
141
12.0
290
     0
  0
SCALE
  5
142
102
{ACAD_REACTORS
330
B6
102
}
330
B6
100
AcDbScale
 70
     0
300
6" = 1'-0"
140
6.0
141
12.0
290
     0
  0
SCALE
  5
143
102
{ACAD_REACTORS
330
B6
102
}
330
B6
100
AcDbScale
 70
     0
300
1'-0" = 1'-0"
140
12.0
141
12.0
290
     0
  0
ACDBSECTIONVIEWSTYLE
  5
1AA
102
{ACAD_REACTORS
330
1A8
102
}
330
1A8
100
AcDbModelDocViewStyle
 70
     0
  3
Imperial24
290
     0
300
Imperial24
 90
        0
100
AcDbSectionViewStyle
 70
     0
 71
     0
 90
       78
 71
     1
340
11
 62
   256
 40
0.24
340
0
340
0
 62
   256
 40
0.24
300
I, O, Q, S, X, Z
 40
0.48
 90
        3
 40
0.18
 90
        1
 71
     2
340
16
 90
       25
 62
   256
340
16
 90
       50
 62
   256
 40
0.24
 40
0.0
 40
0.24
 71
     3
340
11
 62
   256
 40
0.24
 90
        1
 40
0.75
 90
        1
300
%<\AcVar ViewType \f "%tc1">% %<\AcVar ViewSectionStartId>%-%<\AcVar ViewSectionEndId>%\PSCALE %<\AcVar ViewScale \f "%sn">%
 71
     4
 62
   256
 62
   257
300
ANSI31
 40
1.0
 90
        0
290
     0
290
     0
 90
        6
 40
0.0
 40
1.570796326794896
 40
0.2617993877991494
 40
1.308996938995747
 40
-0.2617993877991494
 40
1.832595714594044
  0
ACDBSECTIONVIEWSTYLE
  5
817
102
{ACAD_REACTORS
330
1A8
102
}
330
1A8
100
AcDbModelDocViewStyle
 70
     0
  3
Metric50
290
     0
300
Metric50
 90
        0
100
AcDbSectionViewStyle
 70
     0
 71
     0
 90
      102
 71
     1
340
11
 62
   256
 40
5.0
340
0
340
0
 62
   256
 40
5.0
300
I, O, Q, S, X, Z
 40
10.0
 90
        0
 40
2.5
 90
        0
 71
     2
340
16
 90
       25
 62
   256
340
16
 90
       50
 62
   256
 40
5.0
 40
2.5
 40
5.0
 71
     3
340
11
 62
   256
 40
5.0
 90
        0
 40
15.0
 90
        1
300
%<\AcVar ViewSectionStartId>%-%<\AcVar ViewSectionEndId>% (%<\AcVar ViewScale \f "%sn">%)
 71
     4
 62
   256
 62
   257
300
ANSI31
 40
1.0
 90
        0
290
     0
290
     0
 90
        6
 40
0.0
 40
1.570796326794896
 40
0.2617993877991494
 40
1.308996938995747
 40
-0.2617993877991494
 40
1.832595714594044
  0
TABLESTYLE
  5
87
102
{ACAD_XDICTIONARY
360
104
102
}
102
{ACAD_REACTORS
330
86
102
}
330
86
100
AcDbTableStyle
280
     0
  3
Standard
 70
     0
 71
     0
 40
0.06
 41
0.06
280
     0
281
     0
  7
Standard
140
0.18
170
     2
 62
     0
 63
     7
283
     0
 90
      512
 91
        0
  1

274
    -2
284
     1
 64
     0
275
    -2
285
     1
 65
     0
276
    -2
286
     1
 66
     0
277
    -2
287
     1
 67
     0
278
    -2
288
     1
 68
     0
279
    -2
289
     1
 69
     0
  7
Standard
140
0.25
170
     5
 62
     0
 63
     7
283
     0
 90
      512
 91
        0
  1

274
    -2
284
     1
 64
     0
275
    -2
285
     1
 65
     0
276
    -2
286
     1
 66
     0
277
    -2
287
     1
 67
     0
278
    -2
288
     1
 68
     0
279
    -2
289
     1
 69
     0
  7
Standard
140
0.18
170
     5
 62
     0
 63
     7
283
     0
 90
      512
 91
        0
  1

274
    -2
284
     1
 64
     0
275
    -2
285
     1
 65
     0
276
    -2
286
     1
 66
     0
277
    -2
287
     1
 67
     0
278
    -2
288
     1
 68
     0
279
    -2
289
     1
 69
     0
  0
VISUALSTYLE
  5
9F
102
{ACAD_REACTORS
330
99
102
}
330
99
100
AcDbVisualStyle
  2
2dWireframe
 70
     4
177
     3
291
     0
 70
    58
 90
        0
176
     1
 90
        2
176
     1
 90
        1
176
     1
 90
        0
176
     1
 40
0.6
176
     1
 40
30.0
176
     1
 62
     7
420
 16777215
176
     1
 90
        1
176
     1
 90
        4
176
     1
 62
     7
176
     1
 62
   257
176
     1
 90
        1
176
     1
 90
        1
176
     1
 40
1.0
176
     1
 90
        0
176
     1
 62
   257
176
     1
 40
1.0
176
     1
 90
        1
176
     1
 90
        6
176
     1
 90
        2
176
     1
 62
     7
176
     1
 90
        5
176
     1
 90
        0
176
     1
 90
        0
176
     1
290
     0
176
     1
 90
        1
176
     1
 40
0.0
176
     1
 90
        0
176
     1
290
     1
176
     1
290
     1
176
     1
290
     0
176
     1
290
     0
176
     1
290
     0
176
     1
290
     0
176
     1
290
     0
176
     1
290
     0
176
     1
290
     0
176
     1
 90
       50
176
     1
 40
0.0
176
     1
 40
1.0
176
     1
 90
        0
176
     1
 62
    18
176
     1
 90
       50
176
     1
 90
        3
176
     1
 62
     5
420
      255
176
     1
290
     0
176
     1
 90
       50
176
     1
 90
       50
176
     1
 90
       50
176
     1
290
     0
176
     1
 90
       50
176
     1
 62
   256
176
     0
 40
1.0
176
     0
 90
        2
176
     1
  1
strokes_ogs.tif
176
     1
290
     0
176
     1
 40
1.0
176
     1
 40
1.0
176
     1
1001
ACAD
1000
AcDbSavedByObjectVersion
1070
     0
  0
VISUALSTYLE
  5
9E
102
{ACAD_REACTORS
330
99
102
}
330
99
100
AcDbVisualStyle
  2
Basic
 70
     7
177
     3
291
     1
 70
    58
 90
        1
176
     1
 90
        0
176
     1
 90
        1
176
     1
 90
        0
176
     1
 40
0.6
176
     1
 40
30.0
176
     1
 62
     7
420
 16777215
176
     1
 90
        0
176
     1
 90
        4
176
     1
 62
     7
176
     1
 62
   257
176
     1
 90
        1
176
     1
 90
        1
176
     1
 40
1.0
176
     1
 90
        8
176
     1
 62
     7
176
     1
 40
1.0
176
     1
 90
        1
176
     1
 90
        6
176
     1
 90
        2
176
     1
 62
     7
176
     1
 90
        5
176
     1
 90
        0
176
     1
 90
        0
176
     1
290
     0
176
     1
 90
        1
176
     1
 40
0.0
176
     1
 90
        0
176
     1
290
     0
176
     1
290
     1
176
     1
290
     1
176
     1
290
     0
176
     1
290
     0
176
     1
290
     0
176
     1
290
     0
176
     1
290
     0
176
     1
290
     0
176
     1
 90
       50
176
     1
 40
0.0
176
     1
 40
1.0
176
     1
 90
        0
176
     1
 62
    18
176
     1
 90
       50
176
     1
 90
        3
176
     1
 62
     5
420
      255
176
     1
290
     0
176
     1
 90
       50
176
     1
 90
       50
176
     1
 90
       50
176
     1
290
     0
176
     1
 90
       50
176
     1
 62
   256
176
     0
 40
1.0
176
     0
 90
        2
176
     1
  1
strokes_ogs.tif
176
     1
290
     0
176
     1
 40
1.0
176
     1
 40
1.0
176
     1
1001
ACAD
1000
AcDbSavedByObjectVersion
1070
     0
  0
VISUALSTYLE
  5
A5
102
{ACAD_REACTORS
330
99
102
}
330
99
100
AcDbVisualStyle
  2
Brighten
 70
    12
177
     3
291
     1
 70
    58
 90
        2
176
     1
 90
        2
176
     1
 90
        1
176
     1
 90
        0
176
     1
 40
0.6
176
     1
 40
30.0
176
     1
 62
     7
420
 16777215
176
     1
 90
        1
176
     1
 90
        4
176
     1
 62
     7
176
     1
 62
   257
176
     1
 90
        1
176
     1
 90
        1
176
     1
 40
1.0
176
     1
 90
        8
176
     1
 62
     7
176
     1
 40
1.0
176
     1
 90
        1
176
     1
 90
        6
176
     1
 90
        2
176
     1
 62
     7
176
     1
 90
        5
176
     1
 90
        0
176
     1
 90
        0
176
     1
290
     0
176
     1
 90
        1
176
     1
 40
50.0
176
     1
 90
        0
176
     1
290
     0
176
     1
290
     1
176
     1
290
     1
176
     1
290
     0
176
     1
290
     0
176
     1
290
     0
176
     1
290
     0
176
     1
290
     0
176
     1
290
     0
176
     1
 90
       50
176
     1
 40
0.0
176
     1
 40
1.0
176
     1
 90
        0
176
     1
 62
    18
176
     1
 90
       50
176
     1
 90
        3
176
     1
 62
     5
420
      255
176
     1
290
     0
176
     1
 90
       50
176
     1
 90
       50
176
     1
 90
       50
176
     1
290
     0
176
     1
 90
       50
176
     1
 62
   256
176
     0
 40
1.0
176
     0
 90
        2
176
     1
  1
strokes_ogs.tif
176
     1
290
     0
176
     1
 40
1.0
176
     1
 40
1.0
176
     1
1001
ACAD
1000
AcDbSavedByObjectVersion
1070
     0
  0
VISUALSTYLE
  5
A9
102
{ACAD_REACTORS
330
99
102
}
330
99
100
AcDbVisualStyle
  2
ColorChange
 70
    16
177
     3
291
     1
 70
    58
 90
        2
176
     1
 90
        2
176
     1
 90
        3
176
     1
 90
        0
176
     1
 40
0.6
176
     1
 40
30.0
176
     1
 62
     8
420
  8421504
176
     1
 90
        1
176
     1
 90
        4
176
     1
 62
     7
176
     1
 62
   257
176
     1
 90
        1
176
     1
 90
        1
176
     1
 40
1.0
176
     1
 90
        8
176
     1
 62
     8
420
  8421504
176
     1
 40
1.0
176
     1
 90
        1
176
     1
 90
        6
176
     1
 90
        2
176
     1
 62
     7
176
     1
 90
        5
176
     1
 90
        0
176
     1
 90
        0
176
     1
290
     0
176
     1
 90
        1
176
     1
 40
0.0
176
     1
 90
        0
176
     1
290
     0
176
     1
290
     1
176
     1
290
     1
176
     1
290
     0
176
     1
290
     0
176
     1
290
     0
176
     1
290
     0
176
     1
290
     0
176
     1
290
     0
176
     1
 90
       50
176
     1
 40
0.0
176
     1
 40
1.0
176
     1
 90
        0
176
     1
 62
    18
176
     1
 90
       50
176
     1
 90
        3
176
     1
 62
     5
420
      255
176
     1
290
     0
176
     1
 90
       50
176
     1
 90
       50
176
     1
 90
       50
176
     1
290
     0
176
     1
 90
       50
176
     1
 62
   256
176
     0
 40
1.0
176
     0
 90
        2
176
     1
  1
strokes_ogs.tif
176
     1
290
     0
176
     1
 40
1.0
176
     1
 40
1.0
176
     1
1001
ACAD
1000
AcDbSavedByObjectVersion
1070
     0
  0
VISUALSTYLE
  5
A2
102
{ACAD_REACTORS
330
99
102
}
330
99
100
AcDbVisualStyle
  2
Conceptual
 70
     9
177
     3
291
     0
 70
    58
 90
        3
176
     1
 90
        2
176
     1
 90
        1
176
     1
 90
        0
176
     1
 40
0.6
176
     1
 40
30.0
176
     1
 62
     7
420
 16777215
176
     1
 90
        2
176
     1
 90
        2
176
     1
 62
     7
176
     1
 62
   257
176
     1
 90
        1
176
     1
 90
        1
176
     1
 40
40.0
176
     1
 90
        8
176
     1
 62
     7
176
     1
 40
1.0
176
     1
 90
        1
176
     1
 90
        6
176
     1
 90
        2
176
     1
 62
     7
176
     1
 90
        3
176
     1
 90
        0
176
     1
 90
        0
176
     1
290
     0
176
     1
 90
        1
176
     1
 40
0.0
176
     1
 90
        0
176
     1
290
     0
176
     1
290
     1
176
     1
290
     1
176
     1
290
     0
176
     1
290
     0
176
     1
290
     0
176
     1
290
     0
176
     1
290
     0
176
     1
290
     0
176
     1
 90
       50
176
     1
 40
0.0
176
     1
 40
1.0
176
     1
 90
        0
176
     1
 62
    18
176
     1
 90
       50
176
     1
 90
        3
176
     1
 62
     5
420
      255
176
     1
290
     0
176
     1
 90
       50
176
     1
 90
       50
176
     1
 90
       50
176
     1
290
     0
176
     1
 90
       50
176
     1
 62
   256
176
     0
 40
1.0
176
     0
 90
        2
176
     1
  1
strokes_ogs.tif
176
     1
290
     0
176
     1
 40
1.0
176
     1
 40
1.0
176
     1
1001
ACAD
1000
AcDbSavedByObjectVersion
1070
     0
  0
VISUALSTYLE
  5
A4
102
{ACAD_REACTORS
330
99
102
}
330
99
100
AcDbVisualStyle
  2
Dim
 70
    11
177
     3
291
     1
 70
    58
 90
        2
176
     1
 90
        2
176
     1
 90
        1
176
     1
 90
        0
176
     1
 40
0.6
176
     1
 40
30.0
176
     1
 62
     7
420
 16777215
176
     1
 90
        1
176
     1
 90
        4
176
     1
 62
     7
176
     1
 62
   257
176
     1
 90
        1
176
     1
 90
        1
176
     1
 40
1.0
176
     1
 90
        8
176
     1
 62
     7
176
     1
 40
1.0
176
     1
 90
        1
176
     1
 90
        6
176
     1
 90
        2
176
     1
 62
     7
176
     1
 90
        5
176
     1
 90
        0
176
     1
 90
        0
176
     1
290
     0
176
     1
 90
        1
176
     1
 40
-50.0
176
     1
 90
        0
176
     1
290
     0
176
     1
290
     1
176
     1
290
     1
176
     1
290
     0
176
     1
290
     0
176
     1
290
     0
176
     1
290
     0
176
     1
290
     0
176
     1
290
     0
176
     1
 90
       50
176
     1
 40
0.0
176
     1
 40
1.0
176
     1
 90
        0
176
     1
 62
    18
176
     1
 90
       50
176
     1
 90
        3
176
     1
 62
     5
420
      255
176
     1
290
     0
176
     1
 90
       50
176
     1
 90
       50
176
     1
 90
       50
176
     1
290
     0
176
     1
 90
       50
176
     1
 62
   256
176
     0
 40
1.0
176
     0
 90
        2
176
     1
  1
strokes_ogs.tif
176
     1
290
     0
176
     1
 40
1.0
176
     1
 40
1.0
176
     1
1001
ACAD
1000
AcDbSavedByObjectVersion
1070
     0
  0
VISUALSTYLE
  5
175
102
{ACAD_REACTORS
330
99
102
}
330
99
100
AcDbVisualStyle
  2
EdgeColorOff
 70
    22
177
     3
291
     1
 70
    58
 90
        2
176
     0
 90
        2
176
     0
 90
        0
176
     0
 90
        0
176
     0
 40
0.6
176
     0
 40
30.0
176
     0
 62
     7
420
 16777215
176
     0
 90
        1
176
     0
 90
        4
176
     0
 62
     7
176
     0
 62
   257
176
     0
 90
        1
176
     0
 90
        1
176
     0
 40
1.0
176
     0
 90
        8
176
     2
 62
     7
176
     0
 40
1.0
176
     0
 90
        1
176
     0
 90
        6
176
     0
 90
        2
176
     0
 62
     7
176
     0
 90
        5
176
     0
 90
        0
176
     0
 90
        0
176
     0
290
     0
176
     0
 90
        1
176
     0
 40
0.0
176
     0
 90
        0
176
     0
290
     0
176
     1
290
     1
176
     1
290
     1
176
     1
290
     0
176
     1
290
     0
176
     1
290
     0
176
     1
290
     0
176
     1
290
     0
176
     1
290
     0
176
     1
 90
       50
176
     1
 40
0.0
176
     1
 40
1.0
176
     1
 90
        0
176
     1
 62
    18
176
     1
 90
       50
176
     1
 90
        3
176
     1
 62
     5
420
      255
176
     1
290
     0
176
     1
 90
       50
176
     1
 90
       50
176
     1
 90
       50
176
     1
290
     0
176
     1
 90
       50
176
     1
 62
   256
176
     0
 40
1.0
176
     0
 90
        2
176
     1
  1
strokes_ogs.tif
176
     1
290
     0
176
     1
 40
1.0
176
     1
 40
1.0
176
     1
1001
ACAD
1000
AcDbSavedByObjectVersion
1070
     0
  0
VISUALSTYLE
  5
A8
102
{ACAD_REACTORS
330
99
102
}
330
99
100
AcDbVisualStyle
  2
Facepattern
 70
    15
177
     3
291
     1
 70
    58
 90
        2
176
     1
 90
        2
176
     1
 90
        1
176
     1
 90
        0
176
     1
 40
0.6
176
     1
 40
30.0
176
     1
 62
     7
420
 16777215
176
     1
 90
        1
176
     1
 90
        4
176
     1
 62
     7
176
     1
 62
   257
176
     1
 90
        1
176
     1
 90
        1
176
     1
 40
1.0
176
     1
 90
        8
176
     1
 62
     7
176
     1
 40
1.0
176
     1
 90
        1
176
     1
 90
        6
176
     1
 90
        2
176
     1
 62
     7
176
     1
 90
        5
176
     1
 90
        0
176
     1
 90
        0
176
     1
290
     0
176
     1
 90
        1
176
     1
 40
0.0
176
     1
 90
        0
176
     1
290
     0
176
     1
290
     1
176
     1
290
     1
176
     1
290
     0
176
     1
290
     0
176
     1
290
     0
176
     1
290
     0
176
     1
290
     0
176
     1
290
     0
176
     1
 90
       50
176
     1
 40
0.0
176
     1
 40
1.0
176
     1
 90
        0
176
     1
 62
    18
176
     1
 90
       50
176
     1
 90
        3
176
     1
 62
     5
420
      255
176
     1
290
     0
176
     1
 90
       50
176
     1
 90
       50
176
     1
 90
       50
176
     1
290
     0
176
     1
 90
       50
176
     1
 62
   256
176
     0
 40
1.0
176
     0
 90
        2
176
     1
  1
strokes_ogs.tif
176
     1
290
     0
176
     1
 40
1.0
176
     1
 40
1.0
176
     1
1001
ACAD
1000
AcDbSavedByObjectVersion
1070
     0
  0
VISUALSTYLE
  5
9A
102
{ACAD_REACTORS
330
99
102
}
330
99
100
AcDbVisualStyle
  2
Flat
 70
     0
177
     3
291
     1
 70
    58
 90
        2
176
     1
 90
        1
176
     1
 90
        1
176
     1
 90
        2
176
     1
 40
0.6
176
     1
 40
30.0
176
     1
 62
     7
420
 16777215
176
     1
 90
        0
176
     1
 90
        0
176
     1
 62
     7
176
     1
 62
   257
176
     1
 90
        1
176
     1
 90
        1
176
     1
 40
1.0
176
     1
 90
        8
176
     1
 62
     7
176
     1
 40
1.0
176
     1
 90
        1
176
     1
 90
        6
176
     1
 90
        2
176
     1
 62
     7
176
     1
 90
        5
176
     1
 90
        0
176
     1
 90
        0
176
     1
290
     0
176
     1
 90
       13
176
     1
 40
0.0
176
     1
 90
        0
176
     1
290
     0
176
     1
290
     1
176
     1
290
     1
176
     1
290
     0
176
     1
290
     0
176
     1
290
     0
176
     1
290
     0
176
     1
290
     0
176
     1
290
     0
176
     1
 90
       50
176
     1
 40
0.0
176
     1
 40
1.0
176
     1
 90
        0
176
     1
 62
    18
176
     1
 90
       50
176
     1
 90
        3
176
     1
 62
     5
420
      255
176
     1
290
     0
176
     1
 90
       50
176
     1
 90
       50
176
     1
 90
       50
176
     1
290
     0
176
     1
 90
       50
176
     1
 62
   256
176
     0
 40
1.0
176
     0
 90
        2
176
     1
  1
strokes_ogs.tif
176
     1
290
     0
176
     1
 40
1.0
176
     1
 40
1.0
176
     1
1001
ACAD
1000
AcDbSavedByObjectVersion
1070
     0
  0
VISUALSTYLE
  5
9B
102
{ACAD_REACTORS
330
99
102
}
330
99
100
AcDbVisualStyle
  2
FlatWithEdges
 70
     1
177
     3
291
     1
 70
    58
 90
        2
176
     1
 90
        1
176
     1
 90
        1
176
     1
 90
        2
176
     1
 40
0.6
176
     1
 40
30.0
176
     1
 62
     7
420
 16777215
176
     1
 90
        1
176
     1
 90
        0
176
     1
 62
     7
176
     1
 62
   257
176
     1
 90
        1
176
     1
 90
        1
176
     1
 40
1.0
176
     1
 90
        0
176
     1
 62
   257
176
     1
 40
1.0
176
     1
 90
        1
176
     1
 90
        6
176
     1
 90
        2
176
     1
 62
     7
176
     1
 90
        5
176
     1
 90
        0
176
     1
 90
        0
176
     1
290
     0
176
     1
 90
       13
176
     1
 40
0.0
176
     1
 90
        0
176
     1
290
     0
176
     1
290
     1
176
     1
290
     1
176
     1
290
     0
176
     1
290
     0
176
     1
290
     0
176
     1
290
     0
176
     1
290
     0
176
     1
290
     0
176
     1
 90
       50
176
     1
 40
0.0
176
     1
 40
1.0
176
     1
 90
        0
176
     1
 62
    18
176
     1
 90
       50
176
     1
 90
        3
176
     1
 62
     5
420
      255
176
     1
290
     0
176
     1
 90
       50
176
     1
 90
       50
176
     1
 90
       50
176
     1
290
     0
176
     1
 90
       50
176
     1
 62
   256
176
     0
 40
1.0
176
     0
 90
        2
176
     1
  1
strokes_ogs.tif
176
     1
290
     0
176
     1
 40
1.0
176
     1
 40
1.0
176
     1
1001
ACAD
1000
AcDbSavedByObjectVersion
1070
     0
  0
VISUALSTYLE
  5
9C
102
{ACAD_REACTORS
330
99
102
}
330
99
100
AcDbVisualStyle
  2
Gouraud
 70
     2
177
     3
291
     1
 70
    58
 90
        2
176
     1
 90
        2
176
     1
 90
        1
176
     1
 90
        2
176
     1
 40
0.6
176
     1
 40
30.0
176
     1
 62
     7
420
 16777215
176
     1
 90
        0
176
     1
 90
        0
176
     1
 62
     7
176
     1
 62
   257
176
     1
 90
        1
176
     1
 90
        1
176
     1
 40
1.0
176
     1
 90
        0
176
     1
 62
     7
176
     1
 40
1.0
176
     1
 90
        1
176
     1
 90
        6
176
     1
 90
        2
176
     1
 62
     7
176
     1
 90
        5
176
     1
 90
        0
176
     1
 90
        0
176
     1
290
     0
176
     1
 90
       13
176
     1
 40
0.0
176
     1
 90
        0
176
     1
290
     0
176
     1
290
     1
176
     1
290
     1
176
     1
290
     0
176
     1
290
     0
176
     1
290
     0
176
     1
290
     0
176
     1
290
     0
176
     1
290
     0
176
     1
 90
       50
176
     1
 40
0.0
176
     1
 40
1.0
176
     1
 90
        0
176
     1
 62
    18
176
     1
 90
       50
176
     1
 90
        3
176
     1
 62
     5
420
      255
176
     1
290
     0
176
     1
 90
       50
176
     1
 90
       50
176
     1
 90
       50
176
     1
290
     0
176
     1
 90
       50
176
     1
 62
   256
176
     0
 40
1.0
176
     0
 90
        2
176
     1
  1
strokes_ogs.tif
176
     1
290
     0
176
     1
 40
1.0
176
     1
 40
1.0
176
     1
1001
ACAD
1000
AcDbSavedByObjectVersion
1070
     0
  0
VISUALSTYLE
  5
9D
102
{ACAD_REACTORS
330
99
102
}
330
99
100
AcDbVisualStyle
  2
GouraudWithEdges
 70
     3
177
     3
291
     1
 70
    58
 90
        2
176
     1
 90
        2
176
     1
 90
        1
176
     1
 90
        2
176
     1
 40
0.6
176
     1
 40
30.0
176
     1
 62
     7
420
 16777215
176
     1
 90
        1
176
     1
 90
        0
176
     1
 62
     7
176
     1
 62
   257
176
     1
 90
        1
176
     1
 90
        1
176
     1
 40
1.0
176
     1
 90
        0
176
     1
 62
   257
176
     1
 40
1.0
176
     1
 90
        1
176
     1
 90
        6
176
     1
 90
        2
176
     1
 62
     7
176
     1
 90
        5
176
     1
 90
        0
176
     1
 90
        0
176
     1
290
     0
176
     1
 90
       13
176
     1
 40
0.0
176
     1
 90
        0
176
     1
290
     0
176
     1
290
     1
176
     1
290
     1
176
     1
290
     0
176
     1
290
     0
176
     1
290
     0
176
     1
290
     0
176
     1
290
     0
176
     1
290
     0
176
     1
 90
       50
176
     1
 40
0.0
176
     1
 40
1.0
176
     1
 90
        0
176
     1
 62
    18
176
     1
 90
       50
176
     1
 90
        3
176
     1
 62
     5
420
      255
176
     1
290
     0
176
     1
 90
       50
176
     1
 90
       50
176
     1
 90
       50
176
     1
290
     0
176
     1
 90
       50
176
     1
 62
   256
176
     0
 40
1.0
176
     0
 90
        2
176
     1
  1
strokes_ogs.tif
176
     1
290
     0
176
     1
 40
1.0
176
     1
 40
1.0
176
     1
1001
ACAD
1000
AcDbSavedByObjectVersion
1070
     0
  0
VISUALSTYLE
  5
A1
102
{ACAD_REACTORS
330
99
102
}
330
99
100
AcDbVisualStyle
  2
Hidden
 70
     6
177
     3
291
     0
 70
    58
 90
        1
176
     1
 90
        2
176
     1
 90
        2
176
     1
 90
        0
176
     1
 40
0.6
176
     1
 40
30.0
176
     1
 62
     7
420
 16777215
176
     1
 90
        2
176
     1
 90
        2
176
     1
 62
     7
176
     1
 62
   257
176
     1
 90
        2
176
     1
 90
        1
176
     1
 40
40.0
176
     1
 90
        0
176
     1
 62
   257
176
     1
 40
1.0
176
     1
 90
        1
176
     1
 90
        6
176
     1
 90
        2
176
     1
 62
     7
176
     1
 90
        3
176
     1
 90
        0
176
     1
 90
        0
176
     1
290
     0
176
     1
 90
        1
176
     1
 40
0.0
176
     1
 90
        0
176
     1
290
     0
176
     1
290
     1
176
     1
290
     1
176
     1
290
     0
176
     1
290
     0
176
     1
290
     0
176
     1
290
     0
176
     1
290
     0
176
     1
290
     0
176
     1
 90
       50
176
     1
 40
0.0
176
     1
 40
1.0
176
     1
 90
        0
176
     1
 62
    18
176
     1
 90
       50
176
     1
 90
        3
176
     1
 62
     5
420
      255
176
     1
290
     0
176
     1
 90
       50
176
     1
 90
       50
176
     1
 90
       50
176
     1
290
     0
176
     1
 90
       50
176
     1
 62
   256
176
     0
 40
1.0
176
     0
 90
        2
176
     1
  1
strokes_ogs.tif
176
     1
290
     0
176
     1
 40
1.0
176
     1
 40
1.0
176
     1
1001
ACAD
1000
AcDbSavedByObjectVersion
1070
     0
  0
VISUALSTYLE
  5
173
102
{ACAD_REACTORS
330
99
102
}
330
99
100
AcDbVisualStyle
  2
JitterOff
 70
    20
177
     3
291
     1
 70
    58
 90
        2
176
     0
 90
        2
176
     0
 90
        0
176
     0
 90
        0
176
     0
 40
0.6
176
     0
 40
30.0
176
     0
 62
     7
420
 16777215
176
     0
 90
        1
176
     0
 90
        4
176
     0
 62
     7
176
     0
 62
   257
176
     0
 90
        1
176
     0
 90
        1
176
     0
 40
1.0
176
     0
 90
       10
176
     2
 62
     7
176
     0
 40
1.0
176
     0
 90
        1
176
     0
 90
        6
176
     0
 90
        2
176
     0
 62
     7
176
     0
 90
        5
176
     0
 90
        0
176
     0
 90
        0
176
     0
290
     0
176
     0
 90
        1
176
     0
 40
0.0
176
     0
 90
        0
176
     0
290
     0
176
     1
290
     1
176
     1
290
     1
176
     1
290
     0
176
     1
290
     0
176
     1
290
     0
176
     1
290
     0
176
     1
290
     0
176
     1
290
     0
176
     1
 90
       50
176
     1
 40
0.0
176
     1
 40
1.0
176
     1
 90
        0
176
     1
 62
    18
176
     1
 90
       50
176
     1
 90
        3
176
     1
 62
     5
420
      255
176
     1
290
     0
176
     1
 90
       50
176
     1
 90
       50
176
     1
 90
       50
176
     1
290
     0
176
     1
 90
       50
176
     1
 62
   256
176
     0
 40
1.0
176
     0
 90
        2
176
     1
  1
strokes_ogs.tif
176
     1
290
     0
176
     1
 40
1.0
176
     1
 40
1.0
176
     1
1001
ACAD
1000
AcDbSavedByObjectVersion
1070
     0
  0
VISUALSTYLE
  5
A7
102
{ACAD_REACTORS
330
99
102
}
330
99
100
AcDbVisualStyle
  2
Linepattern
 70
    14
177
     3
291
     1
 70
    58
 90
        2
176
     1
 90
        2
176
     1
 90
        1
176
     1
 90
        0
176
     1
 40
0.6
176
     1
 40
30.0
176
     1
 62
     7
420
 16777215
176
     1
 90
        1
176
     1
 90
        4
176
     1
 62
     7
176
     1
 62
   257
176
     1
 90
        7
176
     1
 90
        7
176
     1
 40
1.0
176
     1
 90
        8
176
     1
 62
     7
176
     1
 40
1.0
176
     1
 90
        1
176
     1
 90
        6
176
     1
 90
        2
176
     1
 62
     7
176
     1
 90
        5
176
     1
 90
        0
176
     1
 90
        0
176
     1
290
     0
176
     1
 90
        1
176
     1
 40
0.0
176
     1
 90
        0
176
     1
290
     0
176
     1
290
     1
176
     1
290
     1
176
     1
290
     0
176
     1
290
     0
176
     1
290
     0
176
     1
290
     0
176
     1
290
     0
176
     1
290
     0
176
     1
 90
       50
176
     1
 40
0.0
176
     1
 40
1.0
176
     1
 90
        0
176
     1
 62
    18
176
     1
 90
       50
176
     1
 90
        3
176
     1
 62
     5
420
      255
176
     1
290
     0
176
     1
 90
       50
176
     1
 90
       50
176
     1
 90
       50
176
     1
290
     0
176
     1
 90
       50
176
     1
 62
   256
176
     0
 40
1.0
176
     0
 90
        2
176
     1
  1
strokes_ogs.tif
176
     1
290
     0
176
     1
 40
1.0
176
     1
 40
1.0
176
     1
1001
ACAD
1000
AcDbSavedByObjectVersion
1070
     0
  0
VISUALSTYLE
  5
174
102
{ACAD_REACTORS
330
99
102
}
330
99
100
AcDbVisualStyle
  2
OverhangOff
 70
    21
177
     3
291
     1
 70
    58
 90
        2
176
     0
 90
        2
176
     0
 90
        0
176
     0
 90
        0
176
     0
 40
0.6
176
     0
 40
30.0
176
     0
 62
     7
420
 16777215
176
     0
 90
        1
176
     0
 90
        4
176
     0
 62
     7
176
     0
 62
   257
176
     0
 90
        1
176
     0
 90
        1
176
     0
 40
1.0
176
     0
 90
        9
176
     2
 62
     7
176
     0
 40
1.0
176
     0
 90
        1
176
     0
 90
        6
176
     0
 90
        2
176
     0
 62
     7
176
     0
 90
        5
176
     0
 90
        0
176
     0
 90
        0
176
     0
290
     0
176
     0
 90
        1
176
     0
 40
0.0
176
     0
 90
        0
176
     0
290
     0
176
     1
290
     1
176
     1
290
     1
176
     1
290
     0
176
     1
290
     0
176
     1
290
     0
176
     1
290
     0
176
     1
290
     0
176
     1
290
     0
176
     1
 90
       50
176
     1
 40
0.0
176
     1
 40
1.0
176
     1
 90
        0
176
     1
 62
    18
176
     1
 90
       50
176
     1
 90
        3
176
     1
 62
     5
420
      255
176
     1
290
     0
176
     1
 90
       50
176
     1
 90
       50
176
     1
 90
       50
176
     1
290
     0
176
     1
 90
       50
176
     1
 62
   256
176
     0
 40
1.0
176
     0
 90
        2
176
     1
  1
strokes_ogs.tif
176
     1
290
     0
176
     1
 40
1.0
176
     1
 40
1.0
176
     1
1001
ACAD
1000
AcDbSavedByObjectVersion
1070
     0
  0
VISUALSTYLE
  5
A3
102
{ACAD_REACTORS
330
99
102
}
330
99
100
AcDbVisualStyle
  2
Realistic
 70
     8
177
     3
291
     0
 70
    58
 90
        2
176
     1
 90
        3
176
     1
 90
        0
176
     1
 90
        2
176
     1
 40
0.6
176
     1
 40
30.0
176
     1
 62
     7
420
 16777215
176
     1
 90
        0
176
     1
 90
        0
176
     1
 62
     7
176
     1
 62
   257
176
     1
 90
        1
176
     1
 90
        1
176
     1
 40
1.0
176
     1
 90
        8
176
     1
 62
   257
176
     1
 40
1.0
176
     1
 90
        1
176
     1
 90
        6
176
     1
 90
        2
176
     1
 62
     7
176
     1
 90
        3
176
     1
 90
        0
176
     1
 90
        0
176
     1
290
     0
176
     1
 90
       13
176
     1
 40
0.0
176
     1
 90
        0
176
     1
290
     0
176
     1
290
     1
176
     1
290
     1
176
     1
290
     0
176
     1
290
     0
176
     1
290
     0
176
     1
290
     0
176
     1
290
     0
176
     1
290
     0
176
     1
 90
       50
176
     1
 40
0.0
176
     1
 40
1.0
176
     1
 90
        0
176
     1
 62
    18
176
     1
 90
       50
176
     1
 90
        3
176
     1
 62
     5
420
      255
176
     1
290
     0
176
     1
 90
       50
176
     1
 90
       50
176
     1
 90
       50
176
     1
290
     0
176
     1
 90
       50
176
     1
 62
   256
176
     0
 40
1.0
176
     0
 90
        2
176
     1
  1
strokes_ogs.tif
176
     1
290
     0
176
     1
 40
1.0
176
     1
 40
1.0
176
     1
1001
ACAD
1000
AcDbSavedByObjectVersion
1070
     0
  0
VISUALSTYLE
  5
182
102
{ACAD_REACTORS
330
99
102
}
330
99
100
AcDbVisualStyle
  2
Shaded
 70
    27
177
     3
291
     0
 70
    58
 90
        2
176
     1
 90
        2
176
     1
 90
        1
176
     1
 90
        2
176
     1
 40
0.6
176
     1
 40
30.0
176
     1
 62
     7
420
 16777215
176
     1
 90
        0
176
     1
 90
        4
176
     1
 62
     7
176
     1
 62
   257
176
     1
 90
        1
176
     1
 90
        1
176
     1
 40
1.0
176
     1
 90
        8
176
     1
 62
   257
176
     1
 40
1.0
176
     1
 90
        1
176
     1
 90
        6
176
     1
 90
        2
176
     1
 62
     8
420
  7895160
176
     1
 90
        3
176
     1
 90
        0
176
     1
 90
        0
176
     1
290
     0
176
     1
 90
        5
176
     1
 40
0.0
176
     1
 90
        0
176
     1
290
     0
176
     1
290
     1
176
     1
290
     1
176
     1
290
     0
176
     1
290
     0
176
     1
290
     0
176
     1
290
     0
176
     1
290
     0
176
     1
290
     0
176
     1
 90
       50
176
     1
 40
0.0
176
     1
 40
1.0
176
     1
 90
        0
176
     1
 62
    18
176
     1
 90
       50
176
     1
 90
        3
176
     1
 62
     5
420
      255
176
     1
290
     0
176
     1
 90
       50
176
     1
 90
       50
176
     1
 90
       50
176
     1
290
     0
176
     1
 90
       50
176
     1
 62
   256
176
     0
 40
1.0
176
     0
 90
        2
176
     1
  1
strokes_ogs.tif
176
     1
290
     0
176
     1
 40
1.0
176
     1
 40
1.0
176
     1
1001
ACAD
1000
AcDbSavedByObjectVersion
1070
     0
  0
VISUALSTYLE
  5
181
102
{ACAD_REACTORS
330
99
102
}
330
99
100
AcDbVisualStyle
  2
Shaded with edges
 70
    26
177
     3
291
     0
 70
    58
 90
        2
176
     1
 90
        2
176
     1
 90
        1
176
     1
 90
        2
176
     1
 40
0.6
176
     1
 40
30.0
176
     1
 62
     7
420
 16777215
176
     1
 90
        1
176
     1
 90
        2
176
     1
 62
     7
176
     1
 62
   257
176
     1
 90
        2
176
     1
 90
        1
176
     1
 40
1.0
176
     1
 90
        8
176
     1
 62
   257
176
     1
 40
1.0
176
     1
 90
        1
176
     1
 90
        6
176
     1
 90
        2
176
     1
 62
     7
176
     1
 90
        3
176
     1
 90
        0
176
     1
 90
        0
176
     1
290
     0
176
     1
 90
        5
176
     1
 40
0.0
176
     1
 90
        0
176
     1
290
     0
176
     1
290
     1
176
     1
290
     1
176
     1
290
     0
176
     1
290
     0
176
     1
290
     0
176
     1
290
     0
176
     1
290
     0
176
     1
290
     0
176
     1
 90
       50
176
     1
 40
0.0
176
     1
 40
1.0
176
     1
 90
        0
176
     1
 62
    18
176
     1
 90
       50
176
     1
 90
        3
176
     1
 62
     5
420
      255
176
     1
290
     0
176
     1
 90
       50
176
     1
 90
       50
176
     1
 90
       50
176
     1
290
     0
176
     1
 90
       50
176
     1
 62
   256
176
     0
 40
1.0
176
     0
 90
        2
176
     1
  1
strokes_ogs.tif
176
     1
290
     0
176
     1
 40
1.0
176
     1
 40
1.0
176
     1
1001
ACAD
1000
AcDbSavedByObjectVersion
1070
     0
  0
VISUALSTYLE
  5
17E
102
{ACAD_REACTORS
330
99
102
}
330
99
100
AcDbVisualStyle
  2
Shades of Gray
 70
    23
177
     3
291
     0
 70
    58
 90
        2
176
     1
 90
        2
176
     1
 90
        3
176
     1
 90
        0
176
     1
 40
0.6
176
     1
 40
30.0
176
     1
 62
     7
420
 16777215
176
     1
 90
        2
176
     1
 90
        2
176
     1
 62
     7
176
     1
 62
     7
176
     1
 90
        1
176
     1
 90
        1
176
     1
 40
40.0
176
     1
 90
        8
176
     1
 62
     7
176
     1
 40
1.0
176
     1
 90
        1
176
     1
 90
        6
176
     1
 90
        2
176
     1
 62
     7
176
     1
 90
        3
176
     1
 90
        0
176
     1
 90
        0
176
     1
290
     0
176
     1
 90
        1
176
     1
 40
0.0
176
     1
 90
        0
176
     1
290
     0
176
     1
290
     1
176
     1
290
     1
176
     1
290
     0
176
     1
290
     0
176
     1
290
     0
176
     1
290
     0
176
     1
290
     0
176
     1
290
     0
176
     1
 90
       50
176
     1
 40
0.0
176
     1
 40
1.0
176
     1
 90
        0
176
     1
 62
    18
176
     1
 90
       50
176
     1
 90
        3
176
     1
 62
     5
420
      255
176
     1
290
     0
176
     1
 90
       50
176
     1
 90
       50
176
     1
 90
       50
176
     1
290
     0
176
     1
 90
       50
176
     1
 62
   256
176
     0
 40
1.0
176
     0
 90
        2
176
     1
  1
strokes_ogs.tif
176
     1
290
     0
176
     1
 40
1.0
176
     1
 40
1.0
176
     1
1001
ACAD
1000
AcDbSavedByObjectVersion
1070
     0
  0
VISUALSTYLE
  5
17F
102
{ACAD_REACTORS
330
99
102
}
330
99
100
AcDbVisualStyle
  2
Sketchy
 70
    24
177
     3
291
     0
 70
    58
 90
        1
176
     1
 90
        2
176
     1
 90
        2
176
     1
 90
        0
176
     1
 40
0.6
176
     1
 40
30.0
176
     1
 62
     7
420
 16777215
176
     1
 90
        2
176
     1
 90
        2
176
     1
 62
     7
176
     1
 62
     7
176
     1
 90
        1
176
     1
 90
        1
176
     1
 40
40.0
176
     1
 90
       11
176
     1
 62
     7
176
     1
 40
1.0
176
     1
 90
        1
176
     1
 90
        6
176
     1
 90
        2
176
     1
 62
     7
176
     1
 90
        6
176
     1
 90
        0
176
     1
 90
        0
176
     1
290
     0
176
     1
 90
        1
176
     1
 40
0.0
176
     1
 90
        0
176
     1
290
     0
176
     1
290
     1
176
     1
290
     1
176
     1
290
     0
176
     1
290
     0
176
     1
290
     0
176
     1
290
     0
176
     1
290
     0
176
     1
290
     0
176
     1
 90
       50
176
     1
 40
0.0
176
     1
 40
1.0
176
     1
 90
        0
176
     1
 62
    18
176
     1
 90
       50
176
     1
 90
        3
176
     1
 62
     5
420
      255
176
     1
290
     0
176
     1
 90
       50
176
     1
 90
       50
176
     1
 90
       50
176
     1
290
     0
176
     1
 90
       50
176
     1
 62
   256
176
     0
 40
1.0
176
     0
 90
        2
176
     1
  1
strokes_ogs.tif
176
     1
290
     0
176
     1
 40
1.0
176
     1
 40
1.0
176
     1
1001
ACAD
1000
AcDbSavedByObjectVersion
1070
     0
  0
VISUALSTYLE
  5
A6
102
{ACAD_REACTORS
330
99
102
}
330
99
100
AcDbVisualStyle
  2
Thicken
 70
    13
177
     3
291
     1
 70
    58
 90
        2
176
     1
 90
        2
176
     1
 90
        1
176
     1
 90
        0
176
     1
 40
0.6
176
     1
 40
30.0
176
     1
 62
     7
420
 16777215
176
     1
 90
        1
176
     1
 90
        4
176
     1
 62
     7
176
     1
 62
   257
176
     1
 90
        1
176
     1
 90
        1
176
     1
 40
1.0
176
     1
 90
       12
176
     1
 62
     7
176
     1
 40
1.0
176
     1
 90
        1
176
     1
 90
        6
176
     1
 90
        2
176
     1
 62
     7
176
     1
 90
        5
176
     1
 90
        0
176
     1
 90
        0
176
     1
290
     0
176
     1
 90
        1
176
     1
 40
0.0
176
     1
 90
        0
176
     1
290
     0
176
     1
290
     1
176
     1
290
     1
176
     1
290
     0
176
     1
290
     0
176
     1
290
     0
176
     1
290
     0
176
     1
290
     0
176
     1
290
     0
176
     1
 90
       50
176
     1
 40
0.0
176
     1
 40
1.0
176
     1
 90
        0
176
     1
 62
    18
176
     1
 90
       50
176
     1
 90
        3
176
     1
 62
     5
420
      255
176
     1
290
     0
176
     1
 90
       50
176
     1
 90
       50
176
     1
 90
       50
176
     1
290
     0
176
     1
 90
       50
176
     1
 62
   256
176
     0
 40
1.0
176
     0
 90
        2
176
     1
  1
strokes_ogs.tif
176
     1
290
     0
176
     1
 40
1.0
176
     1
 40
1.0
176
     1
1001
ACAD
1000
AcDbSavedByObjectVersion
1070
     0
  0
VISUALSTYLE
  5
A0
102
{ACAD_REACTORS
330
99
102
}
330
99
100
AcDbVisualStyle
  2
Wireframe
 70
     5
177
     3
291
     0
 70
    58
 90
        0
176
     1
 90
        2
176
     1
 90
        0
176
     1
 90
        0
176
     1
 40
0.6
176
     1
 40
30.0
176
     1
 62
     7
420
 16777215
176
     1
 90
        1
176
     1
 90
        4
176
     1
 62
     7
176
     1
 62
   257
176
     1
 90
        1
176
     1
 90
        1
176
     1
 40
1.0
176
     1
 90
        0
176
     1
 62
   257
176
     1
 40
1.0
176
     1
 90
        1
176
     1
 90
        6
176
     1
 90
        2
176
     1
 62
     7
176
     1
 90
        3
176
     1
 90
        0
176
     1
 90
        0
176
     1
290
     0
176
     1
 90
        1
176
     1
 40
0.0
176
     1
 90
        0
176
     1
290
     0
176
     1
290
     1
176
     1
290
     1
176
     1
290
     0
176
     1
290
     0
176
     1
290
     0
176
     1
290
     0
176
     1
290
     0
176
     1
290
     0
176
     1
 90
       50
176
     1
 40
0.0
176
     1
 40
1.0
176
     1
 90
        0
176
     1
 62
    18
176
     1
 90
       50
176
     1
 90
        3
176
     1
 62
     5
420
      255
176
     1
290
     0
176
     1
 90
       50
176
     1
 90
       50
176
     1
 90
       50
176
     1
290
     0
176
     1
 90
       50
176
     1
 62
   256
176
     0
 40
1.0
176
     0
 90
        2
176
     1
  1
strokes_ogs.tif
176
     1
290
     0
176
     1
 40
1.0
176
     1
 40
1.0
176
     1
1001
ACAD
1000
AcDbSavedByObjectVersion
1070
     0
  0
VISUALSTYLE
  5
180
102
{ACAD_REACTORS
330
99
102
}
330
99
100
AcDbVisualStyle
  2
X-Ray
 70
    25
177
     3
291
     0
 70
    58
 90
        2
176
     1
 90
        2
176
     1
 90
        1
176
     1
 90
        1
176
     1
 40
0.5
176
     1
 40
30.0
176
     1
 62
     7
420
 16777215
176
     1
 90
        1
176
     1
 90
        0
176
     1
 62
     7
176
     1
 62
   257
176
     1
 90
        1
176
     1
 90
        1
176
     1
 40
1.0
176
     1
 90
        8
176
     1
 62
     7
176
     1
 40
1.0
176
     1
 90
        1
176
     1
 90
        6
176
     1
 90
        2
176
     1
 62
     7
176
     1
 90
        3
176
     1
 90
        0
176
     1
 90
        0
176
     1
290
     0
176
     1
 90
       13
176
     1
 40
0.0
176
     1
 90
        0
176
     1
290
     0
176
     1
290
     1
176
     1
290
     1
176
     1
290
     0
176
     1
290
     0
176
     1
290
     0
176
     1
290
     0
176
     1
290
     0
176
     1
290
     0
176
     1
 90
       50
176
     1
 40
0.0
176
     1
 40
1.0
176
     1
 90
        0
176
     1
 62
    18
176
     1
 90
       50
176
     1
 90
        3
176
     1
 62
     5
420
      255
176
     1
290
     0
176
     1
 90
       50
176
     1
 90
       50
176
     1
 90
       50
176
     1
290
     0
176
     1
 90
       50
176
     1
 62
   256
176
     0
 40
1.0
176
     0
 90
        2
176
     1
  1
strokes_ogs.tif
176
     1
290
     0
176
     1
 40
1.0
176
     1
 40
1.0
176
     1
1001
ACAD
1000
AcDbSavedByObjectVersion
1070
     0
  0
DICTIONARYVAR
  5
F0
102
{ACAD_REACTORS
330
66
102
}
330
66
100
DictionaryVariables
280
     0
  1
1:1
  0
DICTIONARYVAR
  5
EF
102
{ACAD_REACTORS
330
66
102
}
330
66
100
DictionaryVariables
280
     0
  1
STANDARD
  0
DICTIONARYVAR
  5
89
102
{ACAD_REACTORS
330
66
102
}
330
66
100
DictionaryVariables
280
     0
  1
STANDARD
  0
DICTIONARYVAR
  5
1B7
102
{ACAD_REACTORS
330
66
102
}
330
66
100
DictionaryVariables
280
     0
  1
Imperial24
  0
DICTIONARYVAR
  5
1B8
102
{ACAD_REACTORS
330
66
102
}
330
66
100
DictionaryVariables
280
     0
  1
Imperial24
  0
DICTIONARYVAR
  5
67
102
{ACAD_REACTORS
330
66
102
}
330
66
100
DictionaryVariables
280
     0
  1
2
  0
DICTIONARYVAR
  5
6B
102
{ACAD_REACTORS
330
66
102
}
330
66
100
DictionaryVariables
280
     0
  1
1
  0
DICTIONARYVAR
  5
14D
102
{ACAD_REACTORS
330
66
102
}
330
66
100
DictionaryVariables
280
     0
  1
0
  0
DICTIONARYVAR
  5
14E
102
{ACAD_REACTORS
330
66
102
}
330
66
100
DictionaryVariables
280
     0
  1
0
  0
XRECORD
  5
2032
102
{ACAD_XDICTIONARY
360
2033
102
}
102
{ACAD_REACTORS
330
18F
102
}
330
18F
100
AcDbXrecord
280
     1
 91
      535
301

290
     0
302
DLSS
330
1FE2
 90
        8
 62
     8
370
    -3
331
16
  1
Color_8
440
        0
330
1FC0
 90
        8
 62
     4
370
    -3
331
16
  1
Color_4
440
        0
330
7FB
 90
        8
 62
     9
370
    -3
331
16
  1
Color_9
440
        0
330
7FA
 90
        8
 62
     3
370
    -3
331
16
  1
Color_3
440
        0
330
7F9
 90
        8
 62
     3
370
    -3
331
16
  1
Color_3
440
        0
330
7F8
 90
        8
 62
     8
370
    -3
331
16
  1
Color_8
440
        0
330
7F7
 90
        8
 62
     8
370
    -3
331
16
  1
Color_8
440
        0
330
7F6
 90
        8
 62
     7
370
    -3
331
16
  1
Color_7
440
        0
330
7F5
 90
        8
 62
     8
370
    -3
331
16
  1
Color_8
440
        0
330
7F4
 90
        8
 62
     8
370
    -3
331
16
  1
Color_8
440
        0
330
7F3
 90
        8
 62
     8
370
    -3
331
16
  1
Color_8
440
        0
330
7F2
 90
        8
 62
     8
370
    -3
331
16
  1
Color_8
440
        0
330
7F1
 90
        8
 62
     8
370
    -3
331
16
  1
Color_8
440
        0
330
7F0
 90
        8
 62
     7
370
    -3
331
16
  1
Color_7
440
        0
330
7EF
 90
        8
 62
     5
370
    -3
331
16
  1
Color_5
440
        0
330
7EE
 90
        8
 62
     8
370
    -3
331
16
  1
Color_8
440
        0
330
7ED
 90
        8
 62
     4
370
    -3
331
16
  1
Color_4
440
        0
330
7EC
 90
        8
 62
     6
370
    -3
331
16
  1
Color_6
440
 33554687
330
7EB
 90
        8
 62
     3
370
    -3
331
16
  1
Color_3
440
        0
330
7EA
 90
        8
 62
     4
370
    -3
331
16
  1
Color_4
440
        0
330
7E8
 90
        8
 62
     2
370
    -3
331
16
  1
Color_2
440
        0
330
7E6
 90
        8
 62
     1
370
    30
331
16
  1
Color_1
440
        0
330
7E5
 90
        8
 62
     3
370
    -3
331
16
  1
Color_3
440
        0
330
7E3
 90
        8
 62
     2
370
    -3
331
16
  1
Color_2
440
        0
330
7E1
 90
        8
 62
     6
370
    -3
331
16
  1
Color_6
440
        0
330
7DF
 90
        8
 62
     2
370
    -3
331
16
  1
Color_2
440
        0
330
7DE
 90
        8
 62
    20
370
     9
331
7C1
  1
Color_20
440
        0
330
7DD
 90
        8
 62
     4
370
     0
331
16
  1
Color_4
440
        0
330
7DC
 90
        8
 62
     1
370
    -3
331
16
  1
Color_1
440
        0
330
7DB
 90
        8
 62
     7
370
    -3
331
16
  1
Color_7
440
 33554687
330
7DA
 90
        8
 62
     7
370
    -3
331
16
  1
Color_7
440
        0
330
7D9
 90
        0
 62
     7
370
    -3
331
16
  1
Color_7
440
        0
330
7D7
 90
        8
 62
     4
370
    -3
331
16
  1
Color_4
440
        0
330
7D6
 90
        8
 62
     8
370
    -3
331
16
  1
Color_8
440
        0
330
7D5
 90
        8
 62
     3
370
    -3
331
16
  1
Color_3
440
        0
330
7D4
 90
        8
 62
     3
370
    -3
331
16
  1
Color_3
440
        0
330
7D3
 90
        8
 62
     3
370
    -3
331
16
  1
Color_3
440
        0
330
7D2
 90
        8
 62
     3
370
    -3
331
16
  1
Color_3
440
        0
330
7D1
 90
        8
 62
     3
370
    -3
331
16
  1
Color_3
440
        0
330
7D0
 90
        8
 62
     2
370
    -3
331
16
  1
Color_2
440
        0
330
7CF
 90
        8
 62
     4
370
    -3
331
16
  1
Color_4
440
        0
330
7CE
 90
        8
 62
     2
370
    -3
331
16
  1
Color_2
440
        0
330
7CD
 90
        8
 62
     3
370
    -3
331
16
  1
Color_3
440
        0
330
7CC
 90
        8
 62
     3
370
    -3
331
16
  1
Color_3
440
        0
330
7CB
 90
        8
 62
     4
370
    -3
331
16
  1
Color_4
440
        0
330
10
 90
        8
 62
     7
370
    -3
331
16
  1
Color_7
440
        0
  0
DICTIONARY
  5
194
330
22
100
AcDbDictionary
280
     1
281
     1
  0
DICTIONARY
  5
188
330
97
100
AcDbDictionary
280
     1
281
     1
  3
FBXASSET
360
189
  0
DICTIONARY
  5
186
330
96
100
AcDbDictionary
280
     1
281
     1
  3
FBXASSET
360
187
  0
DICTIONARY
  5
110
330
98
100
AcDbDictionary
280
     1
281
     1
  3
BUMPTILE
360
112
  3
DIFFUSETILE
360
111
  3
FBXASSET
360
18A
  3
OPACITYTILE
360
113
  3
REFLECTIONTILE
360
114
  0
DICTIONARY
  5
104
330
87
100
AcDbDictionary
280
     1
281
     1
  3
ACAD_ROUNDTRIP_2008_TABLESTYLE_CELLSTYLEMAP
360
2037
  0
DICTIONARY
  5
2033
330
2032
100
AcDbDictionary
280
     1
281
     1
  3
AcadLayerStateAnnoScale
360
2034
  0
XRECORD
  5
189
102
{ACAD_REACTORS
330
188
102
}
330
188
100
AcDbXrecord
280
     1
 70
     1
 90
429727718
  1
508B35C9-AEE7-456F-BE74-D52651303AC6
310
504B03040A0000080000B670623B3DEE336E79000000790000001B0000006175746F6465736B2D64657369676E2D7061636B6167652E786D6C3C3F786D6C2076657273696F6E3D22312E302220656E636F64696E673D227574662D3822203F3E3C666F726D6174733E3C666F726D61743E687474703A2F2F736368656D612E
310
6175746F6465736B2E636F6D2F64657369676E2D7061636B6167652F323030393C2F666F726D61743E3C2F666F726D6174733E504B0304140006080800B670623BD486FD9CA0000000F4000000130000005B436F6E74656E745F54797065735D2E786D6C7D8EC10E82300C865F65E91D8A1E8C310C0EEA1BF002731658846E
310
D98AC1B77784ABF1D8FE5FBFBF75BBCE937A534CCEB38643598122B6FEE978D0B0485F9C41B54DDD7D022595594E1A469170414C76A4D9A4D207E29CF43ECE46F218070CC6BECC4078ACAA135ACF422C856C0E68EA1BF5669944DDD7BCDE7B1F8E415D77AECB980613C2E4AC91FC167A2B244592486606FC29C8FD7F045B9A
310
EF7053A7E60B504B0304140006080800B670623B28ED286BEB0000007C01000008000000636F72652E786D6C8D90416EC3201045AF82665B6183218D6D61A254764FD00B204C5C94182C03558F5F9C3852BBEB6A467FFE9B197D71FA9E6FE8CBACC17AD7012D0820E3B41FAD9B3A48F1826B40272956EFE32F1B20A766D3C1
310
268314D3EAD3B24BDABB685CCCAAF3A3D94515828980F42D371D04FD696655A814B3235C8B45E9AB9A4C419F5D8653B2237A1CB163DE672FD6AC209BF3C08E0D1B30EB19C3FC9D72FCC6EB231EFA33EDE96BDD341517E5064B11EDFCBCAF57A3A2194156843498524CAA0FCA5B7268F9E185D42D21A2DCEC7FA0B48CFF8492
310
759155FBBB0F2C80A4F991FB408A72CB22977B50B96EB9C91F504B0304140006080800B670623B55019EA25F0000007C00000007000000636E782E786D6C4DCB3B0E80201045D1AD90E915ED2CF8AC45050C11660C8261F98AB1B07AC9C97D42D718D865D3E909258CFD00CCE24AC6E326A164D74DC0B4128928FF32603847
310
2BA13128B1252AC747C6BAB984FC68F0B87FE8960A5C09FE86CFB69FBA01504B0304140006080800B670623B7BC41AC871010000D40300000C0000006662782F636F72652E786D6CC553ED6E8320147D15C2DF4501B56B6D90A64BBB27D80B50A5CE54C120983EFEAE1F4DD7A56BBA5FF3879273EEE59E7310BE393735EA95
310
ED2AA333CC428A91D2B9292A5D66D8BB63B0C26823B835C67D2BC348CB46657880B1E0A535BE9DA1DC68A7B403549B42CDA0EC3AE530CA6B5864B8CB3F552343E91D5474A7B095F949962A6421D0502778E72C0840D390E18DC5F170E664C205F7BE2A66B62A605A75AC94C522DDEEE3651AEF837817C741F2CE92E02D592D
310
83FD6ECB76EC7595A651C2C9D02CB8AB9A8BBADC2AE954814544691A3016D0E883256BBA58278B17BA5A53CAC9507ED3E4DBE2C9265F691747B3DCA9ADC382819091F8E1162272A8933DE82182932144F88C09DF060D8140C84E1EEA8B8F1340BDCA9DB1093085F157AA97B557309586747CD0EF0B4EA64E983A6E0EAEEFCE
310
889E9EF17847386AA94B30211D2C0FDE0D3AF9A4610EAD5536E8DD1969631B593F67E381C33F5157F17725E5A636F6BF1491F980C8FC7B90E13E8A2F504B0304140006080800B670623B70102A487D0000009D0000000B0000006662782F636E782E786D6C4DCCD10A83201886E15B91FFDC95A5C30335ACCDFB886521330D
310
A76397BF1A1DECE883878F57749FD5A3B74D2F17830472A901D9F088930B8B849267CC01754AA418F3DF0D5018572BE160506249B16C274D761E8BCFBB7A179E27F65CB39A0F14D396184C9921B81F34C3ACA1B4B99ABB6E6F062A25AA5F69DF23ACBE504B0304140006080800B670623B3610CA3329010000120200003100
310
00006662782F42384135303843342D343331462D343546312D424341352D3532343432364645413344462F636F72652E786D6C8D515B6EC32010BC0AE22B55850D0E446E848992B43E412FE000495162B07854397EA176A4F62F3F2C9A9D991D58BEBB8F37F0AD7D30CE76905418026DA553C65E3A98E219B510EC04F7CEC5
310
3F3408EC30EA0E16180A7EF12E4D0B249D8DDAC68C5AA7F4020E21E80881BCE54B0783FCD2E3500D296646B856D320AFC34557A4CAEDCC133C449F0380794839A138B47B86DB2345744D7A44594FD0E1B867883594369BFE63BF7EEF793D0B054FC9A8456E548E63CE46FB674D8A58F068C6477CE9F510B582A2C1F80D1182
310
70F349E816B32D65AFB8DD62CCEB42FF274A937A52948C8DEB66893BCB021484D7734370E5D2E9F608A3EF93F3119479ABA0E50B14B8C298119A43CCC4FCFCECB8A18B6388CEE7EF5D5D4F994BD86CBBA182D76543B9FCAE2FD7B24DF103504B0304140006080800B670623B1B8617914E0100003303000030000000666278
310
2F42384135303843342D343331462D343546312D424341352D3532343432364645413344462F636E782E786D6CD593C16EC32010447F0571AD6CE3D489D20813A9877E410FBD62D82434182CC055F3F75D1292E692438FBD206B7698593D61BEFD1E2DF982108D773D6D6B460938E5B571FB9ECE6957AD29D90A1EBC4F7736
310
4A9C1CA1A759A682EF839FA72269D8C9D92654AD71C72206887E0E0A22CAF926B15E498B01E0AA19451807D01A34B919F16B070157417138917400F2F6FA41FCF0092A45DEE414C19BDC21783E4BD39D891265658C3D8DEA00A3ACE59CBC8678ACB54CB26EEB6BD7839D7E9348BE70AD9C8321B9BCA7F9A4A26C542347DEE0
310
50F09802D22BA6749A800A394DD62899107273365E3C82CFC6A55557BC06C10774B7ABE7AEC3B0F34CF06446280E154026D0542C187BA9DAB6628BF7B6DBB0E5A65B3EB1F58631DE64BBE083F7B65CC218087E22CABB042E51D1F2268F1FE12B3EA24D40D63E9CFE00120194D60B9D5BC67FE6D39CDF37E20AF817881F504B
310
0304140006080800B670623BBFEF2E3B690500003C100000340000006662782F42384135303843342D343331462D343546312D424341352D3532343432364645413344462F6F626A656374732E786D6CAD575D739B3814FD2B0CFB0C98D84E931D4227B6938EA793B6534F3BFB90198F0099B001899144EAECAFDF231018B0
310
D37A3FFC609090EEE7B94757C1FB7D915B2F54C88CB31BDB7727B64559CC938CA53776A576CE956DBD0F03C1B9EA2DB32D460A7A63EB693B0C52C1ABD24C257447AA5C8D66EF177F5832A68CDA569C13296F6C193FD182B8A4523CA1F2D94D88226EBADBBBBEDB2C1C8A4D05299F46424B222853B014F30C52ACC6287F389C
310
D85E1878FA7B18E87FB36AFAF62AAFF667A83F635211161F291B8999FAB3D5DDC5FCDA99CF6653677679E13B8BFBC5CAF1DF4D27CBCBE5F2FAF6EE1A8AA51290642C117467871F101B91C581D77CEA2C36869F3229E68CD1B8F61F1ED6361B89092D294B90C78C4A68EB793D190E7D1D9BDEE7A91E1B95FDE9F3BCEAEFE809
310
6A6D6F9F7D4B79F4275C90E7A04248AA51D5C4C738DAE06F72885AC4796EBE65D22A88A22223B995679120E2D50EB1542F098381188D4EA111AE3DB043FF20AF6F2B4AE3D7D83D65E5AECA730D4D3BAC91BD05FEA992B565D95F549CD6069B90AB2A63EACA38A45E4B6A87D781574F86817E4C2FCCC72690D62E2729520E37
310
9BAF234797BAF6D62B3BFC781FED37BA1E4F2B2F052FA9501A3E80569BB8F6A9A364D4FA67654E6F803383981F82F21591FF84F23D9882BC896C3FDBCF8C162508933B2E0AE4C69DD43F6BD2BE38DDDBF10BF86CB4FA784D37F3AF16075E67EC9030DECA1FC0A55373F5DFF3378C591FA9BDF485C10B0A8C8BA909E5262639
310
A8E72163488806A595734C81CB77D1DE0ED7604A303B76913CEC0272F412782FF88EFF4636D8AA56DF7B322474C4B767303F625997056C7B032C473C592B36CEBD15F3F9FF5233B7ABCDC74D257624A60F8658567497B14CE1EC3C80B76FD02011038F9EE9EB0F2E12387A9C844D3F09855125116D1D731DF8B43D2CF4E0A0
310
79A020C6BE946BCE0B7EA1E1219331CD73C228AF5A2DDD31A4B1DA918CE91350854D40A71723140BFA92E94E62B0626016CEFA5864A50E5977E8753CEDBEE1CBB7F52780D20E17AF0BA0F5F9B02A3AD07DCC732EB6D1EBB661421BE0C39E21BABF0FE16D22EA6929407C8DE596724C88B749B6DB5512BC7B228ADFD7CB7EA6
310
3A22397E690BA8D5D8D4E40CEC8CDA23C2C0B7D5898640101CEC9C6D331CE328CB93CAFBBAC70A642DF70DF95155945B52F08AA973C23469FD69ADEF84F7BB18F983A8F8C90E37F5D35980B2139A1C523540813E824EF83448CF7C72B598CE97D7CEEDDDDD3B6736BFBC771677EF66CE6A7E7139F7A793E9EDF2B2B3A8B624
310
0CDA13AA5F8388264EC4A0129909F3B7F5A16CEDF08128E97D680ACA4B9BE7B7B58BB638F0B00700EF36AE8B32A705658A68F83EE897FC2B41573190D1CCAF0B92D233A47CFEB019D9809933F67DD1A5467F8CF69AD9A5AE859342D45355448C64F968A371DC2D596ADC6E43D93D1B466F877A64E2893E54F23C4B40388995
310
525E5005DA3983ED45412510D3EFCA13737B3863F74BD30F2A12E5B4B5E489A025CE25500DB855B11ACE5BBFA185D35DD48D8DC3CE7DC69F2944DB42AA6F6CF09BCA622ADD08C7A36E7C6AE18000BAB08E040135C2D21C9D75B3A91B77BB746C403F38018DFE6EC939DD92F16B40BC05294B9CDA035AAD6D330AE27FE4786B
310
8E45145EA34A75BE1C263A676A35A8ACC6297337400BF16C54EF515F3F77CB77EB3583889C754FFA29081AA98E2222ADEF05DA3E63D2EDEA8B8756C05A7FB6CABC4A91CBF325398202CC952E70A008A830324BA200D5E5EF8F5F04C75DB4B0EE3340E071C98B823333B83577596BF3849B69F2085AA0FAFA212F26BEFF5877
310
FDE622B28D88A42E49E43326DA82D31E8CB006401E1DA726059ECEC168F97A6599036306A135688F9AD2E61A6EA178F4CD51974A9F2CCB9F36FE5EBD14601068D9C3BF01504B0304140006080000B670623B000000000000000000000000350000006662782F42384135303843342D343331462D343546312D424341352D35
310
32343432364645413344462F76657274696365732E62696E504B0304140006080800B670623BF270F1330600000004000000360000006662782F42384135303843342D343331462D343546312D424341352D3532343432364645413344462F747269616E676C65732E62696E636660600000504B0304140006080000B67062
310
3B000000000000000000000000370000006662782F42384135303843342D343331462D343546312D424341352D3532343432364645413344462F617474726962757465732E62696E504B0304140006080800B670623B08DA0BD19000000041010000360000006662782F42384135303843342D343331462D343546312D4243
310
41352D3532343432364645413344462F6469726563746F72792E786D6C858F410AC3201045AF22B36F53E9A60B35CBEEBAE80D244E44489C6234F4F835464A48035D0DF398FF9F8AF63D0E6CC63039F212F8F9020C7D47C6792B21C5FE7403D62A1188E2E60C98D7234A5830286103A55745067B9D86B8A3CF9C7F90C11DE6
310
07FB144396D7B6A82D282E9A152AD114D5EF2CB866EEE831B8EEA07A7BB5A8D7D61A2BAAEB7FD5F70921FF497D00504B0304140006080800B670623B3B4606F3FE000000A00100003B0000006662782F42384135303843342D343331462D343546312D424341352D3532343432364645413344462F7265736F75726365732F
310
636F72652E786D6C8D504B6E833010BD0A9A6D65B08134808CA354A427E8052C332156828DFCA97AFC9A40A576D7CDCCE87D344F8F9FBEE647F689CE6B6B7A6039850C8DB2A336530F315C4903D94970676DF82583CCC8197B5861107C72362E3BA4AC096842428D1D7107A5F71820538F74F4E0D50D6799CB1892C2DFF345
310
AABB9C306779A2934E701F5C0A906D4FD609C2A1B7D129F4BCD858C163D4E3AED163FAA9AF1A1D88F67CA98E6D35906AA82A52BFB39ABCD5CD915C86331BD86BD3B665CD8BD52C78D0F34F46E550061C419494B6843142CB0F5677F4D0D58717DA7494F26295FF31C565FCA7296A13AA728FBBD93C0896823C09C18BB5AFB4
310
9E65A6BD762BBE01504B010214000A0000080000B670623B3DEE336E79000000790000001B00000000000000000000000000000000006175746F6465736B2D64657369676E2D7061636B6167652E786D6C504B01021400140006080800B670623BD486FD9CA0000000F40000001300000000000000000000000000B2000000
310
5B436F6E74656E745F54797065735D2E786D6C504B01021400140006080800B670623B28ED286BEB0000007C010000080000000000000000000000000083010000636F72652E786D6C504B01021400140006080800B670623B55019EA25F0000007C000000070000000000000000000000000094020000636E782E786D6C50
310
4B01021400140006080800B670623B7BC41AC871010000D40300000C00000000000000000000000000180300006662782F636F72652E786D6C504B01021400140006080800B670623B70102A487D0000009D0000000B00000000000000000000000000B30400006662782F636E782E786D6C504B01021400140006080800B6
310
70623B3610CA3329010000120200003100000000000000000000000000590500006662782F42384135303843342D343331462D343546312D424341352D3532343432364645413344462F636F72652E786D6C504B01021400140006080800B670623B1B8617914E010000330300003000000000000000000000000000D10600
310
006662782F42384135303843342D343331462D343546312D424341352D3532343432364645413344462F636E782E786D6C504B01021400140006080800B670623BBFEF2E3B690500003C10000034000000000000000000000000006D0800006662782F42384135303843342D343331462D343546312D424341352D35323434
310
32364645413344462F6F626A656374732E786D6C504B01021400140006080000B670623B0000000000000000000000003500000000000000000000000000280E00006662782F42384135303843342D343331462D343546312D424341352D3532343432364645413344462F76657274696365732E62696E504B010214001400
310
06080800B670623BF270F133060000000400000036000000000000000000000000007B0E00006662782F42384135303843342D343331462D343546312D424341352D3532343432364645413344462F747269616E676C65732E62696E504B01021400140006080000B670623B00000000000000000000000037000000000000
310
00000000000000D50E00006662782F42384135303843342D343331462D343546312D424341352D3532343432364645413344462F617474726962757465732E62696E504B01021400140006080800B670623B08DA0BD1900000004101000036000000000000000000000000002A0F00006662782F42384135303843342D3433
310
31462D343546312D424341352D3532343432364645413344462F6469726563746F72792E786D6C504B01021400140006080800B670623B3B4606F3FE000000A00100003B000000000000000000000000000E1000006662782F42384135303843342D343331462D343546312D424341352D3532343432364645413344462F72
310
65736F75726365732F636F72652E786D6C504B0506000000000E000E0080040000651100000000
  0
XRECORD
  5
187
102
{ACAD_REACTORS
330
186
102
}
330
186
100
AcDbXrecord
280
     1
 70
     1
 90
429727718
  1
887D55A9-D0DD-414E-B741-A7DCD4DA2B4C
310
504B03040A0000080000B670623B3DEE336E79000000790000001B0000006175746F6465736B2D64657369676E2D7061636B6167652E786D6C3C3F786D6C2076657273696F6E3D22312E302220656E636F64696E673D227574662D3822203F3E3C666F726D6174733E3C666F726D61743E687474703A2F2F736368656D612E
310
6175746F6465736B2E636F6D2F64657369676E2D7061636B6167652F323030393C2F666F726D61743E3C2F666F726D6174733E504B0304140006080800B670623BD486FD9CA0000000F4000000130000005B436F6E74656E745F54797065735D2E786D6C7D8EC10E82300C865F65E91D8A1E8C310C0EEA1BF002731658846E
310
D98AC1B77784ABF1D8FE5FBFBF75BBCE937A534CCEB38643598122B6FEE978D0B0485F9C41B54DDD7D022595594E1A469170414C76A4D9A4D207E29CF43ECE46F218070CC6BECC4078ACAA135ACF422C856C0E68EA1BF5669944DDD7BCDE7B1F8E415D77AECB980613C2E4AC91FC167A2B244592486606FC29C8FD7F045B9A
310
EF7053A7E60B504B0304140006080800B670623BBC1638F5EC0000007C01000008000000636F72652E786D6C8D90416EC3201045AF82665B61836BE2D8C24471DB9CA01740401C94182C03558F5F9C3852BBEB6A467FFE9B197D7EF89E6EE8CB2CC17AD7032D0820E394D7D68D3DA478C67B4007C117EFE32F1B202727D3C3
310
2A83E0E3E2D3BC49CABB685CCCAAF3DA6CA20CC14440EA969B1E82BA98491632C5EC08D76296EA2A4753D06797E194AC468F2356E77DF66CCD02825543D50CACC62D39ED70FDC68EB8FD68F6F8787A6784342D1DDA1D2F5758F068A7E77DB518198D065111D2624A31A93E69DD11D6D5EC85EC3B4278B9DAFF4069D6FF8492
310
75F1B5DADE7D600104CD8FDC0782976B16B9DC83CA75CD4DFC00504B0304140006080800B670623B55019EA25F0000007C00000007000000636E782E786D6C4DCB3B0E80201045D1AD90E915ED2CF8AC45050C11660C8261F98AB1B07AC9C97D42D718D865D3E909258CFD00CCE24AC6E326A164D74DC0B4128928FF326038
310
472BA13128B1252AC747C6BAB984FC68F0B87FE8960A5C09FE86CFB69FBA01504B0304140006080800B670623B3586FFB671010000D40300000C0000006662782F636F72652E786D6CC553ED6E8320147D15C2DF4541A76D6D90A6DDD627D80B50A4CE54C120983EFEAE1F4DD7A55BBA5FF3879273EEE59E7310B6393735EA
310
95ED2AA3731C851423A5A5292A5DE6D8BB63B0C268C39935C67D29C3488B46E578803167A535BE9D2169B453DA01AA4DA16650749D7218C91A1639EEE4876A4428BC838AEE14B6429E44A9C228041AEA38EB9C0501681A32BC313F1ECE8C4C3867DE57C5CC56054CAB8E95B298A7F12E5EEED224C8E87E11242FE936C8DE96
310
AB60BB7F4D295D66D12E5B30323473E6AAE6A24E5A259C2A308F29CD82280A68FC1E256B9AAE93F489AED694323294DF34F9B678B0C957DA3DC7B3DCA9ADC33C022123F1CD2D44E450277AD04338234388F01913BE0D1A0281909D38D4171F27807A259DB1093085F157AA17B557309586747CD0CF0B46A64E983A6E0EAEEF
310
CE881F9EF1FB8E70D44297604238581EBC1B74B249C31C5AAB6CD0BB33D2C636A27ECCC62F0EFF445DC5DF95244D6DEC7F2922F30191F9F720C37DE49F504B0304140006080800B670623B4220A0FF7D0000009D0000000B0000006662782F636E782E786D6C4DCCD10A83201886E15B91FFDCE542CB0335D0EC3E6259C84A
310
C3E9D8E5AF46073BFAE0E1E315DD675BD1DBA5978F41C2FD4600B9F088930F8B849267CC01754AA418F3DF0D50183727E164506249B1EC174D6E1ECB9A0F5D7D785E68DB8151CD286E5A5363CA6B8A39E90D36D40E96B086F55A43A544F52B1D7B86D517504B0304140006080800B670623B2FA3FEDE290100001202000031
310
0000006662782F45374635344235342D363743322D343832342D383044432D4334454645303536354442422F636F72652E786D6C8D515B6EC32010BC0AE22B55850D2E386E848994D7097A0117488A1283C5A3CAF10BB523B57FF961D1ECCCECC0F2ED7DBC816FED8371B687A4C210682B9D32F6D2C314CFA883602BB8772E
310
FEA141608751F7B0C050F08B77695A20E96CD43666D43AA5177008414708E42D5F7A18E4971E876A483133C2B59A06791D2EBA22556E679EE021FA1C00CC43CA09C5717D6274C7286AD7FB06D1AEA1A8C3873DDAD3E3E98859CB0EBB1DAF67A1E02919B5C88DCA71CCD968FFAC49110B1ECDF8882FBD1EA256503418BF2342
310
106E3E08DD60B6A1EC15771B8C795DE8FF4469524F8A92B1F1AD59E2CEB20005E1F5DC105CB9F4797B84D1F7C9F908CABC55D0F2050A5C61CC1AD2F27A26E6E767C7962E8E213A9FBF7775FDCC5CC266DB960A5E970DE5F2BBBE5CCB36C50F504B0304140006080800B670623B1B8617914E01000033030000300000006662
310
782F45374635344235342D363743322D343832342D383044432D4334454645303536354442422F636E782E786D6CD593C16EC32010447F0571AD6CE3D489D20813A9877E410FBD62D82434182CC055F3F75D1292E692438FBD206B7698593D61BEFD1E2DF982108D773D6D6B460938E5B571FB9ECE6957AD29D90A1EBC4F77
310
364A9C1CA1A759A682EF839FA72269D8C9D92654AD71C72206887E0E0A22CAF926B15E498B01E0AA19451807D01A34B919F16B070157417138917400F2F6FA41FCF0092A45DEE414C19BDC21783E4BD39D891265658C3D8DEA00A3ACE59CBC8678ACB54CB26EEB6BD7839D7E9348BE70AD9C8321B9BCA7F9A4A26C542347DE
310
E050F09802D22BA6749A800A394DD62899107273365E3C82CFC6A55557BC06C10774B7ABE7AEC3B0F34CF06446280E154026D0542C187BA9DAB6628BF7B6DBB0E5A65B3EB1F58631DE64BBE083F7B65CC218087E22CABB042E51D1F2268F1FE12B3EA24D40D63E9CFE00120194D60B9D5BC67FE6D39CDF37E20AF817881F50
310
4B0304140006080800B670623B29652116630500003C100000340000006662782F45374635344235342D363743322D343832342D383044432D4334454645303536354442422F6F626A656374732E786D6CAD575D739B3814FD2B0CFB0C989834C90EA1639B24E3E9A6EDD4D3CE3E64C623834CD8006224913AFDF57B040203
310
B65BEF871F0C12D2FD3CF7E8CA7FBFCB33E3957291B2E2D674ED8969D02262715A24B76625B7D6B569BC0F7CCE98EC2D338D82E4F4D654D366E0279C55A59E8AE99654991CCDDECFFF3444440B6A1A514684B83545F44C7362934AB2988A173B2692D8C97667BB76B3702836E1A47C1E092D09A78584A5982F20C5688C7287
310
C389E904BEA3BE07BEFAD7ABA6A75739B53F43FD69212429A20365233153D70BEF2E2E6FAC4BCF9B5ADEBB0BD79ADFCF43CBBD9A4E16EF168B9BD9DD0D140BC921495BC2E9D60C1E101B9E46BED37CEA2CD6861F3329624541A3DA7F7858DBAC25C6B4A4458C3CA654405BCFEBC970E8AAD8F43E4FD558ABEC4F9FE7557F47
310
4F506B7BFBEC5BCA367FC105710E2AB8A00A554D7CB4A30DFE26FBA86D18CBF4B75418399194A72433B274C3097F33032C554B027F2046A1932B842B0FCCC0DDCBEBDB8AD2F835768F59B9ADB24C41D30C6A64AF817F2A456D59FA83F2E3DA60137255A585BCD60EC9B7929AC18DEFD49381AF1ED30BFDB109A4B1CD488294
310
C3CDE6EBC8D185AABD6568061FEE37BB95AAC7E3CA4BCE4ACAA5820FA0D526AE7DAA2869B5EE5999531BE0CC20E6FBA07C41E43FA27CF7A6206F3CDD793B4F6B919C1462CB788EDCD893FA674CDA17AB7B3B7C019F8D561FAEE966FED562DFE98C1D12C6A9FC015C2A35D7FF3D7FC398F591DA4B5FE0BFA2C0189FEA50AE22
310
92817A1ED3020951A03432862970F976B33383259812CC8E5D240BBA801CBCF8CE2BBEE3BF910DB6AAD5F79E05123AE2DB33981FB1ACCB02B69D00CB014FD68AB573A7627EF9BFD4CC2C5C7D58557C4B22FAA88925A4DBB44825CECE3D78FB060D1231F0E885BE7D673C86A3874958F593906B5502D1563157814FDAC3420D
310
F69A070A22EC4B98E23CFF171A1E5311D12C23056555ABA53B8614563B92D17D02AAB009E8F46284624E5F53D5490C560CCCC2591FF1B45421EB0EBD8EA7ED13BE7C5D7E0428CD60FEF60779EB13E6664FF711CB185F6FDED60D139A001FF60CD1FD6D086F1D51474901E26B2CB794A343BC8ED3EDB612E0DD2351FCB65CF4
310
33D511C9E14B5B40ADC6A6263DB0336A8F700DDF56271A024E70B0B3629DE21847591E55DED73D56206AB927E46FAABC5C939C55853C274C93D69FD6FA4E78BF8B11DF898C9ECD60553FAD39283BA6F18984AA23E8884F83F45C5F5F859797B31B2B9C84A1E5B9DE9D35BFF25C6B76152E422F9C5DCC3D847F5801ED09D5AF
310
41441327A25FF15487F9EB725FB666F048A4701E9A827292E6F97569A32DF61DEC01C0BB8DCBBCCC684E0B49147C1FD54BF685A0AB18C868E6973949E819523E3DAC463660E68C7D9F55A9D1EFA3BD7A76A16AE1A810F95CE59B82A4D968A376DC2E8B44BBDD86B27B368CDE0ED548C7137DA860591A83706223A12CA712B4
310
7306DBF39C0A20A6DF95C7FAF670C6EED7A61F946493D1D6926782963813403548A78AE470DEF80D2D9CEAA26E4D1C76F60BFE74219A06527D6B82DF641A51616F703CAAC6A7160E08A00BEB4810A0274592A1B36E3675E36E978A0DE80727A0D6DF2D39A75BD27E0D8837276589537B40ABB56D5A41F48F1C6FCD3188C4EB
310
A6929D2FFB89CE995A4D00AE813BDD032DC48B56BD437DFDDC2DD7AED70C2272D63DE9A72068A45A92F0A4BE17A8A06B9366E16707AD80B1FC649459952097E74BB23805982B55E0401150A165964402AA8BDF9F3E7386BB686EDCA780C0D382E5392BF460A6EFB2C6EA1937D3F809B440D5F5435C4C5CF7A9EEFAF54564BD
310
2182DA24162F98680B4E7930C21A0079709CEAEB99A372305ABE0C0D7D6078105A83F6A0296DAEE1068A47DD1C55A9F4C9B2FC69E3EFD44B81028E963DF81B504B0304140006080000B670623B000000000000000000000000350000006662782F45374635344235342D363743322D343832342D383044432D433445464530
310
3536354442422F76657274696365732E62696E504B0304140006080800B670623BF270F1330600000004000000360000006662782F45374635344235342D363743322D343832342D383044432D4334454645303536354442422F747269616E676C65732E62696E636660600000504B0304140006080000B670623B00000000
310
0000000000000000370000006662782F45374635344235342D363743322D343832342D383044432D4334454645303536354442422F617474726962757465732E62696E504B0304140006080800B670623B08DA0BD19000000041010000360000006662782F45374635344235342D363743322D343832342D383044432D4334
310
454645303536354442422F6469726563746F72792E786D6C858F410AC3201045AF22B36F53E9A60B35CBEEBAE80D244E44489C6234F4F835464A48035D0DF398FF9F8AF63D0E6CC63039F212F8F9020C7D47C6792B21C5FE7403D62A1188E2E60C98D7234A5830286103A55745067B9D86B8A3CF9C7F90C11DE607FB144396
310
D7B6A82D282E9A152AD114D5EF2CB866EEE831B8EEA07A7BB5A8D7D61A2BAAEB7FD5F70921FF497D00504B0304140006080800B670623B6378F24DFF000000A00100003B0000006662782F45374635344235342D363743322D343832342D383044432D4334454645303536354442422F7265736F75726365732F636F72652E
310
786D6C8D504B6E833010BD0A9A6D65B0094E42641C85B639412F6099496225D8C89FAAC7AF09546A77DDCC8CDE47F3F4C4F16B7C149FE88371B603565228D06A37187BED20C50BD9437194C23B177FC9A0B06AC40E6618A4B87A97A615D2CE46B431A3D60DB8822A048C50E8473E3A08FA86A32A558A5911EEE5A4F45D5DB1
310
6465A6B34E8A107D0E502C4FE609D26370C96B0CA25A58295232C3AA3143FE692E063D485EF7F5AEE71BD2D2F39634AFFC44DAF7DD9E9CCE6F9CD25DCBFA762BAAD92C4534E34F46ED51451C40D694B6843142EB0FD61C283F34FC85EE0F948A6A96FF31A569F8A729191B37F51A77B105902C0779125254735F793DCBCC7B
310
EE567E03504B010214000A0000080000B670623B3DEE336E79000000790000001B00000000000000000000000000000000006175746F6465736B2D64657369676E2D7061636B6167652E786D6C504B01021400140006080800B670623BD486FD9CA0000000F40000001300000000000000000000000000B20000005B436F6E
310
74656E745F54797065735D2E786D6C504B01021400140006080800B670623BBC1638F5EC0000007C010000080000000000000000000000000083010000636F72652E786D6C504B01021400140006080800B670623B55019EA25F0000007C000000070000000000000000000000000095020000636E782E786D6C504B010214
310
00140006080800B670623B3586FFB671010000D40300000C00000000000000000000000000190300006662782F636F72652E786D6C504B01021400140006080800B670623B4220A0FF7D0000009D0000000B00000000000000000000000000B40400006662782F636E782E786D6C504B01021400140006080800B670623B2F
310
A3FEDE290100001202000031000000000000000000000000005A0500006662782F45374635344235342D363743322D343832342D383044432D4334454645303536354442422F636F72652E786D6C504B01021400140006080800B670623B1B8617914E010000330300003000000000000000000000000000D2060000666278
310
2F45374635344235342D363743322D343832342D383044432D4334454645303536354442422F636E782E786D6C504B01021400140006080800B670623B29652116630500003C10000034000000000000000000000000006E0800006662782F45374635344235342D363743322D343832342D383044432D4334454645303536
310
354442422F6F626A656374732E786D6C504B01021400140006080000B670623B0000000000000000000000003500000000000000000000000000230E00006662782F45374635344235342D363743322D343832342D383044432D4334454645303536354442422F76657274696365732E62696E504B01021400140006080800
310
B670623BF270F13306000000040000003600000000000000000000000000760E00006662782F45374635344235342D363743322D343832342D383044432D4334454645303536354442422F747269616E676C65732E62696E504B01021400140006080000B670623B0000000000000000000000003700000000000000000000
310
000000D00E00006662782F45374635344235342D363743322D343832342D383044432D4334454645303536354442422F617474726962757465732E62696E504B01021400140006080800B670623B08DA0BD190000000410100003600000000000000000000000000250F00006662782F45374635344235342D363743322D34
310
3832342D383044432D4334454645303536354442422F6469726563746F72792E786D6C504B01021400140006080800B670623B6378F24DFF000000A00100003B00000000000000000000000000091000006662782F45374635344235342D363743322D343832342D383044432D4334454645303536354442422F7265736F75
310
726365732F636F72652E786D6C504B0506000000000E000E0080040000611100000000
  0
XRECORD
  5
112
102
{ACAD_REACTORS
330
110
102
}
330
110
100
AcDbXrecord
280
     1
270
     1
271
     1
  0
XRECORD
  5
111
102
{ACAD_REACTORS
330
110
102
}
330
110
100
AcDbXrecord
280
     1
270
     1
271
     1
  0
XRECORD
  5
18A
102
{ACAD_REACTORS
330
110
102
}
330
110
100
AcDbXrecord
280
     1
 70
     0
 90
1778669749
  1
9BF507EE-FAF7-4A99-A33D-4EE51894BC40
310
504B03040A0000080000B670623B3DEE336E79000000790000001B0000006175746F6465736B2D64657369676E2D7061636B6167652E786D6C3C3F786D6C2076657273696F6E3D22312E302220656E636F64696E673D227574662D3822203F3E3C666F726D6174733E3C666F726D61743E687474703A2F2F736368656D612E
310
6175746F6465736B2E636F6D2F64657369676E2D7061636B6167652F323030393C2F666F726D61743E3C2F666F726D6174733E504B0304140006080800B670623BD486FD9CA0000000F4000000130000005B436F6E74656E745F54797065735D2E786D6C7D8EC10E82300C865F65E91D8A1E8C310C0EEA1BF002731658846E
310
D98AC1B77784ABF1D8FE5FBFBF75BBCE937A534CCEB38643598122B6FEE978D0B0485F9C41B54DDD7D022595594E1A469170414C76A4D9A4D207E29CF43ECE46F218070CC6BECC4078ACAA135ACF422C856C0E68EA1BF5669944DDD7BCDE7B1F8E415D77AECB980613C2E4AC91FC167A2B244592486606FC29C8FD7F045B9A
310
EF7053A7E60B504B0304140006080800B670623BCA089DFFEC0000007C01000008000000636F72652E786D6C8D90416E83301045AF62CDB632D8402020E32882F604BD80653BC44AB011B6AB1EBF262152BBEB6A467FFE9B197D76FA9EEFE84BAFDE38DB03CD08206DA553C64E3DC470C1474027CE56E7C22F1B202B66DDC3
310
260367D3EAE2B24BD2D9A06D48AA754AEFA2F05E0740F29E9A1EBCBCEA59642286E4F0B76C11F226269DD15797E0188D42CF2346A57DE662F40ABCAEC77628C6120F654571D50C04B7F5B9C1E3997CD4F550BE3745C3F20DE62C98F9755FAE5A04AD801784B498524C8A4F5A75E4D055873772EC0861F966FF03C545FD138A
310
C686B2D8DF7D621E384D8F3C069CE55B16A93C824A75CB8DFF00504B0304140006080800B670623B55019EA25F0000007C00000007000000636E782E786D6C4DCB3B0E80201045D1AD90E915ED2CF8AC45050C11660C8261F98AB1B07AC9C97D42D718D865D3E909258CFD00CCE24AC6E326A164D74DC0B4128928FF326038
310
472BA13128B1252AC747C6BAB984FC68F0B87FE8960A5C09FE86CFB69FBA01504B0304140006080800B670623B68FC0B7272010000D40300000C0000006662782F636F72652E786D6CC5535B6E833010BC8AE5DF0A6C1E8124328E22D29EA01770C0A128602363A31CBFCB234A53A555FA553EC09AD9F5CE8C31DB5DDA060D
310
D2F4B556190E7C8A9154852E6B5565D8D993B7C668C799D1DA7E29C3488956667884316795D1AE5BA0422B2B950554E9522EA0E87B69312A1A5864B82F3E642B7CE12C54F467BF13C55954D20F7CA0A18EB3DE1A1080E621E31BF3D3F1C2C88C73E65C5D2E6C5DC2B4FA544B8379921C36797888BC3C8A032F4E73EA6D927D
310
EA1DF6F42D49F2E8350D5346C666CE6CDD5ED515460A2B4BCC434A375E1078347C0FE22D5D6DE3D50B5D6F2965642CBF6B725DF96493AB958DC245EEDCD6631E809089F8E61622B2A81703E8219C913144F84C09DF070D8140C8561C9BAB8F3340832CAC363130A576376A108D933095FA747AD0CF0B46E64E983A6D0EAE1F
310
CE089F9EF1FB8E70D44255604258581E9D1D75B259C3125A278D37D80B52DAB4A279CEC62F0EFF44DDC43F9454E8469BFF5244960322CBEF41C6FBC83F01504B0304140006080800B670623B0F71DDB67E0000009D0000000B0000006662782F636E782E786D6C4DCCD10A83201886E15B91FFDCA54DB73F502386BB8F5816
310
32D3703976F9ABD1C18E3E78F87855FB990379BBFCF2296AE02706C4C5471A7C9C349475A408A4352AA7B4FEDD80C47E761A7606A3A69CCA72D0E0C6BE8475D3E0E3F3409428EA6B27A84079A782899AA2EC1A7AE3ECCC2FD858CB2D544655BFD2B67BD87C01504B0304140006080800B670623BE134B4FB28010000120200
310
00310000006662782F38353834323741342D343835462D343034322D383541392D4331303331363839454531452F636F72652E786D6C8D515B6EC32010BC0AE22B55850D0EA424C24451959EA0172086A42831583CAA1CBF503B52FB971F16CDCECC0EACD8DFC71BF836215AEF7A481A0C817183D7D65D7A98D3197108F652
310
04EFD31F1A044E8DA6871586525C82CFD3020DDE25E352419DD76601558C264130DCCAA58771F832A36A544E8511AFCDA486ABBA988634A55D7852C4144A00300FA927949C71DABD1D28A29C7D208A6987383B6CD13BC16BB2E1DBE3911C453B0BA5C8D9EA456E758963CFD684674DAA588A64C747FC2118958C86B2C3788B
310
0841B8FB247487D98EB257CC77188BB6D2FF89F2A49F1465EBD2BA5BE2CEB2082511EDDC9042FB7CBA3DC298FBE4430275DE2A9AE1054ADC60CC08E3A29D89E5F9C5714317C7987C28DFBBBA9E0A97B0D97643A568EB864AF95D5FA9759BF207504B0304140006080800B670623B1B8617914E010000330300003000000066
310
62782F38353834323741342D343835462D343034322D383541392D4331303331363839454531452F636E782E786D6CD593C16EC32010447F0571AD6CE3D489D20813A9877E410FBD62D82434182CC055F3F75D1292E692438FBD206B7698593D61BEFD1E2DF982108D773D6D6B460938E5B571FB9ECE6957AD29D90A1EBC4F
310
77364A9C1CA1A759A682EF839FA72269D8C9D92654AD71C72206887E0E0A22CAF926B15E498B01E0AA19451807D01A34B919F16B070157417138917400F2F6FA41FCF0092A45DEE414C19BDC21783E4BD39D891265658C3D8DEA00A3ACE59CBC8678ACB54CB26EEB6BD7839D7E9348BE70AD9C8321B9BCA7F9A4A26C542347
310
DEE050F09802D22BA6749A800A394DD62899107273365E3C82CFC6A55557BC06C10774B7ABE7AEC3B0F34CF06446280E154026D0542C187BA9DAB6628BF7B6DBB0E5A65B3EB1F58631DE64BBE083F7B65CC218087E22CABB042E51D1F2268F1FE12B3EA24D40D63E9CFE00120194D60B9D5BC67FE6D39CDF37E20AF817881F
310
504B0304140006080800B670623B5933D422630500003B100000340000006662782F38353834323741342D343835462D343034322D383541392D4331303331363839454531452F6F626A656374732E786D6CAD575B6FA33814FE2B887D0642934E9B156594264D158D3A534DD4D13E548A0C38942D60649B4EBABF7E3F8321
310
40924EF6928780CDF1B97EE762EFF32E4B8D37CA45C2F21BD3B547A641F39045491EDF98A5DC5AD7A6F1D9F73863B243661A39C9E88DA9B64DDF8B392B0BBD15D12D295339D85DDEFE618890E6D434C2940871638AF08566C426A5641115AF764424B1E3EDCE76ED9AB0CF36E6A47819302D08A7B984A6D8CFC1C5A89572FB
310
CB91E9F89EA3BEFB9EFAD754E3D3544E654F5F7E920B49F2F040D880CDD89D2CEE2E2EA7D6E56432B6269F2E5CEB7679BBB0DCABF168FE693E9FCEEEA6102C240727AD09A75BD3BF876F78127A4EFDA9D5582B7E4CA590E5390D2BFB6161A5B3E618D182E611E2985001691DAB47FDA5AB7CD3F93C566B2DB2BB7D9E55DD13
310
1D468DEECDB3AB290BFE8409E21C54704115AA6AFF68436BFC8DF65E0B184BF5B74418199194272435D224E084BF9B3E481589EFF5D828747285706581E9BB7B7E5D5D911ABFC6EE312DB7659A2A689A7E85EC0DF04FA5A8344BFEA2FCB834E8845895492EAFB541F2BDA0A63FF59C6AD3F7D4637CA13FD68E34B629891172
310
98597F1D183A57B9B75A98FE9765B05BAB7C3C2EBCE0ACA05C2AF8005A4DE09AA7F29216EB9E15397500C6F47CBE77CA7778FE2BD277AF0AE2C693DD6437D1522427B9D8329E2136F6A8FA19A3E6C56ADF0E5F50CF06D48734EDCEBF22F69C56D97EC138153F804B85E6FABFC7AFEFB32E523BE1F3BD372418E363EDCA7548
310
52949E8724474014288D94610BB57C1BEC4C7F854A89CA8E5324F55B871CBC78CE1BBEE3BFE68D6A5589EF3C730474506FCFA8FCF0659516D0ED04580EEA6425581B77CAE797FF4BCECC16EB2FEB926F49481F746159D06D922712BD730FDEAE42BD40F42C7AA5EF3F198F60E86110D6DD20645A9480B795CF95E3E3A659A8
310
C55E724F408873315335CFFB8584874484344D494E59D94869DB90C26A5B64F49C802CAC1D3ABE18A098D3B7444D123D8A9E5AE8F5214F0AE5B2B6E9B575DA3E61CBD3EA2B4009FA940524DD1305FB6A1FB294F14DF0BEA90BA109ECE1481FDC3FFAE8D60E75141700BE82725371B4873751B2DD960265F788137FACE6DD40
310
B575E4F0A5C99F46629D92131467A41EE11ABD8D4CCC039CA0AFB37C93A08B232B8F0AEFCA1E0A1015DF13FC83322B362463652ECF71D3A8B1A7D1BE65DE1D62C44F22C317D35F574FEB16153BA2D13E543D10A80E74C4A65E78A6B7CBCBD1D5DD9DB59C2DAFACC96C3AB566E3F1C29ADCDD5DBAD7D3C9ED7C822ED74F80A6
310
41755310DE4443F44A9E68373FADF6596BFA0F440AE7BECE2727AE9F4F2B1B53B1E7E00CF0DD1E5C65454A339A4BA2D0FBA05ED2EF0443458F47BDBFCA484CCFE0F2ED7E3DD0013B679C7B5499467F0ECEEADDB9CA85A34CE44B99053949D2C1416DB85DE4B136BB7165FBAC0B7AB3542BED4F8CA182A549847A1319316519
310
95A83A67147B9E5101C47487F2485F1ECE38FD568F839204296D3479219888530154036E6528FBFBC66F98E0D4107563A2D7D9AFF8D389681A08F58D89F22693900A3B407754734FC51C10C010D6D640809EE4718AC1BA3ED4AEDB53CA37283F68805A7E4B72CEB0A4EDEAD5DD8C14059A76AFAA56BA6901E13F32BC51C720
310
12AF41295B5BF61BAD3195181FB506E6B40F4C10AF5AF40EF9F5B159AE5DD1F43C72D635E94310D45C2D49785C5D0B94D3B54AB3C5A38349C0587D338AB48C11CBF339599C02CCA54A70A008A8D03C0B2201D5F9EFCF8F9CE12A9A19CB0410789EB32C63B95ECCF455D658BFE0621A3DA32C5075FB101723D77DAE867E7D0F
310
D90444509B44E2151B4DC2290B065803200FBAA9BE9D392A0603F2D5C2D00D6302A615680F66D2FA166E2079D4C551A54AB758161FCEFD4E450A14704CECFEDF504B0304140006080000B670623B000000000000000000000000350000006662782F38353834323741342D343835462D343034322D383541392D4331303331
310
363839454531452F76657274696365732E62696E504B0304140006080800B670623BF270F1330600000004000000360000006662782F38353834323741342D343835462D343034322D383541392D4331303331363839454531452F747269616E676C65732E62696E636660600000504B0304140006080000B670623B000000
310
000000000000000000370000006662782F38353834323741342D343835462D343034322D383541392D4331303331363839454531452F617474726962757465732E62696E504B0304140006080800B670623B08DA0BD19000000041010000360000006662782F38353834323741342D343835462D343034322D383541392D43
310
31303331363839454531452F6469726563746F72792E786D6C858F410AC3201045AF22B36F53E9A60B35CBEEBAE80D244E44489C6234F4F835464A48035D0DF398FF9F8AF63D0E6CC63039F212F8F9020C7D47C6792B21C5FE7403D62A1188E2E60C98D7234A5830286103A55745067B9D86B8A3CF9C7F90C11DE607FB1443
310
96D7B6A82D282E9A152AD114D5EF2CB866EEE831B8EEA07A7BB5A8D7D61A2BAAEB7FD5F70921FF497D00504B0304140006080800B670623BD9A3B367FE000000A00100003B0000006662782F38353834323741342D343835462D343034322D383541392D4331303331363839454531452F7265736F75726365732F636F7265
310
2E786D6C8D504B6E833010BD0A9A6D65B01D0201194711694FD00B586642AD043BF2A7EAF16B122AB5BB6E6646EFA3797AE2F8B5DC8A4FF4C1383B002B291468B59B8C9D0748F1420E501CA5F0CEC55F3228AC5A708015062966EFD27D83B4B3116DCCA875136EA00A012314FA968F0182FEC045952AC5AC08D7F2AEF455CD
310
58B232D3592745883E07289E4FD609D26370C96B0CA27AB252A464A64D63A6FCD35C0C7A904D73EE467EE664DCD58CD4ED4849D79C5A723ED1B7A61977AF2D6F45B59AA58866F9C9A83DAA8813484E6947182394BFB3BAA7FBBEDEBFD0434FA9A856F91F53BA4FFF342563E38E6F719FB60092E5200F428A6AED2BAF479979
310
AFDDCA6F504B010214000A0000080000B670623B3DEE336E79000000790000001B00000000000000000000000000000000006175746F6465736B2D64657369676E2D7061636B6167652E786D6C504B01021400140006080800B670623BD486FD9CA0000000F40000001300000000000000000000000000B20000005B436F6E
310
74656E745F54797065735D2E786D6C504B01021400140006080800B670623BCA089DFFEC0000007C010000080000000000000000000000000083010000636F72652E786D6C504B01021400140006080800B670623B55019EA25F0000007C000000070000000000000000000000000095020000636E782E786D6C504B010214
310
00140006080800B670623B68FC0B7272010000D40300000C00000000000000000000000000190300006662782F636F72652E786D6C504B01021400140006080800B670623B0F71DDB67E0000009D0000000B00000000000000000000000000B50400006662782F636E782E786D6C504B01021400140006080800B670623BE1
310
34B4FB280100001202000031000000000000000000000000005C0500006662782F38353834323741342D343835462D343034322D383541392D4331303331363839454531452F636F72652E786D6C504B01021400140006080800B670623B1B8617914E010000330300003000000000000000000000000000D3060000666278
310
2F38353834323741342D343835462D343034322D383541392D4331303331363839454531452F636E782E786D6C504B01021400140006080800B670623B5933D422630500003B10000034000000000000000000000000006F0800006662782F38353834323741342D343835462D343034322D383541392D4331303331363839
310
454531452F6F626A656374732E786D6C504B01021400140006080000B670623B0000000000000000000000003500000000000000000000000000240E00006662782F38353834323741342D343835462D343034322D383541392D4331303331363839454531452F76657274696365732E62696E504B01021400140006080800
310
B670623BF270F13306000000040000003600000000000000000000000000770E00006662782F38353834323741342D343835462D343034322D383541392D4331303331363839454531452F747269616E676C65732E62696E504B01021400140006080000B670623B0000000000000000000000003700000000000000000000
310
000000D10E00006662782F38353834323741342D343835462D343034322D383541392D4331303331363839454531452F617474726962757465732E62696E504B01021400140006080800B670623B08DA0BD190000000410100003600000000000000000000000000260F00006662782F38353834323741342D343835462D34
310
3034322D383541392D4331303331363839454531452F6469726563746F72792E786D6C504B01021400140006080800B670623BD9A3B367FE000000A00100003B000000000000000000000000000A1000006662782F38353834323741342D343835462D343034322D383541392D4331303331363839454531452F7265736F75
310
726365732F636F72652E786D6C504B0506000000000E000E0080040000611100000000
  0
XRECORD
  5
113
102
{ACAD_REACTORS
330
110
102
}
330
110
100
AcDbXrecord
280
     1
270
     1
271
     1
  0
XRECORD
  5
114
102
{ACAD_REACTORS
330
110
102
}
330
110
100
AcDbXrecord
280
     1
270
     1
271
     1
  0
CELLSTYLEMAP
  5
2037
102
{ACAD_REACTORS
330
104
102
}
330
104
100
AcDbCellStyleMap
 90
        3
300
CELLSTYLE
  1
TABLEFORMAT_BEGIN
 90
        5
170
     1
 91
        0
 92
    32768
 62
   257
 93
        1
300
CONTENTFORMAT
  1
CONTENTFORMAT_BEGIN
 90
        0
 91
        0
 92
      512
 93
        0
300

 40
0.0
140
1.0
 94
        5
 62
     0
340
11
144
0.25
309
CONTENTFORMAT_END
171
     1
301
MARGIN
  1
CELLMARGIN_BEGIN
 40
0.06
 40
0.06
 40
0.06
 40
0.06
 40
0.18
 40
0.18
309
CELLMARGIN_END
 94
        6
 95
        1
302
GRIDFORMAT
  1
GRIDFORMAT_BEGIN
 90
        0
 91
        1
 62
     0
 92
       -2
340
0
 93
        0
 40
0.045
309
GRIDFORMAT_END
 95
        2
302
GRIDFORMAT
  1
GRIDFORMAT_BEGIN
 90
        0
 91
        1
 62
     0
 92
       -2
340
0
 93
        0
 40
0.045
309
GRIDFORMAT_END
 95
        4
302
GRIDFORMAT
  1
GRIDFORMAT_BEGIN
 90
        0
 91
        1
 62
     0
 92
       -2
340
0
 93
        0
 40
0.045
309
GRIDFORMAT_END
 95
        8
302
GRIDFORMAT
  1
GRIDFORMAT_BEGIN
 90
        0
 91
        1
 62
     0
 92
       -2
340
0
 93
        0
 40
0.045
309
GRIDFORMAT_END
 95
       16
302
GRIDFORMAT
  1
GRIDFORMAT_BEGIN
 90
        0
 91
        1
 62
     0
 92
       -2
340
0
 93
        0
 40
0.045
309
GRIDFORMAT_END
 95
       32
302
GRIDFORMAT
  1
GRIDFORMAT_BEGIN
 90
        0
 91
        1
 62
     0
 92
       -2
340
0
 93
        0
 40
0.045
309
GRIDFORMAT_END
309
TABLEFORMAT_END
  1
CELLSTYLE_BEGIN
 90
        1
 91
        1
300
_TITLE
309
CELLSTYLE_END
300
CELLSTYLE
  1
TABLEFORMAT_BEGIN
 90
        5
170
     1
 91
        0
 92
        0
 62
   257
 93
        1
300
CONTENTFORMAT
  1
CONTENTFORMAT_BEGIN
 90
        0
 91
        0
 92
      512
 93
        0
300

 40
0.0
140
1.0
 94
        5
 62
     0
340
11
144
0.18
309
CONTENTFORMAT_END
171
     1
301
MARGIN
  1
CELLMARGIN_BEGIN
 40
0.06
 40
0.06
 40
0.06
 40
0.06
 40
0.18
 40
0.18
309
CELLMARGIN_END
 94
        6
 95
        1
302
GRIDFORMAT
  1
GRIDFORMAT_BEGIN
 90
        0
 91
        1
 62
     0
 92
       -2
340
0
 93
        0
 40
0.045
309
GRIDFORMAT_END
 95
        2
302
GRIDFORMAT
  1
GRIDFORMAT_BEGIN
 90
        0
 91
        1
 62
     0
 92
       -2
340
0
 93
        0
 40
0.045
309
GRIDFORMAT_END
 95
        4
302
GRIDFORMAT
  1
GRIDFORMAT_BEGIN
 90
        0
 91
        1
 62
     0
 92
       -2
340
0
 93
        0
 40
0.045
309
GRIDFORMAT_END
 95
        8
302
GRIDFORMAT
  1
GRIDFORMAT_BEGIN
 90
        0
 91
        1
 62
     0
 92
       -2
340
0
 93
        0
 40
0.045
309
GRIDFORMAT_END
 95
       16
302
GRIDFORMAT
  1
GRIDFORMAT_BEGIN
 90
        0
 91
        1
 62
     0
 92
       -2
340
0
 93
        0
 40
0.045
309
GRIDFORMAT_END
 95
       32
302
GRIDFORMAT
  1
GRIDFORMAT_BEGIN
 90
        0
 91
        1
 62
     0
 92
       -2
340
0
 93
        0
 40
0.045
309
GRIDFORMAT_END
309
TABLEFORMAT_END
  1
CELLSTYLE_BEGIN
 90
        2
 91
        1
300
_HEADER
309
CELLSTYLE_END
300
CELLSTYLE
  1
TABLEFORMAT_BEGIN
 90
        5
170
     1
 91
        0
 92
        0
 62
   257
 93
        1
300
CONTENTFORMAT
  1
CONTENTFORMAT_BEGIN
 90
        0
 91
        0
 92
      512
 93
        0
300

 40
0.0
140
1.0
 94
        2
 62
     0
340
11
144
0.18
309
CONTENTFORMAT_END
171
     1
301
MARGIN
  1
CELLMARGIN_BEGIN
 40
0.06
 40
0.06
 40
0.06
 40
0.06
 40
0.18
 40
0.18
309
CELLMARGIN_END
 94
        6
 95
        1
302
GRIDFORMAT
  1
GRIDFORMAT_BEGIN
 90
        0
 91
        1
 62
     0
 92
       -2
340
0
 93
        0
 40
0.045
309
GRIDFORMAT_END
 95
        2
302
GRIDFORMAT
  1
GRIDFORMAT_BEGIN
 90
        0
 91
        1
 62
     0
 92
       -2
340
0
 93
        0
 40
0.045
309
GRIDFORMAT_END
 95
        4
302
GRIDFORMAT
  1
GRIDFORMAT_BEGIN
 90
        0
 91
        1
 62
     0
 92
       -2
340
0
 93
        0
 40
0.045
309
GRIDFORMAT_END
 95
        8
302
GRIDFORMAT
  1
GRIDFORMAT_BEGIN
 90
        0
 91
        1
 62
     0
 92
       -2
340
0
 93
        0
 40
0.045
309
GRIDFORMAT_END
 95
       16
302
GRIDFORMAT
  1
GRIDFORMAT_BEGIN
 90
        0
 91
        1
 62
     0
 92
       -2
340
0
 93
        0
 40
0.045
309
GRIDFORMAT_END
 95
       32
302
GRIDFORMAT
  1
GRIDFORMAT_BEGIN
 90
        0
 91
        1
 62
     0
 92
       -2
340
0
 93
        0
 40
0.045
309
GRIDFORMAT_END
309
TABLEFORMAT_END
  1
CELLSTYLE_BEGIN
 90
        3
 91
        2
300
_DATA
309
CELLSTYLE_END
  0
XRECORD
  5
2034
102
{ACAD_REACTORS
330
2033
102
}
330
2033
100
AcDbXrecord
280
     1
330
B7
  0
ENDSEC
  0
SECTION
  2
ACDSDATA
 70
     2
 71
     8
  0
ACDSSCHEMA
 90
        0
  1
AcDb_Thumbnail_Schema
  2
AcDbDs::ID
280
    10
 91
        8
  2
Thumbnail_Data
280
    15
 91
        0
101
ACDSRECORD
 95
        0
 90
        1
  2
AcDbDs::TreatedAsObjectData
280
     1
291
     1
101
ACDSRECORD
 95
        0
 90
        2
  2
AcDbDs::Legacy
280
     1
291
     1
101
ACDSRECORD
  1
AcDbDs::ID
 90
        3
  2
AcDs:Indexable
280
     1
291
     1
101
ACDSRECORD
  1
AcDbDs::ID
 90
        4
  2
AcDbDs::HandleAttribute
280
     7
282
     1
  0
ACDSSCHEMA
 90
        1
  1
AcDbDs::TreatedAsObjectDataSchema
  2
AcDbDs::TreatedAsObjectData
280
     1
 91
        0
  0
ACDSSCHEMA
 90
        2
  1
AcDbDs::LegacySchema
  2
AcDbDs::Legacy
280
     1
 91
        0
  0
ACDSSCHEMA
 90
        3
  1
AcDbDs::IndexedPropertySchema
  2
AcDs:Indexable
280
     1
 91
        0
  0
ACDSSCHEMA
 90
        4
  1
AcDbDs::HandleAttributeSchema
  2
AcDbDs::HandleAttribute
280
     7
 91
        1
284
     1
  0
ACDSRECORD
 90
        0
  2
AcDbDs::ID
280
    10
320
22
  2
Thumbnail_Data
280
    15
 94
     3079
310
89504E470D0A1A0A0000000D49484452000001000000009108030000001BE1960600000300504C5445000000FFFFFF0000000000000000000000000000000000000000000000000000000000330000660000990000CC0000FF0033000033330033660033990033CC0033FF0066000066330066660066990066CC0066FF0099
310
000099330099660099990099CC0099FF00CC0000CC3300CC6600CC9900CCCC00CCFF00FF0000FF3300FF6600FF9900FFCC00FFFF3300003300333300663300993300CC3300FF3333003333333333663333993333CC3333FF3366003366333366663366993366CC3366FF3399003399333399663399993399CC3399FF33CC00
310
33CC3333CC6633CC9933CCCC33CCFF33FF0033FF3333FF6633FF9933FFCC33FFFF6600006600336600666600996600CC6600FF6633006633336633666633996633CC6633FF6666006666336666666666996666CC6666FF6699006699336699666699996699CC6699FF66CC0066CC3366CC6666CC9966CCCC66CCFF66FF0066
310
FF3366FF6666FF9966FFCC66FFFF9900009900339900669900999900CC9900FF9933009933339933669933999933CC9933FF9966009966339966669966999966CC9966FF9999009999339999669999999999CC9999FF99CC0099CC3399CC6699CC9999CCCC99CCFF99FF0099FF3399FF6699FF9999FFCC99FFFFCC0000CC00
310
33CC0066CC0099CC00CCCC00FFCC3300CC3333CC3366CC3399CC33CCCC33FFCC6600CC6633CC6666CC6699CC66CCCC66FFCC9900CC9933CC9966CC9999CC99CCCC99FFCCCC00CCCC33CCCC66CCCC99CCCCCCCCCCFFCCFF00CCFF33CCFF66CCFF99CCFFCCCCFFFFFF0000FF0033FF0066FF0099FF00CCFF00FFFF3300FF3333
310
FF3366FF3399FF33CCFF33FFFF6600FF6633FF6666FF6699FF66CCFF66FFFF9900FF9933FF9966FF9999FF99CCFF99FFFFCC00FFCC33FFCC66FFCC99FFCCCCFFCCFFFFFF00FFFF33FFFF66FFFF99FFFFCCFFFFFF0000000D0D0D1A1A1A2828283535354343435050505D5D5D6B6B6B787878868686939393A1A1A1AEAEAEBB
310
BBBBC9C9C9D6D6D6E4E4E4F1F1F1FFFFFF0000000000000000000000000000000000000000000000000000000000003AE5ACE9000008C24944415478DAED9C5B76AC2010459901D3E087993B0BA7E110CEAFFFB18AB7A282AD761B61AD9B95DCEE36B2A9C7A90223C4F690E2D038F8B15F1C4709C89703F84746D0081C4727
310
DF6E03A21110CD061A01F97A2F6804648B03CD049A266CD2EEE546201B81B75738F2F56ED0C247B3817F4540BEDE091A8116D40EB8C17F83D6083400D56E205F1F09E4EBCD5A36008D400BED2D19BE7D468D806C005E4FA0D9405303CD045A766F7AE8ED136A045A8F50361368041A8196DA5A206CCC9A09F88146E095162D
310
DF6E02D147F0FA30F05402388B009E3A7F9C94D81E6F01F82C0C000F8F0238BC8452D0DC1F0FE003139606C0139D00CBC97F708E108F357B7C48E0B1007216709000FE8B163AAA06FE090013CDEBE3F97F0000170B8E00B0468347CF3F5E43F98F01E0929A807CE097950036041F4E8983F2A70120217096049E03F8651F40
310
DD6B8732C193C2E0EE6D1280432747F090F9A378461FC9E1F1A91680E304DCA5471E4F2C79112C447E0240F1885EEFFCD0BF6CFB460C5679815DEBD8077233376F9C7ED65AFFB805548601BBD6A61EA02F5D3A12520C40743FE30CF8301052B61C23134867CC23AC3771D27AE11BDF7406E43B026597306261FA32D2776ACA
310
9B3CF7795D3801D06628C362FAD27DDFFC31EF88A0D606DC0706339466225AC30711AD7B3BF8FD6ED5BF04602700A2D609803073FAB937CB0B33ECC4ED4F18472E148CC9FC8605147F42467D9204E204C0F8B599793FE8282ED09AD3B4CDCFE4F3E1B3F4BEEE019A31F87818C9EB0CC0843602A07494087B336F61CC440DA1
310
5A8605F08BBA08C9DCDD8C73933700C4106541F6014E7316C0A0C3182C016301F83A0064C3025202EEDBB5289002184702C0B61000109861E8A1D95810E5C5EEAB8B8D151580A2064A04C010B014261F10CA7D58F76C011C1C4404000600BAFBE78FAA622826200B00588B17090045FF45B9C0BA80FBCD6401D82C9770B9BB
310
D7BC7B15C0E045008D4900681F3B748F0900C902CD00928B3200A56692308E3438DE92B9D1A886D404020063F8038700DD0F1E0099080B018A826A9171E249CF00204949B74F55AE01D07300BDBF5BB68061482C4083084004005803B099936F4F906B00B401600D992D807CC189C04133806001E4F374FB2C040200242B8E
310
7DFD7E437480489ABC320F80925C10026C01344C44A0B03852181409001B03D0A9A4A29CDD4E1021F3D2F3FCE9628540FCD226001500281D622259403F69038D5C10A434B0A74271C54A234760C310EC17997D719AF6205C201FF55411FBF2AFEF3316E0AE1969612CFDFCF20E4065B1B81E9CC8041880C9E89CF5FC810B06
310
D00FD6029429A84C519429067682202EF3F59297973766E50B8C053827A01C1884000741FEEF29234E91904B4907402F5C607BF5EFCC7E28C8030980380D7A002C800D80292B1000DF6B4551310051C1E712C95C70807201C0686133D39E1B053D17090C404427E92C80F51C375FF21BB50FCA7FE7540CA8580A6BA1A77060
310
D2BA6600930E1C2957900B840CE77B42B3068BC0DA925FA490F1E15B480B0FC12D266BD02E25B026A408C876A0F53C0FEA6C1ADC9FDE8700B01EF7B1931A641E80EF094DFFFA0980F41F7400280D581708B7AEC7B1CBFDE28B3D1DEB8D61889DFC23734170489A6243AFC51C002D368BDFC1DF008C24EC2A22FD2986BF7A8A
310
0B4507BCB6003829D8EBE8A231008860013017181769604B099C0060A3215274E9DC9F0E49010806600E0D53E7732240D2200210F65D194026DCCE3B0267164328517D39ABB17722571A02A631CE698000480B804DC068232E80E9ADDE024830464DB1BC639E0D60FD42EB861717AA2B16900C1D1F156200D34A6BDA160900
310
5C168801640D3203E08C08898D1883AD376F01085AC8DEA3EF0B8FF69880EB8A22EA0BE31B92771EF1F28E81BD3B73517039EC9959580042858D81A8B88CB530EE95BC98CD34171A7324F200E657D7FCF488F97C0FBB3562B70D44480145C5C0952D52ECEA9FBA60990070DEDB9336F41E322AAF7BB979422EB0ADBAB32DD2
310
BB7BA2A88DBD5AFADDB4A918885C438538A390DF204E7B9E2BE1FF1B4D61E7DC6500BCE1F4E6AE5D83C86F13AAA81C2C0580B304C00704CA00749D9F683CF1685BD01F12594AC1E2E6F029006A2F597A648E8F0825E13E3511ADA9375E704400E71970550B7015405928A618D065079C0570FF70FAF55D813AC1093AE1240B
310
B004CA7823935D0981A6B69130A764B2422017FAB1AC10BEE20AB2F45D58D3579DEE0841880128ABFBCEC97D075D01F500120B406A0D6CFD330BC8C53BAC8D03F90B5900582D00E67CEA8ECD26CF4D2CAFCD8D4261F60FBA8D8966ABC16A029BD0962F61F63B7D0BB3C657248205E43ED1F12112A8B821809CEC42B61A3C04
310
00650FB340B88370E9E3B4A88AC03B8F4D741DEF8C72F7B4C3A6D03C47F3C547BD4AA324B29D89E22CB00D40444110472652EB091500760DA9E412F02E907B86AC133180FABBA801706AC950FE44AD8C55EDE2321600E2BE78BDE02FBA93F31FE193A5A85CEA40CE01AC05505F1C15874170C470BF024046617471DFB10130
310
80D5EE34F25B63573404CB01178581D0125BF674A31838FA33B54500044EE90CEDB47FCB0261450CC8B8002961F38C49B7A3D05735310EACF86E6B0D65F02A9420F249D0760358059CB276458130C91FA87493A819252B00648B210E01B453A8E28EE07500C2B67A35B448401E5582F31A847320EF0969A5D141A0E6C6EE3C
310
2222565A535500328D673600D326D24904C0AC7EBC4CCE1CD25D958950E665759C034D4734DE9BC79600485BE2A80E80372B01E98AD9D90AF35E8A9B7FD817CC2826E434E8014D7EBA162E5342EEC9B04C2340190D2074CDA6D0F17008549B05B6719601486A69C40EA09C01743B3B53F7EC84A1CA688A2D40060EC9F5A649
310
2BD8B311BB8FCC9D0C008B53F92BEC77E26F158038FFF1FC618F108EF6205D2AD12E5302732D933648508EAD1840C08B99080EB1A0BEFEC3F94A007BA68679FD5D0C60D90AE95C0650E18428F6F25FDC19BC4A0E54412D768164732331008DDA0706F1B83F5429D34488A80A062B006C9D0BC0A58F51DC72FE445AF75F4400
310
D8BF1C810FB6449319FC0148901410CEEDFA5D0000000049454E44AE426082
  0
ENDSEC
  0
EOF
