  0
SECTION
  2
HEADER
  9
$ACADVER
  1
AC1032
  9
$ACADMAINTVER
 90
      155
  9
$DWGCODEPAGE
  3
ANSI_936
  9
$LASTSAVEDBY
  1
lenovo
  9
$REQUIREDVERSIONS
160
                 0
  9
$INSBASE
 10
0.0
 20
0.0
 30
0.0
  9
$EXTMIN
 10
-25353.73926407518
 20
-31446.76854431169
 30
0.0
  9
$EXTMAX
 10
46077.18609382938
 20
5095.534969086759
 30
0.0
  9
$LIMMIN
 10
0.0
 20
0.0
  9
$LIMMAX
 10
12.0
 20
9.0
  9
$ORTHOMODE
 70
     1
  9
$REGENMODE
 70
     1
  9
$FILLMODE
 70
     1
  9
$QTEXTMODE
 70
     0
  9
$MIRRTEXT
 70
     0
  9
$LTSCALE
 40
1.0
  9
$ATTMODE
 70
     1
  9
$TEXTSIZE
 40
0.2
  9
$TRACEWID
 40
0.05
  9
$TEXTSTYLE
  7
Standard
  9
$CLAYER
  8
YHG_填充
  9
$CELTYPE
  6
ByLayer
  9
$CECOLOR
 62
   256
  9
$CELTSCALE
 40
1.0
  9
$DISPSILH
 70
     0
  9
$DIMSCALE
 40
1.0
  9
$DIMASZ
 40
0.18
  9
$DIMEXO
 40
0.0625
  9
$DIMDLI
 40
0.38
  9
$DIMRND
 40
0.0
  9
$DIMDLE
 40
0.0
  9
$DIMEXE
 40
0.18
  9
$DIMTP
 40
0.0
  9
$DIMTM
 40
0.0
  9
$DIMTXT
 40
0.18
  9
$DIMCEN
 40
0.09
  9
$DIMTSZ
 40
0.0
  9
$DIMTOL
 70
     0
  9
$DIMLIM
 70
     0
  9
$DIMTIH
 70
     1
  9
$DIMTOH
 70
     1
  9
$DIMSE1
 70
     0
  9
$DIMSE2
 70
     0
  9
$DIMTAD
 70
     0
  9
$DIMZIN
 70
     0
  9
$DIMBLK
  1

  9
$DIMASO
 70
     1
  9
$DIMSHO
 70
     1
  9
$DIMPOST
  1

  9
$DIMAPOST
  1

  9
$DIMALT
 70
     0
  9
$DIMALTD
 70
     2
  9
$DIMALTF
 40
25.4
  9
$DIMLFAC
 40
1.0
  9
$DIMTOFL
 70
     0
  9
$DIMTVP
 40
0.0
  9
$DIMTIX
 70
     0
  9
$DIMSOXD
 70
     0
  9
$DIMSAH
 70
     0
  9
$DIMBLK1
  1

  9
$DIMBLK2
  1

  9
$DIMSTYLE
  2
Standard
  9
$DIMCLRD
 70
     0
  9
$DIMCLRE
 70
     0
  9
$DIMCLRT
 70
     0
  9
$DIMTFAC
 40
1.0
  9
$DIMGAP
 40
0.09
  9
$DIMJUST
 70
     0
  9
$DIMSD1
 70
     0
  9
$DIMSD2
 70
     0
  9
$DIMTOLJ
 70
     1
  9
$DIMTZIN
 70
     0
  9
$DIMALTZ
 70
     0
  9
$DIMALTTZ
 70
     0
  9
$DIMUPT
 70
     0
  9
$DIMDEC
 70
     4
  9
$DIMTDEC
 70
     4
  9
$DIMALTU
 70
     2
  9
$DIMALTTD
 70
     2
  9
$DIMTXSTY
  7
Standard
  9
$DIMAUNIT
 70
     0
  9
$DIMADEC
 70
     0
  9
$DIMALTRND
 40
0.0
  9
$DIMAZIN
 70
     0
  9
$DIMDSEP
 70
    46
  9
$DIMATFIT
 70
     3
  9
$DIMFRAC
 70
     0
  9
$DIMLDRBLK
  1

  9
$DIMLUNIT
 70
     2
  9
$DIMLWD
 70
    -2
  9
$DIMLWE
 70
    -2
  9
$DIMTMOVE
 70
     0
  9
$DIMFXL
 40
1.0
  9
$DIMFXLON
 70
     0
  9
$DIMJOGANG
 40
0.7853981633974483
  9
$DIMTFILL
 70
     0
  9
$DIMTFILLCLR
 70
     0
  9
$DIMARCSYM
 70
     0
  9
$DIMLTYPE
  6

  9
$DIMLTEX1
  6

  9
$DIMLTEX2
  6

  9
$DIMTXTDIRECTION
 70
     0
  9
$LUNITS
 70
     2
  9
$LUPREC
 70
     4
  9
$SKETCHINC
 40
0.1
  9
$FILLETRAD
 40
0.0
  9
$AUNITS
 70
     0
  9
$AUPREC
 70
     0
  9
$MENU
  1
.
  9
$ELEVATION
 40
0.0
  9
$PELEVATION
 40
0.0
  9
$THICKNESS
 40
0.0
  9
$LIMCHECK
 70
     0
  9
$CHAMFERA
 40
0.0
  9
$CHAMFERB
 40
0.0
  9
$CHAMFERC
 40
0.0
  9
$CHAMFERD
 40
0.0
  9
$SKPOLY
 70
     0
  9
$TDCREATE
 40
2461306.616631945
  9
$TDUCREATE
 40
2461306.283298611
  9
$TDUPDATE
 40
2461306.701030093
  9
$TDUUPDATE
 40
2461306.367696759
  9
$TDINDWG
 40
0.0082754630
  9
$TDUSRTIMER
 40
0.0082754630
  9
$USRTIMER
 70
     1
  9
$ANGBASE
 50
0.0
  9
$ANGDIR
 70
     0
  9
$PDMODE
 70
     0
  9
$PDSIZE
 40
0.0
  9
$PLINEWID
 40
0.0
  9
$SPLFRAME
 70
     0
  9
$SPLINETYPE
 70
     6
  9
$SPLINESEGS
 70
     8
  9
$HANDSEED
  5
11BC
  9
$SURFTAB1
 70
     6
  9
$SURFTAB2
 70
     6
  9
$SURFTYPE
 70
     6
  9
$SURFU
 70
     6
  9
$SURFV
 70
     6
  9
$UCSBASE
  2

  9
$UCSNAME
  2

  9
$UCSORG
 10
0.0
 20
0.0
 30
0.0
  9
$UCSXDIR
 10
1.0
 20
0.0
 30
0.0
  9
$UCSYDIR
 10
0.0
 20
1.0
 30
0.0
  9
$UCSORTHOREF
  2

  9
$UCSORTHOVIEW
 70
     0
  9
$UCSORGTOP
 10
0.0
 20
0.0
 30
0.0
  9
$UCSORGBOTTOM
 10
0.0
 20
0.0
 30
0.0
  9
$UCSORGLEFT
 10
0.0
 20
0.0
 30
0.0
  9
$UCSORGRIGHT
 10
0.0
 20
0.0
 30
0.0
  9
$UCSORGFRONT
 10
0.0
 20
0.0
 30
0.0
  9
$UCSORGBACK
 10
0.0
 20
0.0
 30
0.0
  9
$PUCSBASE
  2

  9
$PUCSNAME
  2

  9
$PUCSORG
 10
0.0
 20
0.0
 30
0.0
  9
$PUCSXDIR
 10
1.0
 20
0.0
 30
0.0
  9
$PUCSYDIR
 10
0.0
 20
1.0
 30
0.0
  9
$PUCSORTHOREF
  2

  9
$PUCSORTHOVIEW
 70
     0
  9
$PUCSORGTOP
 10
0.0
 20
0.0
 30
0.0
  9
$PUCSORGBOTTOM
 10
0.0
 20
0.0
 30
0.0
  9
$PUCSORGLEFT
 10
0.0
 20
0.0
 30
0.0
  9
$PUCSORGRIGHT
 10
0.0
 20
0.0
 30
0.0
  9
$PUCSORGFRONT
 10
0.0
 20
0.0
 30
0.0
  9
$PUCSORGBACK
 10
0.0
 20
0.0
 30
0.0
  9
$USERI1
 70
     0
  9
$USERI2
 70
     0
  9
$USERI3
 70
     0
  9
$USERI4
 70
     0
  9
$USERI5
 70
     0
  9
$USERR1
 40
0.0
  9
$USERR2
 40
0.0
  9
$USERR3
 40
0.0
  9
$USERR4
 40
0.0
  9
$USERR5
 40
0.0
  9
$WORLDVIEW
 70
     1
  9
$SHADEDGE
 70
     3
  9
$SHADEDIF
 70
    70
  9
$TILEMODE
 70
     1
  9
$MAXACTVP
 70
    64
  9
$PINSBASE
 10
0.0
 20
0.0
 30
0.0
  9
$PLIMCHECK
 70
     0
  9
$PEXTMIN
 10
0.0
 20
0.0
 30
0.0
  9
$PEXTMAX
 10
0.0
 20
0.0
 30
0.0
  9
$PLIMMIN
 10
0.0
 20
0.0
  9
$PLIMMAX
 10
12.0
 20
9.0
  9
$UNITMODE
 70
     0
  9
$VISRETAIN
 70
     1
  9
$PLINEGEN
 70
     0
  9
$PSLTSCALE
 70
     1
  9
$TREEDEPTH
 70
  3020
  9
$CMLSTYLE
  2
Standard
  9
$CMLJUST
 70
     0
  9
$CMLSCALE
 40
1.0
  9
$PROXYGRAPHICS
 70
     1
  9
$MEASUREMENT
 70
     0
  9
$CELWEIGHT
370
    -1
  9
$ENDCAPS
280
     0
  9
$JOINSTYLE
280
     0
  9
$LWDISPLAY
290
     0
  9
$INSUNITS
 70
     1
  9
$HYPERLINKBASE
  1

  9
$STYLESHEET
  1

  9
$XEDIT
290
     1
  9
$CEPSNTYPE
380
     0
  9
$PSTYLEMODE
290
     1
  9
$FINGERPRINTGUID
  2
{890E8CE5-2557-A645-B19F-2D11336AB716}
  9
$VERSIONGUID
  2
{2B85D9A7-8F83-044E-AFD2-5D2BE3C403F2}
  9
$EXTNAMES
290
     1
  9
$PSVPSCALE
 40
0.0
  9
$OLESTARTUP
290
     0
  9
$SORTENTS
280
   127
  9
$INDEXCTL
280
     0
  9
$HIDETEXT
280
     1
  9
$XCLIPFRAME
280
     2
  9
$HALOGAP
280
     0
  9
$OBSCOLOR
 70
   257
  9
$OBSLTYPE
280
     0
  9
$INTERSECTIONDISPLAY
280
     0
  9
$INTERSECTIONCOLOR
 70
   257
  9
$DIMASSOC
280
     2
  9
$PROJECTNAME
  1

  9
$CAMERADISPLAY
290
     0
  9
$LENSLENGTH
 40
50.0
  9
$CAMERAHEIGHT
 40
0.0
  9
$STEPSPERSEC
 40
2.0
  9
$STEPSIZE
 40
6.0
  9
$3DDWFPREC
 40
2.0
  9
$PSOLWIDTH
 40
0.25
  9
$PSOLHEIGHT
 40
4.0
  9
$LOFTANG1
 40
1.570796326794896
  9
$LOFTANG2
 40
1.570796326794896
  9
$LOFTMAG1
 40
0.0
  9
$LOFTMAG2
 40
0.0
  9
$LOFTPARAM
 70
     7
  9
$LOFTNORMALS
280
     1
  9
$LATITUDE
 40
37.795
  9
$LONGITUDE
 40
-122.394
  9
$NORTHDIRECTION
 40
0.0
  9
$TIMEZONE
 70
 -8000
  9
$LIGHTGLYPHDISPLAY
280
     1
  9
$TILEMODELIGHTSYNCH
280
     1
  9
$CMATERIAL
347
96
  9
$SOLIDHIST
280
     0
  9
$SHOWHIST
280
     1
  9
$DWFFRAME
280
     2
  9
$DGNFRAME
280
     0
  9
$REALWORLDSCALE
290
     1
  9
$INTERFERECOLOR
 62
     1
  9
$INTERFEREOBJVS
345
A3
  9
$INTERFEREVPVS
346
A0
  9
$CSHADOW
280
     0
  9
$SHADOWPLANELOCATION
 40
0.0
  0
ENDSEC
  0
SECTION
  2
CLASSES
  0
CLASS
  1
ACDBDICTIONARYWDFLT
  2
AcDbDictionaryWithDefault
  3
ObjectDBX Classes
 90
        0
 91
        1
280
     0
281
     0
  0
CLASS
  1
DICTIONARYVAR
  2
AcDbDictionaryVar
  3
ObjectDBX Classes
 90
        0
 91
       11
280
     0
281
     0
  0
CLASS
  1
TABLESTYLE
  2
AcDbTableStyle
  3
ObjectDBX Classes
 90
     4095
 91
        1
280
     0
281
     0
  0
CLASS
  1
MATERIAL
  2
AcDbMaterial
  3
ObjectDBX Classes
 90
     1153
 91
        3
280
     0
281
     0
  0
CLASS
  1
VISUALSTYLE
  2
AcDbVisualStyle
  3
ObjectDBX Classes
 90
     4095
 91
       24
280
     0
281
     0
  0
CLASS
  1
SCALE
  2
AcDbScale
  3
ObjectDBX Classes
 90
     1153
 91
       33
280
     0
281
     0
  0
CLASS
  1
MLEADERSTYLE
  2
AcDbMLeaderStyle
  3
ACDB_MLEADERSTYLE_CLASS
 90
     4095
 91
        2
280
     0
281
     0
  0
CLASS
  1
CELLSTYLEMAP
  2
AcDbCellStyleMap
  3
ObjectDBX Classes
 90
     1152
 91
        1
280
     0
281
     0
  0
CLASS
  1
EXACXREFPANELOBJECT
  2
ExAcXREFPanelObject
  3
EXAC_ESW
 90
     1025
 91
        0
280
     0
281
     0
  0
CLASS
  1
NPOCOLLECTION
  2
AcDbImpNonPersistentObjectsCollection
  3
ObjectDBX Classes
 90
     1153
 91
        0
280
     0
281
     0
  0
CLASS
  1
LAYER_INDEX
  2
AcDbLayerIndex
  3
ObjectDBX Classes
 90
        0
 91
        0
280
     0
281
     0
  0
CLASS
  1
SPATIAL_INDEX
  2
AcDbSpatialIndex
  3
ObjectDBX Classes
 90
        0
 91
        0
280
     0
281
     0
  0
CLASS
  1
IDBUFFER
  2
AcDbIdBuffer
  3
ObjectDBX Classes
 90
        0
 91
        0
280
     0
281
     0
  0
CLASS
  1
ACDBSECTIONVIEWSTYLE
  2
AcDbSectionViewStyle
  3
ObjectDBX Classes
 90
     1025
 91
        2
280
     0
281
     0
  0
CLASS
  1
ACDBDETAILVIEWSTYLE
  2
AcDbDetailViewStyle
  3
ObjectDBX Classes
 90
     1025
 91
        2
280
     0
281
     0
  0
CLASS
  1
SORTENTSTABLE
  2
AcDbSortentsTable
  3
ObjectDBX Classes
 90
        0
 91
        3
280
     0
281
     0
  0
ENDSEC
  0
SECTION
  2
TABLES
  0
TABLE
  2
VPORT
  5
8
330
0
100
AcDbSymbolTable
 70
     1
  0
VPORT
  5
94
330
8
100
AcDbSymbolTableRecord
100
AcDbViewportTableRecord
  2
*Active
 70
     0
 10
0.0
 20
0.0
 11
1.0
 21
1.0
 12
5896.707366645452
 22
2375.069915431378
 13
0.0
 23
0.0
 14
0.5
 24
0.5
 15
0.5
 25
0.5
 16
0.0
 26
0.0
 36
1.0
 17
0.0
 27
0.0
 37
0.0
 40
7159.173371788465
 41
2.178785286569717
 42
50.0
 43
0.0
 44
0.0
 50
0.0
 51
0.0
 71
     0
 72
  1000
 73
     1
 74
     3
 75
     0
 76
     0
 77
     0
 78
     0
281
     0
 65
     1
110
0.0
120
0.0
130
0.0
111
1.0
121
0.0
131
0.0
112
0.0
122
1.0
132
0.0
 79
     0
146
0.0
348
9F
 60
     3
 61
     5
292
     1
282
     1
141
0.0
142
0.0
 63
   250
421
  3355443
1001
ACAD_NAV_VCDISPLAY
1070
     3
  0
ENDTAB
  0
TABLE
  2
LTYPE
  5
5
330
0
100
AcDbSymbolTable
 70
     3
  0
LTYPE
  5
14
330
5
100
AcDbSymbolTableRecord
100
AcDbLinetypeTableRecord
  2
ByBlock
 70
     0
  3

 72
    65
 73
     0
 40
0.0
  0
LTYPE
  5
15
330
5
100
AcDbSymbolTableRecord
100
AcDbLinetypeTableRecord
  2
ByLayer
 70
     0
  3

 72
    65
 73
     0
 40
0.0
  0
LTYPE
  5
16
330
5
100
AcDbSymbolTableRecord
100
AcDbLinetypeTableRecord
  2
Continuous
 70
     0
  3
Solid line
 72
    65
 73
     0
 40
0.0
  0
LTYPE
  5
6AA
330
5
100
AcDbSymbolTableRecord
100
AcDbLinetypeTableRecord
  2
DOTE
 70
     0
  3
____ . ____ . ____ . ____ . ____ . ____ . ____ 
 72
    65
 73
     4
 40
2.419999999999999
 49
2.0
 74
     0
 49
-0.2
 74
     0
 49
0.02
 74
     0
 49
-0.2
 74
     0
  0
ENDTAB
  0
TABLE
  2
LAYER
  5
2
102
{ACAD_XDICTIONARY
360
18E
102
}
330
0
100
AcDbSymbolTable
 70
    23
  0
LAYER
  5
10
102
{ACAD_XDICTIONARY
360
E6
102
}
330
2
100
AcDbSymbolTableRecord
100
AcDbLayerTableRecord
  2
0
 70
     0
 62
     7
  6
Continuous
370
    -3
390
F
347
98
348
0
  0
LAYER
  5
225
330
2
100
AcDbSymbolTableRecord
100
AcDbLayerTableRecord
  2
WALL
 70
     0
 62
     4
  6
Continuous
370
    -3
390
F
347
98
348
0
1001
AcAecLayerStandard
1000

1000
存放砼材料构成的墙对象
  0
LAYER
  5
226
330
2
100
AcDbSymbolTableRecord
100
AcDbLayerTableRecord
  2
DIM_LEAD
 70
     0
 62
     3
  6
Continuous
370
    -3
390
F
347
98
348
0
1001
AcAecLayerStandard
1000

1000
引出标注
  0
LAYER
  5
227
102
{ACAD_XDICTIONARY
360
228
102
}
330
2
100
AcDbSymbolTableRecord
100
AcDbLayerTableRecord
  2
YHJ_门窗细线
 70
     0
 62
   160
  6
Continuous
370
    -3
390
F
347
98
348
0
1001
AcAecLayerStandard
1000

1000

1001
_LayerManage
1070
     0
1070
     0
1070
     0
  0
LAYER
  5
229
102
{ACAD_XDICTIONARY
360
22A
102
}
330
2
100
AcDbSymbolTableRecord
100
AcDbLayerTableRecord
  2
YHJ_门窗框
 70
     0
 62
   151
  6
Continuous
370
    -3
390
F
347
98
348
0
1001
AcAecLayerStandard
1000

1000

1001
_LayerManage
1070
     0
1070
     0
1070
     0
  0
LAYER
  5
22B
102
{ACAD_XDICTIONARY
360
22C
102
}
330
2
100
AcDbSymbolTableRecord
100
AcDbLayerTableRecord
  2
轮廓线
 70
     0
 62
     2
  6
Continuous
370
    -3
390
F
347
98
348
0
  0
LAYER
  5
22D
102
{ACAD_XDICTIONARY
360
22E
102
}
330
2
100
AcDbSymbolTableRecord
100
AcDbLayerTableRecord
  2
YHJ_立面_墙线中
 70
     0
 62
     2
  6
Continuous
370
    -3
390
F
347
98
348
0
1001
AcAecLayerStandard
1000

1000
立面可见线
  0
LAYER
  5
22F
330
2
100
AcDbSymbolTableRecord
100
AcDbLayerTableRecord
  2
YHJ_符号
 70
     0
 62
     3
  6
Continuous
370
    -3
390
F
347
98
348
0
  0
LAYER
  5
230
330
2
100
AcDbSymbolTableRecord
100
AcDbLayerTableRecord
  2
建筑-房间填充
 70
     0
 62
     8
  6
Continuous
370
    -3
390
F
347
98
348
0
1001
AcAecLayerStandard
1000

1000
房间面积填充图案
1001
_LayerManage
1070
     0
1070
     0
1070
     0
  0
LAYER
  5
6AB
330
2
100
AcDbSymbolTableRecord
100
AcDbLayerTableRecord
  2
DOTE
 70
     0
 62
     1
  6
DOTE
370
    -3
390
F
347
98
348
0
1001
AcAecLayerStandard
1000

1000
此图层的直线和弧认为是平面轴线
  0
LAYER
  5
6AC
330
2
100
AcDbSymbolTableRecord
100
AcDbLayerTableRecord
  2
AXIS
 70
     0
 62
     3
  6
Continuous
370
    -3
390
F
347
98
348
0
1001
AcAecLayerStandard
1000

1000
存放轴线尺寸标注
  0
LAYER
  5
6AD
330
2
100
AcDbSymbolTableRecord
100
AcDbLayerTableRecord
  2
AXIS_TEXT
 70
     0
 62
     7
  6
Continuous
370
    -3
390
F
347
98
348
0
1001
AcAecLayerStandard
1000

1000
轴号对象的轴号文字
  0
LAYER
  5
6AE
330
2
100
AcDbSymbolTableRecord
100
AcDbLayerTableRecord
  2
PUB_DIM
 70
     0
 62
     3
  6
Continuous
370
    -3
390
F
347
98
348
0
1001
AcAecLayerStandard
1000

1000
尺寸标注
  0
LAYER
  5
6AF
330
2
100
AcDbSymbolTableRecord
100
AcDbLayerTableRecord
  2
DIM_ELEV
 70
     0
 62
     3
  6
Continuous
370
    -3
390
F
347
98
348
0
1001
AcAecLayerStandard
1000

1000
标高标注
  0
LAYER
  5
6B0
330
2
100
AcDbSymbolTableRecord
100
AcDbLayerTableRecord
  2
DIM_SYMB
 70
     0
 62
     3
  6
Continuous
370
    -3
390
F
347
98
348
0
1001
AcAecLayerStandard
1000

1000
其它各种符号标注
  0
LAYER
  5
6B1
102
{ACAD_XDICTIONARY
360
6B2
102
}
330
2
100
AcDbSymbolTableRecord
100
AcDbLayerTableRecord
  2
YHJ_剖面_梁板
 70
     0
 62
     4
  6
Continuous
370
    -3
390
F
347
98
348
0
1001
AcAecLayerStandard
1000

1000

1001
_LayerManage
1070
     0
1070
     0
1070
     0
  0
LAYER
  5
6B3
330
2
100
AcDbSymbolTableRecord
100
AcDbLayerTableRecord
  2
Defpoints
 70
     0
 62
     7
  6
Continuous
290
     0
370
    -3
390
F
347
98
348
0
  0
LAYER
  5
6B4
102
{ACAD_XDICTIONARY
360
6B5
102
}
330
2
100
AcDbSymbolTableRecord
100
AcDbLayerTableRecord
  2
图框
 70
     0
 62
     7
  6
Continuous
370
    -3
390
F
347
98
348
0
1001
_LayerManage
1070
     0
1070
     0
1070
     0
  0
LAYER
  5
6B6
330
2
100
AcDbSymbolTableRecord
100
AcDbLayerTableRecord
  2
YHG_文字
 70
     0
 62
     7
  6
Continuous
370
    -3
390
F
347
98
348
0
1001
AcCmTransparency
1071
 33554687
1001
AcAecLayerStandard
1000

1000
文字
  0
LAYER
  5
6B7
330
2
100
AcDbSymbolTableRecord
100
AcDbLayerTableRecord
  2
TWT_DIM
 70
     0
 62
     3
  6
Continuous
370
    -3
390
F
347
98
348
0
  0
LAYER
  5
6B8
330
2
100
AcDbSymbolTableRecord
100
AcDbLayerTableRecord
  2
YHG_填充
 70
     0
 62
     8
  6
Continuous
370
    -3
390
F
347
98
348
0
1001
AcCmTransparency
1071
 33554687
1001
AcAecLayerStandard
1000

1000
详图墙填充
  0
LAYER
  5
6B9
330
2
100
AcDbSymbolTableRecord
100
AcDbLayerTableRecord
  2
YHJ_尺寸_公标
 70
     0
 62
     3
  6
Continuous
370
    -3
390
F
347
98
348
0
  0
LAYER
  5
6BA
330
2
100
AcDbSymbolTableRecord
100
AcDbLayerTableRecord
  2
YHJ_消防救援标示
 70
     0
 62
     6
  6
Continuous
370
    -3
390
F
347
98
348
0
1001
AcAecLayerStandard
1000

1000

1001
_LayerManage
1070
     0
1070
     0
1070
     0
  0
ENDTAB
  0
TABLE
  2
STYLE
  5
3
330
0
100
AcDbSymbolTable
 70
    10
  0
STYLE
  5
11
330
3
100
AcDbSymbolTableRecord
100
AcDbTextStyleTableRecord
  2
Standard
 70
     0
 40
0.0
 41
1.0
 50
0.0
 71
     0
 42
0.2
  3
arial.ttf
  4

1001
ACAD
1000
Arial
1071
       34
  0
STYLE
  5
DC
330
3
100
AcDbSymbolTableRecord
100
AcDbTextStyleTableRecord
  2
Annotative
 70
     0
 40
0.0
 41
1.0
 50
0.0
 71
     0
 42
0.2
  3
arial.ttf
  4

1001
AcadAnnotative
1000
AnnotativeData
1002
{
1070
     1
1070
     1
1002
}
1001
ACAD
1000
Arial
1071
       34
  0
STYLE
  5
231
330
3
100
AcDbSymbolTableRecord
100
AcDbTextStyleTableRecord
  2
_TCH_DIM
 70
     0
 40
0.0
 41
1.0
 50
0.0
 71
     0
 42
350.0
  3
SIMPLEX
  4
GBCBIG
1001
_TCH
1040
0.85
1040
0.6
1070
     7
  0
STYLE
  5
232
330
3
100
AcDbSymbolTableRecord
100
AcDbTextStyleTableRecord
  2
_TCH_DIM_T3
 70
     0
 40
0.0
 41
0.7058823529411766
 50
0.0
 71
     0
 42
2.5
  3
SIMPLEX
  4
GBCBIG
1001
_TCH
1040
0.85
1040
0.6
1070
     7
  0
STYLE
  5
233
330
3
100
AcDbSymbolTableRecord
100
AcDbTextStyleTableRecord
  2
TSSD_REIN_T3
 70
     0
 40
0.0
 41
0.7
 50
0.0
 71
     0
 42
350.0
  3
tssdeng.shx
  4
hztxt.shx
  0
STYLE
  5
6BB
330
3
100
AcDbSymbolTableRecord
100
AcDbTextStyleTableRecord
  2
_TCH_AXIS
 70
     0
 40
0.0
 41
1.0
 50
0.0
 71
     0
 42
2.5
  3
COMPLEX
  4
GBCBIG
1001
_TCH
1040
0.85
1040
0.6
1070
     7
  0
STYLE
  5
6BC
330
3
100
AcDbSymbolTableRecord
100
AcDbTextStyleTableRecord
  2
TSSD_Rein
 70
     0
 40
0.0
 41
0.7
 50
0.0
 71
     0
 42
350.0
  3
TSSDENG
  4
@1HZTXT
1001
_TCH
1040
1.0
1040
1.0
1070
     0
  0
STYLE
  5
6BD
330
3
100
AcDbSymbolTableRecord
100
AcDbTextStyleTableRecord
  2
biaotilan
 70
     0
 40
0.0
 41
0.7
 50
0.0
 71
     0
 42
6.0
  3

  4

1001
ACAD
1000
SimSun
1071
    34306
  0
STYLE
  5
6BE
330
3
100
AcDbSymbolTableRecord
100
AcDbTextStyleTableRecord
  2
YH_TEXT
 70
     0
 40
0.0
 41
0.7
 50
0.0
 71
     0
 42
2.5
  3
@YH2
  4
@YH1
1001
_TCH
1040
0.8
1040
0.8
1070
     0
  0
STYLE
  5
6BF
330
3
100
AcDbSymbolTableRecord
100
AcDbTextStyleTableRecord
  2
COMPLEX
 70
     0
 40
0.0
 41
1.0
 50
0.0
 71
     0
 42
0.6
  3
COMPLEX
  4

1001
AcadAnnotative
1000
AnnotativeData
1002
{
1070
     1
1070
     1
1002
}
  0
ENDTAB
  0
TABLE
  2
VIEW
  5
6
330
0
100
AcDbSymbolTable
 70
     3
  0
ENDTAB
  0
TABLE
  2
UCS
  5
7
330
0
100
AcDbSymbolTable
 70
     0
  0
ENDTAB
  0
TABLE
  2
APPID
  5
9
330
0
100
AcDbSymbolTable
 70
    19
  0
APPID
  5
12
330
9
100
AcDbSymbolTableRecord
100
AcDbRegAppTableRecord
  2
ACAD
 70
     0
  0
APPID
  5
DD
330
9
100
AcDbSymbolTableRecord
100
AcDbRegAppTableRecord
  2
AcadAnnoPO
 70
     0
  0
APPID
  5
DE
330
9
100
AcDbSymbolTableRecord
100
AcDbRegAppTableRecord
  2
AcadAnnotative
 70
     0
  0
APPID
  5
DF
330
9
100
AcDbSymbolTableRecord
100
AcDbRegAppTableRecord
  2
ACAD_DSTYLE_DIMJAG
 70
     0
  0
APPID
  5
E0
330
9
100
AcDbSymbolTableRecord
100
AcDbRegAppTableRecord
  2
ACAD_DSTYLE_DIMTALN
 70
     0
  0
APPID
  5
107
330
9
100
AcDbSymbolTableRecord
100
AcDbRegAppTableRecord
  2
ACAD_MLEADERVER
 70
     0
  0
APPID
  5
1A6
330
9
100
AcDbSymbolTableRecord
100
AcDbRegAppTableRecord
  2
ACAD_NAV_VCDISPLAY
 70
     0
  0
APPID
  5
238
330
9
100
AcDbSymbolTableRecord
100
AcDbRegAppTableRecord
  2
AcAecLayerStandard
 70
     0
  0
APPID
  5
239
330
9
100
AcDbSymbolTableRecord
100
AcDbRegAppTableRecord
  2
_TCH
 70
     0
  0
APPID
  5
23A
330
9
100
AcDbSymbolTableRecord
100
AcDbRegAppTableRecord
  2
ACAD_PSEXT
 70
     0
  0
APPID
  5
23B
330
9
100
AcDbSymbolTableRecord
100
AcDbRegAppTableRecord
  2
_LayerManage
 70
     0
  0
APPID
  5
23C
330
9
100
AcDbSymbolTableRecord
100
AcDbRegAppTableRecord
  2
GradientColor1ACI
 70
     0
  0
APPID
  5
23D
330
9
100
AcDbSymbolTableRecord
100
AcDbRegAppTableRecord
  2
GradientColor2ACI
 70
     0
  0
APPID
  5
23E
330
9
100
AcDbSymbolTableRecord
100
AcDbRegAppTableRecord
  2
ACAD_DSTYLE_DIMJOGGED_JOGANGLE_SYMBOL
 70
     0
  0
APPID
  5
23F
330
9
100
AcDbSymbolTableRecord
100
AcDbRegAppTableRecord
  2
AcDbDynamicBlockGUID
 70
     0
  0
APPID
  5
240
330
9
100
AcDbSymbolTableRecord
100
AcDbRegAppTableRecord
  2
AcDbBlockRepETag
 70
     0
  0
APPID
  5
241
330
9
100
AcDbSymbolTableRecord
100
AcDbRegAppTableRecord
  2
ACAD_DSTYLE_DIMBREAK
 70
     0
  0
APPID
  5
6C3
330
9
100
AcDbSymbolTableRecord
100
AcDbRegAppTableRecord
  2
AcCmTransparency
 70
     0
  0
APPID
  5
117E
330
9
100
AcDbSymbolTableRecord
100
AcDbRegAppTableRecord
  2
ACAD_EXEMPT_FROM_CAD_STANDARDS
 70
     0
  0
ENDTAB
  0
TABLE
  2
DIMSTYLE
  5
A
330
0
100
AcDbSymbolTable
 70
     9
100
AcDbDimStyleTable
 71
     2
340
27
340
E1
  0
DIMSTYLE
105
27
330
A
100
AcDbSymbolTableRecord
100
AcDbDimStyleTableRecord
  2
Standard
 70
     0
340
11
  0
DIMSTYLE
105
E1
330
A
100
AcDbSymbolTableRecord
100
AcDbDimStyleTableRecord
  2
Annotative
 70
     0
 40
0.0
340
11
1001
AcadAnnotative
1000
AnnotativeData
1002
{
1070
     1
1070
     1
1002
}
1001
ACAD_DSTYLE_DIMJAG
1070
   388
1040
1.5
1001
ACAD_DSTYLE_DIMTALN
1070
   392
1070
     0
  0
DIMSTYLE
105
234
330
A
100
AcDbSymbolTableRecord
100
AcDbDimStyleTableRecord
  2
ISO-25
 70
     0
 41
2.5
 42
0.625
 43
3.75
 44
1.25
 50
90.0
 73
     0
 74
     0
 77
     1
 78
     8
140
2.5
141
2.5
143
0.03937007874016
147
0.625
171
     3
172
     1
271
     2
272
     2
274
     3
283
     0
284
     8
340
11
1001
ACAD_DSTYLE_DIMJOGGED_JOGANGLE_SYMBOL
1070
   384
1040
1.570796326794896
  0
DIMSTYLE
105
235
102
{ACAD_REACTORS
330
9D2
330
9D3
330
9D4
330
9D5
330
9D6
330
9D7
330
9D8
330
9D9
330
9DA
330
9DB
330
9DC
330
9DD
330
9DE
330
9DF
330
9E5
330
9E6
330
A17
330
A18
330
A19
330
A1A
330
A1B
330
A1C
330
A1D
330
A1E
330
A1F
330
A20
330
A21
330
A22
330
A23
330
A24
330
A2A
330
A2B
330
A6C
330
A6D
330
A6E
330
A6F
330
A70
330
A71
330
A72
330
A73
330
A74
330
A75
330
A76
330
A77
330
A78
330
A79
330
A7F
330
A80
330
AB1
330
AB2
330
AB3
330
AB4
330
AB5
330
AB6
330
AB7
330
AB8
330
AB9
330
ABA
330
ABB
330
ABC
330
ABD
330
ABE
330
AC4
330
AC5
102
}
330
A
100
AcDbSymbolTableRecord
100
AcDbDimStyleTableRecord
  2
_TCH_ARCH&&100
 70
     0
 41
150.0
 42
200.0
 43
0.0
 44
100.0
 73
     0
 74
     0
 77
     1
 79
     2
140
350.0
147
100.0
172
     1
174
     1
178
     7
179
     2
271
     0
272
     0
279
     2
290
     1
340
233
342
21A
371
    18
372
    18
1001
ACAD_DSTYLE_DIMJAG
1070
   388
1040
1.5
1001
ACAD_DSTYLE_DIMBREAK
1070
   391
1040
1.5
1001
ACAD_DSTYLE_DIMTALN
1070
   392
1070
     0
  0
DIMSTYLE
105
236
330
A
100
AcDbSymbolTableRecord
100
AcDbDimStyleTableRecord
  2
_TCH_ARCH&&50
 70
     0
 41
50.0
 42
150.0
 43
0.0
 44
125.0
 49
75.0
 73
     0
 74
     0
 77
     1
 79
     2
140
148.75
147
63.125
172
     1
174
     1
178
     7
179
     2
271
     0
272
     0
279
     2
340
232
342
21A
  0
DIMSTYLE
105
237
330
A
100
AcDbSymbolTableRecord
100
AcDbDimStyleTableRecord
  2
_TCH_ARCH&&30
 70
     0
 41
30.0
 42
90.0
 43
0.0
 44
75.0
 49
75.0
 73
     0
 74
     0
 77
     1
 79
     2
140
89.25
147
37.87500000000001
172
     1
174
     1
178
     7
179
     2
271
     0
272
     0
279
     2
340
232
342
21A
  0
DIMSTYLE
105
6C0
330
A
100
AcDbSymbolTableRecord
100
AcDbDimStyleTableRecord
  2
YH_D_100
 70
     0
 40
100.0
 41
1.5
 42
1.0
 43
0.0
 44
1.25
 49
2.0
 73
     0
 74
     0
 77
     1
140
3.0
147
1.25
172
     1
173
     1
174
     1
178
     7
271
     0
272
     0
279
     2
289
     0
340
6BE
343
21A
344
21A
1001
ACAD_DSTYLE_DIMJOGGED_JOGANGLE_SYMBOL
1070
   384
1040
0.7853981633974483
  0
DIMSTYLE
105
6C1
102
{ACAD_REACTORS
330
9C0
330
A05
330
A5A
330
A9F
102
}
330
A
100
AcDbSymbolTableRecord
100
AcDbDimStyleTableRecord
  2
_TWT_ARCH&&100
 70
     0
 41
100.0
 42
300.0
 43
0.0
 44
250.0
 49
75.0
 73
     0
 74
     0
 77
     1
 79
     2
140
297.5
147
126.25
172
     1
174
     1
178
     7
179
     2
271
     0
272
     0
279
     2
340
232
342
21A
  0
DIMSTYLE
105
6C2
102
{ACAD_REACTORS
330
AEA
330
AEB
330
AEC
330
AED
330
AEE
330
AEF
102
}
330
A
100
AcDbSymbolTableRecord
100
AcDbDimStyleTableRecord
  2
_TCH_ARCH_MM_M&&75
 70
     0
 41
75.0
 42
225.0
 43
0.0
 44
187.5
 49
75.0
 73
     0
 74
     0
 77
     1
 79
     2
140
223.125
147
94.68750000000001
172
     1
174
     1
178
     7
179
     2
271
     0
272
     0
279
     2
340
232
342
21A
1001
ACAD_DSTYLE_DIMJAG
1070
   388
1040
1.5
1001
ACAD_DSTYLE_DIMTALN
1070
   392
1070
     0
  0
ENDTAB
  0
TABLE
  2
BLOCK_RECORD
  5
1
330
0
100
AcDbSymbolTable
 70
   159
  0
BLOCK_RECORD
  5
1F
102
{ACAD_XDICTIONARY
360
15D
102
}
330
1
100
AcDbSymbolTableRecord
100
AcDbBlockTableRecord
  2
*Model_Space
340
22
 70
     0
280
     1
281
     0
  0
BLOCK_RECORD
  5
58
330
1
100
AcDbSymbolTableRecord
100
AcDbBlockTableRecord
  2
*Paper_Space
340
59
 70
     0
280
     1
281
     0
  0
BLOCK_RECORD
  5
5D
330
1
100
AcDbSymbolTableRecord
100
AcDbBlockTableRecord
  2
*Paper_Space0
340
5E
 70
     0
280
     1
281
     0
  0
BLOCK_RECORD
  5
21A
330
1
100
AcDbSymbolTableRecord
100
AcDbBlockTableRecord
  2
_ArchTick
340
0
102
{BLKREFS
331
F4C
331
F4D
331
F57
331
F58
331
F62
331
F63
331
F6C
331
F6D
331
F75
331
F76
331
F7F
331
F80
331
F88
331
F89
331
F93
331
F94
331
F9D
331
F9E
331
FA7
331
FA8
331
FB1
331
FB2
331
FBB
331
FBC
331
E95
331
E96
331
E9F
331
EA0
331
EA7
331
EA8
331
EB2
331
EB3
331
EBD
331
EBE
331
EC7
331
EC8
331
ED0
331
ED1
331
ED9
331
EDA
331
EE1
331
EE2
331
EEC
331
EED
331
EF7
331
EF8
331
F01
331
F02
331
F0A
331
F0B
331
F14
331
F15
331
F1D
331
F1E
331
F28
331
F29
331
F31
331
F32
331
F3A
331
F3B
331
F44
331
F45
331
FC4
331
FC5
331
FCF
331
FD0
331
FD8
331
FD9
331
FE1
331
FE2
331
FEB
331
FEC
331
FF3
331
FF4
331
FFE
331
FFF
331
1009
331
100A
331
1013
331
1014
331
101C
331
101D
331
1025
331
1026
331
102D
331
102E
331
1036
331
1037
331
103F
331
1040
331
1049
331
104A
331
1052
331
1053
331
105C
331
105D
331
1065
331
1066
331
1070
331
1071
331
1079
331
107A
331
1082
331
1083
331
108C
331
108D
331
1094
331
1095
331
109D
331
109E
331
10A6
331
10A7
331
10B0
331
10B1
331
10B9
331
10BA
331
10C2
331
10C3
331
10CA
331
10CB
331
10D5
331
10D6
331
10E0
331
10E1
331
10EA
331
10EB
331
10F3
331
10F4
331
10FD
331
10FE
331
1106
331
1107
331
1111
331
1112
331
111A
331
111B
331
1123
331
1124
331
112C
331
112D
331
1135
331
1136
331
113E
331
113F
331
1147
331
1148
331
1150
331
1151
102
}
 70
     0
280
     1
281
     0
  0
BLOCK_RECORD
  5
21E
102
{ACAD_XDICTIONARY
360
21F
102
}
330
1
100
AcDbSymbolTableRecord
100
AcDbBlockTableRecord
  2
玻璃
340
0
310
2800000020000000200000000100080000000000000400000000000000000000000000000000000000000000000080000080000000808000800000008000800080800000C0C0C000C0DCC000F0CAA6000020400000206000002080000020A0000020C0000020E00000400000004020000040400000406000004080000040A0
310
000040C0000040E00000600000006020000060400000606000006080000060A0000060C0000060E00000800000008020000080400000806000008080000080A0000080C0000080E00000A0000000A0200000A0400000A0600000A0800000A0A00000A0C00000A0E00000C0000000C0200000C0400000C0600000C0800000C0
310
A00000C0C00000C0E00000E0000000E0200000E0400000E0600000E0800000E0A00000E0C00000E0E00040000000400020004000400040006000400080004000A0004000C0004000E00040200000402020004020400040206000402080004020A0004020C0004020E000404000004040200040404000404060004040800040
310
40A0004040C0004040E00040600000406020004060400040606000406080004060A0004060C0004060E00040800000408020004080400040806000408080004080A0004080C0004080E00040A0000040A0200040A0400040A0600040A0800040A0A00040A0C00040A0E00040C0000040C0200040C0400040C0600040C08000
310
40C0A00040C0C00040C0E00040E0000040E0200040E0400040E0600040E0800040E0A00040E0C00040E0E00080000000800020008000400080006000800080008000A0008000C0008000E00080200000802020008020400080206000802080008020A0008020C0008020E00080400000804020008040400080406000804080
310
008040A0008040C0008040E00080600000806020008060400080606000806080008060A0008060C0008060E00080800000808020008080400080806000808080008080A0008080C0008080E00080A0000080A0200080A0400080A0600080A0800080A0A00080A0C00080A0E00080C0000080C0200080C0400080C0600080C0
310
800080C0A00080C0C00080C0E00080E0000080E0200080E0400080E0600080E0800080E0A00080E0C00080E0E000C0000000C0002000C0004000C0006000C0008000C000A000C000C000C000E000C0200000C0202000C0204000C0206000C0208000C020A000C020C000C020E000C0400000C0402000C0404000C0406000C0
310
408000C040A000C040C000C040E000C0600000C0602000C0604000C0606000C0608000C060A000C060C000C060E000C0800000C0802000C0804000C0806000C0808000C080A000C080C000C080E000C0A00000C0A02000C0A04000C0A06000C0A08000C0A0A000C0A0C000C0A0E000C0C00000C0C02000C0C04000C0C06000
310
C0C08000C0C0A000F0FBFF00A4A0A000808080000000FF0000FF000000FFFF00FF000000FF00FF00FFFF0000FFFFFF00000000000000000000000000000000000000000000000000000000000000000000000000000000000000000000000000FA000000000000000000000000000000000000000000000000000000000000
310
00FA00000000000000000000000000000000000000000000000000000000000000FA00000000000000000000000000000000000000000000000000000000000000FA00000000000000000000000000000000000000000000000000000000000000FA00000000000000000000000000000000000000000000000000FA000000
310
0000FA00000000FA0000000000000000000000000000000000000000FA0000000000FA00000000FA0000000000000000000000000000000000000000FA0000000000FA00000000FA0000000000000000000000000000000000000000FA0000000000FA00000000FA0000000000000000000000000000000000000000FA0000
310
000000FA00000000FA0000000000000000000000000000000000000000FA0000000000FA00000000FA0000000000000000000000000000000000000000FA0000000000FA00000000FA0000000000000000000000000000000000000000FA0000000000FA00000000FA0000000000000000000000000000000000000000FA00
310
00000000FA00000000FA0000000000000000000000000000000000000000FA0000000000FA00000000FA0000000000000000000000000000000000000000FA0000000000FA00000000FA0000000000000000000000000000000000000000FA0000000000FA00000000FA0000000000000000000000000000000000000000FA
310
0000000000FA00000000FA0000000000000000000000000000000000000000FA0000000000FA00000000FA0000000000000000000000000000000000000000FA0000000000FA00000000FA0000000000000000000000000000000000000000FA0000000000FA00000000FA0000000000000000000000000000000000000000
310
FA0000000000FA00000000FA0000000000000000000000000000000000000000FA0000000000FA00000000FA0000000000000000000000000000000000000000FA0000000000FA00000000FA0000000000000000000000000000000000000000FA0000000000FA00000000FA00000000000000000000000000000000000000
310
00000000000000FA00000000000000000000000000000000000000000000000000000000000000FA00000000000000000000000000000000000000000000000000000000000000FA00000000000000000000000000000000000000000000000000000000000000FA0000000000000000000000000000000000000000000000
310
0000000000000000FA0000000000000000000000000000000000000000000000000000000000000000000000000000000000000000000000
102
{BLKREFS
331
2CD
331
2E6
331
253
331
254
331
255
331
28F
331
290
331
291
102
}
 70
     4
280
     1
281
     0
1001
AcDbDynamicBlockGUID
1000
{4B2CA172-4ABB-4E0A-BB3F-FF19B6893ED6}
1001
AcDbBlockRepETag
1070
     1
1071
        3
  0
BLOCK_RECORD
  5
244
102
{ACAD_XDICTIONARY
360
279
102
}
330
1
100
AcDbSymbolTableRecord
100
AcDbBlockTableRecord
  2
A$C3559988e
340
0
 70
     4
280
     1
281
     0
  0
BLOCK_RECORD
  5
2BC
330
1
100
AcDbSymbolTableRecord
100
AcDbBlockTableRecord
  2
C1818
340
0
310
2800000020000000200000000100080000000000000400000000000000000000000000000000000000000000000080000080000000808000800000008000800080800000C0C0C000C0DCC000F0CAA6000020400000206000002080000020A0000020C0000020E00000400000004020000040400000406000004080000040A0
310
000040C0000040E00000600000006020000060400000606000006080000060A0000060C0000060E00000800000008020000080400000806000008080000080A0000080C0000080E00000A0000000A0200000A0400000A0600000A0800000A0A00000A0C00000A0E00000C0000000C0200000C0400000C0600000C0800000C0
310
A00000C0C00000C0E00000E0000000E0200000E0400000E0600000E0800000E0A00000E0C00000E0E00040000000400020004000400040006000400080004000A0004000C0004000E00040200000402020004020400040206000402080004020A0004020C0004020E000404000004040200040404000404060004040800040
310
40A0004040C0004040E00040600000406020004060400040606000406080004060A0004060C0004060E00040800000408020004080400040806000408080004080A0004080C0004080E00040A0000040A0200040A0400040A0600040A0800040A0A00040A0C00040A0E00040C0000040C0200040C0400040C0600040C08000
310
40C0A00040C0C00040C0E00040E0000040E0200040E0400040E0600040E0800040E0A00040E0C00040E0E00080000000800020008000400080006000800080008000A0008000C0008000E00080200000802020008020400080206000802080008020A0008020C0008020E00080400000804020008040400080406000804080
310
008040A0008040C0008040E00080600000806020008060400080606000806080008060A0008060C0008060E00080800000808020008080400080806000808080008080A0008080C0008080E00080A0000080A0200080A0400080A0600080A0800080A0A00080A0C00080A0E00080C0000080C0200080C0400080C0600080C0
310
800080C0A00080C0C00080C0E00080E0000080E0200080E0400080E0600080E0800080E0A00080E0C00080E0E000C0000000C0002000C0004000C0006000C0008000C000A000C000C000C000E000C0200000C0202000C0204000C0206000C0208000C020A000C020C000C020E000C0400000C0402000C0404000C0406000C0
310
408000C040A000C040C000C040E000C0600000C0602000C0604000C0606000C0608000C060A000C060C000C060E000C0800000C0802000C0804000C0806000C0808000C080A000C080C000C080E000C0A00000C0A02000C0A04000C0A06000C0A08000C0A0A000C0A0C000C0A0E000C0C00000C0C02000C0C04000C0C06000
310
C0C08000C0C0A000F0FBFF00A4A0A000808080000000FF0000FF000000FFFF00FF000000FF00FF00FFFF0000FFFFFF00000000000000000000000000000000000000000000000000000000000000000000090909090909090909090909090909090909090909090909090909090909000009FCFCFCFCFCFCFCFCFCFCFCFCFC
310
FCFCFCFCFCFCFCFCFCFCFCFCFCFCFC09000009FCFCFCFCFCFCFCFCFCFCFCFCFCFCFCFCFCFCFCFCFCFCFCFCFCFCFCFC09000009FCFC0000000000000000000000FCFC0000000000000000000000FCFC09000009FCFC0000000000000000000000FCFC0000000000000000000000FCFC09000009FCFC00000000000000000000
310
00FCFC0000000000000000000000FCFC09000009FCFC0000000000000000000000FCFC0000000000000000000000FCFC09000009FCFC0000000000000000000000FCFC0000000000000000000000FCFC09000009FCFC0000000000000000000000FCFC0000000000000000000000FCFC09000009FCFC000000000000000000
310
0000FCFC0000000000000000000000FCFC09000009FCFC000000FAFAFAFAFAFA0000FCFC0000FAFAFAFAFAFA000000FCFC09000009FCFC0000000000FAFA00000000FCFC00000000FAFA0000000000FCFC09000009FCFC0000000000000000000000FCFC0000000000000000000000FCFC09000009FCFC0000000000000000
310
000000FCFC0000000000000000000000FCFC09000009FCFC0000000000000000000000FCFC0000000000000000000000FCFC09000009FCFC0000000000000000000000FCFC0000000000000000000000FCFC09000009FCFC0000000000000000000000FCFC0000000000000000000000FCFC09000009FCFC00000000000000
310
00000000FCFC0000000000000000000000FCFC09000009FCFCFCFCFCFCFCFCFCFCFCFCFCFCFCFCFCFCFCFCFCFCFCFCFCFCFCFC09000009FCFCFCFCFCFCFCFCFCFCFCFCFCFCFCFCFCFCFCFCFCFCFCFCFCFCFCFC09000009FCFCFCFCFCFCFCFCFCFCFCFCFCFCFCFCFCFCFCFCFCFCFCFCFCFCFCFC09000009FC00000000000000
310
00000000000000000000000000000000000000FC09000009FC0000000000000000000000000000000000000000000000000000FC09000009FC000000000000000000000000FA00000000000000000000000000FC09000009FC000000000000000000000000FAFA000000000000000000000000FC09000009FC000000000000
310
000000000000FAFA000000000000000000000000FC09000009FC0000000000000000000000000000000000000000000000000000FC09000009FC0000000000000000000000000000000000000000000000000000FC09000009FCFCFCFCFCFCFCFCFCFCFCFCFCFCFCFCFCFCFCFCFCFCFCFCFCFCFCFC09000009090909090909
310
0909090909090909090909090909090909090909090909000000000000000000000000000000000000000000000000000000000000000000
102
{BLKREFS
331
914
331
97D
331
981
102
}
 70
     1
280
     1
281
     0
  0
BLOCK_RECORD
  5
2CF
330
1
100
AcDbSymbolTableRecord
100
AcDbBlockTableRecord
  2
HSHHFGHTFF
340
0
310
2800000020000000200000000100080000000000000400000000000000000000000000000000000000000000000080000080000000808000800000008000800080800000C0C0C000C0DCC000F0CAA6000020400000206000002080000020A0000020C0000020E00000400000004020000040400000406000004080000040A0
310
000040C0000040E00000600000006020000060400000606000006080000060A0000060C0000060E00000800000008020000080400000806000008080000080A0000080C0000080E00000A0000000A0200000A0400000A0600000A0800000A0A00000A0C00000A0E00000C0000000C0200000C0400000C0600000C0800000C0
310
A00000C0C00000C0E00000E0000000E0200000E0400000E0600000E0800000E0A00000E0C00000E0E00040000000400020004000400040006000400080004000A0004000C0004000E00040200000402020004020400040206000402080004020A0004020C0004020E000404000004040200040404000404060004040800040
310
40A0004040C0004040E00040600000406020004060400040606000406080004060A0004060C0004060E00040800000408020004080400040806000408080004080A0004080C0004080E00040A0000040A0200040A0400040A0600040A0800040A0A00040A0C00040A0E00040C0000040C0200040C0400040C0600040C08000
310
40C0A00040C0C00040C0E00040E0000040E0200040E0400040E0600040E0800040E0A00040E0C00040E0E00080000000800020008000400080006000800080008000A0008000C0008000E00080200000802020008020400080206000802080008020A0008020C0008020E00080400000804020008040400080406000804080
310
008040A0008040C0008040E00080600000806020008060400080606000806080008060A0008060C0008060E00080800000808020008080400080806000808080008080A0008080C0008080E00080A0000080A0200080A0400080A0600080A0800080A0A00080A0C00080A0E00080C0000080C0200080C0400080C0600080C0
310
800080C0A00080C0C00080C0E00080E0000080E0200080E0400080E0600080E0800080E0A00080E0C00080E0E000C0000000C0002000C0004000C0006000C0008000C000A000C000C000C000E000C0200000C0202000C0204000C0206000C0208000C020A000C020C000C020E000C0400000C0402000C0404000C0406000C0
310
408000C040A000C040C000C040E000C0600000C0602000C0604000C0606000C0608000C060A000C060C000C060E000C0800000C0802000C0804000C0806000C0808000C080A000C080C000C080E000C0A00000C0A02000C0A04000C0A06000C0A08000C0A0A000C0A0C000C0A0E000C0C00000C0C02000C0C04000C0C06000
310
C0C08000C0C0A000F0FBFF00A4A0A000808080000000FF0000FF000000FFFF00FF000000FF00FF00FFFF0000FFFFFF00000000000000000000000000000000000000000000000000000000000000000000000000000000000000F4F4F4F4F4F4F4F4F4F4F4F40000000000000000000000000000000000000000D0D0D0D0D0
310
D0D0D0D0D0D0D00000000000000000000000000000000000000000D0D0000000000000000000D00000000000000000000000000000000000000000D000D00000000000000000D00000000000000000000000000000000000000000D00000D000000000000000D00000000000000000000000000000000000000000D00000D0
310
00000000000000D00000000000000000000000000000000000000000D0000000D0000000000000D00000000000000000000000000000000000000000D000000000D00000000000D00000000000000000000000000000000000000000D00000000000D000000000D00000000000000000000000000000000000000000D00000
310
00000000D0000000D00000000000000000000000000000000000000000D000000000000000D00000D00000000000000000000000000000000000000000D000000000000000D00000D00000000000000000000000000000000000000000D00000000000000000D000D00000000000000000000000000000000000000000D000
310
0000000000000000D0D00000000000000000000000000000000000000000D000000000000000000000D00000000000000000000000000000000000000000D0000000000000000000D0D00000000000000000000000000000000000000000D00000000000000000D000D00000000000000000000000000000000000000000D0
310
0000000000000000D000D00000000000000000000000000000000000000000D000000000000000D00000D00000000000000000000000000000000000000000D0000000000000D0000000D00000000000000000000000000000000000000000D00000000000D000000000D00000000000000000000000000000000000000000
310
D000000000D00000000000D00000000000000000000000000000000000000000D000000000D00000000000D00000000000000000000000000000000000000000D0000000D0000000000000D00000000000000000000000000000000000000000D00000D000000000000000D000000000000000000000000000000000000000
310
00D000D00000000000000000D00000000000000000000000000000000000000000D000D00000000000000000D00000000000000000000000000000000000000000D0D0000000000000000000D00000000000000000000000000000000000000000D0D0D0D0D0D0D0D0D0D0D0D0000000000000000000000000000000000000
310
0000F4F4F4F4F4F4F4F4F4F4F4F4000000000000000000000000000000000000000000000000000000000000000000000000000000000000
102
{BLKREFS
331
90B
102
}
 70
     4
280
     1
281
     0
  0
BLOCK_RECORD
  5
2D5
330
1
100
AcDbSymbolTableRecord
100
AcDbBlockTableRecord
  2
GHAFGAGADGSAD
340
0
310
2800000020000000200000000100080000000000000400000000000000000000000000000000000000000000000080000080000000808000800000008000800080800000C0C0C000C0DCC000F0CAA6000020400000206000002080000020A0000020C0000020E00000400000004020000040400000406000004080000040A0
310
000040C0000040E00000600000006020000060400000606000006080000060A0000060C0000060E00000800000008020000080400000806000008080000080A0000080C0000080E00000A0000000A0200000A0400000A0600000A0800000A0A00000A0C00000A0E00000C0000000C0200000C0400000C0600000C0800000C0
310
A00000C0C00000C0E00000E0000000E0200000E0400000E0600000E0800000E0A00000E0C00000E0E00040000000400020004000400040006000400080004000A0004000C0004000E00040200000402020004020400040206000402080004020A0004020C0004020E000404000004040200040404000404060004040800040
310
40A0004040C0004040E00040600000406020004060400040606000406080004060A0004060C0004060E00040800000408020004080400040806000408080004080A0004080C0004080E00040A0000040A0200040A0400040A0600040A0800040A0A00040A0C00040A0E00040C0000040C0200040C0400040C0600040C08000
310
40C0A00040C0C00040C0E00040E0000040E0200040E0400040E0600040E0800040E0A00040E0C00040E0E00080000000800020008000400080006000800080008000A0008000C0008000E00080200000802020008020400080206000802080008020A0008020C0008020E00080400000804020008040400080406000804080
310
008040A0008040C0008040E00080600000806020008060400080606000806080008060A0008060C0008060E00080800000808020008080400080806000808080008080A0008080C0008080E00080A0000080A0200080A0400080A0600080A0800080A0A00080A0C00080A0E00080C0000080C0200080C0400080C0600080C0
310
800080C0A00080C0C00080C0E00080E0000080E0200080E0400080E0600080E0800080E0A00080E0C00080E0E000C0000000C0002000C0004000C0006000C0008000C000A000C000C000C000E000C0200000C0202000C0204000C0206000C0208000C020A000C020C000C020E000C0400000C0402000C0404000C0406000C0
310
408000C040A000C040C000C040E000C0600000C0602000C0604000C0606000C0608000C060A000C060C000C060E000C0800000C0802000C0804000C0806000C0808000C080A000C080C000C080E000C0A00000C0A02000C0A04000C0A06000C0A08000C0A0A000C0A0C000C0A0E000C0C00000C0C02000C0C04000C0C06000
310
C0C08000C0C0A000F0FBFF00A4A0A000808080000000FF0000FF000000FFFF00FF000000FF00FF00FFFF0000FFFFFF00000000000000000000000000000000000000000000000000000000000000000000000000F4F4F4F4F4F4F4F4F4F4F4F4F4F4F4F4F4F4F4F4F4F4F4F40000000000000000F4D0D0D0D0D0D0D0D0D0D0
310
D0D0D0D0D0D0D0D0D0D0D0D0F40000000000000000F4D0D0D0D0D0D0D0D0D0D0D0D0D0D0D0D0D0D0D0D0D0D0F40000000000000000F4D0000000000000000000D0D0000000000000000000D0F40000000000000000F4D0000000000000000000D0D0000000000000000000D0F40000000000000000F4D00000000000000000
310
00D0D0000000000000000000D0F40000000000000000F4D0000000000000000000D0D0000000000000000000D0F40000000000000000F4D0000000000000000000D0D0000000000000000000D0F40000000000000000F4D0000000000000000000D0D0000000000000000000D0F40000000000000000F4D000000000000000
310
0000D0D0000000000000000000D0F40000000000000000F4D000FAFAFAFAFAFA0000D0D00000FAFAFAFAFAFA00D0F40000000000000000F4D0000000FAFA00000000D0D000000000FAFA000000D0F40000000000000000F4D0000000000000000000D0D0000000000000000000D0F40000000000000000F4D0000000000000
310
000000D0D0000000000000000000D0F40000000000000000F4D0000000000000000000D0D0000000000000000000D0F40000000000000000F4D0000000000000000000D0D0000000000000000000D0F40000000000000000F4D0000000000000000000D0D0000000000000000000D0F40000000000000000F4D00000000000
310
00000000D0D0000000000000000000D0F40000000000000000F4D0D0D0D0D0D0D0D0D0D0D0D0D0D0D0D0D0D0D0D0D0D0F40000000000000000F4D0D0D0D0D0D0D0D0D0D0D0D0D0D0D0D0D0D0D0D0D0D0F40000000000000000F4D0D0D0D0D0D0D0D0D0D0D0D0D0D0D0D0D0D0D0D0D0D0F40000000000000000F4D000000000
310
00000000000000000000000000000000D0F40000000000000000F4D00000000000000000000000000000000000000000D0F40000000000000000F4D0000000000000000000FA00000000000000000000D0F40000000000000000F4D0000000000000000000FAFA000000000000000000D0F40000000000000000F4D0000000
310
000000000000FAFA000000000000000000D0F40000000000000000F4D00000000000000000000000000000000000000000D0F40000000000000000F4D00000000000000000000000000000000000000000D0F40000000000000000F4D0D0D0D0D0D0D0D0D0D0D0D0D0D0D0D0D0D0D0D0D0D0F40000000000000000F4F4F4F4
310
F4F4F4F4F4F4F4F4F4F4F4F4F4F4F4F4F4F4F4F4000000000000000000000000000000000000000000000000000000000000000000000000
102
{BLKREFS
331
938
331
980
331
9B0
102
}
 70
     4
280
     1
281
     0
  0
BLOCK_RECORD
  5
2E8
330
1
100
AcDbSymbolTableRecord
100
AcDbBlockTableRecord
  2
HSGADGSGDSGDSF
340
0
310
2800000020000000200000000100080000000000000400000000000000000000000000000000000000000000000080000080000000808000800000008000800080800000C0C0C000C0DCC000F0CAA6000020400000206000002080000020A0000020C0000020E00000400000004020000040400000406000004080000040A0
310
000040C0000040E00000600000006020000060400000606000006080000060A0000060C0000060E00000800000008020000080400000806000008080000080A0000080C0000080E00000A0000000A0200000A0400000A0600000A0800000A0A00000A0C00000A0E00000C0000000C0200000C0400000C0600000C0800000C0
310
A00000C0C00000C0E00000E0000000E0200000E0400000E0600000E0800000E0A00000E0C00000E0E00040000000400020004000400040006000400080004000A0004000C0004000E00040200000402020004020400040206000402080004020A0004020C0004020E000404000004040200040404000404060004040800040
310
40A0004040C0004040E00040600000406020004060400040606000406080004060A0004060C0004060E00040800000408020004080400040806000408080004080A0004080C0004080E00040A0000040A0200040A0400040A0600040A0800040A0A00040A0C00040A0E00040C0000040C0200040C0400040C0600040C08000
310
40C0A00040C0C00040C0E00040E0000040E0200040E0400040E0600040E0800040E0A00040E0C00040E0E00080000000800020008000400080006000800080008000A0008000C0008000E00080200000802020008020400080206000802080008020A0008020C0008020E00080400000804020008040400080406000804080
310
008040A0008040C0008040E00080600000806020008060400080606000806080008060A0008060C0008060E00080800000808020008080400080806000808080008080A0008080C0008080E00080A0000080A0200080A0400080A0600080A0800080A0A00080A0C00080A0E00080C0000080C0200080C0400080C0600080C0
310
800080C0A00080C0C00080C0E00080E0000080E0200080E0400080E0600080E0800080E0A00080E0C00080E0E000C0000000C0002000C0004000C0006000C0008000C000A000C000C000C000E000C0200000C0202000C0204000C0206000C0208000C020A000C020C000C020E000C0400000C0402000C0404000C0406000C0
310
408000C040A000C040C000C040E000C0600000C0602000C0604000C0606000C0608000C060A000C060C000C060E000C0800000C0802000C0804000C0806000C0808000C080A000C080C000C080E000C0A00000C0A02000C0A04000C0A06000C0A08000C0A0A000C0A0C000C0A0E000C0C00000C0C02000C0C04000C0C06000
310
C0C08000C0C0A000F0FBFF00A4A0A000808080000000FF0000FF000000FFFF00FF000000FF00FF00FFFF0000FFFFFF0000000000000000000000000000000000000000000000000000000000000000000000000000F4F4F4F4F4F4F4F4F4F4F4F4F4F4F4F4F4F4F4F4F4F400000000000000000000F4D0D0D0D0D0D0D0D0D0
310
D0D0D0D0D0D0D0D0D0D0D0F400000000000000000000F4D00000000000000000D0D0D000000000000000D0F400000000000000000000F4D000000000000000D000D0D000000000000000D0F400000000000000000000F4D000000000000000D000D000D0000000000000D0F400000000000000000000F4D0000000000000D0
310
0000D00000D00000000000D0F400000000000000000000F4D00000000000D0000000D00000D00000000000D0F400000000000000000000F4D000000000D000000000D0000000D000000000D0F400000000000000000000F4D000000000D000000000D000000000D0000000D0F400000000000000000000F4D0000000D00000
310
000000D00000000000D00000D0F400000000000000000000F4D00000D0000000000000D00000000000D00000D0F400000000000000000000F4D000D000000000000000D0000000000000D000D0F400000000000000000000F4D000D000000000000000D000000000000000D0D0F400000000000000000000F4D0D000000000
310
00000000D000000000000000D0D0F400000000000000000000F4D0000000000000000000D00000000000000000D0F400000000000000000000F4D0D00000000000000000D000000000000000D0D0F400000000000000000000F4D0D00000000000000000D000000000000000D0D0F400000000000000000000F4D000D00000
310
0000000000D0000000000000D000D0F400000000000000000000F4D00000D0000000000000D00000000000D00000D0F400000000000000000000F4D0000000D00000000000D00000000000D00000D0F400000000000000000000F4D0000000D00000000000D000000000D0000000D0F400000000000000000000F4D0000000
310
00D000000000D0000000D000000000D0F400000000000000000000F4D00000000000D0000000D0000000D000000000D0F400000000000000000000F4D00000000000D0000000D00000D00000000000D0F400000000000000000000F4D0000000000000D00000D00000D00000000000D0F400000000000000000000F4D00000
310
0000000000D000D000D0000000000000D0F400000000000000000000F4D00000000000000000D0D0D000000000000000D0F400000000000000000000F4D00000000000000000D0D0D000000000000000D0F400000000000000000000F4D0D0D0D0D0D0D0D0D0D0D0D0D0D0D0D0D0D0D0D0F400000000000000000000F4F4F4
310
F4F4F4F4F4F4F4F4F4F4F4F4F4F4F4F4F4F4F400000000000000000000000000000000000000000000000000000000000000000000000000
102
{BLKREFS
331
91B
331
947
102
}
 70
     4
280
     1
281
     0
  0
BLOCK_RECORD
  5
2F0
330
1
100
AcDbSymbolTableRecord
100
AcDbBlockTableRecord
  2
_AXISO
340
0
102
{BLKREFS
331
A10
331
A14
331
A65
331
A69
331
9CB
331
9CF
331
AAA
331
AAE
102
}
 70
     0
280
     1
281
     0
  0
BLOCK_RECORD
  5
2F5
102
{ACAD_XDICTIONARY
360
2F6
102
}
330
1
100
AcDbSymbolTableRecord
100
AcDbBlockTableRecord
  2
A$C4EA902EC
340
0
102
{BLKREFS
331
303
102
}
 70
     0
280
     1
281
     0
  0
BLOCK_RECORD
  5
2FD
330
1
100
AcDbSymbolTableRecord
100
AcDbBlockTableRecord
  2
FAFDCCDEERESSDDFSGSDAGASDGA
340
0
310
28000000200000002000000001002000000000000010000001000000010000000000000000000000000000FF000000FF000000FF000000FF000000FF000000FF000000FF000000FF000000FF000000FF000000FF000000FF000000FF000000FF000000FF000000FF000000FF000000FF000000FF000000FF000000FF000000
310
FF000000FF000000FF000000FF000000FF000000FF000000FF000000FF000000FF000000FF000000FF000000FFFFBF7FFFFFBF7FFFFFBF7FFFFFBF7FFFFFBF7FFFFFBF7FFFFFBF7FFFFFBF7FFFFFBF7FFFFFBF7FFFFFBF7FFFFFBF7FFFFFBF7FFFFFBF7FFFFFBF7FFFFFBF7FFFFFBF7FFFFFBF7FFFFFBF7FFFFFBF7FFFFFBF
310
7FFFFFBF7FFFFFBF7FFFFFBF7FFFFFBF7FFFFFBF7FFFFFBF7FFFFFBF7FFFFFBF7FFFFFBF7FFF000000FF000000FFFFBF7FFFFF3F00FFFF3F00FFFF3F00FFFF3F00FFFF3F00FFFF3F00FFFF3F00FFFF3F00FFFF3F00FFFF3F00FFFF3F00FFFF3F00FFFF3F00FFFF3F00FFFF3F00FFFF3F00FFFF3F00FFFF3F00FFFF3F00FFFF
310
3F00FFFF3F00FFFF3F00FFFF3F00FFFF3F00FFFF3F00FFFF3F00FFFF3F00FFFF3F00FFFFBF7FFF000000FF000000FFFFBF7FFFFF3F00FFFF3F00FFFF3F00FFFF3F00FFFF3F00FFFF3F00FFFF3F00FFFF3F00FFFF3F00FFFF3F00FFFF3F00FFFF3F00FFFF3F00FFFF3F00FFFF3F00FFFF3F00FFFF3F00FFFF3F00FFFF3F00FF
310
FF3F00FFFF3F00FFFF3F00FFFF3F00FFFF3F00FFFF3F00FFFF3F00FFFF3F00FFFF3F00FFFFBF7FFF000000FF000000FFFFBF7FFFFF3F00FFFF3F00FF000000FF000000FF000000FF000000FFFF3F00FFFF3F00FF000000FF000000FF000000FF000000FF000000FF000000FF000000FF000000FF000000FF000000FF000000
310
FF000000FF000000FF000000FF000000FF000000FF000000FF000000FFFF3F00FFFF3F00FFFFBF7FFF000000FF000000FFFFBF7FFFFF3F00FFFF3F00FF000000FF000000FF000000FFFF3F00FFFF3F00FFFF3F00FF000000FF000000FF000000FF000000FF000000FF000000FF000000FF000000FF000000FF000000FF0000
310
00FF000000FF000000FF000000FF000000FF000000FF000000FF000000FFFF3F00FFFF3F00FFFFBF7FFF000000FF000000FFFFBF7FFFFF3F00FFFF3F00FF000000FF000000FF000000FFFF3F00FFFF3F00FFFF3F00FF000000FF000000FF000000FF000000FF000000FF000000FF000000FF000000FF000000FF000000FF00
310
0000FF000000FF000000FF000000FF000000FF000000FF000000FF000000FFFF3F00FFFF3F00FFFFBF7FFF000000FF000000FFFFBF7FFFFF3F00FFFF3F00FF000000FF000000FFFF3F00FF000000FFFF3F00FFFF3F00FF000000FF000000FF000000FF000000FF000000FF000000FF000000FF000000FF000000FF000000FF
310
000000FF000000FF000000FF000000FF000000FF000000FF000000FF000000FFFF3F00FFFF3F00FFFFBF7FFF000000FF000000FFFFBF7FFFFF3F00FFFF3F00FF000000FF000000FFFF3F00FF000000FFFF3F00FFFF3F00FF000000FF000000FF000000FF000000FF000000FF000000FF000000FF000000FF000000FF000000
310
FF000000FF000000FF000000FF000000FF000000FF000000FF000000FF000000FFFF3F00FFFF3F00FFFFBF7FFF000000FF000000FFFFBF7FFFFF3F00FFFF3F00FF000000FFFF3F00FF000000FF000000FFFF3F00FFFF3F00FF000000FF000000FF000000FF000000FF000000FF000000FF000000FF000000FF000000FF0000
310
00FF000000FF000000FF000000FF000000FF000000FF000000FF000000FF000000FFFF3F00FFFF3F00FFFFBF7FFF000000FF000000FFFFBF7FFFFF3F00FFFF3F00FF000000FFFF3F00FF000000FF000000FFFF3F00FFFF3F00FF000000FF000000FF000000FF000000FF000000FF000000FF000000FF000000FF000000FF00
310
0000FF000000FF000000FF000000FF000000FF000000FF000000FF000000FF000000FFFF3F00FFFF3F00FFFFBF7FFF000000FF000000FFFFBF7FFFFF3F00FFFF3F00FF000000FFFF3F00FF000000FF000000FFFF3F00FFFF3F00FF000000FF000000FF000000FF000000FF000000FF000000FF000000FF000000FF000000FF
310
000000FF000000FF000000FF000000FF000000FF000000FF000000FF000000FF000000FFFF3F00FFFF3F00FFFFBF7FFF000000FF000000FFFFBF7FFFFF3F00FFFF3F00FFFF3F00FF000000FF000000FF000000FFFF3F00FFFF3F00FF000000FF000000FF000000FF000000FF000000FF000000FF000000FF000000FF000000
310
FF000000FF000000FF000000FF000000FF000000FF000000FF000000FF000000FF000000FFFF3F00FFFF3F00FFFFBF7FFF000000FF000000FFFFBF7FFFFF3F00FFFF3F00FFFF3F00FF000000FF000000FF000000FFFF3F00FFFF3F00FF000000FF000000FF000000FF000000FF000000FF000000FF000000FF000000FF0000
310
00FF000000FF000000FF000000FF000000FF000000FF000000FF000000FF000000FF000000FFFF3F00FFFF3F00FFFFBF7FFF000000FF000000FFFFBF7FFFFF3F00FFFF3F00FF000000FF000000FF000000FF000000FFFF3F00FFFF3F00FF000000FF000000FF000000FF000000FF000000FF000000FF000000FF000000FF00
310
0000FF000000FF000000FF000000FF000000FF000000FF000000FF000000FF000000FF000000FFFF3F00FFFF3F00FFFFBF7FFF000000FF000000FFFFBF7FFFFF3F00FFFF3F00FF000000FF000000FF000000FF000000FFFF3F00FFFF3F00FF000000FF000000FF000000FF000000FF000000FF000000FF000000FF000000FF
310
000000FF000000FF000000FF000000FF000000FF000000FF000000FF000000FF000000FF000000FFFF3F00FFFF3F00FFFFBF7FFF000000FF000000FFFFBF7FFFFF3F00FFFF3F00FF000000FF000000FF000000FF000000FFFF3F00FFFF3F00FF000000FF000000FF000000FF000000FF000000FF000000FF000000FF000000
310
FF000000FF000000FF000000FF000000FF000000FF000000FF000000FF000000FF000000FF000000FFFF3F00FFFF3F00FFFFBF7FFF000000FF000000FFFFBF7FFFFF3F00FFFF3F00FFFF3F00FF000000FF000000FF000000FFFF3F00FFFF3F00FF000000FF000000FF000000FF000000FF000000FF000000FF000000FF0000
310
00FF000000FF000000FF000000FF000000FF000000FF000000FF000000FF000000FF000000FF000000FFFF3F00FFFF3F00FFFFBF7FFF000000FF000000FFFFBF7FFFFF3F00FFFF3F00FFFF3F00FF000000FF000000FF000000FFFF3F00FFFF3F00FF000000FF000000FF000000FF000000FF000000FF000000FF000000FF00
310
0000FF000000FF000000FF000000FF000000FF000000FF000000FF000000FF000000FF000000FF000000FFFF3F00FFFF3F00FFFFBF7FFF000000FF000000FFFFBF7FFFFF3F00FFFF3F00FF000000FFFF3F00FF000000FF000000FFFF3F00FFFF3F00FF000000FF000000FF000000FF000000FF000000FF000000FF000000FF
310
000000FF000000FF000000FF000000FF000000FF000000FF000000FF000000FF000000FF000000FF000000FFFF3F00FFFF3F00FFFFBF7FFF000000FF000000FFFFBF7FFFFF3F00FFFF3F00FF000000FFFF3F00FF000000FF000000FFFF3F00FFFF3F00FF000000FF000000FF000000FF000000FF000000FF000000FF000000
310
FF000000FF000000FF000000FF000000FF000000FF000000FF000000FF000000FF000000FF000000FF000000FFFF3F00FFFF3F00FFFFBF7FFF000000FF000000FFFFBF7FFFFF3F00FFFF3F00FF000000FFFF3F00FF000000FF000000FFFF3F00FFFF3F00FF000000FF000000FF000000FF000000FF000000FF000000FF0000
310
00FF000000FF000000FF000000FF000000FF000000FF000000FF000000FF000000FF000000FF000000FF000000FFFF3F00FFFF3F00FFFFBF7FFF000000FF000000FFFFBF7FFFFF3F00FFFF3F00FF000000FF000000FFFF3F00FF000000FFFF3F00FFFF3F00FF000000FF000000FF000000FF000000FF000000FF000000FF00
310
0000FF000000FF000000FF000000FF000000FF000000FF000000FF000000FF000000FF000000FF000000FF000000FFFF3F00FFFF3F00FFFFBF7FFF000000FF000000FFFFBF7FFFFF3F00FFFF3F00FF000000FF000000FFFF3F00FF000000FFFF3F00FFFF3F00FF000000FF000000FF000000FF000000FF000000FF000000FF
310
000000FF000000FF000000FF000000FF000000FF000000FF000000FFFF00FFFFFF00FFFFFF00FFFFFF00FFFFFF00FFFFFF3F00FFFF3F00FFFFBF7FFF000000FF000000FFFFBF7FFFFF3F00FFFF3F00FF000000FF000000FFFF3F00FF000000FFFF3F00FFFF3F00FF000000FF000000FF000000FF000000FF000000FF000000
310
FF000000FF000000FF000000FF000000FF000000FF000000FF000000FFFF00FFFFFF00FFFFFF00FFFFFF00FFFFFF00FFFFFF3F00FFFF3F00FFFFBF7FFF000000FF000000FFFFBF7FFFFF3F00FFFF3F00FF000000FF000000FF000000FFFF3F00FFFF3F00FFFF3F00FF000000FF000000FF000000FF000000FF000000FF0000
310
00FF000000FF000000FF000000FF000000FF000000FF000000FF000000FFFF00FFFFFF00FFFFFF00FFFFFF00FFFFFF00FFFFFF3F00FFFF3F00FFFFBF7FFF000000FF000000FFFFBF7FFFFF3F00FFFF3F00FF000000FF000000FF000000FFFF3F00FFFF3F00FFFF3F00FF000000FF000000FF000000FF000000FF000000FF00
310
0000FF000000FF000000FF000000FF000000FF000000FF000000FF000000FFFF00FFFFFF00FFFFFF00FFFFFF00FFFFFF00FFFFFF3F00FFFF3F00FFFFBF7FFF000000FF000000FFFFBF7FFFFF3F00FFFF3F00FF000000FF000000FF000000FF000000FFFF3F00FFFF3F00FF000000FF000000FF000000FF000000FF000000FF
310
000000FF000000FF000000FF000000FF000000FF000000FF000000FF000000FFFF00FFFFFF00FFFFFF00FFFFFF00FFFFFF00FFFFFF3F00FFFF3F00FFFFBF7FFF000000FF000000FFFFBF7FFFFF3F00FFFF3F00FFFF3F00FFFF3F00FFFF3F00FFFF3F00FFFF3F00FFFF3F00FFFF3F00FFFF3F00FFFF3F00FFFF3F00FFFF3F00
310
FFFF3F00FFFF3F00FFFF3F00FFFF3F00FFFF3F00FFFF3F00FFFF3F00FFFF3F00FFFF3F00FFFF3F00FFFF3F00FFFF3F00FFFF3F00FFFF3F00FFFF3F00FFFFBF7FFF000000FF000000FFFFBF7FFFFF3F00FFFF3F00FFFF3F00FFFF3F00FFFF3F00FFFF3F00FFFF3F00FFFF3F00FFFF3F00FFFF3F00FFFF3F00FFFF3F00FFFF3F
310
00FFFF3F00FFFF3F00FFFF3F00FFFF3F00FFFF3F00FFFF3F00FFFF3F00FFFF3F00FFFF3F00FFFF3F00FFFF3F00FFFF3F00FFFF3F00FFFF3F00FFFF3F00FFFFBF7FFF000000FF000000FFFFBF7FFFFFBF7FFFFFBF7FFFFFBF7FFFFFBF7FFFFFBF7FFFFFBF7FFFFFBF7FFFFFBF7FFFFFBF7FFFFFBF7FFFFFBF7FFFFFBF7FFFFF
310
BF7FFFFFBF7FFFFFBF7FFFFFBF7FFFFFBF7FFFFFBF7FFFFFBF7FFFFFBF7FFFFFBF7FFFFFBF7FFFFFBF7FFFFFBF7FFFFFBF7FFFFFBF7FFFFFBF7FFFFFBF7FFFFFBF7FFF000000FF000000FF000000FF000000FF000000FF000000FF000000FF000000FF000000FF000000FF000000FF000000FF000000FF000000FF000000FF
310
000000FF000000FF000000FF000000FF000000FF000000FF000000FF000000FF000000FF000000FF000000FF000000FF000000FF000000FF000000FF000000FF000000FF000000FF
102
{BLKREFS
331
9AD
331
9AF
102
}
 70
     4
280
     1
281
     0
  0
BLOCK_RECORD
  5
AF0
330
1
100
AcDbSymbolTableRecord
100
AcDbBlockTableRecord
  2
*D85
340
0
 70
     0
280
     1
281
     0
  0
BLOCK_RECORD
  5
AFC
330
1
100
AcDbSymbolTableRecord
100
AcDbBlockTableRecord
  2
*D86
340
0
 70
     0
280
     1
281
     0
  0
BLOCK_RECORD
  5
B08
330
1
100
AcDbSymbolTableRecord
100
AcDbBlockTableRecord
  2
*D87
340
0
 70
     0
280
     1
281
     0
  0
BLOCK_RECORD
  5
B14
330
1
100
AcDbSymbolTableRecord
100
AcDbBlockTableRecord
  2
*D88
340
0
 70
     0
280
     1
281
     0
  0
BLOCK_RECORD
  5
B22
330
1
100
AcDbSymbolTableRecord
100
AcDbBlockTableRecord
  2
*D89
340
0
 70
     0
280
     1
281
     0
  0
BLOCK_RECORD
  5
B30
330
1
100
AcDbSymbolTableRecord
100
AcDbBlockTableRecord
  2
*D90
340
0
 70
     0
280
     1
281
     0
  0
BLOCK_RECORD
  5
B3C
330
1
100
AcDbSymbolTableRecord
100
AcDbBlockTableRecord
  2
*D91
340
0
 70
     0
280
     1
281
     0
  0
BLOCK_RECORD
  5
B48
330
1
100
AcDbSymbolTableRecord
100
AcDbBlockTableRecord
  2
*D92
340
0
 70
     0
280
     1
281
     0
  0
BLOCK_RECORD
  5
B54
330
1
100
AcDbSymbolTableRecord
100
AcDbBlockTableRecord
  2
*D93
340
0
 70
     0
280
     1
281
     0
  0
BLOCK_RECORD
  5
B60
330
1
100
AcDbSymbolTableRecord
100
AcDbBlockTableRecord
  2
*D94
340
0
 70
     0
280
     1
281
     0
  0
BLOCK_RECORD
  5
B6E
330
1
100
AcDbSymbolTableRecord
100
AcDbBlockTableRecord
  2
*D95
340
0
 70
     0
280
     1
281
     0
  0
BLOCK_RECORD
  5
B7C
330
1
100
AcDbSymbolTableRecord
100
AcDbBlockTableRecord
  2
*D96
340
0
 70
     0
280
     1
281
     0
  0
BLOCK_RECORD
  5
B88
330
1
100
AcDbSymbolTableRecord
100
AcDbBlockTableRecord
  2
*D97
340
0
 70
     0
280
     1
281
     0
  0
BLOCK_RECORD
  5
B94
330
1
100
AcDbSymbolTableRecord
100
AcDbBlockTableRecord
  2
*D98
340
0
 70
     0
280
     1
281
     0
  0
BLOCK_RECORD
  5
BA2
330
1
100
AcDbSymbolTableRecord
100
AcDbBlockTableRecord
  2
*D99
340
0
 70
     0
280
     1
281
     0
  0
BLOCK_RECORD
  5
BAE
330
1
100
AcDbSymbolTableRecord
100
AcDbBlockTableRecord
  2
*D100
340
0
 70
     0
280
     1
281
     0
  0
BLOCK_RECORD
  5
BBC
330
1
100
AcDbSymbolTableRecord
100
AcDbBlockTableRecord
  2
*D101
340
0
 70
     0
280
     1
281
     0
  0
BLOCK_RECORD
  5
BC8
330
1
100
AcDbSymbolTableRecord
100
AcDbBlockTableRecord
  2
*D102
340
0
 70
     0
280
     1
281
     0
  0
BLOCK_RECORD
  5
BD4
330
1
100
AcDbSymbolTableRecord
100
AcDbBlockTableRecord
  2
*D103
340
0
 70
     0
280
     1
281
     0
  0
BLOCK_RECORD
  5
BE0
330
1
100
AcDbSymbolTableRecord
100
AcDbBlockTableRecord
  2
*D104
340
0
 70
     0
280
     1
281
     0
  0
BLOCK_RECORD
  5
BEC
330
1
100
AcDbSymbolTableRecord
100
AcDbBlockTableRecord
  2
*D105
340
0
 70
     0
280
     1
281
     0
  0
BLOCK_RECORD
  5
BFA
330
1
100
AcDbSymbolTableRecord
100
AcDbBlockTableRecord
  2
*D106
340
0
 70
     0
280
     1
281
     0
  0
BLOCK_RECORD
  5
C08
330
1
100
AcDbSymbolTableRecord
100
AcDbBlockTableRecord
  2
*D107
340
0
 70
     0
280
     1
281
     0
  0
BLOCK_RECORD
  5
C14
330
1
100
AcDbSymbolTableRecord
100
AcDbBlockTableRecord
  2
*D108
340
0
 70
     0
280
     1
281
     0
  0
BLOCK_RECORD
  5
C20
330
1
100
AcDbSymbolTableRecord
100
AcDbBlockTableRecord
  2
*D109
340
0
 70
     0
280
     1
281
     0
  0
BLOCK_RECORD
  5
C2E
330
1
100
AcDbSymbolTableRecord
100
AcDbBlockTableRecord
  2
*D110
340
0
 70
     0
280
     1
281
     0
  0
BLOCK_RECORD
  5
C3A
330
1
100
AcDbSymbolTableRecord
100
AcDbBlockTableRecord
  2
*D111
340
0
 70
     0
280
     1
281
     0
  0
BLOCK_RECORD
  5
C48
330
1
100
AcDbSymbolTableRecord
100
AcDbBlockTableRecord
  2
*D112
340
0
 70
     0
280
     1
281
     0
  0
BLOCK_RECORD
  5
C54
330
1
100
AcDbSymbolTableRecord
100
AcDbBlockTableRecord
  2
*D113
340
0
 70
     0
280
     1
281
     0
  0
BLOCK_RECORD
  5
C62
330
1
100
AcDbSymbolTableRecord
100
AcDbBlockTableRecord
  2
*D114
340
0
 70
     0
280
     1
281
     0
  0
BLOCK_RECORD
  5
C6E
330
1
100
AcDbSymbolTableRecord
100
AcDbBlockTableRecord
  2
*D115
340
0
 70
     0
280
     1
281
     0
  0
BLOCK_RECORD
  5
C7C
330
1
100
AcDbSymbolTableRecord
100
AcDbBlockTableRecord
  2
*D116
340
0
 70
     0
280
     1
281
     0
  0
BLOCK_RECORD
  5
C88
330
1
100
AcDbSymbolTableRecord
100
AcDbBlockTableRecord
  2
*D117
340
0
 70
     0
280
     1
281
     0
  0
BLOCK_RECORD
  5
C96
330
1
100
AcDbSymbolTableRecord
100
AcDbBlockTableRecord
  2
*D118
340
0
 70
     0
280
     1
281
     0
  0
BLOCK_RECORD
  5
CA2
330
1
100
AcDbSymbolTableRecord
100
AcDbBlockTableRecord
  2
*D119
340
0
 70
     0
280
     1
281
     0
  0
BLOCK_RECORD
  5
CAE
330
1
100
AcDbSymbolTableRecord
100
AcDbBlockTableRecord
  2
*D120
340
0
 70
     0
280
     1
281
     0
  0
BLOCK_RECORD
  5
CBA
330
1
100
AcDbSymbolTableRecord
100
AcDbBlockTableRecord
  2
*D121
340
0
 70
     0
280
     1
281
     0
  0
BLOCK_RECORD
  5
CC6
330
1
100
AcDbSymbolTableRecord
100
AcDbBlockTableRecord
  2
*D122
340
0
 70
     0
280
     1
281
     0
  0
BLOCK_RECORD
  5
CD4
330
1
100
AcDbSymbolTableRecord
100
AcDbBlockTableRecord
  2
*D123
340
0
 70
     0
280
     1
281
     0
  0
BLOCK_RECORD
  5
CE2
330
1
100
AcDbSymbolTableRecord
100
AcDbBlockTableRecord
  2
*D124
340
0
 70
     0
280
     1
281
     0
  0
BLOCK_RECORD
  5
CEE
330
1
100
AcDbSymbolTableRecord
100
AcDbBlockTableRecord
  2
*D125
340
0
 70
     0
280
     1
281
     0
  0
BLOCK_RECORD
  5
CFA
330
1
100
AcDbSymbolTableRecord
100
AcDbBlockTableRecord
  2
*D126
340
0
 70
     0
280
     1
281
     0
  0
BLOCK_RECORD
  5
D06
330
1
100
AcDbSymbolTableRecord
100
AcDbBlockTableRecord
  2
*D127
340
0
 70
     0
280
     1
281
     0
  0
BLOCK_RECORD
  5
D12
330
1
100
AcDbSymbolTableRecord
100
AcDbBlockTableRecord
  2
*D128
340
0
 70
     0
280
     1
281
     0
  0
BLOCK_RECORD
  5
D1E
330
1
100
AcDbSymbolTableRecord
100
AcDbBlockTableRecord
  2
*D129
340
0
 70
     0
280
     1
281
     0
  0
BLOCK_RECORD
  5
D2A
330
1
100
AcDbSymbolTableRecord
100
AcDbBlockTableRecord
  2
*D130
340
0
 70
     0
280
     1
281
     0
  0
BLOCK_RECORD
  5
D36
330
1
100
AcDbSymbolTableRecord
100
AcDbBlockTableRecord
  2
*D131
340
0
 70
     0
280
     1
281
     0
  0
BLOCK_RECORD
  5
D42
330
1
100
AcDbSymbolTableRecord
100
AcDbBlockTableRecord
  2
*D132
340
0
 70
     0
280
     1
281
     0
  0
BLOCK_RECORD
  5
D50
330
1
100
AcDbSymbolTableRecord
100
AcDbBlockTableRecord
  2
*D133
340
0
 70
     0
280
     1
281
     0
  0
BLOCK_RECORD
  5
D5C
330
1
100
AcDbSymbolTableRecord
100
AcDbBlockTableRecord
  2
*D134
340
0
 70
     0
280
     1
281
     0
  0
BLOCK_RECORD
  5
D6A
330
1
100
AcDbSymbolTableRecord
100
AcDbBlockTableRecord
  2
*D135
340
0
 70
     0
280
     1
281
     0
  0
BLOCK_RECORD
  5
D76
330
1
100
AcDbSymbolTableRecord
100
AcDbBlockTableRecord
  2
*D136
340
0
 70
     0
280
     1
281
     0
  0
BLOCK_RECORD
  5
D82
330
1
100
AcDbSymbolTableRecord
100
AcDbBlockTableRecord
  2
*D137
340
0
 70
     0
280
     1
281
     0
  0
BLOCK_RECORD
  5
D8E
330
1
100
AcDbSymbolTableRecord
100
AcDbBlockTableRecord
  2
*D138
340
0
 70
     0
280
     1
281
     0
  0
BLOCK_RECORD
  5
D9A
330
1
100
AcDbSymbolTableRecord
100
AcDbBlockTableRecord
  2
*D139
340
0
 70
     0
280
     1
281
     0
  0
BLOCK_RECORD
  5
DA6
330
1
100
AcDbSymbolTableRecord
100
AcDbBlockTableRecord
  2
*D140
340
0
 70
     0
280
     1
281
     0
  0
BLOCK_RECORD
  5
DB2
330
1
100
AcDbSymbolTableRecord
100
AcDbBlockTableRecord
  2
*D141
340
0
 70
     0
280
     1
281
     0
  0
BLOCK_RECORD
  5
DBE
330
1
100
AcDbSymbolTableRecord
100
AcDbBlockTableRecord
  2
*D142
340
0
 70
     0
280
     1
281
     0
  0
BLOCK_RECORD
  5
DCA
330
1
100
AcDbSymbolTableRecord
100
AcDbBlockTableRecord
  2
*D143
340
0
 70
     0
280
     1
281
     0
  0
BLOCK_RECORD
  5
DD6
330
1
100
AcDbSymbolTableRecord
100
AcDbBlockTableRecord
  2
*D144
340
0
 70
     0
280
     1
281
     0
  0
BLOCK_RECORD
  5
DE2
330
1
100
AcDbSymbolTableRecord
100
AcDbBlockTableRecord
  2
*D145
340
0
 70
     0
280
     1
281
     0
  0
BLOCK_RECORD
  5
DF0
330
1
100
AcDbSymbolTableRecord
100
AcDbBlockTableRecord
  2
*D146
340
0
 70
     0
280
     1
281
     0
  0
BLOCK_RECORD
  5
DFE
330
1
100
AcDbSymbolTableRecord
100
AcDbBlockTableRecord
  2
*D147
340
0
 70
     0
280
     1
281
     0
  0
BLOCK_RECORD
  5
E0A
330
1
100
AcDbSymbolTableRecord
100
AcDbBlockTableRecord
  2
*D148
340
0
 70
     0
280
     1
281
     0
  0
BLOCK_RECORD
  5
E16
330
1
100
AcDbSymbolTableRecord
100
AcDbBlockTableRecord
  2
*D149
340
0
 70
     0
280
     1
281
     0
  0
BLOCK_RECORD
  5
E24
330
1
100
AcDbSymbolTableRecord
100
AcDbBlockTableRecord
  2
*D150
340
0
 70
     0
280
     1
281
     0
  0
BLOCK_RECORD
  5
E30
330
1
100
AcDbSymbolTableRecord
100
AcDbBlockTableRecord
  2
*D151
340
0
 70
     0
280
     1
281
     0
  0
BLOCK_RECORD
  5
E3E
330
1
100
AcDbSymbolTableRecord
100
AcDbBlockTableRecord
  2
*D152
340
0
 70
     0
280
     1
281
     0
  0
BLOCK_RECORD
  5
E4A
330
1
100
AcDbSymbolTableRecord
100
AcDbBlockTableRecord
  2
*D153
340
0
 70
     0
280
     1
281
     0
  0
BLOCK_RECORD
  5
E56
330
1
100
AcDbSymbolTableRecord
100
AcDbBlockTableRecord
  2
*D154
340
0
 70
     0
280
     1
281
     0
  0
BLOCK_RECORD
  5
E62
330
1
100
AcDbSymbolTableRecord
100
AcDbBlockTableRecord
  2
*D155
340
0
 70
     0
280
     1
281
     0
  0
BLOCK_RECORD
  5
E6E
330
1
100
AcDbSymbolTableRecord
100
AcDbBlockTableRecord
  2
*D156
340
0
 70
     0
280
     1
281
     0
  0
BLOCK_RECORD
  5
E7A
330
1
100
AcDbSymbolTableRecord
100
AcDbBlockTableRecord
  2
*D157
340
0
 70
     0
280
     1
281
     0
  0
BLOCK_RECORD
  5
E86
330
1
100
AcDbSymbolTableRecord
100
AcDbBlockTableRecord
  2
*D158
340
0
 70
     0
280
     1
281
     0
  0
ENDTAB
  0
ENDSEC
  0
SECTION
  2
BLOCKS
  0
BLOCK
  5
20
330
1F
100
AcDbEntity
  8
0
100
AcDbBlockBegin
  2
*Model_Space
 70
     0
 10
0.0
 20
0.0
 30
0.0
  3
*Model_Space
  1

  0
ENDBLK
  5
21
330
1F
100
AcDbEntity
  8
0
100
AcDbBlockEnd
  0
BLOCK
  5
5A
330
58
100
AcDbEntity
 67
     1
  8
0
100
AcDbBlockBegin
  2
*Paper_Space
 70
     0
 10
0.0
 20
0.0
 30
0.0
  3
*Paper_Space
  1

  0
ENDBLK
  5
5B
330
58
100
AcDbEntity
 67
     1
  8
0
100
AcDbBlockEnd
  0
BLOCK
  5
5F
330
5D
100
AcDbEntity
 67
     1
  8
0
100
AcDbBlockBegin
  2
*Paper_Space0
 70
     0
 10
0.0
 20
0.0
 30
0.0
  3
*Paper_Space0
  1

  0
ENDBLK
  5
60
330
5D
100
AcDbEntity
 67
     1
  8
0
100
AcDbBlockEnd
  0
BLOCK
  5
21B
330
21A
100
AcDbEntity
  8
0
100
AcDbBlockBegin
  2
_ArchTick
 70
     0
 10
0.0
 20
0.0
 30
0.0
  3
_ArchTick
  1

  0
LWPOLYLINE
  5
21C
330
21A
100
AcDbEntity
  8
0
  6
ByBlock
 62
     0
100
AcDbPolyline
 90
        2
 70
     0
 43
0.4
 10
-0.5
 20
-0.5
 10
0.5
 20
0.5
  0
ENDBLK
  5
21D
330
21A
100
AcDbEntity
  8
0
100
AcDbBlockEnd
  0
BLOCK
  5
220
330
21E
100
AcDbEntity
  8
0
100
AcDbBlockBegin
  2
玻璃
 70
     0
 10
0.0
 20
0.0
 30
0.0
  3
玻璃
  1

  0
LINE
  5
221
330
21E
100
AcDbEntity
  8
YHJ_符号
100
AcDbLine
 10
122725.5196561591
 20
-123680.3966682968
 30
0.0
 11
122725.5196561591
 21
-123780.3966682968
 31
0.0
1001
AcDbBlockRepETag
1070
     1
1071
        0
1005
221
  0
LINE
  5
222
330
21E
100
AcDbEntity
  8
YHJ_符号
100
AcDbLine
 10
122755.5196561591
 20
-123640.3966682968
 30
0.0
 11
122755.5196561591
 21
-123820.3966682968
 31
0.0
1001
AcDbBlockRepETag
1070
     1
1071
        1
1005
222
  0
LINE
  5
223
330
21E
100
AcDbEntity
  8
YHJ_符号
100
AcDbLine
 10
122785.5196561591
 20
-123680.3966682968
 30
0.0
 11
122785.5196561591
 21
-123780.3966682968
 31
0.0
1001
AcDbBlockRepETag
1070
     1
1071
        2
1005
223
  0
ENDBLK
  5
224
330
21E
100
AcDbEntity
  8
0
100
AcDbBlockEnd
  0
BLOCK
  5
27B
330
244
100
AcDbEntity
  8
0
100
AcDbBlockBegin
  2
A$C3559988e
 70
     0
 10
0.0
 20
0.0
 30
0.0
  3
A$C3559988e
  1

  0
LWPOLYLINE
  5
245
330
244
100
AcDbEntity
  8
YHJ_立面_墙线中
370
    25
100
AcDbPolyline
 90
        6
 70
     1
 43
0.0
 10
5882.641681884881
 20
2266.204578130506
 10
4782.64168188395
 20
2266.204578130506
 10
4782.64168188395
 20
2366.204578130506
 10
4682.641681883949
 20
2366.204578130506
 10
4682.641681883949
 20
2416.204578130506
 10
5882.641681884881
 20
2896.170335020404
  0
TEXT
  5
246
330
244
100
AcDbEntity
  8
DIM_LEAD
 62
     7
100
AcDbText
 10
4441.68614388816
 20
301.6014249031432
 30
0.0
 40
337.5886524822695
  1
雨篷截面(黄色轮廓线)
  7
_TCH_DIM
100
AcDbText
  0
LWPOLYLINE
  5
247
330
244
100
AcDbEntity
  8
YHJ_门窗框
100
AcDbPolyline
 90
        4
 70
     1
 43
0.0
 10
10322.56245392002
 20
3611.455392953474
 10
8822.562453920021
 20
3611.455392953474
 10
8822.562453920021
 20
1811.455392953474
 10
10322.56245392002
 20
1811.455392953474
  0
LWPOLYLINE
  5
248
330
244
100
AcDbEntity
  8
YHJ_门窗细线
100
AcDbPolyline
 90
        2
 70
     0
 43
0.0
 10
10272.56245392002
 20
3561.455392953475
 10
8872.562453920021
 20
3561.455392953475
  0
LWPOLYLINE
  5
249
330
244
100
AcDbEntity
  8
YHJ_门窗细线
100
AcDbPolyline
 90
        2
 70
     0
 43
0.0
 10
8872.562453920021
 20
1861.455392953474
 10
10272.56245392002
 20
1861.455392953474
  0
LINE
  5
24A
330
244
100
AcDbEntity
  8
YHJ_门窗细线
100
AcDbLine
 10
10272.56245392002
 20
1861.455392953474
 30
0.0
 11
10272.56245392002
 21
3011.455392953474
 31
0.0
  0
LINE
  5
24B
330
244
100
AcDbEntity
  8
YHJ_门窗细线
100
AcDbLine
 10
10272.56245392002
 20
3061.455392953474
 30
0.0
 11
10272.56245392002
 21
3561.455392953475
 31
0.0
  0
LINE
  5
24C
330
244
100
AcDbEntity
  8
YHJ_门窗细线
100
AcDbLine
 10
8872.562453920021
 20
1861.455392953474
 30
0.0
 11
8872.562453920021
 21
3011.455392953474
 31
0.0
  0
LINE
  5
24D
330
244
100
AcDbEntity
  8
YHJ_门窗细线
100
AcDbLine
 10
8872.562453920021
 20
3061.455392953474
 30
0.0
 11
10272.56245392002
 21
3061.455392953474
 31
0.0
  0
LINE
  5
24E
330
244
100
AcDbEntity
  8
YHJ_门窗细线
100
AcDbLine
 10
8872.562453920021
 20
3011.455392953474
 30
0.0
 11
10272.56245392002
 21
3011.455392953474
 31
0.0
  0
LWPOLYLINE
  5
24F
330
244
100
AcDbEntity
  8
YHJ_门窗细线
100
AcDbPolyline
 90
        4
 70
     1
 43
0.0
 10
10222.56245392002
 20
1911.455392953474
 10
9597.562453920023
 20
1911.455392953474
 10
9597.562453920023
 20
2961.455392953474
 10
10222.56245392002
 20
2961.455392953474
  0
LINE
  5
250
330
244
100
AcDbEntity
  8
YHJ_门窗细线
100
AcDbLine
 10
9547.56245392002
 20
3011.455392953474
 30
0.0
 11
9547.56245392002
 21
1861.455392953474
 31
0.0
  0
LWPOLYLINE
  5
251
330
244
100
AcDbEntity
  8
YHJ_门窗细线
100
AcDbPolyline
 90
        4
 70
     1
 43
0.0
 10
8922.56245392002
 20
1911.455392953474
 10
9547.56245392002
 20
1911.455392953474
 10
9547.56245392002
 20
2961.455392953474
 10
8922.56245392002
 20
2961.455392953474
  0
LINE
  5
252
330
244
100
AcDbEntity
  8
YHJ_门窗细线
100
AcDbLine
 10
8872.562453920021
 20
3061.455392953474
 30
0.0
 11
8872.562453920021
 21
3561.455392953475
 31
0.0
  0
INSERT
  5
253
330
244
100
AcDbEntity
  8
YHJ_符号
100
AcDbBlockReference
  2
玻璃
 10
34861.63739475608
 20
-165223.599068319
 30
0.0
 43
-1.0
 50
149.9999999998738
210
0.0
220
0.0
230
-1.0
  0
INSERT
  5
254
330
244
100
AcDbEntity
  8
YHJ_符号
100
AcDbBlockReference
  2
玻璃
 10
35274.67659426853
 20
-166093.3142983811
 30
0.0
 43
-1.0
 50
149.9999999998738
210
0.0
220
0.0
230
-1.0
  0
INSERT
  5
255
330
244
100
AcDbEntity
  8
YHJ_符号
100
AcDbBlockReference
  2
玻璃
 10
34539.78331399895
 20
-166099.7047417182
 30
0.0
 43
-1.0
 50
149.9999999998738
210
0.0
220
0.0
230
-1.0
  0
TEXT
  5
256
330
244
100
AcDbEntity
  8
DIM_LEAD
 62
     7
100
AcDbText
 10
9470.784140734002
 20
269.7834075256251
 30
0.0
 40
337.5886524822695
  1
窗（立面）
  7
_TCH_DIM
100
AcDbText
  0
LWPOLYLINE
  5
257
330
244
100
AcDbEntity
  8
YHJ_门窗框
100
AcDbPolyline
 90
        4
 70
     1
 43
0.0
 10
12389.80790934059
 20
3845.907329942566
 10
14189.8079093406
 20
3845.907329942566
 10
14189.8079093406
 20
1445.907329942565
 10
12389.80790934059
 20
1445.907329942565
  0
LWPOLYLINE
  5
258
330
244
100
AcDbEntity
  8
YHJ_门窗细线
100
AcDbPolyline
 90
        4
 70
     1
 43
0.0
 10
12439.8079093406
 20
3795.907329942565
 10
14139.8079093406
 20
3795.907329942565
 10
14139.8079093406
 20
1495.907329942565
 10
12439.8079093406
 20
1495.907329942565
  0
LINE
  5
259
330
244
100
AcDbEntity
  8
YHJ_门窗细线
100
AcDbLine
 10
13289.8079093406
 20
3795.907329942565
 30
0.0
 11
13289.8079093406
 21
1495.907329942565
 31
0.0
  0
TEXT
  5
25A
330
244
100
AcDbEntity
  8
DIM_LEAD
 62
     7
100
AcDbText
 10
13221.22921092063
 20
271.3554565855302
 30
0.0
 40
337.5886524822695
  1
门（立面）
  7
_TCH_DIM
100
AcDbText
  0
HATCH
  5
25B
330
244
100
AcDbEntity
  8
建筑-房间填充
100
AcDbHatch
 10
0.0
 20
0.0
 30
0.0
210
0.0
220
0.0
230
1.0
  2
钢筋混凝土
 70
     0
 71
     0
 91
        1
 92
        1
 93
        8
 72
     1
 10
1401.234872627072
 20
3290.810502063949
 11
1285.764818788972
 21
3290.810502063949
 72
     1
 10
1285.764818789437
 20
3290.810502063949
 11
997.0896841944195
 21
2790.810502063949
 72
     1
 10
997.0896841944195
 20
2790.810502063949
 11
997.0896841944195
 21
2590.810502063949
 72
     1
 10
997.0896841944195
 20
2590.810502063949
 11
1497.089684194419
 21
2590.810502063949
 72
     1
 10
1497.089684194419
 20
2590.810502063949
 11
1497.089684194419
 21
2690.810502063949
 72
     1
 10
1497.089684194419
 20
2690.810502063949
 11
1097.089684194419
 21
2690.810502063949
 72
     1
 10
1097.089684194419
 20
2690.810502063949
 11
1097.089684194419
 21
2764.015582820866
 72
     1
 10
1097.089684194419
 20
2764.015582820866
 11
1401.234872627072
 21
3290.810502063949
 97
        0
 75
     1
 76
     1
 52
0.0
 41
25.0
 77
     0
 78
    14
 53
45.0
 43
-298771.7802882467
 44
-25195.34855954675
 45
-44.19417382415921
 46
44.19417382415922
 79
     0
 53
50.0
 43
-298771.7802882467
 44
-25195.34855954675
 45
179.3150456501883
 46
-15.68803374564877
 79
     2
 49
18.75
 49
-206.25
 53
355.0
 43
-298771.7802882467
 44
-25195.34855954675
 45
-34.68783340325
 46
188.0480334250029
 79
     2
 49
15.0
 49
-165.0
 53
100.4514
 43
-298756.8373682467
 44
-25196.65589454677
 45
144.6273454285054
 46
172.3598855152384
 79
     2
 49
15.9350475
 49
-175.285528
 53
46.18420000000001
 43
-298771.7802882467
 44
-25145.34855954675
 45
266.8102621564111
 46
-41.37975358225452
 79
     2
 49
28.12499999999994
 49
-309.374999999999
 53
96.6356
 43
-298749.5461019967
 44
-25148.79688629648
 45
233.6656763871758
 46
243.5294677251104
 79
     2
 49
23.902572
 49
-262.92825
 53
351.1842000000001
 43
-298771.7802882467
 44
-25145.34855954675
 45
233.6654862834068
 46
243.5296502313311
 79
     2
 49
22.5
 49
-247.5
 53
21.0
 43
-298746.7802882467
 44
-25157.84855954675
 45
149.2267630296154
 46
-100.6547226663347
 79
     2
 49
18.75
 49
-206.25
 53
326.0
 43
-298746.7802882467
 44
-25157.84855954675
 45
60.82883298039543
 46
181.2875112617133
 79
     2
 49
15.0
 49
-165.0
 53
71.45140000000001
 43
-298734.3447299968
 44
-25166.23646104662
 45
210.0556571453725
 46
80.63262417748809
 79
     2
 49
15.9350475
 49
-175.285528
 53
37.5
 43
-298771.7802882467
 44
-25195.34855954675
 45
3.039963829322667
 46
83.22346345782788
 79
     6
 49
0.0
 49
-163.0
 49
0.0
 49
-167.5
 49
0.0
 49
-165.625
 53
7.499999999999999
 43
-298771.7802882467
 44
-25195.34855954675
 45
65.76738436053715
 46
98.60292797059006
 79
     6
 49
0.0
 49
-95.5
 49
0.0
 49
-159.25
 49
0.0
 49
-63.125
 53
327.5
 43
-298827.5302882467
 44
-25195.34855954675
 45
133.4556090431022
 46
-5.638717933594938
 79
     6
 49
0.0
 49
-62.5
 49
0.0
 49
-195.0
 49
0.0
 49
-258.75
 53
317.5
 43
-298852.5302882467
 44
-25195.34855954675
 45
145.7965423355966
 46
25.02624558307943
 79
     6
 49
0.0
 49
-81.25
 49
0.0
 49
-129.5
 49
0.0
 49
-183.75
 98
        1
 10
1229.370639281813
 20
3104.654936478473
1001
GradientColor1ACI
1070
     5
1001
GradientColor2ACI
1070
     2
1001
ACAD
1010
0.0
1020
0.0
1030
0.0
  0
LINE
  5
25C
330
244
100
AcDbEntity
  8
轮廓线
100
AcDbLine
 10
1401.234872627072
 20
3290.810502063949
 30
0.0
 11
1285.764818789437
 21
3290.810502063949
 31
0.0
  0
LWPOLYLINE
  5
25D
330
244
100
AcDbEntity
  8
轮廓线
100
AcDbPolyline
 90
        4
 70
     0
 43
0.0
 10
1497.089684194419
 20
2590.810502063949
 10
997.0896841944195
 20
2590.810502063949
 10
997.0896841944195
 20
2790.810502063949
 10
1285.764818789437
 20
3290.810502063949
  0
LWPOLYLINE
  5
25E
330
244
100
AcDbEntity
  8
轮廓线
100
AcDbPolyline
 90
        4
 70
     0
 43
0.0
 10
1497.089684194419
 20
2690.810502063949
 10
1097.089684194419
 20
2690.810502063949
 10
1097.089684194419
 20
2764.015582820866
 10
1401.234872627072
 20
3290.810502063949
  0
HATCH
  5
25F
330
244
100
AcDbEntity
  8
建筑-房间填充
100
AcDbHatch
 10
0.0
 20
0.0
 30
0.0
210
0.0
220
0.0
230
1.0
  2
钢筋混凝土
 70
     0
 71
     0
 91
        1
 92
        1
 93
        4
 72
     1
 10
1747.089684194419
 20
2890.810502063949
 11
1497.089684194419
 21
2890.810502063949
 72
     1
 10
1497.089684194419
 20
2890.810502063949
 11
1497.089684194419
 21
1530.951323032845
 72
     1
 10
1497.089684194419
 20
1530.951323032845
 11
1747.089684194419
 21
1530.951323032845
 72
     1
 10
1747.089684194419
 20
1530.951323032845
 11
1747.089684194419
 21
2890.810502063949
 97
        0
 75
     1
 76
     1
 52
0.0
 41
25.0
 77
     0
 78
    14
 53
45.0
 43
-298671.7802882467
 44
-25095.34855954675
 45
-44.19417382415921
 46
44.19417382415922
 79
     0
 53
50.0
 43
-298671.7802882467
 44
-25095.34855954675
 45
179.3150456501883
 46
-15.68803374564877
 79
     2
 49
18.75
 49
-206.25
 53
355.0
 43
-298671.7802882467
 44
-25095.34855954675
 45
-34.68783340325
 46
188.0480334250029
 79
     2
 49
15.0
 49
-165.0
 53
100.4514
 43
-298656.8373682466
 44
-25096.65589454677
 45
144.6273454285054
 46
172.3598855152384
 79
     2
 49
15.9350475
 49
-175.285528
 53
46.18420000000001
 43
-298671.7802882467
 44
-25045.34855954675
 45
266.8102621564111
 46
-41.37975358225452
 79
     2
 49
28.12499999999995
 49
-309.3749999999992
 53
96.6356
 43
-298649.5461019967
 44
-25048.79688629648
 45
233.6656763871758
 46
243.5294677251104
 79
     2
 49
23.902572
 49
-262.92825
 53
351.1842000000001
 43
-298671.7802882467
 44
-25045.34855954675
 45
233.6654862834068
 46
243.5296502313311
 79
     2
 49
22.5
 49
-247.5
 53
21.0
 43
-298646.7802882467
 44
-25057.84855954675
 45
149.2267630296154
 46
-100.6547226663347
 79
     2
 49
18.75
 49
-206.25
 53
326.0
 43
-298646.7802882467
 44
-25057.84855954675
 45
60.82883298039543
 46
181.2875112617133
 79
     2
 49
15.0
 49
-165.0
 53
71.45140000000001
 43
-298634.3447299968
 44
-25066.23646104662
 45
210.0556571453725
 46
80.63262417748809
 79
     2
 49
15.9350475
 49
-175.285528
 53
37.5
 43
-298671.7802882467
 44
-25095.34855954675
 45
3.039963829322667
 46
83.22346345782788
 79
     6
 49
0.0
 49
-163.0
 49
0.0
 49
-167.5
 49
0.0
 49
-165.625
 53
7.499999999999999
 43
-298671.7802882467
 44
-25095.34855954675
 45
65.76738436053715
 46
98.60292797059006
 79
     6
 49
0.0
 49
-95.5
 49
0.0
 49
-159.25
 49
0.0
 49
-63.125
 53
327.5
 43
-298727.5302882467
 44
-25095.34855954675
 45
133.4556090431022
 46
-5.638717933594938
 79
     6
 49
0.0
 49
-62.5
 49
0.0
 49
-195.0
 49
0.0
 49
-258.75
 53
317.5
 43
-298752.5302882467
 44
-25095.34855954675
 45
145.7965423355966
 46
25.02624558307943
 79
     6
 49
0.0
 49
-81.25
 49
0.0
 49
-129.5
 49
0.0
 49
-183.75
 98
        1
 10
1697.075201611034
 20
2476.557740795426
1001
GradientColor1ACI
1070
     5
1001
GradientColor2ACI
1070
     2
1001
ACAD
1010
0.0
1020
0.0
1030
0.0
  0
LWPOLYLINE
  5
260
330
244
100
AcDbEntity
  8
WALL
100
AcDbPolyline
 90
        4
 70
     1
 43
0.0
 10
1497.089684194419
 20
2890.810502063949
 10
1747.089684194419
 20
2890.810502063949
 10
1747.089684194419
 20
1530.951323032845
 10
1497.089684194419
 20
1530.951323032845
  0
TEXT
  5
261
330
244
100
AcDbEntity
  8
DIM_LEAD
 62
     7
100
AcDbText
 10
413.7936784476042
 20
260.3063800553791
 30
0.0
 40
337.5886524822695
  1
天沟挑檐截面(黄色轮廓线)
  7
_TCH_DIM
100
AcDbText
  0
LWPOLYLINE
  5
262
330
244
100
AcDbEntity
  8
0
100
AcDbPolyline
 90
        4
 70
     1
 43
0.0
 10
0.0
 20
0.0
 10
3791.693631123751
 20
0.0
 10
3791.693631123751
 20
4865.638824097812
 10
0.0
 20
4865.638824097812
  0
LWPOLYLINE
  5
263
330
244
100
AcDbEntity
  8
0
100
AcDbPolyline
 90
        2
 70
     0
 43
0.0
 10
0.0
 20
845.6473668562248
 10
3791.693631123751
 20
845.6473668562248
  0
LWPOLYLINE
  5
264
330
244
100
AcDbEntity
  8
0
100
AcDbPolyline
 90
        4
 70
     1
 43
0.0
 10
3791.693631123751
 20
0.0
 10
7583.387262247502
 20
0.0
 10
7583.387262247502
 20
4865.638824097812
 10
3791.693631123751
 20
4865.638824097812
  0
LWPOLYLINE
  5
265
330
244
100
AcDbEntity
  8
0
100
AcDbPolyline
 90
        2
 70
     0
 43
0.0
 10
3791.693631123751
 20
845.6473668562248
 10
7583.387262247502
 20
845.6473668562248
  0
LWPOLYLINE
  5
266
330
244
100
AcDbEntity
  8
0
100
AcDbPolyline
 90
        4
 70
     1
 43
0.0
 10
7583.387262247502
 20
0.0
 10
11375.08089337125
 20
0.0
 10
11375.08089337125
 20
4865.638824097812
 10
7583.387262247502
 20
4865.638824097812
  0
LWPOLYLINE
  5
267
330
244
100
AcDbEntity
  8
0
100
AcDbPolyline
 90
        2
 70
     0
 43
0.0
 10
7583.387262247502
 20
845.6473668562248
 10
11375.08089337125
 20
845.6473668562248
  0
LWPOLYLINE
  5
268
330
244
100
AcDbEntity
  8
0
100
AcDbPolyline
 90
        4
 70
     1
 43
0.0
 10
11375.08089337125
 20
0.0
 10
15166.774524495
 20
0.0
 10
15166.774524495
 20
4865.638824097812
 10
11375.08089337125
 20
4865.638824097812
  0
LWPOLYLINE
  5
269
330
244
100
AcDbEntity
  8
0
100
AcDbPolyline
 90
        2
 70
     0
 43
0.0
 10
11375.08089337125
 20
845.6473668562248
 10
15166.774524495
 20
845.6473668562248
  0
HATCH
  5
26A
330
244
100
AcDbEntity
  8
建筑-房间填充
100
AcDbHatch
 10
0.0
 20
0.0
 30
0.0
210
0.0
220
0.0
230
1.0
  2
钢筋混凝土
 70
     0
 71
     0
 91
        1
 92
        1
 93
        4
 72
     1
 10
6132.641681884881
 20
3754.078719522804
 11
5882.641681884881
 21
3754.078719522804
 72
     1
 10
5882.641681884881
 20
3754.078719522804
 11
5882.641681884881
 21
1608.896357318386
 72
     1
 10
5882.641681884881
 20
1608.896357318386
 11
6132.641681884881
 21
1608.896357318386
 72
     1
 10
6132.641681884881
 20
1608.896357318386
 11
6132.641681884881
 21
3754.078719522804
 97
        0
 75
     1
 76
     1
 52
0.0
 41
25.0
 77
     0
 78
    14
 53
45.0
 43
-294286.2282905562
 44
-24889.98872659029
 45
-44.19417382415921
 46
44.19417382415922
 79
     0
 53
50.0
 43
-294286.2282905562
 44
-24889.98872659029
 45
179.3150456501883
 46
-15.68803374564877
 79
     2
 49
18.75
 49
-206.25
 53
355.0
 43
-294286.2282905562
 44
-24889.98872659029
 45
-34.68783340325
 46
188.0480334250029
 79
     2
 49
15.0
 49
-165.0
 53
100.4514
 43
-294271.2853705562
 44
-24891.29606159032
 45
144.6273454285054
 46
172.3598855152384
 79
     2
 49
15.9350475
 49
-175.285528
 53
46.18420000000001
 43
-294286.2282905562
 44
-24839.9887265903
 45
266.8102621564111
 46
-41.37975358225452
 79
     2
 49
28.12499999999995
 49
-309.3749999999992
 53
96.6356
 43
-294263.9941043062
 44
-24843.43705334002
 45
233.6656763871758
 46
243.5294677251104
 79
     2
 49
23.902572
 49
-262.92825
 53
351.1842000000001
 43
-294286.2282905562
 44
-24839.9887265903
 45
233.6654862834068
 46
243.5296502313311
 79
     2
 49
22.5
 49
-247.5
 53
21.0
 43
-294261.2282905562
 44
-24852.48872659029
 45
149.2267630296154
 46
-100.6547226663347
 79
     2
 49
18.75
 49
-206.25
 53
326.0
 43
-294261.2282905562
 44
-24852.48872659029
 45
60.82883298039543
 46
181.2875112617133
 79
     2
 49
15.0
 49
-165.0
 53
71.45140000000001
 43
-294248.7927323063
 44
-24860.87662809016
 45
210.0556571453725
 46
80.63262417748809
 79
     2
 49
15.9350475
 49
-175.285528
 53
37.5
 43
-294286.2282905562
 44
-24889.98872659029
 45
3.039963829322667
 46
83.22346345782788
 79
     6
 49
0.0
 49
-163.0
 49
0.0
 49
-167.5
 49
0.0
 49
-165.625
 53
7.499999999999999
 43
-294286.2282905562
 44
-24889.98872659029
 45
65.76738436053715
 46
98.60292797059006
 79
     6
 49
0.0
 49
-95.5
 49
0.0
 49
-159.25
 49
0.0
 49
-63.125
 53
327.5
 43
-294341.9782905563
 44
-24889.98872659029
 45
133.4556090431022
 46
-5.638717933594938
 79
     6
 49
0.0
 49
-62.5
 49
0.0
 49
-195.0
 49
0.0
 49
-258.75
 53
317.5
 43
-294366.9782905562
 44
-24889.98872659029
 45
145.7965423355966
 46
25.02624558307943
 79
     6
 49
0.0
 49
-81.25
 49
0.0
 49
-129.5
 49
0.0
 49
-183.75
 98
        1
 10
6082.627199301496
 20
2681.917573751882
1001
GradientColor1ACI
1070
     5
1001
GradientColor2ACI
1070
     2
1001
ACAD
1010
0.0
1020
0.0
1030
0.0
  0
LWPOLYLINE
  5
26B
330
244
100
AcDbEntity
  8
WALL
100
AcDbPolyline
 90
        4
 70
     1
 43
0.0
 10
5882.641681884881
 20
3754.078719522804
 10
6132.641681884881
 20
3754.078719522804
 10
6132.641681884881
 20
1608.896357318386
 10
5882.641681884881
 20
1608.896357318386
  0
LWPOLYLINE
  5
26C
330
244
100
AcDbEntity
  8
WALL
100
AcDbPolyline
 90
        2
 70
     0
 43
0.0
 10
1747.089684194419
 20
2890.810502063949
 10
2668.080208068714
 20
2890.810502063949
  0
LWPOLYLINE
  5
26D
330
244
100
AcDbEntity
  8
WALL
100
AcDbPolyline
 90
        2
 70
     0
 43
0.0
 10
1747.089684194419
 20
2770.810502063949
 10
2668.080208068714
 20
2770.810502063949
  0
LWPOLYLINE
  5
26E
330
244
100
AcDbEntity
  8
WALL
100
AcDbPolyline
 90
        2
 70
     0
 43
0.0
 10
2668.080208068714
 20
2890.810502063949
 10
2668.080208068714
 20
2770.810502063949
  0
HATCH
  5
26F
330
244
100
AcDbEntity
  8
建筑-房间填充
100
AcDbHatch
 10
0.0
 20
0.0
 30
0.0
210
0.0
220
0.0
230
1.0
  2
钢筋混凝土
 70
     0
 71
     0
 91
        1
 92
        1
 93
        4
 72
     1
 10
2668.080208068714
 20
2890.810502063949
 11
1747.089684194419
 21
2890.810502063949
 72
     1
 10
1747.089684194419
 20
2890.810502063949
 11
1747.089684194419
 21
2770.810502063949
 72
     1
 10
1747.089684194419
 20
2770.810502063949
 11
2668.080208068714
 21
2770.810502063949
 72
     1
 10
2668.080208068714
 20
2770.810502063949
 11
2668.080208068714
 21
2890.810502063949
 97
        0
 75
     1
 76
     1
 52
0.0
 41
25.0
 77
     0
 78
    14
 53
45.0
 43
-298421.7802882467
 44
-25095.34855954675
 45
-44.19417382415921
 46
44.19417382415922
 79
     0
 53
50.0
 43
-298421.7802882467
 44
-25095.34855954675
 45
179.3150456501883
 46
-15.68803374564877
 79
     2
 49
18.75
 49
-206.25
 53
355.0
 43
-298421.7802882467
 44
-25095.34855954675
 45
-34.68783340325
 46
188.0480334250029
 79
     2
 49
15.0
 49
-165.0
 53
100.4514
 43
-298406.8373682467
 44
-25096.65589454677
 45
144.6273454285054
 46
172.3598855152384
 79
     2
 49
15.9350475
 49
-175.285528
 53
46.18420000000001
 43
-298421.7802882467
 44
-25045.34855954675
 45
266.8102621564111
 46
-41.37975358225452
 79
     2
 49
28.12499999999995
 49
-309.3749999999991
 53
96.6356
 43
-298399.5461019967
 44
-25048.79688629648
 45
233.6656763871758
 46
243.5294677251104
 79
     2
 49
23.902572
 49
-262.92825
 53
351.1842000000001
 43
-298421.7802882467
 44
-25045.34855954675
 45
233.6654862834068
 46
243.5296502313311
 79
     2
 49
22.5
 49
-247.5
 53
21.0
 43
-298396.7802882467
 44
-25057.84855954675
 45
149.2267630296154
 46
-100.6547226663347
 79
     2
 49
18.75
 49
-206.25
 53
326.0
 43
-298396.7802882467
 44
-25057.84855954675
 45
60.82883298039543
 46
181.2875112617133
 79
     2
 49
15.0
 49
-165.0
 53
71.45140000000001
 43
-298384.3447299968
 44
-25066.23646104662
 45
210.0556571453725
 46
80.63262417748809
 79
     2
 49
15.9350475
 49
-175.285528
 53
37.5
 43
-298421.7802882467
 44
-25095.34855954675
 45
3.039963829322667
 46
83.22346345782788
 79
     6
 49
0.0
 49
-163.0
 49
0.0
 49
-167.5
 49
0.0
 49
-165.625
 53
7.499999999999999
 43
-298421.7802882467
 44
-25095.34855954675
 45
65.76738436053715
 46
98.60292797059006
 79
     6
 49
0.0
 49
-95.5
 49
0.0
 49
-159.25
 49
0.0
 49
-63.125
 53
327.5
 43
-298477.5302882467
 44
-25095.34855954675
 45
133.4556090431022
 46
-5.638717933594938
 79
     6
 49
0.0
 49
-62.5
 49
0.0
 49
-195.0
 49
0.0
 49
-258.75
 53
317.5
 43
-298502.5302882467
 44
-25095.34855954675
 45
145.7965423355966
 46
25.02624558307943
 79
     6
 49
0.0
 49
-81.25
 49
0.0
 49
-129.5
 49
0.0
 49
-183.75
 98
        1
 10
1947.075201611034
 20
2476.557740795426
1001
GradientColor1ACI
1070
     5
1001
GradientColor2ACI
1070
     2
1001
ACAD
1010
0.0
1020
0.0
1030
0.0
  0
LINE
  5
270
330
244
100
AcDbEntity
  8
DIM_LEAD
100
AcDbLine
 10
6132.641681884881
 20
3397.767156083602
 30
0.0
 11
6625.49168933835
 21
3758.059965722263
 31
0.0
  0
TEXT
  5
271
330
244
100
AcDbEntity
  8
DIM_LEAD
 62
     7
100
AcDbText
 10
6597.497393028345
 20
3889.123795509339
 30
0.0
 40
337.5886524822695
  1
外墙
  7
_TCH_DIM
100
AcDbText
  0
LINE
  5
272
330
244
100
AcDbEntity
  8
DIM_LEAD
100
AcDbLine
 10
6625.49168933835
 20
3758.059965722263
 30
0.0
 11
7298.145743617323
 21
3758.059965722263
 31
0.0
  0
LINE
  5
273
330
244
100
AcDbEntity
  8
DIM_LEAD
100
AcDbLine
 10
1497.089684194419
 20
1599.300048468169
 30
0.0
 11
1004.239676740952
 21
1959.592858106829
 31
0.0
  0
TEXT
  5
274
330
244
100
AcDbEntity
  8
DIM_LEAD
 62
     7
100
AcDbText
 10
540.7446113489568
 20
2090.656687893905
 30
0.0
 40
337.5886524822695
  1
外墙
  7
_TCH_DIM
100
AcDbText
  0
LINE
  5
275
330
244
100
AcDbEntity
  8
DIM_LEAD
100
AcDbLine
 10
1004.239676740952
 20
1959.592858106829
 30
0.0
 11
331.5856224619783
 21
1959.592858106829
 31
0.0
  0
LINE
  5
276
330
244
100
AcDbEntity
  8
DIM_LEAD
100
AcDbLine
 10
1951.601229727268
 20
2890.810502063949
 30
0.0
 11
2444.451237180736
 21
3251.103311702609
 31
0.0
  0
TEXT
  5
277
330
244
100
AcDbEntity
  8
DIM_LEAD
 62
     7
100
AcDbText
 10
2416.456940870733
 20
3382.167141489685
 30
0.0
 40
337.5886524822695
  1
屋顶结构板
  7
_TCH_DIM
100
AcDbText
  0
LINE
  5
278
330
244
100
AcDbEntity
  8
DIM_LEAD
100
AcDbLine
 10
2444.451237180736
 20
3251.103311702609
 30
0.0
 11
3641.939714182168
 21
3251.103311702609
 31
0.0
  0
ENDBLK
  5
27C
330
244
100
AcDbEntity
  8
0
100
AcDbBlockEnd
  0
BLOCK
  5
2BD
330
2BC
100
AcDbEntity
  8
0
100
AcDbBlockBegin
  2
C1818
 70
     0
 10
0.0
 20
0.0
 30
0.0
  3
C1818
  1

  0
LWPOLYLINE
  5
2BE
330
2BC
100
AcDbEntity
  8
YHJ_门窗框
100
AcDbPolyline
 90
        4
 70
     1
 43
0.0
 10
0.0
 20
1800.0
 10
1800.0
 20
1800.0
 10
1800.0
 20
0.0
 10
0.0
 20
0.0
  0
LWPOLYLINE
  5
2BF
330
2BC
100
AcDbEntity
  8
YHJ_门窗细线
100
AcDbPolyline
 90
        2
 70
     0
 43
0.0
 10
50.0
 20
1750.0
 10
1750.0
 20
1750.0
  0
LWPOLYLINE
  5
2C0
330
2BC
100
AcDbEntity
  8
YHJ_门窗细线
100
AcDbPolyline
 90
        2
 70
     0
 43
0.0
 10
1750.0
 20
50.0
 10
50.0
 20
50.0
  0
LINE
  5
2C1
330
2BC
100
AcDbEntity
  8
YHJ_门窗细线
100
AcDbLine
 10
50.0
 20
50.0
 30
0.0
 11
50.0
 21
1200.0
 31
0.0
  0
LINE
  5
2C2
330
2BC
100
AcDbEntity
  8
YHJ_门窗细线
100
AcDbLine
 10
50.0
 20
1250.0
 30
0.0
 11
50.0
 21
1750.0
 31
0.0
  0
LINE
  5
2C3
330
2BC
100
AcDbEntity
  8
YHJ_门窗细线
100
AcDbLine
 10
1750.0
 20
50.0
 30
0.0
 11
1750.0
 21
1200.0
 31
0.0
  0
LINE
  5
2C4
330
2BC
100
AcDbEntity
  8
YHJ_门窗细线
100
AcDbLine
 10
1750.0
 20
1250.0
 30
0.0
 11
50.0
 21
1250.0
 31
0.0
  0
LINE
  5
2C5
330
2BC
100
AcDbEntity
  8
YHJ_门窗细线
100
AcDbLine
 10
1750.0
 20
1200.0
 30
0.0
 11
50.0
 21
1200.0
 31
0.0
  0
LWPOLYLINE
  5
2C6
330
2BC
100
AcDbEntity
  8
YHJ_门窗细线
100
AcDbPolyline
 90
        4
 70
     1
 43
0.0
 10
100.0
 20
100.0
 10
875.0
 20
100.0
 10
875.0
 20
1150.0
 10
100.0
 20
1150.0
  0
LINE
  5
2C7
330
2BC
100
AcDbEntity
  8
YHJ_门窗细线
100
AcDbLine
 10
925.0
 20
1200.0
 30
0.0
 11
925.0
 21
50.0
 31
0.0
  0
LWPOLYLINE
  5
2C8
330
2BC
100
AcDbEntity
  8
YHJ_门窗细线
100
AcDbPolyline
 90
        4
 70
     1
 43
0.0
 10
1700.0
 20
100.0
 10
925.0
 20
100.0
 10
925.0
 20
1150.0
 10
1700.0
 20
1150.0
  0
LINE
  5
2C9
330
2BC
100
AcDbEntity
  8
YHJ_门窗细线
100
AcDbLine
 10
1750.0
 20
1250.0
 30
0.0
 11
1750.0
 21
1750.0
 31
0.0
  0
LEADER
  5
2CA
330
2BC
100
AcDbEntity
  8
YHJ_符号
100
AcDbLeader
  3
YH_D_100
 76
     2
 10
662.5241594105027
 20
625.0
 30
0.0
 10
362.4758405890316
 20
625.0
 30
0.0
211
1.0
221
0.0000000000000002
231
0.0
1001
ACAD
1000
DSTYLE
1002
{
1070
   147
1040
1.199999999999999
1070
    77
1070
     0
1002
}
  0
SOLID
  5
2CB
330
2BC
100
AcDbEntity
  8
YHJ_符号
100
AcDbTrace
 10
1287.475840589032
 20
600.0
 30
0.0
 11
1137.475840589031
 21
625.0
 31
0.0
 12
1287.475840589032
 22
650.0
 32
0.0
 13
1287.475840589032
 23
650.0
 33
0.0
1001
ACAD
1000
DSTYLE
1002
{
1070
   147
1040
1.199999999999999
1070
    77
1070
     0
1002
}
  0
LWPOLYLINE
  5
2CC
330
2BC
100
AcDbEntity
  8
YHJ_符号
100
AcDbPolyline
 90
        2
 70
     0
 43
0.0
 10
1287.475840589032
 20
625.0
 10
1437.524159410503
 20
625.0
1001
ACAD
1000
DSTYLE
1002
{
1070
   147
1040
1.199999999999999
1070
    77
1070
     0
1002
}
  0
INSERT
  5
2CD
330
2BC
100
AcDbEntity
  8
YHJ_符号
100
AcDbBlockReference
  2
玻璃
 10
45334.19984867609
 20
-167035.0544612724
 30
0.0
 50
149.9999999998738
  0
ENDBLK
  5
2CE
330
2BC
100
AcDbEntity
  8
0
100
AcDbBlockEnd
  0
BLOCK
  5
2D0
330
2CF
100
AcDbEntity
  8
0
100
AcDbBlockBegin
  2
HSHHFGHTFF
 70
     0
 10
0.0
 20
0.0
 30
0.0
  3
HSHHFGHTFF
  1

  0
LWPOLYLINE
  5
2D1
330
2CF
100
AcDbEntity
  8
YHJ_门窗框
100
AcDbPolyline
 90
        4
 70
     1
 43
0.0
 10
633307.911713118
 20
84412.57572289524
 10
634307.911713118
 20
84412.57572289524
 10
634307.911713118
 20
82012.57572289524
 10
633307.911713118
 20
82012.57572289524
  0
LWPOLYLINE
  5
2D2
330
2CF
100
AcDbEntity
  8
YHJ_门窗细线
100
AcDbPolyline
 90
        4
 70
     1
 43
0.0
 10
633357.9117131179
 20
84362.57572289525
 10
634257.911713118
 20
84362.57572289525
 10
634257.911713118
 20
82062.57572289525
 10
633357.9117131179
 20
82062.57572289525
  0
LWPOLYLINE
  5
2D3
330
2CF
100
AcDbEntity
  8
YHJ_门窗细线
100
AcDbPolyline
 90
        3
 70
     0
 43
0.0
 10
633357.9117131179
 20
84362.57572289525
 10
634257.911713118
 20
83212.57572289525
 10
633357.9117131179
 20
82062.57572289525
  0
ENDBLK
  5
2D4
330
2CF
100
AcDbEntity
  8
0
100
AcDbBlockEnd
  0
BLOCK
  5
2D6
330
2D5
100
AcDbEntity
  8
0
100
AcDbBlockBegin
  2
GHAFGAGADGSAD
 70
     0
 10
0.0
 20
0.0
 30
0.0
  3
GHAFGAGADGSAD
  1

  0
LWPOLYLINE
  5
2D7
330
2D5
100
AcDbEntity
  8
YHJ_门窗框
100
AcDbPolyline
 90
        4
 70
     1
 43
0.0
 10
628862.1511740978
 20
84772.6666405169
 10
630362.1511740978
 20
84772.6666405169
 10
630362.1511740978
 20
82972.6666405169
 10
628862.1511740978
 20
82972.6666405169
  0
LWPOLYLINE
  5
2D8
330
2D5
100
AcDbEntity
  8
YHJ_门窗细线
100
AcDbPolyline
 90
        2
 70
     0
 43
0.0
 10
628912.1511740978
 20
84722.66664051689
 10
630312.1511740978
 20
84722.66664051689
  0
LWPOLYLINE
  5
2D9
330
2D5
100
AcDbEntity
  8
YHJ_门窗细线
100
AcDbPolyline
 90
        2
 70
     0
 43
0.0
 10
630312.1511740978
 20
83022.66664051689
 10
628912.1511740978
 20
83022.66664051689
  0
LINE
  5
2DA
330
2D5
100
AcDbEntity
  8
YHJ_门窗细线
100
AcDbLine
 10
628912.1511740978
 20
83022.66664051689
 30
0.0
 11
628912.1511740978
 21
84172.66664051689
 31
0.0
  0
LINE
  5
2DB
330
2D5
100
AcDbEntity
  8
YHJ_门窗细线
100
AcDbLine
 10
628912.1511740978
 20
84222.6666405169
 30
0.0
 11
628912.1511740978
 21
84722.66664051689
 31
0.0
  0
LINE
  5
2DC
330
2D5
100
AcDbEntity
  8
YHJ_门窗细线
100
AcDbLine
 10
630312.1511740978
 20
83022.66664051689
 30
0.0
 11
630312.1511740978
 21
84172.66664051689
 31
0.0
  0
LINE
  5
2DD
330
2D5
100
AcDbEntity
  8
YHJ_门窗细线
100
AcDbLine
 10
630312.1511740978
 20
84222.6666405169
 30
0.0
 11
628912.1511740978
 21
84222.6666405169
 31
0.0
  0
LINE
  5
2DE
330
2D5
100
AcDbEntity
  8
YHJ_门窗细线
100
AcDbLine
 10
630312.1511740978
 20
84172.66664051689
 30
0.0
 11
628912.1511740978
 21
84172.66664051689
 31
0.0
  0
LWPOLYLINE
  5
2DF
330
2D5
100
AcDbEntity
  8
YHJ_门窗细线
100
AcDbPolyline
 90
        4
 70
     1
 43
0.0
 10
628962.1511740978
 20
83072.6666405169
 10
629587.1511740978
 20
83072.6666405169
 10
629587.1511740978
 20
84122.66664051688
 10
628962.1511740978
 20
84122.66664051688
  0
LINE
  5
2E0
330
2D5
100
AcDbEntity
  8
YHJ_门窗细线
100
AcDbLine
 10
629637.1511740979
 20
84172.66664051689
 30
0.0
 11
629637.1511740979
 21
83022.66664051689
 31
0.0
  0
LWPOLYLINE
  5
2E1
330
2D5
100
AcDbEntity
  8
YHJ_门窗细线
100
AcDbPolyline
 90
        4
 70
     1
 43
0.0
 10
630262.1511740978
 20
83072.6666405169
 10
629637.1511740979
 20
83072.6666405169
 10
629637.1511740979
 20
84122.66664051688
 10
630262.1511740978
 20
84122.66664051688
  0
LINE
  5
2E2
330
2D5
100
AcDbEntity
  8
YHJ_门窗细线
100
AcDbLine
 10
630312.1511740978
 20
84222.6666405169
 30
0.0
 11
630312.1511740978
 21
84722.66664051689
 31
0.0
  0
LEADER
  5
2E3
330
2D5
100
AcDbEntity
  8
YHJ_符号
100
AcDbLeader
  3
YH_D_100
 76
     2
 10
629374.6753335083
 20
83597.6666405169
 30
0.0
 10
629074.6270146868
 20
83597.6666405169
 30
0.0
211
1.0
221
0.0000000000000002
231
0.0
1001
ACAD
1000
DSTYLE
1002
{
1070
   147
1040
1.199999999999999
1070
    77
1070
     0
1002
}
  0
SOLID
  5
2E4
330
2D5
100
AcDbEntity
  8
YHJ_符号
100
AcDbTrace
 10
629999.6270146868
 20
83572.66664051689
 30
0.0
 11
629849.6270146868
 21
83597.6666405169
 31
0.0
 12
629999.6270146868
 22
83622.6666405169
 32
0.0
 13
629999.6270146868
 23
83622.6666405169
 33
0.0
1001
ACAD
1000
DSTYLE
1002
{
1070
   147
1040
1.199999999999999
1070
    77
1070
     0
1002
}
  0
LWPOLYLINE
  5
2E5
330
2D5
100
AcDbEntity
  8
YHJ_符号
100
AcDbPolyline
 90
        2
 70
     0
 43
0.0
 10
629999.6270146868
 20
83597.6666405169
 10
630149.6753335083
 20
83597.6666405169
1001
ACAD
1000
DSTYLE
1002
{
1070
   147
1040
1.199999999999999
1070
    77
1070
     0
1002
}
  0
INSERT
  5
2E6
330
2D5
100
AcDbEntity
  8
YHJ_符号
100
AcDbBlockReference
  2
玻璃
 10
-674046.351022774
 20
-84062.38782075556
 30
0.0
 41
-1.0
 43
-1.0
 50
210.0000000001262
210
0.0
220
0.0
230
-1.0
  0
ENDBLK
  5
2E7
330
2D5
100
AcDbEntity
  8
0
100
AcDbBlockEnd
  0
BLOCK
  5
2E9
330
2E8
100
AcDbEntity
  8
0
100
AcDbBlockBegin
  2
HSGADGSGDSGDSF
 70
     0
 10
0.0
 20
0.0
 30
0.0
  3
HSGADGSGDSGDSF
  1

  0
LWPOLYLINE
  5
2EA
330
2E8
100
AcDbEntity
  8
YHJ_门窗框
100
AcDbPolyline
 90
        4
 70
     1
 43
0.0
 10
654970.3257594639
 20
84412.57572289524
 10
656770.325759464
 20
84412.57572289524
 10
656770.325759464
 20
82012.57572289524
 10
654970.3257594639
 20
82012.57572289524
  0
LWPOLYLINE
  5
2EB
330
2E8
100
AcDbEntity
  8
YHJ_门窗细线
100
AcDbPolyline
 90
        4
 70
     1
 43
0.0
 10
655020.325759464
 20
84362.57572289525
 10
656720.325759464
 20
84362.57572289525
 10
656720.325759464
 20
82062.57572289525
 10
655020.325759464
 20
82062.57572289525
  0
LINE
  5
2EC
330
2E8
100
AcDbEntity
  8
YHJ_门窗细线
100
AcDbLine
 10
655870.325759464
 20
84362.57572289525
 30
0.0
 11
655870.325759464
 21
82062.57572289525
 31
0.0
  0
LWPOLYLINE
  5
2ED
330
2E8
100
AcDbEntity
  8
YHJ_门窗细线
100
AcDbPolyline
 90
        3
 70
     0
 43
0.0
 10
655870.325759464
 20
84362.57572289525
 10
655020.325759464
 20
83212.57572289525
 10
655870.325759464
 20
82062.57572289525
  0
LWPOLYLINE
  5
2EE
330
2E8
100
AcDbEntity
  8
YHJ_门窗细线
100
AcDbPolyline
 90
        3
 70
     0
 43
0.0
 10
655870.325759464
 20
84362.57572289525
 10
656720.325759464
 20
83212.57572289525
 10
655870.325759464
 20
82062.57572289525
  0
ENDBLK
  5
2EF
330
2E8
100
AcDbEntity
  8
0
100
AcDbBlockEnd
  0
BLOCK
  5
2F1
330
2F0
100
AcDbEntity
  8
0
100
AcDbBlockBegin
  2
_AXISO
 70
     2
 10
0.0
 20
0.0
 30
0.0
  3
_AXISO
  1

  0
CIRCLE
  5
2F2
330
2F0
100
AcDbEntity
  8
0
100
AcDbCircle
 10
0.0
 20
0.0
 30
0.0
 40
0.5
  0
ATTDEF
  5
2F3
330
2F0
100
AcDbEntity
  8
AXIS_TEXT
100
AcDbText
 10
-0.25
 20
-0.28
 30
0.0
 40
0.5600000000000001
  1

 41
1.041666666666666
  7
COMPLEX
 72
     5
 11
0.25
 21
-0.28
 31
0.0
100
AcDbAttributeDefinition
280
     0
  3

  2
A
 70
     0
280
     0
  0
ENDBLK
  5
2F4
330
2F0
100
AcDbEntity
  8
0
100
AcDbBlockEnd
  0
BLOCK
  5
2F8
330
2F5
100
AcDbEntity
  8
0
100
AcDbBlockBegin
  2
A$C4EA902EC
 70
     0
 10
0.0
 20
0.0
 30
0.0
  3
A$C4EA902EC
  1

  0
LWPOLYLINE
  5
2F9
330
2F5
100
AcDbEntity
  8
YHJ_消防救援标示
100
AcDbPolyline
 90
        4
 70
     1
 43
0.0
 10
0.0
 20
0.0006478845607489
 10
350.0
 20
0.0006478845607489
 10
350.0
 20
350.0006478845608
 10
0.0
 20
350.0006478845608
  0
HATCH
  5
2FA
330
2F5
100
AcDbEntity
  8
YHJ_消防救援标示
 62
     6
100
AcDbHatch
 10
0.0
 20
0.0
 30
0.0
210
0.0
220
0.0
230
1.0
  2
ANSI31
 70
     0
 71
     1
 91
        1
 92
        1
 93
        1
 72
     2
 10
175.0
 20
175.0006478845607
 40
150.0
 50
0.0
 51
360.0
 73
     1
 97
        1
330
2FB
 75
     0
 76
     1
 52
135.0
 41
20.0
 77
     0
 78
     1
 53
180.0
 43
-2939646.70499463
 44
-311489.2095356484
 45
-0.0000000000000053
 46
-31.75
 79
     0
 98
        1
 10
-2939646.70499463
 20
-311489.2095356484
1001
ACAD
1010
0.0
1020
0.0
1030
0.0
  0
CIRCLE
  5
2FB
102
{ACAD_REACTORS
330
2FA
102
}
330
2F5
100
AcDbEntity
  8
YHJ_消防救援标示
 62
     6
100
AcDbCircle
 10
175.0
 20
175.0006478845607
 30
0.0
 40
150.0
  0
ENDBLK
  5
2FC
330
2F5
100
AcDbEntity
  8
0
100
AcDbBlockEnd
  0
BLOCK
  5
2FE
330
2FD
100
AcDbEntity
  8
0
100
AcDbBlockBegin
  2
FAFDCCDEERESSDDFSGSDAGASDGA
 70
     0
 10
0.0
 20
0.0
 30
0.0
  3
FAFDCCDEERESSDDFSGSDAGASDGA
  1

  0
LWPOLYLINE
  5
2FF
330
2FD
100
AcDbEntity
  8
YHJ_门窗框
100
AcDbPolyline
 90
        4
 70
     1
 43
0.0
 10
2134655.872481081
 20
2632935.48216351
 10
2136455.872481081
 20
2632935.48216351
 10
2136455.872481081
 20
2631135.48216351
 10
2134655.872481081
 20
2631135.48216351
  0
LWPOLYLINE
  5
300
330
2FD
100
AcDbEntity
  8
YHJ_门窗细线
100
AcDbPolyline
 90
        4
 70
     1
 43
0.0
 10
2134705.872481081
 20
2632885.48216351
 10
2136405.872481081
 20
2632885.48216351
 10
2136405.872481081
 20
2631185.48216351
 10
2134705.872481081
 20
2631185.48216351
  0
LWPOLYLINE
  5
301
330
2FD
100
AcDbEntity
  8
YHJ_门窗细线
100
AcDbPolyline
 90
        4
 70
     0
 43
0.0
 10
2135055.872481081
 20
2631235.48216351
 10
2134755.872481081
 20
2631235.48216351
 10
2134755.872481081
 20
2632835.48216351
 10
2135055.872481081
 20
2632835.48216351
  0
LWPOLYLINE
  5
302
330
2FD
100
AcDbEntity
  8
YHJ_门窗细线
100
AcDbPolyline
 90
        3
 70
     0
 43
0.0
 10
2135055.872481081
 20
2632835.48216351
 10
2134755.872481081
 20
2632035.482163511
 10
2135055.872481081
 20
2631235.48216351
  0
INSERT
  5
303
330
2FD
100
AcDbEntity
  8
YHJ_消防救援标示
 62
     6
100
AcDbBlockReference
  2
A$C4EA902EC
 10
2136005.872481081
 20
2632835.482811395
 30
0.0
 41
-1.0
 50
180.0
  0
LWPOLYLINE
  5
304
330
2FD
100
AcDbEntity
  8
YHJ_门窗细线
100
AcDbPolyline
 90
        4
 70
     1
 43
0.0
 10
2134755.872481081
 20
2632835.48216351
 10
2135055.872481081
 20
2632835.48216351
 10
2135055.872481081
 20
2631235.48216351
 10
2134755.872481081
 20
2631235.48216351
  0
LWPOLYLINE
  5
305
330
2FD
100
AcDbEntity
  8
YHJ_门窗细线
100
AcDbPolyline
 90
        4
 70
     1
 43
0.0
 10
2134705.872481081
 20
2632885.48216351
 10
2135105.87248108
 20
2632885.48216351
 10
2135105.87248108
 20
2631185.48216351
 10
2134705.872481081
 20
2631185.48216351
  0
LWPOLYLINE
  5
306
330
2FD
100
AcDbEntity
  8
YHJ_门窗细线
100
AcDbPolyline
 90
        4
 70
     1
 43
0.0
 10
2135155.87248108
 20
2632835.48216351
 10
2136355.872481081
 20
2632835.48216351
 10
2136355.872481081
 20
2631235.48216351
 10
2135155.87248108
 20
2631235.48216351
  0
ENDBLK
  5
307
330
2FD
100
AcDbEntity
  8
0
100
AcDbBlockEnd
  0
BLOCK
  5
AF1
330
AF0
100
AcDbEntity
  8
0
100
AcDbBlockBegin
  2
*D85
 70
     1
 10
0.0
 20
0.0
 30
0.0
  3
*D85
  1

  0
LINE
  5
E92
330
AF0
100
AcDbEntity
  8
TWT_DIM
 62
     0
440
 16777216
370
    -2
100
AcDbLine
 10
-15531.93343177205
 20
-28477.25189106911
 30
0.0
 11
-15531.93343177205
 21
-28684.72053279728
 31
0.0
  0
LINE
  5
E93
330
AF0
100
AcDbEntity
  8
TWT_DIM
 62
     0
440
 16777216
370
    -2
100
AcDbLine
 10
-8731.93343177205
 20
-28477.25189106911
 30
0.0
 11
-8731.93343177205
 21
-28684.72053279728
 31
0.0
  0
LINE
  5
E94
330
AF0
100
AcDbEntity
  8
TWT_DIM
 62
     0
440
 16777216
370
    -2
100
AcDbLine
 10
-15531.93343177205
 20
-28434.72053279728
 30
0.0
 11
-8731.93343177205
 21
-28434.72053279728
 31
0.0
  0
INSERT
  5
E95
330
AF0
100
AcDbEntity
  8
TWT_DIM
 62
     0
440
 16777216
370
    -2
100
AcDbBlockReference
  2
_ArchTick
 10
-15531.93343177205
 20
-28434.72053279728
 30
0.0
 41
100.0
 42
100.0
 43
100.0
 50
180.0
  0
INSERT
  5
E96
330
AF0
100
AcDbEntity
  8
TWT_DIM
 62
     0
440
 16777216
370
    -2
100
AcDbBlockReference
  2
_ArchTick
 10
-8731.93343177205
 20
-28434.72053279728
 30
0.0
 41
100.0
 42
100.0
 43
100.0
  0
MTEXT
  5
E97
330
AF0
100
AcDbEntity
  8
TWT_DIM
 62
     7
440
 16777216
100
AcDbMText
 10
-12131.93343177205
 20
-28159.72053279728
 30
0.0
 40
297.5
 41
0.0
 46
0.0
 71
     5
 72
     1
  1
\A1;6800
  7
_TCH_DIM_T3
 73
     1
 44
1.0
  0
POINT
  5
E98
330
AF0
100
AcDbEntity
  8
Defpoints
 62
     0
440
 16777216
100
AcDbPoint
 10
-15531.93343177205
 20
-28177.25189106912
 30
0.0
  0
POINT
  5
E99
330
AF0
100
AcDbEntity
  8
Defpoints
 62
     0
440
 16777216
100
AcDbPoint
 10
-8731.93343177205
 20
-28177.25189106912
 30
0.0
  0
POINT
  5
E9A
330
AF0
100
AcDbEntity
  8
Defpoints
 62
     0
440
 16777216
100
AcDbPoint
 10
-8731.93343177205
 20
-28434.72053279728
 30
0.0
  0
ENDBLK
  5
AF2
330
AF0
100
AcDbEntity
  8
0
100
AcDbBlockEnd
  0
BLOCK
  5
AFD
330
AFC
100
AcDbEntity
  8
0
100
AcDbBlockBegin
  2
*D86
 70
     1
 10
0.0
 20
0.0
 30
0.0
  3
*D86
  1

  0
LINE
  5
E9B
330
AFC
100
AcDbEntity
  8
PUB_DIM
 62
     0
440
 16777216
370
    18
100
AcDbLine
 10
-6899.007077088111
 20
-27013.59764129111
 30
0.0
 11
-6798.00707708811
 21
-27013.59764129111
 31
0.0
  0
LINE
  5
E9C
330
AFC
100
AcDbEntity
  8
PUB_DIM
 62
     0
440
 16777216
370
    18
100
AcDbLine
 10
-6899.007077088111
 20
-26713.59764129111
 30
0.0
 11
-6798.00707708811
 21
-26713.59764129111
 31
0.0
  0
LINE
  5
E9D
330
AFC
100
AcDbEntity
  8
PUB_DIM
 62
     0
440
 16777216
370
    18
100
AcDbLine
 10
-6898.007077088109
 20
-27013.59764129111
 30
0.0
 11
-6898.007077088109
 21
-26713.59764129111
 31
0.0
  0
MTEXT
  5
E9E
330
AFC
100
AcDbEntity
  8
PUB_DIM
 62
     7
440
 16777216
100
AcDbMText
 10
-6623.007077089045
 20
-27383.5976412911
 30
0.0
 40
350.0
 41
0.0
 46
0.0
 71
     5
 72
     1
  1
\A1;300
  7
TSSD_REIN_T3
 11
0.0000000000000001
 21
1.0
 31
0.0
 73
     1
 44
1.0
  0
INSERT
  5
E9F
330
AFC
100
AcDbEntity
  8
PUB_DIM
 62
     0
440
 16777216
370
    18
100
AcDbBlockReference
  2
_ArchTick
 10
-6898.007077088109
 20
-27013.59764129111
 30
0.0
 41
150.0
 42
150.0
 43
150.0
 50
270.0
  0
INSERT
  5
EA0
330
AFC
100
AcDbEntity
  8
PUB_DIM
 62
     0
440
 16777216
370
    18
100
AcDbBlockReference
  2
_ArchTick
 10
-6898.007077088109
 20
-26713.59764129111
 30
0.0
 41
150.0
 42
150.0
 43
150.0
 50
90.0
  0
POINT
  5
EA1
330
AFC
100
AcDbEntity
  8
Defpoints
 62
     0
440
 16777216
100
AcDbPoint
 10
-7626.295385059439
 20
-27013.59764129111
 30
0.0
  0
POINT
  5
EA2
330
AFC
100
AcDbEntity
  8
Defpoints
 62
     0
440
 16777216
100
AcDbPoint
 10
-7626.295385059439
 20
-26713.59764129111
 30
0.0
  0
POINT
  5
EA3
330
AFC
100
AcDbEntity
  8
Defpoints
 62
     0
440
 16777216
100
AcDbPoint
 10
-6898.007077088109
 20
-26713.59764129111
 30
0.0
  0
ENDBLK
  5
AFE
330
AFC
100
AcDbEntity
  8
0
100
AcDbBlockEnd
  0
BLOCK
  5
B09
330
B08
100
AcDbEntity
  8
0
100
AcDbBlockBegin
  2
*D87
 70
     1
 10
0.0
 20
0.0
 30
0.0
  3
*D87
  1

  0
LINE
  5
EA4
330
B08
100
AcDbEntity
  8
PUB_DIM
 62
     0
440
 16777216
370
    18
100
AcDbLine
 10
-6899.007077088109
 20
-26713.59764129111
 30
0.0
 11
-6798.00707708811
 21
-26713.59764129111
 31
0.0
  0
LINE
  5
EA5
330
B08
100
AcDbEntity
  8
PUB_DIM
 62
     0
440
 16777216
370
    18
100
AcDbLine
 10
-6899.007077088111
 20
-24313.59764129111
 30
0.0
 11
-6798.00707708811
 21
-24313.59764129111
 31
0.0
  0
LINE
  5
EA6
330
B08
100
AcDbEntity
  8
PUB_DIM
 62
     0
440
 16777216
370
    18
100
AcDbLine
 10
-6898.007077088109
 20
-26713.59764129111
 30
0.0
 11
-6898.007077088109
 21
-24313.59764129111
 31
0.0
  0
INSERT
  5
EA7
330
B08
100
AcDbEntity
  8
PUB_DIM
 62
     0
440
 16777216
370
    18
100
AcDbBlockReference
  2
_ArchTick
 10
-6898.007077088109
 20
-26713.59764129111
 30
0.0
 41
150.0
 42
150.0
 43
150.0
 50
270.0
  0
INSERT
  5
EA8
330
B08
100
AcDbEntity
  8
PUB_DIM
 62
     0
440
 16777216
370
    18
100
AcDbBlockReference
  2
_ArchTick
 10
-6898.007077088109
 20
-24313.59764129111
 30
0.0
 41
150.0
 42
150.0
 43
150.0
 50
90.0
  0
MTEXT
  5
EA9
330
B08
100
AcDbEntity
  8
PUB_DIM
 62
     7
440
 16777216
100
AcDbMText
 10
-7173.007077088115
 20
-25513.5976412911
 30
0.0
 40
350.0
 41
0.0
 46
0.0
 71
     5
 72
     1
  1
\A1;2400
  7
TSSD_REIN_T3
 11
0.0000000000000001
 21
1.0
 31
0.0
 73
     1
 44
1.0
  0
POINT
  5
EAA
330
B08
100
AcDbEntity
  8
Defpoints
 62
     0
440
 16777216
100
AcDbPoint
 10
-7626.295385059439
 20
-26713.59764129111
 30
0.0
  0
POINT
  5
EAB
330
B08
100
AcDbEntity
  8
Defpoints
 62
     0
440
 16777216
100
AcDbPoint
 10
-7626.295385059439
 20
-24313.59764129111
 30
0.0
  0
POINT
  5
EAC
330
B08
100
AcDbEntity
  8
Defpoints
 62
     0
440
 16777216
100
AcDbPoint
 10
-6898.007077088109
 20
-24313.59764129111
 30
0.0
  0
ENDBLK
  5
B0A
330
B08
100
AcDbEntity
  8
0
100
AcDbBlockEnd
  0
BLOCK
  5
B15
330
B14
100
AcDbEntity
  8
0
100
AcDbBlockBegin
  2
*D88
 70
     1
 10
0.0
 20
0.0
 30
0.0
  3
*D88
  1

  0
LINE
  5
EAD
330
B14
100
AcDbEntity
  8
PUB_DIM
 62
     0
440
 16777216
370
    18
100
AcDbLine
 10
-6899.007077088111
 20
-24313.59764129111
 30
0.0
 11
-6798.00707708811
 21
-24313.59764129111
 31
0.0
  0
LINE
  5
EAE
330
B14
100
AcDbEntity
  8
PUB_DIM
 62
     0
440
 16777216
370
    18
100
AcDbLine
 10
-6899.007077088111
 20
-23683.63188440167
 30
0.0
 11
-6798.00707708811
 21
-23683.63188440167
 31
0.0
  0
LINE
  5
EAF
330
B14
100
AcDbEntity
  8
PUB_DIM
 62
     0
440
 16777216
370
    18
100
AcDbLine
 10
-6898.007077088109
 20
-24313.59764129111
 30
0.0
 11
-6898.007077088109
 21
-24463.5976412911
 31
0.0
  0
LINE
  5
EB0
330
B14
100
AcDbEntity
  8
PUB_DIM
 62
     0
440
 16777216
370
    18
100
AcDbLine
 10
-6898.007077088109
 20
-23683.63188440167
 30
0.0
 11
-6898.007077088109
 21
-23533.63188440167
 31
0.0
  0
LINE
  5
EB1
330
B14
100
AcDbEntity
  8
PUB_DIM
 62
     0
440
 16777216
370
    18
100
AcDbLine
 10
-6898.007077088109
 20
-24313.59764129111
 30
0.0
 11
-6898.007077088109
 21
-23683.63188440167
 31
0.0
  0
INSERT
  5
EB2
330
B14
100
AcDbEntity
  8
PUB_DIM
 62
     0
440
 16777216
370
    18
100
AcDbBlockReference
  2
_ArchTick
 10
-6898.007077088109
 20
-24313.59764129111
 30
0.0
 41
150.0
 42
150.0
 43
150.0
 50
90.0
  0
INSERT
  5
EB3
330
B14
100
AcDbEntity
  8
PUB_DIM
 62
     0
440
 16777216
370
    18
100
AcDbBlockReference
  2
_ArchTick
 10
-6898.007077088109
 20
-23683.63188440167
 30
0.0
 41
150.0
 42
150.0
 43
150.0
 50
270.0
  0
MTEXT
  5
EB4
330
B14
100
AcDbEntity
  8
PUB_DIM
 62
     7
440
 16777216
100
AcDbMText
 10
-7173.007077088115
 20
-23998.61476284638
 30
0.0
 40
350.0
 41
0.0
 46
0.0
 71
     5
 72
     1
  1
\A1;630
  7
TSSD_REIN_T3
 11
0.0000000000000001
 21
1.0
 31
0.0
 73
     1
 44
1.0
  0
POINT
  5
EB5
330
B14
100
AcDbEntity
  8
Defpoints
 62
     0
440
 16777216
100
AcDbPoint
 10
-7626.295385059439
 20
-24313.59764129111
 30
0.0
  0
POINT
  5
EB6
330
B14
100
AcDbEntity
  8
Defpoints
 62
     0
440
 16777216
100
AcDbPoint
 10
-7626.295385059439
 20
-23683.63188440167
 30
0.0
  0
POINT
  5
EB7
330
B14
100
AcDbEntity
  8
Defpoints
 62
     0
440
 16777216
100
AcDbPoint
 10
-6898.007077088109
 20
-23683.63188440167
 30
0.0
  0
ENDBLK
  5
B16
330
B14
100
AcDbEntity
  8
0
100
AcDbBlockEnd
  0
BLOCK
  5
B23
330
B22
100
AcDbEntity
  8
0
100
AcDbBlockBegin
  2
*D89
 70
     1
 10
0.0
 20
0.0
 30
0.0
  3
*D89
  1

  0
LINE
  5
EB8
330
B22
100
AcDbEntity
  8
PUB_DIM
 62
     0
440
 16777216
370
    18
100
AcDbLine
 10
-6899.007077088111
 20
-23683.63188440167
 30
0.0
 11
-6798.00707708811
 21
-23683.63188440167
 31
0.0
  0
LINE
  5
EB9
330
B22
100
AcDbEntity
  8
PUB_DIM
 62
     0
440
 16777216
370
    18
100
AcDbLine
 10
-6899.007077088111
 20
-23013.5976412911
 30
0.0
 11
-6798.00707708811
 21
-23013.5976412911
 31
0.0
  0
LINE
  5
EBA
330
B22
100
AcDbEntity
  8
PUB_DIM
 62
     0
440
 16777216
370
    18
100
AcDbLine
 10
-6898.007077088109
 20
-23683.63188440167
 30
0.0
 11
-6898.007077088109
 21
-23833.63188440167
 31
0.0
  0
LINE
  5
EBB
330
B22
100
AcDbEntity
  8
PUB_DIM
 62
     0
440
 16777216
370
    18
100
AcDbLine
 10
-6898.007077088109
 20
-23013.5976412911
 30
0.0
 11
-6898.007077088109
 21
-22863.59764129111
 31
0.0
  0
LINE
  5
EBC
330
B22
100
AcDbEntity
  8
PUB_DIM
 62
     0
440
 16777216
370
    18
100
AcDbLine
 10
-6898.007077088109
 20
-23683.63188440167
 30
0.0
 11
-6898.007077088109
 21
-23013.5976412911
 31
0.0
  0
INSERT
  5
EBD
330
B22
100
AcDbEntity
  8
PUB_DIM
 62
     0
440
 16777216
370
    18
100
AcDbBlockReference
  2
_ArchTick
 10
-6898.007077088109
 20
-23683.63188440167
 30
0.0
 41
150.0
 42
150.0
 43
150.0
 50
90.0
  0
INSERT
  5
EBE
330
B22
100
AcDbEntity
  8
PUB_DIM
 62
     0
440
 16777216
370
    18
100
AcDbBlockReference
  2
_ArchTick
 10
-6898.007077088109
 20
-23013.5976412911
 30
0.0
 41
150.0
 42
150.0
 43
150.0
 50
270.0
  0
MTEXT
  5
EBF
330
B22
100
AcDbEntity
  8
PUB_DIM
 62
     7
440
 16777216
100
AcDbMText
 10
-7173.007077088115
 20
-23348.61476284638
 30
0.0
 40
350.0
 41
0.0
 46
0.0
 71
     5
 72
     1
  1
\A1;670
  7
TSSD_REIN_T3
 11
0.0000000000000001
 21
1.0
 31
0.0
 73
     1
 44
1.0
  0
POINT
  5
EC0
330
B22
100
AcDbEntity
  8
Defpoints
 62
     0
440
 16777216
100
AcDbPoint
 10
-7626.295385059439
 20
-23683.63188440167
 30
0.0
  0
POINT
  5
EC1
330
B22
100
AcDbEntity
  8
Defpoints
 62
     0
440
 16777216
100
AcDbPoint
 10
-7626.295385059439
 20
-23013.5976412911
 30
0.0
  0
POINT
  5
EC2
330
B22
100
AcDbEntity
  8
Defpoints
 62
     0
440
 16777216
100
AcDbPoint
 10
-6898.007077088109
 20
-23013.5976412911
 30
0.0
  0
ENDBLK
  5
B24
330
B22
100
AcDbEntity
  8
0
100
AcDbBlockEnd
  0
BLOCK
  5
B31
330
B30
100
AcDbEntity
  8
0
100
AcDbBlockBegin
  2
*D90
 70
     1
 10
0.0
 20
0.0
 30
0.0
  3
*D90
  1

  0
LINE
  5
EC3
330
B30
100
AcDbEntity
  8
PUB_DIM
 62
     0
440
 16777216
370
    18
100
AcDbLine
 10
-6899.007077088111
 20
-23013.5976412911
 30
0.0
 11
-6798.00707708811
 21
-23013.5976412911
 31
0.0
  0
LINE
  5
EC4
330
B30
100
AcDbEntity
  8
PUB_DIM
 62
     0
440
 16777216
370
    18
100
AcDbLine
 10
-6899.007077088111
 20
-22713.59764129111
 30
0.0
 11
-6798.00707708811
 21
-22713.59764129111
 31
0.0
  0
LINE
  5
EC5
330
B30
100
AcDbEntity
  8
PUB_DIM
 62
     0
440
 16777216
370
    18
100
AcDbLine
 10
-6898.007077088109
 20
-23013.5976412911
 30
0.0
 11
-6898.007077088109
 21
-22713.59764129111
 31
0.0
  0
MTEXT
  5
EC6
330
B30
100
AcDbEntity
  8
PUB_DIM
 62
     7
440
 16777216
100
AcDbMText
 10
-6273.007077089046
 20
-22863.5976412911
 30
0.0
 40
350.0
 41
0.0
 46
0.0
 71
     5
 72
     1
  1
\A1;300
  7
TSSD_REIN_T3
 11
0.0000000000000001
 21
1.0
 31
0.0
 73
     1
 44
1.0
  0
INSERT
  5
EC7
330
B30
100
AcDbEntity
  8
PUB_DIM
 62
     0
440
 16777216
370
    18
100
AcDbBlockReference
  2
_ArchTick
 10
-6898.007077088109
 20
-23013.5976412911
 30
0.0
 41
150.0
 42
150.0
 43
150.0
 50
270.0
  0
INSERT
  5
EC8
330
B30
100
AcDbEntity
  8
PUB_DIM
 62
     0
440
 16777216
370
    18
100
AcDbBlockReference
  2
_ArchTick
 10
-6898.007077088109
 20
-22713.59764129111
 30
0.0
 41
150.0
 42
150.0
 43
150.0
 50
90.0
  0
POINT
  5
EC9
330
B30
100
AcDbEntity
  8
Defpoints
 62
     0
440
 16777216
100
AcDbPoint
 10
-7626.295385059439
 20
-23013.5976412911
 30
0.0
  0
POINT
  5
ECA
330
B30
100
AcDbEntity
  8
Defpoints
 62
     0
440
 16777216
100
AcDbPoint
 10
-7626.295385059439
 20
-22713.59764129111
 30
0.0
  0
POINT
  5
ECB
330
B30
100
AcDbEntity
  8
Defpoints
 62
     0
440
 16777216
100
AcDbPoint
 10
-6898.007077088109
 20
-22713.59764129111
 30
0.0
  0
ENDBLK
  5
B32
330
B30
100
AcDbEntity
  8
0
100
AcDbBlockEnd
  0
BLOCK
  5
B3D
330
B3C
100
AcDbEntity
  8
0
100
AcDbBlockBegin
  2
*D91
 70
     1
 10
0.0
 20
0.0
 30
0.0
  3
*D91
  1

  0
LINE
  5
ECC
330
B3C
100
AcDbEntity
  8
PUB_DIM
 62
     0
440
 16777216
370
    18
100
AcDbLine
 10
-6899.007077088109
 20
-22713.59764129111
 30
0.0
 11
-6798.00707708811
 21
-22713.59764129111
 31
0.0
  0
LINE
  5
ECD
330
B3C
100
AcDbEntity
  8
PUB_DIM
 62
     0
440
 16777216
370
    18
100
AcDbLine
 10
-6899.007077088111
 20
-22313.59764128971
 30
0.0
 11
-6798.00707708811
 21
-22313.59764128971
 31
0.0
  0
LINE
  5
ECE
330
B3C
100
AcDbEntity
  8
PUB_DIM
 62
     0
440
 16777216
370
    18
100
AcDbLine
 10
-6898.007077088109
 20
-22713.59764129111
 30
0.0
 11
-6898.007077088109
 21
-22313.59764128971
 31
0.0
  0
MTEXT
  5
ECF
330
B3C
100
AcDbEntity
  8
PUB_DIM
 62
     7
440
 16777216
100
AcDbMText
 10
-6623.007077089045
 20
-21943.5976412897
 30
0.0
 40
350.0
 41
0.0
 46
0.0
 71
     5
 72
     1
  1
\A1;400
  7
TSSD_REIN_T3
 11
0.0000000000000001
 21
1.0
 31
0.0
 73
     1
 44
1.0
  0
INSERT
  5
ED0
330
B3C
100
AcDbEntity
  8
PUB_DIM
 62
     0
440
 16777216
370
    18
100
AcDbBlockReference
  2
_ArchTick
 10
-6898.007077088109
 20
-22713.59764129111
 30
0.0
 41
150.0
 42
150.0
 43
150.0
 50
270.0
  0
INSERT
  5
ED1
330
B3C
100
AcDbEntity
  8
PUB_DIM
 62
     0
440
 16777216
370
    18
100
AcDbBlockReference
  2
_ArchTick
 10
-6898.007077088109
 20
-22313.59764128971
 30
0.0
 41
150.0
 42
150.0
 43
150.0
 50
90.0
  0
POINT
  5
ED2
330
B3C
100
AcDbEntity
  8
Defpoints
 62
     0
440
 16777216
100
AcDbPoint
 10
-7626.295385059439
 20
-22713.59764129111
 30
0.0
  0
POINT
  5
ED3
330
B3C
100
AcDbEntity
  8
Defpoints
 62
     0
440
 16777216
100
AcDbPoint
 10
-7626.295385059439
 20
-22313.59764128971
 30
0.0
  0
POINT
  5
ED4
330
B3C
100
AcDbEntity
  8
Defpoints
 62
     0
440
 16777216
100
AcDbPoint
 10
-6898.007077088109
 20
-22313.59764128971
 30
0.0
  0
ENDBLK
  5
B3E
330
B3C
100
AcDbEntity
  8
0
100
AcDbBlockEnd
  0
BLOCK
  5
B49
330
B48
100
AcDbEntity
  8
0
100
AcDbBlockBegin
  2
*D92
 70
     1
 10
0.0
 20
0.0
 30
0.0
  3
*D92
  1

  0
LINE
  5
ED5
330
B48
100
AcDbEntity
  8
PUB_DIM
 62
     0
440
 16777216
370
    18
100
AcDbLine
 10
-17605.25527538779
 20
-27013.59764129111
 30
0.0
 11
-17706.25527538778
 21
-27013.59764129111
 31
0.0
  0
LINE
  5
ED6
330
B48
100
AcDbEntity
  8
PUB_DIM
 62
     0
440
 16777216
370
    18
100
AcDbLine
 10
-17605.25527538779
 20
-26713.59764129111
 30
0.0
 11
-17706.25527538778
 21
-26713.59764129111
 31
0.0
  0
LINE
  5
ED7
330
B48
100
AcDbEntity
  8
PUB_DIM
 62
     0
440
 16777216
370
    18
100
AcDbLine
 10
-17606.25527538778
 20
-27013.59764129111
 30
0.0
 11
-17606.25527538778
 21
-26713.59764129111
 31
0.0
  0
MTEXT
  5
ED8
330
B48
100
AcDbEntity
  8
PUB_DIM
 62
     7
440
 16777216
100
AcDbMText
 10
-16981.25527538871
 20
-26863.5976412911
 30
0.0
 40
350.0
 41
0.0
 46
0.0
 71
     5
 72
     1
  1
\A1;300
  7
TSSD_REIN_T3
 11
0.0000000000000001
 21
1.0
 31
0.0
 73
     1
 44
1.0
  0
INSERT
  5
ED9
330
B48
100
AcDbEntity
  8
PUB_DIM
 62
     0
440
 16777216
370
    18
100
AcDbBlockReference
  2
_ArchTick
 10
-17606.25527538778
 20
-27013.59764129111
 30
0.0
 41
150.0
 42
150.0
 43
150.0
 50
270.0
  0
INSERT
  5
EDA
330
B48
100
AcDbEntity
  8
PUB_DIM
 62
     0
440
 16777216
370
    18
100
AcDbBlockReference
  2
_ArchTick
 10
-17606.25527538778
 20
-26713.59764129111
 30
0.0
 41
150.0
 42
150.0
 43
150.0
 50
90.0
  0
POINT
  5
EDB
330
B48
100
AcDbEntity
  8
Defpoints
 62
     0
440
 16777216
100
AcDbPoint
 10
-16794.63284793823
 20
-27013.59764129111
 30
0.0
  0
POINT
  5
EDC
330
B48
100
AcDbEntity
  8
Defpoints
 62
     0
440
 16777216
100
AcDbPoint
 10
-16794.63284793823
 20
-26713.59764129111
 30
0.0
  0
POINT
  5
EDD
330
B48
100
AcDbEntity
  8
Defpoints
 62
     0
440
 16777216
100
AcDbPoint
 10
-17606.25527538778
 20
-26713.59764129111
 30
0.0
  0
ENDBLK
  5
B4A
330
B48
100
AcDbEntity
  8
0
100
AcDbBlockEnd
  0
BLOCK
  5
B55
330
B54
100
AcDbEntity
  8
0
100
AcDbBlockBegin
  2
*D93
 70
     1
 10
0.0
 20
0.0
 30
0.0
  3
*D93
  1

  0
LINE
  5
EDE
330
B54
100
AcDbEntity
  8
PUB_DIM
 62
     0
440
 16777216
370
    18
100
AcDbLine
 10
-17605.25527538778
 20
-26713.59764129111
 30
0.0
 11
-17706.25527538778
 21
-26713.59764129111
 31
0.0
  0
LINE
  5
EDF
330
B54
100
AcDbEntity
  8
PUB_DIM
 62
     0
440
 16777216
370
    18
100
AcDbLine
 10
-17605.25527538779
 20
-24313.59764129111
 30
0.0
 11
-17706.25527538778
 21
-24313.59764129111
 31
0.0
  0
LINE
  5
EE0
330
B54
100
AcDbEntity
  8
PUB_DIM
 62
     0
440
 16777216
370
    18
100
AcDbLine
 10
-17606.25527538778
 20
-26713.59764129111
 30
0.0
 11
-17606.25527538778
 21
-24313.59764129111
 31
0.0
  0
INSERT
  5
EE1
330
B54
100
AcDbEntity
  8
PUB_DIM
 62
     0
440
 16777216
370
    18
100
AcDbBlockReference
  2
_ArchTick
 10
-17606.25527538778
 20
-26713.59764129111
 30
0.0
 41
150.0
 42
150.0
 43
150.0
 50
270.0
  0
INSERT
  5
EE2
330
B54
100
AcDbEntity
  8
PUB_DIM
 62
     0
440
 16777216
370
    18
100
AcDbBlockReference
  2
_ArchTick
 10
-17606.25527538778
 20
-24313.59764129111
 30
0.0
 41
150.0
 42
150.0
 43
150.0
 50
90.0
  0
MTEXT
  5
EE3
330
B54
100
AcDbEntity
  8
PUB_DIM
 62
     7
440
 16777216
100
AcDbMText
 10
-17881.25527538778
 20
-25513.5976412911
 30
0.0
 40
350.0
 41
0.0
 46
0.0
 71
     5
 72
     1
  1
\A1;2400
  7
TSSD_REIN_T3
 11
0.0000000000000001
 21
1.0
 31
0.0
 73
     1
 44
1.0
  0
POINT
  5
EE4
330
B54
100
AcDbEntity
  8
Defpoints
 62
     0
440
 16777216
100
AcDbPoint
 10
-16794.63284793823
 20
-26713.59764129111
 30
0.0
  0
POINT
  5
EE5
330
B54
100
AcDbEntity
  8
Defpoints
 62
     0
440
 16777216
100
AcDbPoint
 10
-16794.63284793823
 20
-24313.59764129111
 30
0.0
  0
POINT
  5
EE6
330
B54
100
AcDbEntity
  8
Defpoints
 62
     0
440
 16777216
100
AcDbPoint
 10
-17606.25527538778
 20
-24313.59764129111
 30
0.0
  0
ENDBLK
  5
B56
330
B54
100
AcDbEntity
  8
0
100
AcDbBlockEnd
  0
BLOCK
  5
B61
330
B60
100
AcDbEntity
  8
0
100
AcDbBlockBegin
  2
*D94
 70
     1
 10
0.0
 20
0.0
 30
0.0
  3
*D94
  1

  0
LINE
  5
EE7
330
B60
100
AcDbEntity
  8
PUB_DIM
 62
     0
440
 16777216
370
    18
100
AcDbLine
 10
-17605.25527538779
 20
-24313.59764129111
 30
0.0
 11
-17706.25527538778
 21
-24313.59764129111
 31
0.0
  0
LINE
  5
EE8
330
B60
100
AcDbEntity
  8
PUB_DIM
 62
     0
440
 16777216
370
    18
100
AcDbLine
 10
-17605.25527538779
 20
-23683.5976412911
 30
0.0
 11
-17706.25527538778
 21
-23683.5976412911
 31
0.0
  0
LINE
  5
EE9
330
B60
100
AcDbEntity
  8
PUB_DIM
 62
     0
440
 16777216
370
    18
100
AcDbLine
 10
-17606.25527538778
 20
-24313.59764129111
 30
0.0
 11
-17606.25527538778
 21
-24463.5976412911
 31
0.0
  0
LINE
  5
EEA
330
B60
100
AcDbEntity
  8
PUB_DIM
 62
     0
440
 16777216
370
    18
100
AcDbLine
 10
-17606.25527538778
 20
-23683.5976412911
 30
0.0
 11
-17606.25527538778
 21
-23533.5976412911
 31
0.0
  0
LINE
  5
EEB
330
B60
100
AcDbEntity
  8
PUB_DIM
 62
     0
440
 16777216
370
    18
100
AcDbLine
 10
-17606.25527538778
 20
-24313.59764129111
 30
0.0
 11
-17606.25527538778
 21
-23683.5976412911
 31
0.0
  0
INSERT
  5
EEC
330
B60
100
AcDbEntity
  8
PUB_DIM
 62
     0
440
 16777216
370
    18
100
AcDbBlockReference
  2
_ArchTick
 10
-17606.25527538778
 20
-24313.59764129111
 30
0.0
 41
150.0
 42
150.0
 43
150.0
 50
90.0
  0
INSERT
  5
EED
330
B60
100
AcDbEntity
  8
PUB_DIM
 62
     0
440
 16777216
370
    18
100
AcDbBlockReference
  2
_ArchTick
 10
-17606.25527538778
 20
-23683.5976412911
 30
0.0
 41
150.0
 42
150.0
 43
150.0
 50
270.0
  0
MTEXT
  5
EEE
330
B60
100
AcDbEntity
  8
PUB_DIM
 62
     7
440
 16777216
100
AcDbMText
 10
-17881.25527538778
 20
-23998.5976412911
 30
0.0
 40
350.0
 41
0.0
 46
0.0
 71
     5
 72
     1
  1
\A1;630
  7
TSSD_REIN_T3
 11
0.0000000000000001
 21
1.0
 31
0.0
 73
     1
 44
1.0
  0
POINT
  5
EEF
330
B60
100
AcDbEntity
  8
Defpoints
 62
     0
440
 16777216
100
AcDbPoint
 10
-16794.63284793823
 20
-24313.59764129111
 30
0.0
  0
POINT
  5
EF0
330
B60
100
AcDbEntity
  8
Defpoints
 62
     0
440
 16777216
100
AcDbPoint
 10
-16794.63284793823
 20
-23683.5976412911
 30
0.0
  0
POINT
  5
EF1
330
B60
100
AcDbEntity
  8
Defpoints
 62
     0
440
 16777216
100
AcDbPoint
 10
-17606.25527538778
 20
-23683.5976412911
 30
0.0
  0
ENDBLK
  5
B62
330
B60
100
AcDbEntity
  8
0
100
AcDbBlockEnd
  0
BLOCK
  5
B6F
330
B6E
100
AcDbEntity
  8
0
100
AcDbBlockBegin
  2
*D95
 70
     1
 10
0.0
 20
0.0
 30
0.0
  3
*D95
  1

  0
LINE
  5
EF2
330
B6E
100
AcDbEntity
  8
PUB_DIM
 62
     0
440
 16777216
370
    18
100
AcDbLine
 10
-17605.25527538779
 20
-23683.5976412911
 30
0.0
 11
-17706.25527538778
 21
-23683.5976412911
 31
0.0
  0
LINE
  5
EF3
330
B6E
100
AcDbEntity
  8
PUB_DIM
 62
     0
440
 16777216
370
    18
100
AcDbLine
 10
-17605.25527538779
 20
-23013.5976412911
 30
0.0
 11
-17706.25527538778
 21
-23013.5976412911
 31
0.0
  0
LINE
  5
EF4
330
B6E
100
AcDbEntity
  8
PUB_DIM
 62
     0
440
 16777216
370
    18
100
AcDbLine
 10
-17606.25527538778
 20
-23683.5976412911
 30
0.0
 11
-17606.25527538778
 21
-23833.59764129111
 31
0.0
  0
LINE
  5
EF5
330
B6E
100
AcDbEntity
  8
PUB_DIM
 62
     0
440
 16777216
370
    18
100
AcDbLine
 10
-17606.25527538778
 20
-23013.5976412911
 30
0.0
 11
-17606.25527538778
 21
-22863.59764129111
 31
0.0
  0
LINE
  5
EF6
330
B6E
100
AcDbEntity
  8
PUB_DIM
 62
     0
440
 16777216
370
    18
100
AcDbLine
 10
-17606.25527538778
 20
-23683.5976412911
 30
0.0
 11
-17606.25527538778
 21
-23013.5976412911
 31
0.0
  0
INSERT
  5
EF7
330
B6E
100
AcDbEntity
  8
PUB_DIM
 62
     0
440
 16777216
370
    18
100
AcDbBlockReference
  2
_ArchTick
 10
-17606.25527538778
 20
-23683.5976412911
 30
0.0
 41
150.0
 42
150.0
 43
150.0
 50
90.0
  0
INSERT
  5
EF8
330
B6E
100
AcDbEntity
  8
PUB_DIM
 62
     0
440
 16777216
370
    18
100
AcDbBlockReference
  2
_ArchTick
 10
-17606.25527538778
 20
-23013.5976412911
 30
0.0
 41
150.0
 42
150.0
 43
150.0
 50
270.0
  0
MTEXT
  5
EF9
330
B6E
100
AcDbEntity
  8
PUB_DIM
 62
     7
440
 16777216
100
AcDbMText
 10
-17881.25527538778
 20
-23348.5976412911
 30
0.0
 40
350.0
 41
0.0
 46
0.0
 71
     5
 72
     1
  1
\A1;670
  7
TSSD_REIN_T3
 11
0.0000000000000001
 21
1.0
 31
0.0
 73
     1
 44
1.0
  0
POINT
  5
EFA
330
B6E
100
AcDbEntity
  8
Defpoints
 62
     0
440
 16777216
100
AcDbPoint
 10
-16794.63284793823
 20
-23683.5976412911
 30
0.0
  0
POINT
  5
EFB
330
B6E
100
AcDbEntity
  8
Defpoints
 62
     0
440
 16777216
100
AcDbPoint
 10
-16794.63284793823
 20
-23013.5976412911
 30
0.0
  0
POINT
  5
EFC
330
B6E
100
AcDbEntity
  8
Defpoints
 62
     0
440
 16777216
100
AcDbPoint
 10
-17606.25527538778
 20
-23013.5976412911
 30
0.0
  0
ENDBLK
  5
B70
330
B6E
100
AcDbEntity
  8
0
100
AcDbBlockEnd
  0
BLOCK
  5
B7D
330
B7C
100
AcDbEntity
  8
0
100
AcDbBlockBegin
  2
*D96
 70
     1
 10
0.0
 20
0.0
 30
0.0
  3
*D96
  1

  0
LINE
  5
EFD
330
B7C
100
AcDbEntity
  8
PUB_DIM
 62
     0
440
 16777216
370
    18
100
AcDbLine
 10
-17605.25527538779
 20
-23013.5976412911
 30
0.0
 11
-17706.25527538778
 21
-23013.5976412911
 31
0.0
  0
LINE
  5
EFE
330
B7C
100
AcDbEntity
  8
PUB_DIM
 62
     0
440
 16777216
370
    18
100
AcDbLine
 10
-17605.25527538779
 20
-22713.59764129111
 30
0.0
 11
-17706.25527538778
 21
-22713.59764129111
 31
0.0
  0
LINE
  5
EFF
330
B7C
100
AcDbEntity
  8
PUB_DIM
 62
     0
440
 16777216
370
    18
100
AcDbLine
 10
-17606.25527538778
 20
-23013.5976412911
 30
0.0
 11
-17606.25527538778
 21
-22713.59764129111
 31
0.0
  0
MTEXT
  5
F00
330
B7C
100
AcDbEntity
  8
PUB_DIM
 62
     7
440
 16777216
100
AcDbMText
 10
-16981.25527538871
 20
-22863.5976412911
 30
0.0
 40
350.0
 41
0.0
 46
0.0
 71
     5
 72
     1
  1
\A1;300
  7
TSSD_REIN_T3
 11
0.0000000000000001
 21
1.0
 31
0.0
 73
     1
 44
1.0
  0
INSERT
  5
F01
330
B7C
100
AcDbEntity
  8
PUB_DIM
 62
     0
440
 16777216
370
    18
100
AcDbBlockReference
  2
_ArchTick
 10
-17606.25527538778
 20
-23013.5976412911
 30
0.0
 41
150.0
 42
150.0
 43
150.0
 50
270.0
  0
INSERT
  5
F02
330
B7C
100
AcDbEntity
  8
PUB_DIM
 62
     0
440
 16777216
370
    18
100
AcDbBlockReference
  2
_ArchTick
 10
-17606.25527538778
 20
-22713.59764129111
 30
0.0
 41
150.0
 42
150.0
 43
150.0
 50
90.0
  0
POINT
  5
F03
330
B7C
100
AcDbEntity
  8
Defpoints
 62
     0
440
 16777216
100
AcDbPoint
 10
-16794.63284793823
 20
-23013.5976412911
 30
0.0
  0
POINT
  5
F04
330
B7C
100
AcDbEntity
  8
Defpoints
 62
     0
440
 16777216
100
AcDbPoint
 10
-16794.63284793823
 20
-22713.59764129111
 30
0.0
  0
POINT
  5
F05
330
B7C
100
AcDbEntity
  8
Defpoints
 62
     0
440
 16777216
100
AcDbPoint
 10
-17606.25527538778
 20
-22713.59764129111
 30
0.0
  0
ENDBLK
  5
B7E
330
B7C
100
AcDbEntity
  8
0
100
AcDbBlockEnd
  0
BLOCK
  5
B89
330
B88
100
AcDbEntity
  8
0
100
AcDbBlockBegin
  2
*D97
 70
     1
 10
0.0
 20
0.0
 30
0.0
  3
*D97
  1

  0
LINE
  5
F06
330
B88
100
AcDbEntity
  8
PUB_DIM
 62
     0
440
 16777216
370
    18
100
AcDbLine
 10
-17605.25527538779
 20
-22713.59764129111
 30
0.0
 11
-17706.25527538778
 21
-22713.59764129111
 31
0.0
  0
LINE
  5
F07
330
B88
100
AcDbEntity
  8
PUB_DIM
 62
     0
440
 16777216
370
    18
100
AcDbLine
 10
-17605.25527538779
 20
-22313.59764128971
 30
0.0
 11
-17706.25527538778
 21
-22313.59764128971
 31
0.0
  0
LINE
  5
F08
330
B88
100
AcDbEntity
  8
PUB_DIM
 62
     0
440
 16777216
370
    18
100
AcDbLine
 10
-17606.25527538778
 20
-22713.59764129111
 30
0.0
 11
-17606.25527538778
 21
-22313.59764128971
 31
0.0
  0
MTEXT
  5
F09
330
B88
100
AcDbEntity
  8
PUB_DIM
 62
     7
440
 16777216
100
AcDbMText
 10
-17331.25527538871
 20
-21943.5976412897
 30
0.0
 40
350.0
 41
0.0
 46
0.0
 71
     5
 72
     1
  1
\A1;400
  7
TSSD_REIN_T3
 11
0.0000000000000001
 21
1.0
 31
0.0
 73
     1
 44
1.0
  0
INSERT
  5
F0A
330
B88
100
AcDbEntity
  8
PUB_DIM
 62
     0
440
 16777216
370
    18
100
AcDbBlockReference
  2
_ArchTick
 10
-17606.25527538778
 20
-22713.59764129111
 30
0.0
 41
150.0
 42
150.0
 43
150.0
 50
270.0
  0
INSERT
  5
F0B
330
B88
100
AcDbEntity
  8
PUB_DIM
 62
     0
440
 16777216
370
    18
100
AcDbBlockReference
  2
_ArchTick
 10
-17606.25527538778
 20
-22313.59764128971
 30
0.0
 41
150.0
 42
150.0
 43
150.0
 50
90.0
  0
POINT
  5
F0C
330
B88
100
AcDbEntity
  8
Defpoints
 62
     0
440
 16777216
100
AcDbPoint
 10
-16794.63284793823
 20
-22713.59764129111
 30
0.0
  0
POINT
  5
F0D
330
B88
100
AcDbEntity
  8
Defpoints
 62
     0
440
 16777216
100
AcDbPoint
 10
-16794.63284793823
 20
-22313.59764128971
 30
0.0
  0
POINT
  5
F0E
330
B88
100
AcDbEntity
  8
Defpoints
 62
     0
440
 16777216
100
AcDbPoint
 10
-17606.25527538778
 20
-22313.59764128971
 30
0.0
  0
ENDBLK
  5
B8A
330
B88
100
AcDbEntity
  8
0
100
AcDbBlockEnd
  0
BLOCK
  5
B95
330
B94
100
AcDbEntity
  8
0
100
AcDbBlockBegin
  2
*D98
 70
     1
 10
0.0
 20
0.0
 30
0.0
  3
*D98
  1

  0
LINE
  5
F0F
330
B94
100
AcDbEntity
  8
PUB_DIM
 62
     0
440
 16777216
370
    18
100
AcDbLine
 10
-6196.838426539205
 20
-27013.59764129111
 30
0.0
 11
-6095.838426539204
 21
-27013.59764129111
 31
0.0
  0
LINE
  5
F10
330
B94
100
AcDbEntity
  8
PUB_DIM
 62
     0
440
 16777216
370
    18
100
AcDbLine
 10
-6196.838426539205
 20
-26713.59764129111
 30
0.0
 11
-6095.838426539204
 21
-26713.59764129111
 31
0.0
  0
LINE
  5
F11
330
B94
100
AcDbEntity
  8
PUB_DIM
 62
     0
440
 16777216
370
    18
100
AcDbLine
 10
-6195.838426539205
 20
-27013.59764129111
 30
0.0
 11
-6195.838426539205
 21
-27163.59764129111
 31
0.0
  0
LINE
  5
F12
330
B94
100
AcDbEntity
  8
PUB_DIM
 62
     0
440
 16777216
370
    18
100
AcDbLine
 10
-6195.838426539205
 20
-26713.59764129111
 30
0.0
 11
-6195.838426539206
 21
-26563.59764129111
 31
0.0
  0
LINE
  5
F13
330
B94
100
AcDbEntity
  8
PUB_DIM
 62
     0
440
 16777216
370
    18
100
AcDbLine
 10
-6195.838426539205
 20
-27013.59764129111
 30
0.0
 11
-6195.838426539205
 21
-26713.59764129111
 31
0.0
  0
INSERT
  5
F14
330
B94
100
AcDbEntity
  8
PUB_DIM
 62
     0
440
 16777216
370
    18
100
AcDbBlockReference
  2
_ArchTick
 10
-6195.838426539205
 20
-27013.59764129111
 30
0.0
 41
150.0
 42
150.0
 43
150.0
 50
90.0
  0
INSERT
  5
F15
330
B94
100
AcDbEntity
  8
PUB_DIM
 62
     0
440
 16777216
370
    18
100
AcDbBlockReference
  2
_ArchTick
 10
-6195.838426539205
 20
-26713.59764129111
 30
0.0
 41
150.0
 42
150.0
 43
150.0
 50
270.0
  0
MTEXT
  5
F16
330
B94
100
AcDbEntity
  8
PUB_DIM
 62
     7
440
 16777216
100
AcDbMText
 10
-6470.838426539211
 20
-26863.59764129111
 30
0.0
 40
350.0
 41
0.0
 46
0.0
 71
     5
 72
     1
  1
\A1;300
  7
TSSD_REIN_T3
 11
0.0000000000000001
 21
1.0
 31
0.0
 73
     1
 44
1.0
  0
POINT
  5
F17
330
B94
100
AcDbEntity
  8
Defpoints
 62
     0
440
 16777216
100
AcDbPoint
 10
-7326.295385059438
 20
-27013.59764129111
 30
0.0
  0
POINT
  5
F18
330
B94
100
AcDbEntity
  8
Defpoints
 62
     0
440
 16777216
100
AcDbPoint
 10
-7326.295385059438
 20
-26713.59764129111
 30
0.0
  0
POINT
  5
F19
330
B94
100
AcDbEntity
  8
Defpoints
 62
     0
440
 16777216
100
AcDbPoint
 10
-6195.838426539205
 20
-26713.59764129111
 30
0.0
  0
ENDBLK
  5
B96
330
B94
100
AcDbEntity
  8
0
100
AcDbBlockEnd
  0
BLOCK
  5
BA3
330
BA2
100
AcDbEntity
  8
0
100
AcDbBlockBegin
  2
*D99
 70
     1
 10
0.0
 20
0.0
 30
0.0
  3
*D99
  1

  0
LINE
  5
F1A
330
BA2
100
AcDbEntity
  8
PUB_DIM
 62
     0
440
 16777216
370
    18
100
AcDbLine
 10
-6196.838426539205
 20
-26713.59764129111
 30
0.0
 11
-6095.838426539203
 21
-26713.59764129111
 31
0.0
  0
LINE
  5
F1B
330
BA2
100
AcDbEntity
  8
PUB_DIM
 62
     0
440
 16777216
370
    18
100
AcDbLine
 10
-6196.838426539205
 20
-22713.59764129111
 30
0.0
 11
-6095.838426539204
 21
-22713.59764129111
 31
0.0
  0
LINE
  5
F1C
330
BA2
100
AcDbEntity
  8
PUB_DIM
 62
     0
440
 16777216
370
    18
100
AcDbLine
 10
-6195.838426539204
 20
-26713.59764129111
 30
0.0
 11
-6195.838426539205
 21
-22713.59764129111
 31
0.0
  0
INSERT
  5
F1D
330
BA2
100
AcDbEntity
  8
PUB_DIM
 62
     0
440
 16777216
370
    18
100
AcDbBlockReference
  2
_ArchTick
 10
-6195.838426539204
 20
-26713.59764129111
 30
0.0
 41
150.0
 42
150.0
 43
150.0
 50
270.0
  0
INSERT
  5
F1E
330
BA2
100
AcDbEntity
  8
PUB_DIM
 62
     0
440
 16777216
370
    18
100
AcDbBlockReference
  2
_ArchTick
 10
-6195.838426539205
 20
-22713.59764129111
 30
0.0
 41
150.0
 42
150.0
 43
150.0
 50
90.0
  0
MTEXT
  5
F1F
330
BA2
100
AcDbEntity
  8
PUB_DIM
 62
     7
440
 16777216
100
AcDbMText
 10
-6470.838426539211
 20
-24713.59764129111
 30
0.0
 40
350.0
 41
0.0
 46
0.0
 71
     5
 72
     1
  1
\A1;4000
  7
TSSD_REIN_T3
 11
0.0000000000000001
 21
1.0
 31
0.0
 73
     1
 44
1.0
  0
POINT
  5
F20
330
BA2
100
AcDbEntity
  8
Defpoints
 62
     0
440
 16777216
100
AcDbPoint
 10
-7326.295385059438
 20
-26713.59764129111
 30
0.0
  0
POINT
  5
F21
330
BA2
100
AcDbEntity
  8
Defpoints
 62
     0
440
 16777216
100
AcDbPoint
 10
-7326.295385059438
 20
-22713.59764129111
 30
0.0
  0
POINT
  5
F22
330
BA2
100
AcDbEntity
  8
Defpoints
 62
     0
440
 16777216
100
AcDbPoint
 10
-6195.838426539205
 20
-22713.59764129111
 30
0.0
  0
ENDBLK
  5
BA4
330
BA2
100
AcDbEntity
  8
0
100
AcDbBlockEnd
  0
BLOCK
  5
BAF
330
BAE
100
AcDbEntity
  8
0
100
AcDbBlockBegin
  2
*D100
 70
     1
 10
0.0
 20
0.0
 30
0.0
  3
*D100
  1

  0
LINE
  5
F23
330
BAE
100
AcDbEntity
  8
PUB_DIM
 62
     0
440
 16777216
370
    18
100
AcDbLine
 10
-18228.62385548931
 20
-27013.59764129111
 30
0.0
 11
-18329.62385548931
 21
-27013.59764129111
 31
0.0
  0
LINE
  5
F24
330
BAE
100
AcDbEntity
  8
PUB_DIM
 62
     0
440
 16777216
370
    18
100
AcDbLine
 10
-18228.62385548931
 20
-26713.59764129111
 30
0.0
 11
-18329.62385548931
 21
-26713.59764129111
 31
0.0
  0
LINE
  5
F25
330
BAE
100
AcDbEntity
  8
PUB_DIM
 62
     0
440
 16777216
370
    18
100
AcDbLine
 10
-18229.62385548931
 20
-27013.59764129111
 30
0.0
 11
-18229.62385548931
 21
-27163.59764129111
 31
0.0
  0
LINE
  5
F26
330
BAE
100
AcDbEntity
  8
PUB_DIM
 62
     0
440
 16777216
370
    18
100
AcDbLine
 10
-18229.62385548931
 20
-26713.59764129111
 30
0.0
 11
-18229.62385548931
 21
-26563.59764129111
 31
0.0
  0
LINE
  5
F27
330
BAE
100
AcDbEntity
  8
PUB_DIM
 62
     0
440
 16777216
370
    18
100
AcDbLine
 10
-18229.62385548931
 20
-27013.59764129111
 30
0.0
 11
-18229.62385548931
 21
-26713.59764129111
 31
0.0
  0
INSERT
  5
F28
330
BAE
100
AcDbEntity
  8
PUB_DIM
 62
     0
440
 16777216
370
    18
100
AcDbBlockReference
  2
_ArchTick
 10
-18229.62385548931
 20
-27013.59764129111
 30
0.0
 41
150.0
 42
150.0
 43
150.0
 50
90.0
  0
INSERT
  5
F29
330
BAE
100
AcDbEntity
  8
PUB_DIM
 62
     0
440
 16777216
370
    18
100
AcDbBlockReference
  2
_ArchTick
 10
-18229.62385548931
 20
-26713.59764129111
 30
0.0
 41
150.0
 42
150.0
 43
150.0
 50
270.0
  0
MTEXT
  5
F2A
330
BAE
100
AcDbEntity
  8
PUB_DIM
 62
     7
440
 16777216
100
AcDbMText
 10
-18504.62385548931
 20
-26863.5976412911
 30
0.0
 40
350.0
 41
0.0
 46
0.0
 71
     5
 72
     1
  1
\A1;300
  7
TSSD_REIN_T3
 11
0.0000000000000001
 21
1.0
 31
0.0
 73
     1
 44
1.0
  0
POINT
  5
F2B
330
BAE
100
AcDbEntity
  8
Defpoints
 62
     0
440
 16777216
100
AcDbPoint
 10
-17094.63284793823
 20
-27013.59764129111
 30
0.0
  0
POINT
  5
F2C
330
BAE
100
AcDbEntity
  8
Defpoints
 62
     0
440
 16777216
100
AcDbPoint
 10
-17094.63284793823
 20
-26713.59764129111
 30
0.0
  0
POINT
  5
F2D
330
BAE
100
AcDbEntity
  8
Defpoints
 62
     0
440
 16777216
100
AcDbPoint
 10
-18229.62385548931
 20
-26713.59764129111
 30
0.0
  0
ENDBLK
  5
BB0
330
BAE
100
AcDbEntity
  8
0
100
AcDbBlockEnd
  0
BLOCK
  5
BBD
330
BBC
100
AcDbEntity
  8
0
100
AcDbBlockBegin
  2
*D101
 70
     1
 10
0.0
 20
0.0
 30
0.0
  3
*D101
  1

  0
LINE
  5
F2E
330
BBC
100
AcDbEntity
  8
PUB_DIM
 62
     0
440
 16777216
370
    18
100
AcDbLine
 10
-18228.62385548931
 20
-26713.59764129111
 30
0.0
 11
-18329.6238554893
 21
-26713.59764129111
 31
0.0
  0
LINE
  5
F2F
330
BBC
100
AcDbEntity
  8
PUB_DIM
 62
     0
440
 16777216
370
    18
100
AcDbLine
 10
-18228.62385548931
 20
-22713.59764129111
 30
0.0
 11
-18329.62385548931
 21
-22713.59764129111
 31
0.0
  0
LINE
  5
F30
330
BBC
100
AcDbEntity
  8
PUB_DIM
 62
     0
440
 16777216
370
    18
100
AcDbLine
 10
-18229.6238554893
 20
-26713.59764129111
 30
0.0
 11
-18229.62385548931
 21
-22713.59764129111
 31
0.0
  0
INSERT
  5
F31
330
BBC
100
AcDbEntity
  8
PUB_DIM
 62
     0
440
 16777216
370
    18
100
AcDbBlockReference
  2
_ArchTick
 10
-18229.6238554893
 20
-26713.59764129111
 30
0.0
 41
150.0
 42
150.0
 43
150.0
 50
270.0
  0
INSERT
  5
F32
330
BBC
100
AcDbEntity
  8
PUB_DIM
 62
     0
440
 16777216
370
    18
100
AcDbBlockReference
  2
_ArchTick
 10
-18229.62385548931
 20
-22713.59764129111
 30
0.0
 41
150.0
 42
150.0
 43
150.0
 50
90.0
  0
MTEXT
  5
F33
330
BBC
100
AcDbEntity
  8
PUB_DIM
 62
     7
440
 16777216
100
AcDbMText
 10
-18504.62385548931
 20
-24713.5976412911
 30
0.0
 40
350.0
 41
0.0
 46
0.0
 71
     5
 72
     1
  1
\A1;4000
  7
TSSD_REIN_T3
 11
0.0000000000000001
 21
1.0
 31
0.0
 73
     1
 44
1.0
  0
POINT
  5
F34
330
BBC
100
AcDbEntity
  8
Defpoints
 62
     0
440
 16777216
100
AcDbPoint
 10
-17094.63284793823
 20
-26713.59764129111
 30
0.0
  0
POINT
  5
F35
330
BBC
100
AcDbEntity
  8
Defpoints
 62
     0
440
 16777216
100
AcDbPoint
 10
-17094.63284793823
 20
-22713.59764129111
 30
0.0
  0
POINT
  5
F36
330
BBC
100
AcDbEntity
  8
Defpoints
 62
     0
440
 16777216
100
AcDbPoint
 10
-18229.62385548931
 20
-22713.59764129111
 30
0.0
  0
ENDBLK
  5
BBE
330
BBC
100
AcDbEntity
  8
0
100
AcDbBlockEnd
  0
BLOCK
  5
BC9
330
BC8
100
AcDbEntity
  8
0
100
AcDbBlockBegin
  2
*D102
 70
     1
 10
0.0
 20
0.0
 30
0.0
  3
*D102
  1

  0
LINE
  5
F37
330
BC8
100
AcDbEntity
  8
TWT_DIM
 62
     0
440
 16777216
370
    -2
100
AcDbLine
 10
-20700.13201684272
 20
-15940.84941250132
 30
0.0
 11
-20700.13201684272
 21
-16148.31805422948
 31
0.0
  0
LINE
  5
F38
330
BC8
100
AcDbEntity
  8
TWT_DIM
 62
     0
440
 16777216
370
    -2
100
AcDbLine
 10
-3000.132016842719
 20
-15940.84941250132
 30
0.0
 11
-3000.132016842719
 21
-16148.31805422948
 31
0.0
  0
LINE
  5
F39
330
BC8
100
AcDbEntity
  8
TWT_DIM
 62
     0
440
 16777216
370
    -2
100
AcDbLine
 10
-20700.13201684272
 20
-15898.31805422948
 30
0.0
 11
-3000.132016842719
 21
-15898.31805422948
 31
0.0
  0
INSERT
  5
F3A
330
BC8
100
AcDbEntity
  8
TWT_DIM
 62
     0
440
 16777216
370
    -2
100
AcDbBlockReference
  2
_ArchTick
 10
-20700.13201684272
 20
-15898.31805422948
 30
0.0
 41
100.0
 42
100.0
 43
100.0
 50
180.0
  0
INSERT
  5
F3B
330
BC8
100
AcDbEntity
  8
TWT_DIM
 62
     0
440
 16777216
370
    -2
100
AcDbBlockReference
  2
_ArchTick
 10
-3000.132016842719
 20
-15898.31805422948
 30
0.0
 41
100.0
 42
100.0
 43
100.0
  0
MTEXT
  5
F3C
330
BC8
100
AcDbEntity
  8
TWT_DIM
 62
     7
440
 16777216
100
AcDbMText
 10
-11850.13201684272
 20
-15623.31805422948
 30
0.0
 40
297.5
 41
0.0
 46
0.0
 71
     5
 72
     1
  1
\A1;17700
  7
_TCH_DIM_T3
 73
     1
 44
1.0
  0
POINT
  5
F3D
330
BC8
100
AcDbEntity
  8
Defpoints
 62
     0
440
 16777216
100
AcDbPoint
 10
-20700.13201684272
 20
-15640.84941250132
 30
0.0
  0
POINT
  5
F3E
330
BC8
100
AcDbEntity
  8
Defpoints
 62
     0
440
 16777216
100
AcDbPoint
 10
-3000.132016842719
 20
-15640.84941250132
 30
0.0
  0
POINT
  5
F3F
330
BC8
100
AcDbEntity
  8
Defpoints
 62
     0
440
 16777216
100
AcDbPoint
 10
-3000.132016842719
 20
-15898.31805422948
 30
0.0
  0
ENDBLK
  5
BCA
330
BC8
100
AcDbEntity
  8
0
100
AcDbBlockEnd
  0
BLOCK
  5
BD5
330
BD4
100
AcDbEntity
  8
0
100
AcDbBlockBegin
  2
*D103
 70
     1
 10
0.0
 20
0.0
 30
0.0
  3
*D103
  1

  0
LINE
  5
F40
330
BD4
100
AcDbEntity
  8
PUB_DIM
 62
     0
440
 16777216
370
    18
100
AcDbLine
 10
-1167.205662158776
 20
-14477.19516272331
 30
0.0
 11
-1066.205662158776
 21
-14477.19516272331
 31
0.0
  0
LINE
  5
F41
330
BD4
100
AcDbEntity
  8
PUB_DIM
 62
     0
440
 16777216
370
    18
100
AcDbLine
 10
-1167.205662158776
 20
-14177.19516272331
 30
0.0
 11
-1066.205662158776
 21
-14177.19516272331
 31
0.0
  0
LINE
  5
F42
330
BD4
100
AcDbEntity
  8
PUB_DIM
 62
     0
440
 16777216
370
    18
100
AcDbLine
 10
-1166.205662158777
 20
-14477.19516272331
 30
0.0
 11
-1166.205662158777
 21
-14177.19516272331
 31
0.0
  0
MTEXT
  5
F43
330
BD4
100
AcDbEntity
  8
PUB_DIM
 62
     7
440
 16777216
100
AcDbMText
 10
-891.2056621597148
 20
-14847.1951627233
 30
0.0
 40
350.0
 41
0.0
 46
0.0
 71
     5
 72
     1
  1
\A1;300
  7
TSSD_REIN_T3
 11
0.0000000000000001
 21
1.0
 31
0.0
 73
     1
 44
1.0
  0
INSERT
  5
F44
330
BD4
100
AcDbEntity
  8
PUB_DIM
 62
     0
440
 16777216
370
    18
100
AcDbBlockReference
  2
_ArchTick
 10
-1166.205662158777
 20
-14477.19516272331
 30
0.0
 41
150.0
 42
150.0
 43
150.0
 50
270.0
  0
INSERT
  5
F45
330
BD4
100
AcDbEntity
  8
PUB_DIM
 62
     0
440
 16777216
370
    18
100
AcDbBlockReference
  2
_ArchTick
 10
-1166.205662158777
 20
-14177.19516272331
 30
0.0
 41
150.0
 42
150.0
 43
150.0
 50
90.0
  0
POINT
  5
F46
330
BD4
100
AcDbEntity
  8
Defpoints
 62
     0
440
 16777216
100
AcDbPoint
 10
-1894.493970130105
 20
-14477.19516272331
 30
0.0
  0
POINT
  5
F47
330
BD4
100
AcDbEntity
  8
Defpoints
 62
     0
440
 16777216
100
AcDbPoint
 10
-1894.493970130105
 20
-14177.19516272331
 30
0.0
  0
POINT
  5
F48
330
BD4
100
AcDbEntity
  8
Defpoints
 62
     0
440
 16777216
100
AcDbPoint
 10
-1166.205662158777
 20
-14177.19516272331
 30
0.0
  0
ENDBLK
  5
BD6
330
BD4
100
AcDbEntity
  8
0
100
AcDbBlockEnd
  0
BLOCK
  5
BE1
330
BE0
100
AcDbEntity
  8
0
100
AcDbBlockBegin
  2
*D104
 70
     1
 10
0.0
 20
0.0
 30
0.0
  3
*D104
  1

  0
LINE
  5
F49
330
BE0
100
AcDbEntity
  8
PUB_DIM
 62
     0
440
 16777216
370
    18
100
AcDbLine
 10
-1167.205662158776
 20
-14177.19516272331
 30
0.0
 11
-1066.205662158776
 21
-14177.19516272331
 31
0.0
  0
LINE
  5
F4A
330
BE0
100
AcDbEntity
  8
PUB_DIM
 62
     0
440
 16777216
370
    18
100
AcDbLine
 10
-1167.205662158776
 20
-11777.19516272331
 30
0.0
 11
-1066.205662158776
 21
-11777.19516272331
 31
0.0
  0
LINE
  5
F4B
330
BE0
100
AcDbEntity
  8
PUB_DIM
 62
     0
440
 16777216
370
    18
100
AcDbLine
 10
-1166.205662158776
 20
-14177.19516272331
 30
0.0
 11
-1166.205662158777
 21
-11777.19516272331
 31
0.0
  0
INSERT
  5
F4C
330
BE0
100
AcDbEntity
  8
PUB_DIM
 62
     0
440
 16777216
370
    18
100
AcDbBlockReference
  2
_ArchTick
 10
-1166.205662158776
 20
-14177.19516272331
 30
0.0
 41
150.0
 42
150.0
 43
150.0
 50
270.0
  0
INSERT
  5
F4D
330
BE0
100
AcDbEntity
  8
PUB_DIM
 62
     0
440
 16777216
370
    18
100
AcDbBlockReference
  2
_ArchTick
 10
-1166.205662158777
 20
-11777.19516272331
 30
0.0
 41
150.0
 42
150.0
 43
150.0
 50
90.0
  0
MTEXT
  5
F4E
330
BE0
100
AcDbEntity
  8
PUB_DIM
 62
     7
440
 16777216
100
AcDbMText
 10
-1441.20566215878
 20
-12977.19516272331
 30
0.0
 40
350.0
 41
0.0
 46
0.0
 71
     5
 72
     1
  1
\A1;2400
  7
TSSD_REIN_T3
 11
0.0000000000000001
 21
1.0
 31
0.0
 73
     1
 44
1.0
  0
POINT
  5
F4F
330
BE0
100
AcDbEntity
  8
Defpoints
 62
     0
440
 16777216
100
AcDbPoint
 10
-1894.493970130105
 20
-14177.19516272331
 30
0.0
  0
POINT
  5
F50
330
BE0
100
AcDbEntity
  8
Defpoints
 62
     0
440
 16777216
100
AcDbPoint
 10
-1894.493970130105
 20
-11777.19516272331
 30
0.0
  0
POINT
  5
F51
330
BE0
100
AcDbEntity
  8
Defpoints
 62
     0
440
 16777216
100
AcDbPoint
 10
-1166.205662158777
 20
-11777.19516272331
 30
0.0
  0
ENDBLK
  5
BE2
330
BE0
100
AcDbEntity
  8
0
100
AcDbBlockEnd
  0
BLOCK
  5
BED
330
BEC
100
AcDbEntity
  8
0
100
AcDbBlockBegin
  2
*D105
 70
     1
 10
0.0
 20
0.0
 30
0.0
  3
*D105
  1

  0
LINE
  5
F52
330
BEC
100
AcDbEntity
  8
PUB_DIM
 62
     0
440
 16777216
370
    18
100
AcDbLine
 10
-1167.205662158776
 20
-11777.19516272331
 30
0.0
 11
-1066.205662158776
 21
-11777.19516272331
 31
0.0
  0
LINE
  5
F53
330
BEC
100
AcDbEntity
  8
PUB_DIM
 62
     0
440
 16777216
370
    18
100
AcDbLine
 10
-1167.205662158776
 20
-11147.19516272331
 30
0.0
 11
-1066.205662158776
 21
-11147.19516272331
 31
0.0
  0
LINE
  5
F54
330
BEC
100
AcDbEntity
  8
PUB_DIM
 62
     0
440
 16777216
370
    18
100
AcDbLine
 10
-1166.205662158776
 20
-11777.19516272331
 30
0.0
 11
-1166.205662158776
 21
-11927.19516272331
 31
0.0
  0
LINE
  5
F55
330
BEC
100
AcDbEntity
  8
PUB_DIM
 62
     0
440
 16777216
370
    18
100
AcDbLine
 10
-1166.205662158777
 20
-11147.19516272331
 30
0.0
 11
-1166.205662158777
 21
-10997.19516272331
 31
0.0
  0
LINE
  5
F56
330
BEC
100
AcDbEntity
  8
PUB_DIM
 62
     0
440
 16777216
370
    18
100
AcDbLine
 10
-1166.205662158776
 20
-11777.19516272331
 30
0.0
 11
-1166.205662158777
 21
-11147.19516272331
 31
0.0
  0
INSERT
  5
F57
330
BEC
100
AcDbEntity
  8
PUB_DIM
 62
     0
440
 16777216
370
    18
100
AcDbBlockReference
  2
_ArchTick
 10
-1166.205662158776
 20
-11777.19516272331
 30
0.0
 41
150.0
 42
150.0
 43
150.0
 50
90.0
  0
INSERT
  5
F58
330
BEC
100
AcDbEntity
  8
PUB_DIM
 62
     0
440
 16777216
370
    18
100
AcDbBlockReference
  2
_ArchTick
 10
-1166.205662158777
 20
-11147.19516272331
 30
0.0
 41
150.0
 42
150.0
 43
150.0
 50
270.0
  0
MTEXT
  5
F59
330
BEC
100
AcDbEntity
  8
PUB_DIM
 62
     7
440
 16777216
100
AcDbMText
 10
-1441.205662158779
 20
-11462.19516272331
 30
0.0
 40
350.0
 41
0.0
 46
0.0
 71
     5
 72
     1
  1
\A1;630
  7
TSSD_REIN_T3
 11
0.0000000000000001
 21
1.0
 31
0.0
 73
     1
 44
1.0
  0
POINT
  5
F5A
330
BEC
100
AcDbEntity
  8
Defpoints
 62
     0
440
 16777216
100
AcDbPoint
 10
-1894.493970130105
 20
-11777.19516272331
 30
0.0
  0
POINT
  5
F5B
330
BEC
100
AcDbEntity
  8
Defpoints
 62
     0
440
 16777216
100
AcDbPoint
 10
-1894.493970130105
 20
-11147.19516272331
 30
0.0
  0
POINT
  5
F5C
330
BEC
100
AcDbEntity
  8
Defpoints
 62
     0
440
 16777216
100
AcDbPoint
 10
-1166.205662158777
 20
-11147.19516272331
 30
0.0
  0
ENDBLK
  5
BEE
330
BEC
100
AcDbEntity
  8
0
100
AcDbBlockEnd
  0
BLOCK
  5
BFB
330
BFA
100
AcDbEntity
  8
0
100
AcDbBlockBegin
  2
*D106
 70
     1
 10
0.0
 20
0.0
 30
0.0
  3
*D106
  1

  0
LINE
  5
F5D
330
BFA
100
AcDbEntity
  8
PUB_DIM
 62
     0
440
 16777216
370
    18
100
AcDbLine
 10
-1167.205662158776
 20
-11147.19516272331
 30
0.0
 11
-1066.205662158776
 21
-11147.19516272331
 31
0.0
  0
LINE
  5
F5E
330
BFA
100
AcDbEntity
  8
PUB_DIM
 62
     0
440
 16777216
370
    18
100
AcDbLine
 10
-1167.205662158776
 20
-10477.19516272331
 30
0.0
 11
-1066.205662158776
 21
-10477.19516272331
 31
0.0
  0
LINE
  5
F5F
330
BFA
100
AcDbEntity
  8
PUB_DIM
 62
     0
440
 16777216
370
    18
100
AcDbLine
 10
-1166.205662158776
 20
-11147.19516272331
 30
0.0
 11
-1166.205662158776
 21
-11297.19516272331
 31
0.0
  0
LINE
  5
F60
330
BFA
100
AcDbEntity
  8
PUB_DIM
 62
     0
440
 16777216
370
    18
100
AcDbLine
 10
-1166.205662158777
 20
-10477.19516272331
 30
0.0
 11
-1166.205662158777
 21
-10327.19516272331
 31
0.0
  0
LINE
  5
F61
330
BFA
100
AcDbEntity
  8
PUB_DIM
 62
     0
440
 16777216
370
    18
100
AcDbLine
 10
-1166.205662158776
 20
-11147.19516272331
 30
0.0
 11
-1166.205662158777
 21
-10477.19516272331
 31
0.0
  0
INSERT
  5
F62
330
BFA
100
AcDbEntity
  8
PUB_DIM
 62
     0
440
 16777216
370
    18
100
AcDbBlockReference
  2
_ArchTick
 10
-1166.205662158776
 20
-11147.19516272331
 30
0.0
 41
150.0
 42
150.0
 43
150.0
 50
90.0
  0
INSERT
  5
F63
330
BFA
100
AcDbEntity
  8
PUB_DIM
 62
     0
440
 16777216
370
    18
100
AcDbBlockReference
  2
_ArchTick
 10
-1166.205662158777
 20
-10477.19516272331
 30
0.0
 41
150.0
 42
150.0
 43
150.0
 50
270.0
  0
MTEXT
  5
F64
330
BFA
100
AcDbEntity
  8
PUB_DIM
 62
     7
440
 16777216
100
AcDbMText
 10
-1441.205662158779
 20
-10812.19516272331
 30
0.0
 40
350.0
 41
0.0
 46
0.0
 71
     5
 72
     1
  1
\A1;670
  7
TSSD_REIN_T3
 11
0.0000000000000001
 21
1.0
 31
0.0
 73
     1
 44
1.0
  0
POINT
  5
F65
330
BFA
100
AcDbEntity
  8
Defpoints
 62
     0
440
 16777216
100
AcDbPoint
 10
-1894.493970130105
 20
-11147.19516272331
 30
0.0
  0
POINT
  5
F66
330
BFA
100
AcDbEntity
  8
Defpoints
 62
     0
440
 16777216
100
AcDbPoint
 10
-1894.493970130105
 20
-10477.19516272331
 30
0.0
  0
POINT
  5
F67
330
BFA
100
AcDbEntity
  8
Defpoints
 62
     0
440
 16777216
100
AcDbPoint
 10
-1166.205662158777
 20
-10477.19516272331
 30
0.0
  0
ENDBLK
  5
BFC
330
BFA
100
AcDbEntity
  8
0
100
AcDbBlockEnd
  0
BLOCK
  5
C09
330
C08
100
AcDbEntity
  8
0
100
AcDbBlockBegin
  2
*D107
 70
     1
 10
0.0
 20
0.0
 30
0.0
  3
*D107
  1

  0
LINE
  5
F68
330
C08
100
AcDbEntity
  8
PUB_DIM
 62
     0
440
 16777216
370
    18
100
AcDbLine
 10
-1167.205662158776
 20
-10477.19516272331
 30
0.0
 11
-1066.205662158776
 21
-10477.19516272331
 31
0.0
  0
LINE
  5
F69
330
C08
100
AcDbEntity
  8
PUB_DIM
 62
     0
440
 16777216
370
    18
100
AcDbLine
 10
-1167.205662158776
 20
-10177.19516272331
 30
0.0
 11
-1066.205662158776
 21
-10177.19516272331
 31
0.0
  0
LINE
  5
F6A
330
C08
100
AcDbEntity
  8
PUB_DIM
 62
     0
440
 16777216
370
    18
100
AcDbLine
 10
-1166.205662158777
 20
-10477.19516272331
 30
0.0
 11
-1166.205662158777
 21
-10177.19516272331
 31
0.0
  0
MTEXT
  5
F6B
330
C08
100
AcDbEntity
  8
PUB_DIM
 62
     7
440
 16777216
100
AcDbMText
 10
-541.2056621597148
 20
-10327.1951627233
 30
0.0
 40
350.0
 41
0.0
 46
0.0
 71
     5
 72
     1
  1
\A1;300
  7
TSSD_REIN_T3
 11
0.0000000000000001
 21
1.0
 31
0.0
 73
     1
 44
1.0
  0
INSERT
  5
F6C
330
C08
100
AcDbEntity
  8
PUB_DIM
 62
     0
440
 16777216
370
    18
100
AcDbBlockReference
  2
_ArchTick
 10
-1166.205662158777
 20
-10477.19516272331
 30
0.0
 41
150.0
 42
150.0
 43
150.0
 50
270.0
  0
INSERT
  5
F6D
330
C08
100
AcDbEntity
  8
PUB_DIM
 62
     0
440
 16777216
370
    18
100
AcDbBlockReference
  2
_ArchTick
 10
-1166.205662158777
 20
-10177.19516272331
 30
0.0
 41
150.0
 42
150.0
 43
150.0
 50
90.0
  0
POINT
  5
F6E
330
C08
100
AcDbEntity
  8
Defpoints
 62
     0
440
 16777216
100
AcDbPoint
 10
-1894.493970130105
 20
-10477.19516272331
 30
0.0
  0
POINT
  5
F6F
330
C08
100
AcDbEntity
  8
Defpoints
 62
     0
440
 16777216
100
AcDbPoint
 10
-1894.493970130105
 20
-10177.19516272331
 30
0.0
  0
POINT
  5
F70
330
C08
100
AcDbEntity
  8
Defpoints
 62
     0
440
 16777216
100
AcDbPoint
 10
-1166.205662158777
 20
-10177.19516272331
 30
0.0
  0
ENDBLK
  5
C0A
330
C08
100
AcDbEntity
  8
0
100
AcDbBlockEnd
  0
BLOCK
  5
C15
330
C14
100
AcDbEntity
  8
0
100
AcDbBlockBegin
  2
*D108
 70
     1
 10
0.0
 20
0.0
 30
0.0
  3
*D108
  1

  0
LINE
  5
F71
330
C14
100
AcDbEntity
  8
PUB_DIM
 62
     0
440
 16777216
370
    18
100
AcDbLine
 10
-1167.205662158776
 20
-10177.19516272331
 30
0.0
 11
-1066.205662158776
 21
-10177.19516272331
 31
0.0
  0
LINE
  5
F72
330
C14
100
AcDbEntity
  8
PUB_DIM
 62
     0
440
 16777216
370
    18
100
AcDbLine
 10
-1167.205662158776
 20
-9777.195162721914
 30
0.0
 11
-1066.205662158776
 21
-9777.195162721914
 31
0.0
  0
LINE
  5
F73
330
C14
100
AcDbEntity
  8
PUB_DIM
 62
     0
440
 16777216
370
    18
100
AcDbLine
 10
-1166.205662158777
 20
-10177.19516272331
 30
0.0
 11
-1166.205662158777
 21
-9777.195162721914
 31
0.0
  0
MTEXT
  5
F74
330
C14
100
AcDbEntity
  8
PUB_DIM
 62
     7
440
 16777216
100
AcDbMText
 10
-891.2056621597148
 20
-9407.19516272191
 30
0.0
 40
350.0
 41
0.0
 46
0.0
 71
     5
 72
     1
  1
\A1;400
  7
TSSD_REIN_T3
 11
0.0000000000000001
 21
1.0
 31
0.0
 73
     1
 44
1.0
  0
INSERT
  5
F75
330
C14
100
AcDbEntity
  8
PUB_DIM
 62
     0
440
 16777216
370
    18
100
AcDbBlockReference
  2
_ArchTick
 10
-1166.205662158777
 20
-10177.19516272331
 30
0.0
 41
150.0
 42
150.0
 43
150.0
 50
270.0
  0
INSERT
  5
F76
330
C14
100
AcDbEntity
  8
PUB_DIM
 62
     0
440
 16777216
370
    18
100
AcDbBlockReference
  2
_ArchTick
 10
-1166.205662158777
 20
-9777.195162721914
 30
0.0
 41
150.0
 42
150.0
 43
150.0
 50
90.0
  0
POINT
  5
F77
330
C14
100
AcDbEntity
  8
Defpoints
 62
     0
440
 16777216
100
AcDbPoint
 10
-1894.493970130105
 20
-10177.19516272331
 30
0.0
  0
POINT
  5
F78
330
C14
100
AcDbEntity
  8
Defpoints
 62
     0
440
 16777216
100
AcDbPoint
 10
-1894.493970130105
 20
-9777.195162721914
 30
0.0
  0
POINT
  5
F79
330
C14
100
AcDbEntity
  8
Defpoints
 62
     0
440
 16777216
100
AcDbPoint
 10
-1166.205662158777
 20
-9777.195162721914
 30
0.0
  0
ENDBLK
  5
C16
330
C14
100
AcDbEntity
  8
0
100
AcDbBlockEnd
  0
BLOCK
  5
C21
330
C20
100
AcDbEntity
  8
0
100
AcDbBlockBegin
  2
*D109
 70
     1
 10
0.0
 20
0.0
 30
0.0
  3
*D109
  1

  0
LINE
  5
F7A
330
C20
100
AcDbEntity
  8
PUB_DIM
 62
     0
440
 16777216
370
    18
100
AcDbLine
 10
-22773.45386045846
 20
-14477.19516272331
 30
0.0
 11
-22874.45386045846
 21
-14477.19516272331
 31
0.0
  0
LINE
  5
F7B
330
C20
100
AcDbEntity
  8
PUB_DIM
 62
     0
440
 16777216
370
    18
100
AcDbLine
 10
-22773.45386045846
 20
-14177.19516272331
 30
0.0
 11
-22874.45386045846
 21
-14177.19516272331
 31
0.0
  0
LINE
  5
F7C
330
C20
100
AcDbEntity
  8
PUB_DIM
 62
     0
440
 16777216
370
    18
100
AcDbLine
 10
-22774.45386045846
 20
-14477.19516272331
 30
0.0
 11
-22774.45386045846
 21
-14627.19516272331
 31
0.0
  0
LINE
  5
F7D
330
C20
100
AcDbEntity
  8
PUB_DIM
 62
     0
440
 16777216
370
    18
100
AcDbLine
 10
-22774.45386045846
 20
-14177.19516272331
 30
0.0
 11
-22774.45386045846
 21
-14027.19516272331
 31
0.0
  0
LINE
  5
F7E
330
C20
100
AcDbEntity
  8
PUB_DIM
 62
     0
440
 16777216
370
    18
100
AcDbLine
 10
-22774.45386045846
 20
-14477.19516272331
 30
0.0
 11
-22774.45386045846
 21
-14177.19516272331
 31
0.0
  0
INSERT
  5
F7F
330
C20
100
AcDbEntity
  8
PUB_DIM
 62
     0
440
 16777216
370
    18
100
AcDbBlockReference
  2
_ArchTick
 10
-22774.45386045846
 20
-14477.19516272331
 30
0.0
 41
150.0
 42
150.0
 43
150.0
 50
90.0
  0
INSERT
  5
F80
330
C20
100
AcDbEntity
  8
PUB_DIM
 62
     0
440
 16777216
370
    18
100
AcDbBlockReference
  2
_ArchTick
 10
-22774.45386045846
 20
-14177.19516272331
 30
0.0
 41
150.0
 42
150.0
 43
150.0
 50
270.0
  0
MTEXT
  5
F81
330
C20
100
AcDbEntity
  8
PUB_DIM
 62
     7
440
 16777216
100
AcDbMText
 10
-23049.45386045846
 20
-14327.1951627233
 30
0.0
 40
350.0
 41
0.0
 46
0.0
 71
     5
 72
     1
  1
\A1;300
  7
TSSD_REIN_T3
 11
0.0000000000000001
 21
1.0
 31
0.0
 73
     1
 44
1.0
  0
POINT
  5
F82
330
C20
100
AcDbEntity
  8
Defpoints
 62
     0
440
 16777216
100
AcDbPoint
 10
-21962.8314330089
 20
-14477.19516272331
 30
0.0
  0
POINT
  5
F83
330
C20
100
AcDbEntity
  8
Defpoints
 62
     0
440
 16777216
100
AcDbPoint
 10
-21962.8314330089
 20
-14177.19516272331
 30
0.0
  0
POINT
  5
F84
330
C20
100
AcDbEntity
  8
Defpoints
 62
     0
440
 16777216
100
AcDbPoint
 10
-22774.45386045846
 20
-14177.19516272331
 30
0.0
  0
ENDBLK
  5
C22
330
C20
100
AcDbEntity
  8
0
100
AcDbBlockEnd
  0
BLOCK
  5
C2F
330
C2E
100
AcDbEntity
  8
0
100
AcDbBlockBegin
  2
*D110
 70
     1
 10
0.0
 20
0.0
 30
0.0
  3
*D110
  1

  0
LINE
  5
F85
330
C2E
100
AcDbEntity
  8
PUB_DIM
 62
     0
440
 16777216
370
    18
100
AcDbLine
 10
-22773.45386045846
 20
-14177.19516272331
 30
0.0
 11
-22874.45386045846
 21
-14177.19516272331
 31
0.0
  0
LINE
  5
F86
330
C2E
100
AcDbEntity
  8
PUB_DIM
 62
     0
440
 16777216
370
    18
100
AcDbLine
 10
-22773.45386045846
 20
-11777.19516272331
 30
0.0
 11
-22874.45386045846
 21
-11777.19516272331
 31
0.0
  0
LINE
  5
F87
330
C2E
100
AcDbEntity
  8
PUB_DIM
 62
     0
440
 16777216
370
    18
100
AcDbLine
 10
-22774.45386045846
 20
-14177.19516272331
 30
0.0
 11
-22774.45386045846
 21
-11777.19516272331
 31
0.0
  0
INSERT
  5
F88
330
C2E
100
AcDbEntity
  8
PUB_DIM
 62
     0
440
 16777216
370
    18
100
AcDbBlockReference
  2
_ArchTick
 10
-22774.45386045846
 20
-14177.19516272331
 30
0.0
 41
150.0
 42
150.0
 43
150.0
 50
270.0
  0
INSERT
  5
F89
330
C2E
100
AcDbEntity
  8
PUB_DIM
 62
     0
440
 16777216
370
    18
100
AcDbBlockReference
  2
_ArchTick
 10
-22774.45386045846
 20
-11777.19516272331
 30
0.0
 41
150.0
 42
150.0
 43
150.0
 50
90.0
  0
MTEXT
  5
F8A
330
C2E
100
AcDbEntity
  8
PUB_DIM
 62
     7
440
 16777216
100
AcDbMText
 10
-23049.45386045846
 20
-12977.1951627233
 30
0.0
 40
350.0
 41
0.0
 46
0.0
 71
     5
 72
     1
  1
\A1;2400
  7
TSSD_REIN_T3
 11
0.0000000000000001
 21
1.0
 31
0.0
 73
     1
 44
1.0
  0
POINT
  5
F8B
330
C2E
100
AcDbEntity
  8
Defpoints
 62
     0
440
 16777216
100
AcDbPoint
 10
-21962.8314330089
 20
-14177.19516272331
 30
0.0
  0
POINT
  5
F8C
330
C2E
100
AcDbEntity
  8
Defpoints
 62
     0
440
 16777216
100
AcDbPoint
 10
-21962.8314330089
 20
-11777.19516272331
 30
0.0
  0
POINT
  5
F8D
330
C2E
100
AcDbEntity
  8
Defpoints
 62
     0
440
 16777216
100
AcDbPoint
 10
-22774.45386045846
 20
-11777.19516272331
 30
0.0
  0
ENDBLK
  5
C30
330
C2E
100
AcDbEntity
  8
0
100
AcDbBlockEnd
  0
BLOCK
  5
C3B
330
C3A
100
AcDbEntity
  8
0
100
AcDbBlockBegin
  2
*D111
 70
     1
 10
0.0
 20
0.0
 30
0.0
  3
*D111
  1

  0
LINE
  5
F8E
330
C3A
100
AcDbEntity
  8
PUB_DIM
 62
     0
440
 16777216
370
    18
100
AcDbLine
 10
-22773.45386045846
 20
-11777.19516272331
 30
0.0
 11
-22874.45386045846
 21
-11777.19516272331
 31
0.0
  0
LINE
  5
F8F
330
C3A
100
AcDbEntity
  8
PUB_DIM
 62
     0
440
 16777216
370
    18
100
AcDbLine
 10
-22773.45386045846
 20
-11147.22914427379
 30
0.0
 11
-22874.45386045846
 21
-11147.22914427379
 31
0.0
  0
LINE
  5
F90
330
C3A
100
AcDbEntity
  8
PUB_DIM
 62
     0
440
 16777216
370
    18
100
AcDbLine
 10
-22774.45386045846
 20
-11777.19516272331
 30
0.0
 11
-22774.45386045846
 21
-11927.19516272331
 31
0.0
  0
LINE
  5
F91
330
C3A
100
AcDbEntity
  8
PUB_DIM
 62
     0
440
 16777216
370
    18
100
AcDbLine
 10
-22774.45386045846
 20
-11147.22914427379
 30
0.0
 11
-22774.45386045846
 21
-10997.22914427379
 31
0.0
  0
LINE
  5
F92
330
C3A
100
AcDbEntity
  8
PUB_DIM
 62
     0
440
 16777216
370
    18
100
AcDbLine
 10
-22774.45386045846
 20
-11777.19516272331
 30
0.0
 11
-22774.45386045846
 21
-11147.22914427379
 31
0.0
  0
INSERT
  5
F93
330
C3A
100
AcDbEntity
  8
PUB_DIM
 62
     0
440
 16777216
370
    18
100
AcDbBlockReference
  2
_ArchTick
 10
-22774.45386045846
 20
-11777.19516272331
 30
0.0
 41
150.0
 42
150.0
 43
150.0
 50
90.0
  0
INSERT
  5
F94
330
C3A
100
AcDbEntity
  8
PUB_DIM
 62
     0
440
 16777216
370
    18
100
AcDbBlockReference
  2
_ArchTick
 10
-22774.45386045846
 20
-11147.22914427379
 30
0.0
 41
150.0
 42
150.0
 43
150.0
 50
270.0
  0
MTEXT
  5
F95
330
C3A
100
AcDbEntity
  8
PUB_DIM
 62
     7
440
 16777216
100
AcDbMText
 10
-23049.45386045846
 20
-11462.21215349854
 30
0.0
 40
350.0
 41
0.0
 46
0.0
 71
     5
 72
     1
  1
\A1;630
  7
TSSD_REIN_T3
 11
0.0000000000000001
 21
1.0
 31
0.0
 73
     1
 44
1.0
  0
POINT
  5
F96
330
C3A
100
AcDbEntity
  8
Defpoints
 62
     0
440
 16777216
100
AcDbPoint
 10
-21962.8314330089
 20
-11777.19516272331
 30
0.0
  0
POINT
  5
F97
330
C3A
100
AcDbEntity
  8
Defpoints
 62
     0
440
 16777216
100
AcDbPoint
 10
-21962.8314330089
 20
-11147.22914427379
 30
0.0
  0
POINT
  5
F98
330
C3A
100
AcDbEntity
  8
Defpoints
 62
     0
440
 16777216
100
AcDbPoint
 10
-22774.45386045846
 20
-11147.22914427379
 30
0.0
  0
ENDBLK
  5
C3C
330
C3A
100
AcDbEntity
  8
0
100
AcDbBlockEnd
  0
BLOCK
  5
C49
330
C48
100
AcDbEntity
  8
0
100
AcDbBlockBegin
  2
*D112
 70
     1
 10
0.0
 20
0.0
 30
0.0
  3
*D112
  1

  0
LINE
  5
F99
330
C48
100
AcDbEntity
  8
PUB_DIM
 62
     0
440
 16777216
370
    18
100
AcDbLine
 10
-22773.45386045846
 20
-11147.22914427379
 30
0.0
 11
-22874.45386045846
 21
-11147.22914427379
 31
0.0
  0
LINE
  5
F9A
330
C48
100
AcDbEntity
  8
PUB_DIM
 62
     0
440
 16777216
370
    18
100
AcDbLine
 10
-22773.45386045846
 20
-10477.19516272331
 30
0.0
 11
-22874.45386045846
 21
-10477.19516272331
 31
0.0
  0
LINE
  5
F9B
330
C48
100
AcDbEntity
  8
PUB_DIM
 62
     0
440
 16777216
370
    18
100
AcDbLine
 10
-22774.45386045846
 20
-11147.22914427379
 30
0.0
 11
-22774.45386045846
 21
-10477.19516272331
 31
0.0
  0
MTEXT
  5
F9C
330
C48
100
AcDbEntity
  8
PUB_DIM
 62
     7
440
 16777216
100
AcDbMText
 10
-23399.45386045938
 20
-10812.21215349855
 30
0.0
 40
350.0
 41
0.0
 46
0.0
 71
     5
 72
     1
  1
\A1;670
  7
TSSD_REIN_T3
 11
0.0000000000000001
 21
1.0
 31
0.0
 73
     1
 44
1.0
  0
INSERT
  5
F9D
330
C48
100
AcDbEntity
  8
PUB_DIM
 62
     0
440
 16777216
370
    18
100
AcDbBlockReference
  2
_ArchTick
 10
-22774.45386045846
 20
-11147.22914427379
 30
0.0
 41
150.0
 42
150.0
 43
150.0
 50
270.0
  0
INSERT
  5
F9E
330
C48
100
AcDbEntity
  8
PUB_DIM
 62
     0
440
 16777216
370
    18
100
AcDbBlockReference
  2
_ArchTick
 10
-22774.45386045846
 20
-10477.19516272331
 30
0.0
 41
150.0
 42
150.0
 43
150.0
 50
90.0
  0
POINT
  5
F9F
330
C48
100
AcDbEntity
  8
Defpoints
 62
     0
440
 16777216
100
AcDbPoint
 10
-21962.8314330089
 20
-11147.22914427379
 30
0.0
  0
POINT
  5
FA0
330
C48
100
AcDbEntity
  8
Defpoints
 62
     0
440
 16777216
100
AcDbPoint
 10
-21962.8314330089
 20
-10477.19516272331
 30
0.0
  0
POINT
  5
FA1
330
C48
100
AcDbEntity
  8
Defpoints
 62
     0
440
 16777216
100
AcDbPoint
 10
-22774.45386045846
 20
-10477.19516272331
 30
0.0
  0
ENDBLK
  5
C4A
330
C48
100
AcDbEntity
  8
0
100
AcDbBlockEnd
  0
BLOCK
  5
C55
330
C54
100
AcDbEntity
  8
0
100
AcDbBlockBegin
  2
*D113
 70
     1
 10
0.0
 20
0.0
 30
0.0
  3
*D113
  1

  0
LINE
  5
FA2
330
C54
100
AcDbEntity
  8
PUB_DIM
 62
     0
440
 16777216
370
    18
100
AcDbLine
 10
-22773.45386045846
 20
-10477.19516272331
 30
0.0
 11
-22874.45386045846
 21
-10477.19516272331
 31
0.0
  0
LINE
  5
FA3
330
C54
100
AcDbEntity
  8
PUB_DIM
 62
     0
440
 16777216
370
    18
100
AcDbLine
 10
-22773.45386045846
 20
-10177.19516272331
 30
0.0
 11
-22874.45386045846
 21
-10177.19516272331
 31
0.0
  0
LINE
  5
FA4
330
C54
100
AcDbEntity
  8
PUB_DIM
 62
     0
440
 16777216
370
    18
100
AcDbLine
 10
-22774.45386045846
 20
-10477.19516272331
 30
0.0
 11
-22774.45386045846
 21
-10627.19516272331
 31
0.0
  0
LINE
  5
FA5
330
C54
100
AcDbEntity
  8
PUB_DIM
 62
     0
440
 16777216
370
    18
100
AcDbLine
 10
-22774.45386045846
 20
-10177.19516272331
 30
0.0
 11
-22774.45386045846
 21
-10027.19516272331
 31
0.0
  0
LINE
  5
FA6
330
C54
100
AcDbEntity
  8
PUB_DIM
 62
     0
440
 16777216
370
    18
100
AcDbLine
 10
-22774.45386045846
 20
-10477.19516272331
 30
0.0
 11
-22774.45386045846
 21
-10177.19516272331
 31
0.0
  0
INSERT
  5
FA7
330
C54
100
AcDbEntity
  8
PUB_DIM
 62
     0
440
 16777216
370
    18
100
AcDbBlockReference
  2
_ArchTick
 10
-22774.45386045846
 20
-10477.19516272331
 30
0.0
 41
150.0
 42
150.0
 43
150.0
 50
90.0
  0
INSERT
  5
FA8
330
C54
100
AcDbEntity
  8
PUB_DIM
 62
     0
440
 16777216
370
    18
100
AcDbBlockReference
  2
_ArchTick
 10
-22774.45386045846
 20
-10177.19516272331
 30
0.0
 41
150.0
 42
150.0
 43
150.0
 50
270.0
  0
MTEXT
  5
FA9
330
C54
100
AcDbEntity
  8
PUB_DIM
 62
     7
440
 16777216
100
AcDbMText
 10
-23049.45386045846
 20
-10327.1951627233
 30
0.0
 40
350.0
 41
0.0
 46
0.0
 71
     5
 72
     1
  1
\A1;300
  7
TSSD_REIN_T3
 11
0.0000000000000001
 21
1.0
 31
0.0
 73
     1
 44
1.0
  0
POINT
  5
FAA
330
C54
100
AcDbEntity
  8
Defpoints
 62
     0
440
 16777216
100
AcDbPoint
 10
-21962.8314330089
 20
-10477.19516272331
 30
0.0
  0
POINT
  5
FAB
330
C54
100
AcDbEntity
  8
Defpoints
 62
     0
440
 16777216
100
AcDbPoint
 10
-21962.8314330089
 20
-10177.19516272331
 30
0.0
  0
POINT
  5
FAC
330
C54
100
AcDbEntity
  8
Defpoints
 62
     0
440
 16777216
100
AcDbPoint
 10
-22774.45386045846
 20
-10177.19516272331
 30
0.0
  0
ENDBLK
  5
C56
330
C54
100
AcDbEntity
  8
0
100
AcDbBlockEnd
  0
BLOCK
  5
C63
330
C62
100
AcDbEntity
  8
0
100
AcDbBlockBegin
  2
*D114
 70
     1
 10
0.0
 20
0.0
 30
0.0
  3
*D114
  1

  0
LINE
  5
FAD
330
C62
100
AcDbEntity
  8
PUB_DIM
 62
     0
440
 16777216
370
    18
100
AcDbLine
 10
-22773.45386045846
 20
-10177.19516272331
 30
0.0
 11
-22874.45386045846
 21
-10177.19516272331
 31
0.0
  0
LINE
  5
FAE
330
C62
100
AcDbEntity
  8
PUB_DIM
 62
     0
440
 16777216
370
    18
100
AcDbLine
 10
-22773.45386045846
 20
-9777.195162721914
 30
0.0
 11
-22874.45386045846
 21
-9777.195162721914
 31
0.0
  0
LINE
  5
FAF
330
C62
100
AcDbEntity
  8
PUB_DIM
 62
     0
440
 16777216
370
    18
100
AcDbLine
 10
-22774.45386045846
 20
-10177.19516272331
 30
0.0
 11
-22774.45386045846
 21
-9777.195162721914
 31
0.0
  0
MTEXT
  5
FB0
330
C62
100
AcDbEntity
  8
PUB_DIM
 62
     7
440
 16777216
100
AcDbMText
 10
-23049.45386045938
 20
-9407.19516272191
 30
0.0
 40
350.0
 41
0.0
 46
0.0
 71
     5
 72
     1
  1
\A1;400
  7
TSSD_REIN_T3
 11
0.0000000000000001
 21
1.0
 31
0.0
 73
     1
 44
1.0
  0
INSERT
  5
FB1
330
C62
100
AcDbEntity
  8
PUB_DIM
 62
     0
440
 16777216
370
    18
100
AcDbBlockReference
  2
_ArchTick
 10
-22774.45386045846
 20
-10177.19516272331
 30
0.0
 41
150.0
 42
150.0
 43
150.0
 50
270.0
  0
INSERT
  5
FB2
330
C62
100
AcDbEntity
  8
PUB_DIM
 62
     0
440
 16777216
370
    18
100
AcDbBlockReference
  2
_ArchTick
 10
-22774.45386045846
 20
-9777.195162721914
 30
0.0
 41
150.0
 42
150.0
 43
150.0
 50
90.0
  0
POINT
  5
FB3
330
C62
100
AcDbEntity
  8
Defpoints
 62
     0
440
 16777216
100
AcDbPoint
 10
-21962.8314330089
 20
-10177.19516272331
 30
0.0
  0
POINT
  5
FB4
330
C62
100
AcDbEntity
  8
Defpoints
 62
     0
440
 16777216
100
AcDbPoint
 10
-21962.8314330089
 20
-9777.195162721914
 30
0.0
  0
POINT
  5
FB5
330
C62
100
AcDbEntity
  8
Defpoints
 62
     0
440
 16777216
100
AcDbPoint
 10
-22774.45386045846
 20
-9777.195162721914
 30
0.0
  0
ENDBLK
  5
C64
330
C62
100
AcDbEntity
  8
0
100
AcDbBlockEnd
  0
BLOCK
  5
C6F
330
C6E
100
AcDbEntity
  8
0
100
AcDbBlockBegin
  2
*D115
 70
     1
 10
0.0
 20
0.0
 30
0.0
  3
*D115
  1

  0
LINE
  5
FB6
330
C6E
100
AcDbEntity
  8
PUB_DIM
 62
     0
440
 16777216
370
    18
100
AcDbLine
 10
-465.0370116098638
 20
-14477.19516272331
 30
0.0
 11
-364.0370116098639
 21
-14477.19516272331
 31
0.0
  0
LINE
  5
FB7
330
C6E
100
AcDbEntity
  8
PUB_DIM
 62
     0
440
 16777216
370
    18
100
AcDbLine
 10
-465.037011609864
 20
-14177.19516272331
 30
0.0
 11
-364.0370116098639
 21
-14177.19516272331
 31
0.0
  0
LINE
  5
FB8
330
C6E
100
AcDbEntity
  8
PUB_DIM
 62
     0
440
 16777216
370
    18
100
AcDbLine
 10
-464.0370116098639
 20
-14477.19516272331
 30
0.0
 11
-464.0370116098639
 21
-14627.19516272331
 31
0.0
  0
LINE
  5
FB9
330
C6E
100
AcDbEntity
  8
PUB_DIM
 62
     0
440
 16777216
370
    18
100
AcDbLine
 10
-464.037011609864
 20
-14177.19516272331
 30
0.0
 11
-464.037011609864
 21
-14027.19516272331
 31
0.0
  0
LINE
  5
FBA
330
C6E
100
AcDbEntity
  8
PUB_DIM
 62
     0
440
 16777216
370
    18
100
AcDbLine
 10
-464.0370116098639
 20
-14477.19516272331
 30
0.0
 11
-464.037011609864
 21
-14177.19516272331
 31
0.0
  0
INSERT
  5
FBB
330
C6E
100
AcDbEntity
  8
PUB_DIM
 62
     0
440
 16777216
370
    18
100
AcDbBlockReference
  2
_ArchTick
 10
-464.0370116098639
 20
-14477.19516272331
 30
0.0
 41
150.0
 42
150.0
 43
150.0
 50
90.0
  0
INSERT
  5
FBC
330
C6E
100
AcDbEntity
  8
PUB_DIM
 62
     0
440
 16777216
370
    18
100
AcDbBlockReference
  2
_ArchTick
 10
-464.037011609864
 20
-14177.19516272331
 30
0.0
 41
150.0
 42
150.0
 43
150.0
 50
270.0
  0
MTEXT
  5
FBD
330
C6E
100
AcDbEntity
  8
PUB_DIM
 62
     7
440
 16777216
100
AcDbMText
 10
-739.0370116098679
 20
-14327.19516272331
 30
0.0
 40
350.0
 41
0.0
 46
0.0
 71
     5
 72
     1
  1
\A1;300
  7
TSSD_REIN_T3
 11
0.0000000000000001
 21
1.0
 31
0.0
 73
     1
 44
1.0
  0
POINT
  5
FBE
330
C6E
100
AcDbEntity
  8
Defpoints
 62
     0
440
 16777216
100
AcDbPoint
 10
-1594.493970130105
 20
-14477.19516272331
 30
0.0
  0
POINT
  5
FBF
330
C6E
100
AcDbEntity
  8
Defpoints
 62
     0
440
 16777216
100
AcDbPoint
 10
-1594.493970130105
 20
-14177.19516272331
 30
0.0
  0
POINT
  5
FC0
330
C6E
100
AcDbEntity
  8
Defpoints
 62
     0
440
 16777216
100
AcDbPoint
 10
-464.037011609864
 20
-14177.19516272331
 30
0.0
  0
ENDBLK
  5
C70
330
C6E
100
AcDbEntity
  8
0
100
AcDbBlockEnd
  0
BLOCK
  5
C7D
330
C7C
100
AcDbEntity
  8
0
100
AcDbBlockBegin
  2
*D116
 70
     1
 10
0.0
 20
0.0
 30
0.0
  3
*D116
  1

  0
LINE
  5
FC1
330
C7C
100
AcDbEntity
  8
PUB_DIM
 62
     0
440
 16777216
370
    18
100
AcDbLine
 10
-465.037011609863
 20
-14177.19516272331
 30
0.0
 11
-364.0370116098631
 21
-14177.19516272331
 31
0.0
  0
LINE
  5
FC2
330
C7C
100
AcDbEntity
  8
PUB_DIM
 62
     0
440
 16777216
370
    18
100
AcDbLine
 10
-465.0370116098639
 20
-10177.19516272331
 30
0.0
 11
-364.0370116098639
 21
-10177.19516272331
 31
0.0
  0
LINE
  5
FC3
330
C7C
100
AcDbEntity
  8
PUB_DIM
 62
     0
440
 16777216
370
    18
100
AcDbLine
 10
-464.0370116098631
 20
-14177.19516272331
 30
0.0
 11
-464.037011609864
 21
-10177.19516272331
 31
0.0
  0
INSERT
  5
FC4
330
C7C
100
AcDbEntity
  8
PUB_DIM
 62
     0
440
 16777216
370
    18
100
AcDbBlockReference
  2
_ArchTick
 10
-464.0370116098631
 20
-14177.19516272331
 30
0.0
 41
150.0
 42
150.0
 43
150.0
 50
270.0
  0
INSERT
  5
FC5
330
C7C
100
AcDbEntity
  8
PUB_DIM
 62
     0
440
 16777216
370
    18
100
AcDbBlockReference
  2
_ArchTick
 10
-464.037011609864
 20
-10177.19516272331
 30
0.0
 41
150.0
 42
150.0
 43
150.0
 50
90.0
  0
MTEXT
  5
FC6
330
C7C
100
AcDbEntity
  8
PUB_DIM
 62
     7
440
 16777216
100
AcDbMText
 10
-739.037011609867
 20
-12177.19516272331
 30
0.0
 40
350.0
 41
0.0
 46
0.0
 71
     5
 72
     1
  1
\A1;4000
  7
TSSD_REIN_T3
 11
0.0000000000000001
 21
1.0
 31
0.0
 73
     1
 44
1.0
  0
POINT
  5
FC7
330
C7C
100
AcDbEntity
  8
Defpoints
 62
     0
440
 16777216
100
AcDbPoint
 10
-1594.493970130105
 20
-14177.19516272331
 30
0.0
  0
POINT
  5
FC8
330
C7C
100
AcDbEntity
  8
Defpoints
 62
     0
440
 16777216
100
AcDbPoint
 10
-1594.493970130105
 20
-10177.19516272331
 30
0.0
  0
POINT
  5
FC9
330
C7C
100
AcDbEntity
  8
Defpoints
 62
     0
440
 16777216
100
AcDbPoint
 10
-464.037011609864
 20
-10177.19516272331
 30
0.0
  0
ENDBLK
  5
C7E
330
C7C
100
AcDbEntity
  8
0
100
AcDbBlockEnd
  0
BLOCK
  5
C89
330
C88
100
AcDbEntity
  8
0
100
AcDbBlockBegin
  2
*D117
 70
     1
 10
0.0
 20
0.0
 30
0.0
  3
*D117
  1

  0
LINE
  5
FCA
330
C88
100
AcDbEntity
  8
PUB_DIM
 62
     0
440
 16777216
370
    18
100
AcDbLine
 10
-23396.82244055998
 20
-14477.19516272331
 30
0.0
 11
-23497.82244055998
 21
-14477.19516272331
 31
0.0
  0
LINE
  5
FCB
330
C88
100
AcDbEntity
  8
PUB_DIM
 62
     0
440
 16777216
370
    18
100
AcDbLine
 10
-23396.82244055998
 20
-14177.19516272331
 30
0.0
 11
-23497.82244055998
 21
-14177.19516272331
 31
0.0
  0
LINE
  5
FCC
330
C88
100
AcDbEntity
  8
PUB_DIM
 62
     0
440
 16777216
370
    18
100
AcDbLine
 10
-23397.82244055998
 20
-14477.19516272331
 30
0.0
 11
-23397.82244055998
 21
-14627.19516272331
 31
0.0
  0
LINE
  5
FCD
330
C88
100
AcDbEntity
  8
PUB_DIM
 62
     0
440
 16777216
370
    18
100
AcDbLine
 10
-23397.82244055998
 20
-14177.19516272331
 30
0.0
 11
-23397.82244055998
 21
-14027.19516272331
 31
0.0
  0
LINE
  5
FCE
330
C88
100
AcDbEntity
  8
PUB_DIM
 62
     0
440
 16777216
370
    18
100
AcDbLine
 10
-23397.82244055998
 20
-14477.19516272331
 30
0.0
 11
-23397.82244055998
 21
-14177.19516272331
 31
0.0
  0
INSERT
  5
FCF
330
C88
100
AcDbEntity
  8
PUB_DIM
 62
     0
440
 16777216
370
    18
100
AcDbBlockReference
  2
_ArchTick
 10
-23397.82244055998
 20
-14477.19516272331
 30
0.0
 41
150.0
 42
150.0
 43
150.0
 50
90.0
  0
INSERT
  5
FD0
330
C88
100
AcDbEntity
  8
PUB_DIM
 62
     0
440
 16777216
370
    18
100
AcDbBlockReference
  2
_ArchTick
 10
-23397.82244055998
 20
-14177.19516272331
 30
0.0
 41
150.0
 42
150.0
 43
150.0
 50
270.0
  0
MTEXT
  5
FD1
330
C88
100
AcDbEntity
  8
PUB_DIM
 62
     7
440
 16777216
100
AcDbMText
 10
-23672.82244055998
 20
-14327.1951627233
 30
0.0
 40
350.0
 41
0.0
 46
0.0
 71
     5
 72
     1
  1
\A1;300
  7
TSSD_REIN_T3
 11
0.0000000000000001
 21
1.0
 31
0.0
 73
     1
 44
1.0
  0
POINT
  5
FD2
330
C88
100
AcDbEntity
  8
Defpoints
 62
     0
440
 16777216
100
AcDbPoint
 10
-22262.8314330089
 20
-14477.19516272331
 30
0.0
  0
POINT
  5
FD3
330
C88
100
AcDbEntity
  8
Defpoints
 62
     0
440
 16777216
100
AcDbPoint
 10
-22262.8314330089
 20
-14177.19516272331
 30
0.0
  0
POINT
  5
FD4
330
C88
100
AcDbEntity
  8
Defpoints
 62
     0
440
 16777216
100
AcDbPoint
 10
-23397.82244055998
 20
-14177.19516272331
 30
0.0
  0
ENDBLK
  5
C8A
330
C88
100
AcDbEntity
  8
0
100
AcDbBlockEnd
  0
BLOCK
  5
C97
330
C96
100
AcDbEntity
  8
0
100
AcDbBlockBegin
  2
*D118
 70
     1
 10
0.0
 20
0.0
 30
0.0
  3
*D118
  1

  0
LINE
  5
FD5
330
C96
100
AcDbEntity
  8
PUB_DIM
 62
     0
440
 16777216
370
    18
100
AcDbLine
 10
-23396.82244055998
 20
-14177.19516272331
 30
0.0
 11
-23497.82244055998
 21
-14177.19516272331
 31
0.0
  0
LINE
  5
FD6
330
C96
100
AcDbEntity
  8
PUB_DIM
 62
     0
440
 16777216
370
    18
100
AcDbLine
 10
-23396.82244055998
 20
-10177.19516272331
 30
0.0
 11
-23497.82244055998
 21
-10177.19516272331
 31
0.0
  0
LINE
  5
FD7
330
C96
100
AcDbEntity
  8
PUB_DIM
 62
     0
440
 16777216
370
    18
100
AcDbLine
 10
-23397.82244055998
 20
-14177.19516272331
 30
0.0
 11
-23397.82244055998
 21
-10177.19516272331
 31
0.0
  0
INSERT
  5
FD8
330
C96
100
AcDbEntity
  8
PUB_DIM
 62
     0
440
 16777216
370
    18
100
AcDbBlockReference
  2
_ArchTick
 10
-23397.82244055998
 20
-14177.19516272331
 30
0.0
 41
150.0
 42
150.0
 43
150.0
 50
270.0
  0
INSERT
  5
FD9
330
C96
100
AcDbEntity
  8
PUB_DIM
 62
     0
440
 16777216
370
    18
100
AcDbBlockReference
  2
_ArchTick
 10
-23397.82244055998
 20
-10177.19516272331
 30
0.0
 41
150.0
 42
150.0
 43
150.0
 50
90.0
  0
MTEXT
  5
FDA
330
C96
100
AcDbEntity
  8
PUB_DIM
 62
     7
440
 16777216
100
AcDbMText
 10
-23672.82244055998
 20
-12177.1951627233
 30
0.0
 40
350.0
 41
0.0
 46
0.0
 71
     5
 72
     1
  1
\A1;4000
  7
TSSD_REIN_T3
 11
0.0000000000000001
 21
1.0
 31
0.0
 73
     1
 44
1.0
  0
POINT
  5
FDB
330
C96
100
AcDbEntity
  8
Defpoints
 62
     0
440
 16777216
100
AcDbPoint
 10
-22262.8314330089
 20
-14177.19516272331
 30
0.0
  0
POINT
  5
FDC
330
C96
100
AcDbEntity
  8
Defpoints
 62
     0
440
 16777216
100
AcDbPoint
 10
-22262.8314330089
 20
-10177.19516272331
 30
0.0
  0
POINT
  5
FDD
330
C96
100
AcDbEntity
  8
Defpoints
 62
     0
440
 16777216
100
AcDbPoint
 10
-23397.82244055998
 20
-10177.19516272331
 30
0.0
  0
ENDBLK
  5
C98
330
C96
100
AcDbEntity
  8
0
100
AcDbBlockEnd
  0
BLOCK
  5
CA3
330
CA2
100
AcDbEntity
  8
0
100
AcDbBlockBegin
  2
*D119
 70
     1
 10
0.0
 20
0.0
 30
0.0
  3
*D119
  1

  0
LINE
  5
FDE
330
CA2
100
AcDbEntity
  8
TWT_DIM
 62
     0
440
 16777216
370
    -2
100
AcDbLine
 10
25936.6532314932
 20
-27422.48210391309
 30
0.0
 11
25936.6532314932
 21
-27629.95074564126
 31
0.0
  0
LINE
  5
FDF
330
CA2
100
AcDbEntity
  8
TWT_DIM
 62
     0
440
 16777216
370
    -2
100
AcDbLine
 10
32736.6532314932
 20
-27422.48210391309
 30
0.0
 11
32736.6532314932
 21
-27629.95074564126
 31
0.0
  0
LINE
  5
FE0
330
CA2
100
AcDbEntity
  8
TWT_DIM
 62
     0
440
 16777216
370
    -2
100
AcDbLine
 10
25936.6532314932
 20
-27379.95074564126
 30
0.0
 11
32736.6532314932
 21
-27379.95074564126
 31
0.0
  0
INSERT
  5
FE1
330
CA2
100
AcDbEntity
  8
TWT_DIM
 62
     0
440
 16777216
370
    -2
100
AcDbBlockReference
  2
_ArchTick
 10
25936.6532314932
 20
-27379.95074564126
 30
0.0
 41
100.0
 42
100.0
 43
100.0
 50
180.0
  0
INSERT
  5
FE2
330
CA2
100
AcDbEntity
  8
TWT_DIM
 62
     0
440
 16777216
370
    -2
100
AcDbBlockReference
  2
_ArchTick
 10
32736.6532314932
 20
-27379.95074564126
 30
0.0
 41
100.0
 42
100.0
 43
100.0
  0
MTEXT
  5
FE3
330
CA2
100
AcDbEntity
  8
TWT_DIM
 62
     7
440
 16777216
100
AcDbMText
 10
29336.6532314932
 20
-27104.95074564125
 30
0.0
 40
297.5
 41
0.0
 46
0.0
 71
     5
 72
     1
  1
\A1;6800
  7
_TCH_DIM_T3
 73
     1
 44
1.0
  0
POINT
  5
FE4
330
CA2
100
AcDbEntity
  8
Defpoints
 62
     0
440
 16777216
100
AcDbPoint
 10
25936.6532314932
 20
-27122.48210391309
 30
0.0
  0
POINT
  5
FE5
330
CA2
100
AcDbEntity
  8
Defpoints
 62
     0
440
 16777216
100
AcDbPoint
 10
32736.6532314932
 20
-27122.48210391309
 30
0.0
  0
POINT
  5
FE6
330
CA2
100
AcDbEntity
  8
Defpoints
 62
     0
440
 16777216
100
AcDbPoint
 10
32736.6532314932
 20
-27379.95074564126
 30
0.0
  0
ENDBLK
  5
CA4
330
CA2
100
AcDbEntity
  8
0
100
AcDbBlockEnd
  0
BLOCK
  5
CAF
330
CAE
100
AcDbEntity
  8
0
100
AcDbBlockBegin
  2
*D120
 70
     1
 10
0.0
 20
0.0
 30
0.0
  3
*D120
  1

  0
LINE
  5
FE7
330
CAE
100
AcDbEntity
  8
PUB_DIM
 62
     0
440
 16777216
370
    18
100
AcDbLine
 10
24103.72687681116
 20
-25958.82785413509
 30
0.0
 11
24002.72687681116
 21
-25958.82785413509
 31
0.0
  0
LINE
  5
FE8
330
CAE
100
AcDbEntity
  8
PUB_DIM
 62
     0
440
 16777216
370
    18
100
AcDbLine
 10
24103.72687681116
 20
-25658.82785413509
 30
0.0
 11
24002.72687681116
 21
-25658.82785413509
 31
0.0
  0
LINE
  5
FE9
330
CAE
100
AcDbEntity
  8
PUB_DIM
 62
     0
440
 16777216
370
    18
100
AcDbLine
 10
24102.72687681116
 20
-25958.82785413509
 30
0.0
 11
24102.72687681116
 21
-25658.82785413509
 31
0.0
  0
MTEXT
  5
FEA
330
CAE
100
AcDbEntity
  8
PUB_DIM
 62
     7
440
 16777216
100
AcDbMText
 10
23827.72687681019
 20
-26328.82785413507
 30
0.0
 40
350.0
 41
0.0
 46
0.0
 71
     5
 72
     1
  1
\A1;300
  7
TSSD_REIN_T3
 11
0.0000000000000001
 21
1.0
 31
0.0
 73
     1
 44
1.0
  0
INSERT
  5
FEB
330
CAE
100
AcDbEntity
  8
PUB_DIM
 62
     0
440
 16777216
370
    18
100
AcDbBlockReference
  2
_ArchTick
 10
24102.72687681116
 20
-25958.82785413509
 30
0.0
 41
150.0
 42
150.0
 43
150.0
 50
270.0
  0
INSERT
  5
FEC
330
CAE
100
AcDbEntity
  8
PUB_DIM
 62
     0
440
 16777216
370
    18
100
AcDbBlockReference
  2
_ArchTick
 10
24102.72687681116
 20
-25658.82785413509
 30
0.0
 41
150.0
 42
150.0
 43
150.0
 50
90.0
  0
POINT
  5
FED
330
CAE
100
AcDbEntity
  8
Defpoints
 62
     0
440
 16777216
100
AcDbPoint
 10
24831.0151847806
 20
-25958.82785413509
 30
0.0
  0
POINT
  5
FEE
330
CAE
100
AcDbEntity
  8
Defpoints
 62
     0
440
 16777216
100
AcDbPoint
 10
24831.0151847806
 20
-25658.82785413509
 30
0.0
  0
POINT
  5
FEF
330
CAE
100
AcDbEntity
  8
Defpoints
 62
     0
440
 16777216
100
AcDbPoint
 10
24102.72687681116
 20
-25658.82785413509
 30
0.0
  0
ENDBLK
  5
CB0
330
CAE
100
AcDbEntity
  8
0
100
AcDbBlockEnd
  0
BLOCK
  5
CBB
330
CBA
100
AcDbEntity
  8
0
100
AcDbBlockBegin
  2
*D121
 70
     1
 10
0.0
 20
0.0
 30
0.0
  3
*D121
  1

  0
LINE
  5
FF0
330
CBA
100
AcDbEntity
  8
PUB_DIM
 62
     0
440
 16777216
370
    18
100
AcDbLine
 10
24103.72687681117
 20
-25658.82785413509
 30
0.0
 11
24002.72687681117
 21
-25658.82785413509
 31
0.0
  0
LINE
  5
FF1
330
CBA
100
AcDbEntity
  8
PUB_DIM
 62
     0
440
 16777216
370
    18
100
AcDbLine
 10
24103.72687681116
 20
-23258.82785413508
 30
0.0
 11
24002.72687681116
 21
-23258.82785413508
 31
0.0
  0
LINE
  5
FF2
330
CBA
100
AcDbEntity
  8
PUB_DIM
 62
     0
440
 16777216
370
    18
100
AcDbLine
 10
24102.72687681116
 20
-25658.82785413509
 30
0.0
 11
24102.72687681116
 21
-23258.82785413508
 31
0.0
  0
INSERT
  5
FF3
330
CBA
100
AcDbEntity
  8
PUB_DIM
 62
     0
440
 16777216
370
    18
100
AcDbBlockReference
  2
_ArchTick
 10
24102.72687681116
 20
-25658.82785413509
 30
0.0
 41
150.0
 42
150.0
 43
150.0
 50
270.0
  0
INSERT
  5
FF4
330
CBA
100
AcDbEntity
  8
PUB_DIM
 62
     0
440
 16777216
370
    18
100
AcDbBlockReference
  2
_ArchTick
 10
24102.72687681116
 20
-23258.82785413508
 30
0.0
 41
150.0
 42
150.0
 43
150.0
 50
90.0
  0
MTEXT
  5
FF5
330
CBA
100
AcDbEntity
  8
PUB_DIM
 62
     7
440
 16777216
100
AcDbMText
 10
23827.72687681115
 20
-24458.82785413509
 30
0.0
 40
350.0
 41
0.0
 46
0.0
 71
     5
 72
     1
  1
\A1;2400
  7
TSSD_REIN_T3
 11
0.0000000000000001
 21
1.0
 31
0.0
 73
     1
 44
1.0
  0
POINT
  5
FF6
330
CBA
100
AcDbEntity
  8
Defpoints
 62
     0
440
 16777216
100
AcDbPoint
 10
24831.0151847806
 20
-25658.82785413509
 30
0.0
  0
POINT
  5
FF7
330
CBA
100
AcDbEntity
  8
Defpoints
 62
     0
440
 16777216
100
AcDbPoint
 10
24831.0151847806
 20
-23258.82785413508
 30
0.0
  0
POINT
  5
FF8
330
CBA
100
AcDbEntity
  8
Defpoints
 62
     0
440
 16777216
100
AcDbPoint
 10
24102.72687681116
 20
-23258.82785413508
 30
0.0
  0
ENDBLK
  5
CBC
330
CBA
100
AcDbEntity
  8
0
100
AcDbBlockEnd
  0
BLOCK
  5
CC7
330
CC6
100
AcDbEntity
  8
0
100
AcDbBlockBegin
  2
*D122
 70
     1
 10
0.0
 20
0.0
 30
0.0
  3
*D122
  1

  0
LINE
  5
FF9
330
CC6
100
AcDbEntity
  8
PUB_DIM
 62
     0
440
 16777216
370
    18
100
AcDbLine
 10
24103.72687681116
 20
-23258.82785413508
 30
0.0
 11
24002.72687681116
 21
-23258.82785413508
 31
0.0
  0
LINE
  5
FFA
330
CC6
100
AcDbEntity
  8
PUB_DIM
 62
     0
440
 16777216
370
    18
100
AcDbLine
 10
24103.72687681116
 20
-22628.86209724472
 30
0.0
 11
24002.72687681116
 21
-22628.86209724472
 31
0.0
  0
LINE
  5
FFB
330
CC6
100
AcDbEntity
  8
PUB_DIM
 62
     0
440
 16777216
370
    18
100
AcDbLine
 10
24102.72687681116
 20
-23258.82785413508
 30
0.0
 11
24102.72687681116
 21
-23408.82785413509
 31
0.0
  0
LINE
  5
FFC
330
CC6
100
AcDbEntity
  8
PUB_DIM
 62
     0
440
 16777216
370
    18
100
AcDbLine
 10
24102.72687681116
 20
-22628.86209724472
 30
0.0
 11
24102.72687681116
 21
-22478.86209724472
 31
0.0
  0
LINE
  5
FFD
330
CC6
100
AcDbEntity
  8
PUB_DIM
 62
     0
440
 16777216
370
    18
100
AcDbLine
 10
24102.72687681116
 20
-23258.82785413508
 30
0.0
 11
24102.72687681116
 21
-22628.86209724472
 31
0.0
  0
INSERT
  5
FFE
330
CC6
100
AcDbEntity
  8
PUB_DIM
 62
     0
440
 16777216
370
    18
100
AcDbBlockReference
  2
_ArchTick
 10
24102.72687681116
 20
-23258.82785413508
 30
0.0
 41
150.0
 42
150.0
 43
150.0
 50
90.0
  0
INSERT
  5
FFF
330
CC6
100
AcDbEntity
  8
PUB_DIM
 62
     0
440
 16777216
370
    18
100
AcDbBlockReference
  2
_ArchTick
 10
24102.72687681116
 20
-22628.86209724472
 30
0.0
 41
150.0
 42
150.0
 43
150.0
 50
270.0
  0
MTEXT
  5
1000
330
CC6
100
AcDbEntity
  8
PUB_DIM
 62
     7
440
 16777216
100
AcDbMText
 10
23827.72687681115
 20
-22943.8449756899
 30
0.0
 40
350.0
 41
0.0
 46
0.0
 71
     5
 72
     1
  1
\A1;630
  7
TSSD_REIN_T3
 11
0.0000000000000001
 21
1.0
 31
0.0
 73
     1
 44
1.0
  0
POINT
  5
1001
330
CC6
100
AcDbEntity
  8
Defpoints
 62
     0
440
 16777216
100
AcDbPoint
 10
24831.0151847806
 20
-23258.82785413508
 30
0.0
  0
POINT
  5
1002
330
CC6
100
AcDbEntity
  8
Defpoints
 62
     0
440
 16777216
100
AcDbPoint
 10
24831.0151847806
 20
-22628.86209724472
 30
0.0
  0
POINT
  5
1003
330
CC6
100
AcDbEntity
  8
Defpoints
 62
     0
440
 16777216
100
AcDbPoint
 10
24102.72687681116
 20
-22628.86209724472
 30
0.0
  0
ENDBLK
  5
CC8
330
CC6
100
AcDbEntity
  8
0
100
AcDbBlockEnd
  0
BLOCK
  5
CD5
330
CD4
100
AcDbEntity
  8
0
100
AcDbBlockBegin
  2
*D123
 70
     1
 10
0.0
 20
0.0
 30
0.0
  3
*D123
  1

  0
LINE
  5
1004
330
CD4
100
AcDbEntity
  8
PUB_DIM
 62
     0
440
 16777216
370
    18
100
AcDbLine
 10
24103.72687681116
 20
-22628.86209724472
 30
0.0
 11
24002.72687681116
 21
-22628.86209724472
 31
0.0
  0
LINE
  5
1005
330
CD4
100
AcDbEntity
  8
PUB_DIM
 62
     0
440
 16777216
370
    18
100
AcDbLine
 10
24103.72687681116
 20
-21958.82785413509
 30
0.0
 11
24002.72687681116
 21
-21958.82785413509
 31
0.0
  0
LINE
  5
1006
330
CD4
100
AcDbEntity
  8
PUB_DIM
 62
     0
440
 16777216
370
    18
100
AcDbLine
 10
24102.72687681116
 20
-22628.86209724472
 30
0.0
 11
24102.72687681116
 21
-22778.86209724472
 31
0.0
  0
LINE
  5
1007
330
CD4
100
AcDbEntity
  8
PUB_DIM
 62
     0
440
 16777216
370
    18
100
AcDbLine
 10
24102.72687681116
 20
-21958.82785413509
 30
0.0
 11
24102.72687681116
 21
-21808.82785413508
 31
0.0
  0
LINE
  5
1008
330
CD4
100
AcDbEntity
  8
PUB_DIM
 62
     0
440
 16777216
370
    18
100
AcDbLine
 10
24102.72687681116
 20
-22628.86209724472
 30
0.0
 11
24102.72687681116
 21
-21958.82785413509
 31
0.0
  0
INSERT
  5
1009
330
CD4
100
AcDbEntity
  8
PUB_DIM
 62
     0
440
 16777216
370
    18
100
AcDbBlockReference
  2
_ArchTick
 10
24102.72687681116
 20
-22628.86209724472
 30
0.0
 41
150.0
 42
150.0
 43
150.0
 50
90.0
  0
INSERT
  5
100A
330
CD4
100
AcDbEntity
  8
PUB_DIM
 62
     0
440
 16777216
370
    18
100
AcDbBlockReference
  2
_ArchTick
 10
24102.72687681116
 20
-21958.82785413509
 30
0.0
 41
150.0
 42
150.0
 43
150.0
 50
270.0
  0
MTEXT
  5
100B
330
CD4
100
AcDbEntity
  8
PUB_DIM
 62
     7
440
 16777216
100
AcDbMText
 10
23827.72687681115
 20
-22293.8449756899
 30
0.0
 40
350.0
 41
0.0
 46
0.0
 71
     5
 72
     1
  1
\A1;670
  7
TSSD_REIN_T3
 11
0.0000000000000001
 21
1.0
 31
0.0
 73
     1
 44
1.0
  0
POINT
  5
100C
330
CD4
100
AcDbEntity
  8
Defpoints
 62
     0
440
 16777216
100
AcDbPoint
 10
24831.0151847806
 20
-22628.86209724472
 30
0.0
  0
POINT
  5
100D
330
CD4
100
AcDbEntity
  8
Defpoints
 62
     0
440
 16777216
100
AcDbPoint
 10
24831.0151847806
 20
-21958.82785413508
 30
0.0
  0
POINT
  5
100E
330
CD4
100
AcDbEntity
  8
Defpoints
 62
     0
440
 16777216
100
AcDbPoint
 10
24102.72687681116
 20
-21958.82785413509
 30
0.0
  0
ENDBLK
  5
CD6
330
CD4
100
AcDbEntity
  8
0
100
AcDbBlockEnd
  0
BLOCK
  5
CE3
330
CE2
100
AcDbEntity
  8
0
100
AcDbBlockBegin
  2
*D124
 70
     1
 10
0.0
 20
0.0
 30
0.0
  3
*D124
  1

  0
LINE
  5
100F
330
CE2
100
AcDbEntity
  8
PUB_DIM
 62
     0
440
 16777216
370
    18
100
AcDbLine
 10
24103.72687681116
 20
-21958.82785413509
 30
0.0
 11
24002.72687681116
 21
-21958.82785413509
 31
0.0
  0
LINE
  5
1010
330
CE2
100
AcDbEntity
  8
PUB_DIM
 62
     0
440
 16777216
370
    18
100
AcDbLine
 10
24103.72687681116
 20
-21658.82785413509
 30
0.0
 11
24002.72687681116
 21
-21658.82785413509
 31
0.0
  0
LINE
  5
1011
330
CE2
100
AcDbEntity
  8
PUB_DIM
 62
     0
440
 16777216
370
    18
100
AcDbLine
 10
24102.72687681116
 20
-21958.82785413509
 30
0.0
 11
24102.72687681116
 21
-21658.82785413509
 31
0.0
  0
MTEXT
  5
1012
330
CE2
100
AcDbEntity
  8
PUB_DIM
 62
     7
440
 16777216
100
AcDbMText
 10
23477.72687681019
 20
-21808.82785413507
 30
0.0
 40
350.0
 41
0.0
 46
0.0
 71
     5
 72
     1
  1
\A1;300
  7
TSSD_REIN_T3
 11
0.0000000000000001
 21
1.0
 31
0.0
 73
     1
 44
1.0
  0
INSERT
  5
1013
330
CE2
100
AcDbEntity
  8
PUB_DIM
 62
     0
440
 16777216
370
    18
100
AcDbBlockReference
  2
_ArchTick
 10
24102.72687681116
 20
-21958.82785413509
 30
0.0
 41
150.0
 42
150.0
 43
150.0
 50
270.0
  0
INSERT
  5
1014
330
CE2
100
AcDbEntity
  8
PUB_DIM
 62
     0
440
 16777216
370
    18
100
AcDbBlockReference
  2
_ArchTick
 10
24102.72687681116
 20
-21658.82785413509
 30
0.0
 41
150.0
 42
150.0
 43
150.0
 50
90.0
  0
POINT
  5
1015
330
CE2
100
AcDbEntity
  8
Defpoints
 62
     0
440
 16777216
100
AcDbPoint
 10
24831.0151847806
 20
-21958.82785413508
 30
0.0
  0
POINT
  5
1016
330
CE2
100
AcDbEntity
  8
Defpoints
 62
     0
440
 16777216
100
AcDbPoint
 10
24831.0151847806
 20
-21658.82785413508
 30
0.0
  0
POINT
  5
1017
330
CE2
100
AcDbEntity
  8
Defpoints
 62
     0
440
 16777216
100
AcDbPoint
 10
24102.72687681116
 20
-21658.82785413509
 30
0.0
  0
ENDBLK
  5
CE4
330
CE2
100
AcDbEntity
  8
0
100
AcDbBlockEnd
  0
BLOCK
  5
CEF
330
CEE
100
AcDbEntity
  8
0
100
AcDbBlockBegin
  2
*D125
 70
     1
 10
0.0
 20
0.0
 30
0.0
  3
*D125
  1

  0
LINE
  5
1018
330
CEE
100
AcDbEntity
  8
PUB_DIM
 62
     0
440
 16777216
370
    18
100
AcDbLine
 10
24103.72687681116
 20
-21658.82785413509
 30
0.0
 11
24002.72687681116
 21
-21658.82785413509
 31
0.0
  0
LINE
  5
1019
330
CEE
100
AcDbEntity
  8
PUB_DIM
 62
     0
440
 16777216
370
    18
100
AcDbLine
 10
24103.72687681116
 20
-21258.82785413369
 30
0.0
 11
24002.72687681116
 21
-21258.82785413369
 31
0.0
  0
LINE
  5
101A
330
CEE
100
AcDbEntity
  8
PUB_DIM
 62
     0
440
 16777216
370
    18
100
AcDbLine
 10
24102.72687681116
 20
-21658.82785413509
 30
0.0
 11
24102.72687681116
 21
-21258.82785413369
 31
0.0
  0
MTEXT
  5
101B
330
CEE
100
AcDbEntity
  8
PUB_DIM
 62
     7
440
 16777216
100
AcDbMText
 10
23827.72687681019
 20
-20888.82785413368
 30
0.0
 40
350.0
 41
0.0
 46
0.0
 71
     5
 72
     1
  1
\A1;400
  7
TSSD_REIN_T3
 11
0.0000000000000001
 21
1.0
 31
0.0
 73
     1
 44
1.0
  0
INSERT
  5
101C
330
CEE
100
AcDbEntity
  8
PUB_DIM
 62
     0
440
 16777216
370
    18
100
AcDbBlockReference
  2
_ArchTick
 10
24102.72687681116
 20
-21658.82785413509
 30
0.0
 41
150.0
 42
150.0
 43
150.0
 50
270.0
  0
INSERT
  5
101D
330
CEE
100
AcDbEntity
  8
PUB_DIM
 62
     0
440
 16777216
370
    18
100
AcDbBlockReference
  2
_ArchTick
 10
24102.72687681116
 20
-21258.82785413369
 30
0.0
 41
150.0
 42
150.0
 43
150.0
 50
90.0
  0
POINT
  5
101E
330
CEE
100
AcDbEntity
  8
Defpoints
 62
     0
440
 16777216
100
AcDbPoint
 10
24831.0151847806
 20
-21658.82785413508
 30
0.0
  0
POINT
  5
101F
330
CEE
100
AcDbEntity
  8
Defpoints
 62
     0
440
 16777216
100
AcDbPoint
 10
24831.0151847806
 20
-21258.82785413368
 30
0.0
  0
POINT
  5
1020
330
CEE
100
AcDbEntity
  8
Defpoints
 62
     0
440
 16777216
100
AcDbPoint
 10
24102.72687681116
 20
-21258.82785413369
 30
0.0
  0
ENDBLK
  5
CF0
330
CEE
100
AcDbEntity
  8
0
100
AcDbBlockEnd
  0
BLOCK
  5
CFB
330
CFA
100
AcDbEntity
  8
0
100
AcDbBlockBegin
  2
*D126
 70
     1
 10
0.0
 20
0.0
 30
0.0
  3
*D126
  1

  0
LINE
  5
1021
330
CFA
100
AcDbEntity
  8
PUB_DIM
 62
     0
440
 16777216
370
    18
100
AcDbLine
 10
34809.97507511084
 20
-25958.82785413509
 30
0.0
 11
34910.97507511084
 21
-25958.82785413509
 31
0.0
  0
LINE
  5
1022
330
CFA
100
AcDbEntity
  8
PUB_DIM
 62
     0
440
 16777216
370
    18
100
AcDbLine
 10
34809.97507511084
 20
-25658.82785413509
 30
0.0
 11
34910.97507511084
 21
-25658.82785413509
 31
0.0
  0
LINE
  5
1023
330
CFA
100
AcDbEntity
  8
PUB_DIM
 62
     0
440
 16777216
370
    18
100
AcDbLine
 10
34810.97507511084
 20
-25958.82785413509
 30
0.0
 11
34810.97507511084
 21
-25658.82785413509
 31
0.0
  0
MTEXT
  5
1024
330
CFA
100
AcDbEntity
  8
PUB_DIM
 62
     7
440
 16777216
100
AcDbMText
 10
34185.97507510986
 20
-25808.82785413507
 30
0.0
 40
350.0
 41
0.0
 46
0.0
 71
     5
 72
     1
  1
\A1;300
  7
TSSD_REIN_T3
 11
0.0000000000000001
 21
1.0
 31
0.0
 73
     1
 44
1.0
  0
INSERT
  5
1025
330
CFA
100
AcDbEntity
  8
PUB_DIM
 62
     0
440
 16777216
370
    18
100
AcDbBlockReference
  2
_ArchTick
 10
34810.97507511084
 20
-25958.82785413509
 30
0.0
 41
150.0
 42
150.0
 43
150.0
 50
270.0
  0
INSERT
  5
1026
330
CFA
100
AcDbEntity
  8
PUB_DIM
 62
     0
440
 16777216
370
    18
100
AcDbBlockReference
  2
_ArchTick
 10
34810.97507511084
 20
-25658.82785413509
 30
0.0
 41
150.0
 42
150.0
 43
150.0
 50
90.0
  0
POINT
  5
1027
330
CFA
100
AcDbEntity
  8
Defpoints
 62
     0
440
 16777216
100
AcDbPoint
 10
33999.35264765939
 20
-25958.82785413509
 30
0.0
  0
POINT
  5
1028
330
CFA
100
AcDbEntity
  8
Defpoints
 62
     0
440
 16777216
100
AcDbPoint
 10
33999.35264765939
 20
-25658.82785413509
 30
0.0
  0
POINT
  5
1029
330
CFA
100
AcDbEntity
  8
Defpoints
 62
     0
440
 16777216
100
AcDbPoint
 10
34810.97507511084
 20
-25658.82785413509
 30
0.0
  0
ENDBLK
  5
CFC
330
CFA
100
AcDbEntity
  8
0
100
AcDbBlockEnd
  0
BLOCK
  5
D07
330
D06
100
AcDbEntity
  8
0
100
AcDbBlockBegin
  2
*D127
 70
     1
 10
0.0
 20
0.0
 30
0.0
  3
*D127
  1

  0
LINE
  5
102A
330
D06
100
AcDbEntity
  8
PUB_DIM
 62
     0
440
 16777216
370
    18
100
AcDbLine
 10
34809.97507511084
 20
-25658.82785413509
 30
0.0
 11
34910.97507511084
 21
-25658.82785413509
 31
0.0
  0
LINE
  5
102B
330
D06
100
AcDbEntity
  8
PUB_DIM
 62
     0
440
 16777216
370
    18
100
AcDbLine
 10
34809.97507511084
 20
-24658.82785413509
 30
0.0
 11
34910.97507511084
 21
-24658.82785413509
 31
0.0
  0
LINE
  5
102C
330
D06
100
AcDbEntity
  8
PUB_DIM
 62
     0
440
 16777216
370
    18
100
AcDbLine
 10
34810.97507511084
 20
-25658.82785413509
 30
0.0
 11
34810.97507511084
 21
-24658.82785413509
 31
0.0
  0
INSERT
  5
102D
330
D06
100
AcDbEntity
  8
PUB_DIM
 62
     0
440
 16777216
370
    18
100
AcDbBlockReference
  2
_ArchTick
 10
34810.97507511084
 20
-25658.82785413509
 30
0.0
 41
150.0
 42
150.0
 43
150.0
 50
270.0
  0
INSERT
  5
102E
330
D06
100
AcDbEntity
  8
PUB_DIM
 62
     0
440
 16777216
370
    18
100
AcDbBlockReference
  2
_ArchTick
 10
34810.97507511084
 20
-24658.82785413509
 30
0.0
 41
150.0
 42
150.0
 43
150.0
 50
90.0
  0
MTEXT
  5
102F
330
D06
100
AcDbEntity
  8
PUB_DIM
 62
     7
440
 16777216
100
AcDbMText
 10
34535.97507511082
 20
-25158.82785413509
 30
0.0
 40
350.0
 41
0.0
 46
0.0
 71
     5
 72
     1
  1
\A1;1000
  7
TSSD_REIN_T3
 11
0.0000000000000001
 21
1.0
 31
0.0
 73
     1
 44
1.0
  0
POINT
  5
1030
330
D06
100
AcDbEntity
  8
Defpoints
 62
     0
440
 16777216
100
AcDbPoint
 10
33999.35264765939
 20
-25658.82785413509
 30
0.0
  0
POINT
  5
1031
330
D06
100
AcDbEntity
  8
Defpoints
 62
     0
440
 16777216
100
AcDbPoint
 10
33999.35264765939
 20
-24658.82785413509
 30
0.0
  0
POINT
  5
1032
330
D06
100
AcDbEntity
  8
Defpoints
 62
     0
440
 16777216
100
AcDbPoint
 10
34810.97507511084
 20
-24658.82785413509
 30
0.0
  0
ENDBLK
  5
D08
330
D06
100
AcDbEntity
  8
0
100
AcDbBlockEnd
  0
BLOCK
  5
D13
330
D12
100
AcDbEntity
  8
0
100
AcDbBlockBegin
  2
*D128
 70
     1
 10
0.0
 20
0.0
 30
0.0
  3
*D128
  1

  0
LINE
  5
1033
330
D12
100
AcDbEntity
  8
PUB_DIM
 62
     0
440
 16777216
370
    18
100
AcDbLine
 10
34809.97507511084
 20
-24658.82785413509
 30
0.0
 11
34910.97507511084
 21
-24658.82785413509
 31
0.0
  0
LINE
  5
1034
330
D12
100
AcDbEntity
  8
PUB_DIM
 62
     0
440
 16777216
370
    18
100
AcDbLine
 10
34809.97507511084
 20
-22858.82785413462
 30
0.0
 11
34910.97507511084
 21
-22858.82785413462
 31
0.0
  0
LINE
  5
1035
330
D12
100
AcDbEntity
  8
PUB_DIM
 62
     0
440
 16777216
370
    18
100
AcDbLine
 10
34810.97507511084
 20
-24658.82785413509
 30
0.0
 11
34810.97507511084
 21
-22858.82785413462
 31
0.0
  0
INSERT
  5
1036
330
D12
100
AcDbEntity
  8
PUB_DIM
 62
     0
440
 16777216
370
    18
100
AcDbBlockReference
  2
_ArchTick
 10
34810.97507511084
 20
-24658.82785413509
 30
0.0
 41
150.0
 42
150.0
 43
150.0
 50
270.0
  0
INSERT
  5
1037
330
D12
100
AcDbEntity
  8
PUB_DIM
 62
     0
440
 16777216
370
    18
100
AcDbBlockReference
  2
_ArchTick
 10
34810.97507511084
 20
-22858.82785413462
 30
0.0
 41
150.0
 42
150.0
 43
150.0
 50
90.0
  0
MTEXT
  5
1038
330
D12
100
AcDbEntity
  8
PUB_DIM
 62
     7
440
 16777216
100
AcDbMText
 10
34535.97507511082
 20
-23758.82785413486
 30
0.0
 40
350.0
 41
0.0
 46
0.0
 71
     5
 72
     1
  1
\A1;1800
  7
TSSD_REIN_T3
 11
0.0000000000000001
 21
1.0
 31
0.0
 73
     1
 44
1.0
  0
POINT
  5
1039
330
D12
100
AcDbEntity
  8
Defpoints
 62
     0
440
 16777216
100
AcDbPoint
 10
33999.35264765939
 20
-24658.82785413509
 30
0.0
  0
POINT
  5
103A
330
D12
100
AcDbEntity
  8
Defpoints
 62
     0
440
 16777216
100
AcDbPoint
 10
33999.35264765939
 20
-22858.82785413462
 30
0.0
  0
POINT
  5
103B
330
D12
100
AcDbEntity
  8
Defpoints
 62
     0
440
 16777216
100
AcDbPoint
 10
34810.97507511084
 20
-22858.82785413462
 30
0.0
  0
ENDBLK
  5
D14
330
D12
100
AcDbEntity
  8
0
100
AcDbBlockEnd
  0
BLOCK
  5
D1F
330
D1E
100
AcDbEntity
  8
0
100
AcDbBlockBegin
  2
*D129
 70
     1
 10
0.0
 20
0.0
 30
0.0
  3
*D129
  1

  0
LINE
  5
103C
330
D1E
100
AcDbEntity
  8
PUB_DIM
 62
     0
440
 16777216
370
    18
100
AcDbLine
 10
34809.97507511084
 20
-22858.82785413462
 30
0.0
 11
34910.97507511084
 21
-22858.82785413462
 31
0.0
  0
LINE
  5
103D
330
D1E
100
AcDbEntity
  8
PUB_DIM
 62
     0
440
 16777216
370
    18
100
AcDbLine
 10
34809.97507511084
 20
-21958.82785413508
 30
0.0
 11
34910.97507511084
 21
-21958.82785413508
 31
0.0
  0
LINE
  5
103E
330
D1E
100
AcDbEntity
  8
PUB_DIM
 62
     0
440
 16777216
370
    18
100
AcDbLine
 10
34810.97507511084
 20
-22858.82785413462
 30
0.0
 11
34810.97507511084
 21
-21958.82785413508
 31
0.0
  0
INSERT
  5
103F
330
D1E
100
AcDbEntity
  8
PUB_DIM
 62
     0
440
 16777216
370
    18
100
AcDbBlockReference
  2
_ArchTick
 10
34810.97507511084
 20
-22858.82785413462
 30
0.0
 41
150.0
 42
150.0
 43
150.0
 50
270.0
  0
INSERT
  5
1040
330
D1E
100
AcDbEntity
  8
PUB_DIM
 62
     0
440
 16777216
370
    18
100
AcDbBlockReference
  2
_ArchTick
 10
34810.97507511084
 20
-21958.82785413508
 30
0.0
 41
150.0
 42
150.0
 43
150.0
 50
90.0
  0
MTEXT
  5
1041
330
D1E
100
AcDbEntity
  8
PUB_DIM
 62
     7
440
 16777216
100
AcDbMText
 10
34535.97507511082
 20
-22408.82785413486
 30
0.0
 40
350.0
 41
0.0
 46
0.0
 71
     5
 72
     1
  1
\A1;900
  7
TSSD_REIN_T3
 11
0.0000000000000001
 21
1.0
 31
0.0
 73
     1
 44
1.0
  0
POINT
  5
1042
330
D1E
100
AcDbEntity
  8
Defpoints
 62
     0
440
 16777216
100
AcDbPoint
 10
33999.35264765939
 20
-22858.82785413462
 30
0.0
  0
POINT
  5
1043
330
D1E
100
AcDbEntity
  8
Defpoints
 62
     0
440
 16777216
100
AcDbPoint
 10
33999.35264765939
 20
-21958.82785413508
 30
0.0
  0
POINT
  5
1044
330
D1E
100
AcDbEntity
  8
Defpoints
 62
     0
440
 16777216
100
AcDbPoint
 10
34810.97507511084
 20
-21958.82785413508
 30
0.0
  0
ENDBLK
  5
D20
330
D1E
100
AcDbEntity
  8
0
100
AcDbBlockEnd
  0
BLOCK
  5
D2B
330
D2A
100
AcDbEntity
  8
0
100
AcDbBlockBegin
  2
*D130
 70
     1
 10
0.0
 20
0.0
 30
0.0
  3
*D130
  1

  0
LINE
  5
1045
330
D2A
100
AcDbEntity
  8
PUB_DIM
 62
     0
440
 16777216
370
    18
100
AcDbLine
 10
34809.97507511084
 20
-21958.82785413508
 30
0.0
 11
34910.97507511084
 21
-21958.82785413508
 31
0.0
  0
LINE
  5
1046
330
D2A
100
AcDbEntity
  8
PUB_DIM
 62
     0
440
 16777216
370
    18
100
AcDbLine
 10
34809.97507511084
 20
-21658.82785413508
 30
0.0
 11
34910.97507511084
 21
-21658.82785413508
 31
0.0
  0
LINE
  5
1047
330
D2A
100
AcDbEntity
  8
PUB_DIM
 62
     0
440
 16777216
370
    18
100
AcDbLine
 10
34810.97507511084
 20
-21958.82785413508
 30
0.0
 11
34810.97507511084
 21
-21658.82785413508
 31
0.0
  0
MTEXT
  5
1048
330
D2A
100
AcDbEntity
  8
PUB_DIM
 62
     7
440
 16777216
100
AcDbMText
 10
34185.97507510986
 20
-21808.82785413507
 30
0.0
 40
350.0
 41
0.0
 46
0.0
 71
     5
 72
     1
  1
\A1;300
  7
TSSD_REIN_T3
 11
0.0000000000000001
 21
1.0
 31
0.0
 73
     1
 44
1.0
  0
INSERT
  5
1049
330
D2A
100
AcDbEntity
  8
PUB_DIM
 62
     0
440
 16777216
370
    18
100
AcDbBlockReference
  2
_ArchTick
 10
34810.97507511084
 20
-21958.82785413508
 30
0.0
 41
150.0
 42
150.0
 43
150.0
 50
270.0
  0
INSERT
  5
104A
330
D2A
100
AcDbEntity
  8
PUB_DIM
 62
     0
440
 16777216
370
    18
100
AcDbBlockReference
  2
_ArchTick
 10
34810.97507511084
 20
-21658.82785413508
 30
0.0
 41
150.0
 42
150.0
 43
150.0
 50
90.0
  0
POINT
  5
104B
330
D2A
100
AcDbEntity
  8
Defpoints
 62
     0
440
 16777216
100
AcDbPoint
 10
33999.35264765939
 20
-21958.82785413508
 30
0.0
  0
POINT
  5
104C
330
D2A
100
AcDbEntity
  8
Defpoints
 62
     0
440
 16777216
100
AcDbPoint
 10
33999.35264765939
 20
-21658.82785413508
 30
0.0
  0
POINT
  5
104D
330
D2A
100
AcDbEntity
  8
Defpoints
 62
     0
440
 16777216
100
AcDbPoint
 10
34810.97507511084
 20
-21658.82785413508
 30
0.0
  0
ENDBLK
  5
D2C
330
D2A
100
AcDbEntity
  8
0
100
AcDbBlockEnd
  0
BLOCK
  5
D37
330
D36
100
AcDbEntity
  8
0
100
AcDbBlockBegin
  2
*D131
 70
     1
 10
0.0
 20
0.0
 30
0.0
  3
*D131
  1

  0
LINE
  5
104E
330
D36
100
AcDbEntity
  8
PUB_DIM
 62
     0
440
 16777216
370
    18
100
AcDbLine
 10
34809.97507511084
 20
-21658.82785413508
 30
0.0
 11
34910.97507511084
 21
-21658.82785413508
 31
0.0
  0
LINE
  5
104F
330
D36
100
AcDbEntity
  8
PUB_DIM
 62
     0
440
 16777216
370
    18
100
AcDbLine
 10
34809.97507511084
 20
-21258.82785413368
 30
0.0
 11
34910.97507511084
 21
-21258.82785413368
 31
0.0
  0
LINE
  5
1050
330
D36
100
AcDbEntity
  8
PUB_DIM
 62
     0
440
 16777216
370
    18
100
AcDbLine
 10
34810.97507511084
 20
-21658.82785413508
 30
0.0
 11
34810.97507511084
 21
-21258.82785413368
 31
0.0
  0
MTEXT
  5
1051
330
D36
100
AcDbEntity
  8
PUB_DIM
 62
     7
440
 16777216
100
AcDbMText
 10
34535.97507510986
 20
-20888.82785413368
 30
0.0
 40
350.0
 41
0.0
 46
0.0
 71
     5
 72
     1
  1
\A1;400
  7
TSSD_REIN_T3
 11
0.0000000000000001
 21
1.0
 31
0.0
 73
     1
 44
1.0
  0
INSERT
  5
1052
330
D36
100
AcDbEntity
  8
PUB_DIM
 62
     0
440
 16777216
370
    18
100
AcDbBlockReference
  2
_ArchTick
 10
34810.97507511084
 20
-21658.82785413508
 30
0.0
 41
150.0
 42
150.0
 43
150.0
 50
270.0
  0
INSERT
  5
1053
330
D36
100
AcDbEntity
  8
PUB_DIM
 62
     0
440
 16777216
370
    18
100
AcDbBlockReference
  2
_ArchTick
 10
34810.97507511084
 20
-21258.82785413368
 30
0.0
 41
150.0
 42
150.0
 43
150.0
 50
90.0
  0
POINT
  5
1054
330
D36
100
AcDbEntity
  8
Defpoints
 62
     0
440
 16777216
100
AcDbPoint
 10
33999.35264765939
 20
-21658.82785413508
 30
0.0
  0
POINT
  5
1055
330
D36
100
AcDbEntity
  8
Defpoints
 62
     0
440
 16777216
100
AcDbPoint
 10
33999.35264765939
 20
-21258.82785413368
 30
0.0
  0
POINT
  5
1056
330
D36
100
AcDbEntity
  8
Defpoints
 62
     0
440
 16777216
100
AcDbPoint
 10
34810.97507511084
 20
-21258.82785413368
 30
0.0
  0
ENDBLK
  5
D38
330
D36
100
AcDbEntity
  8
0
100
AcDbBlockEnd
  0
BLOCK
  5
D43
330
D42
100
AcDbEntity
  8
0
100
AcDbBlockBegin
  2
*D132
 70
     1
 10
0.0
 20
0.0
 30
0.0
  3
*D132
  1

  0
LINE
  5
1057
330
D42
100
AcDbEntity
  8
PUB_DIM
 62
     0
440
 16777216
370
    18
100
AcDbLine
 10
23401.55822626224
 20
-25958.82785413509
 30
0.0
 11
23300.55822626224
 21
-25958.82785413509
 31
0.0
  0
LINE
  5
1058
330
D42
100
AcDbEntity
  8
PUB_DIM
 62
     0
440
 16777216
370
    18
100
AcDbLine
 10
23401.55822626224
 20
-25658.82785413509
 30
0.0
 11
23300.55822626224
 21
-25658.82785413509
 31
0.0
  0
LINE
  5
1059
330
D42
100
AcDbEntity
  8
PUB_DIM
 62
     0
440
 16777216
370
    18
100
AcDbLine
 10
23400.55822626224
 20
-25958.82785413509
 30
0.0
 11
23400.55822626224
 21
-26108.82785413509
 31
0.0
  0
LINE
  5
105A
330
D42
100
AcDbEntity
  8
PUB_DIM
 62
     0
440
 16777216
370
    18
100
AcDbLine
 10
23400.55822626224
 20
-25658.82785413509
 30
0.0
 11
23400.55822626224
 21
-25508.82785413509
 31
0.0
  0
LINE
  5
105B
330
D42
100
AcDbEntity
  8
PUB_DIM
 62
     0
440
 16777216
370
    18
100
AcDbLine
 10
23400.55822626224
 20
-25958.82785413509
 30
0.0
 11
23400.55822626224
 21
-25658.82785413509
 31
0.0
  0
INSERT
  5
105C
330
D42
100
AcDbEntity
  8
PUB_DIM
 62
     0
440
 16777216
370
    18
100
AcDbBlockReference
  2
_ArchTick
 10
23400.55822626224
 20
-25958.82785413509
 30
0.0
 41
150.0
 42
150.0
 43
150.0
 50
90.0
  0
INSERT
  5
105D
330
D42
100
AcDbEntity
  8
PUB_DIM
 62
     0
440
 16777216
370
    18
100
AcDbBlockReference
  2
_ArchTick
 10
23400.55822626224
 20
-25658.82785413509
 30
0.0
 41
150.0
 42
150.0
 43
150.0
 50
270.0
  0
MTEXT
  5
105E
330
D42
100
AcDbEntity
  8
PUB_DIM
 62
     7
440
 16777216
100
AcDbMText
 10
23125.55822626223
 20
-25808.82785413509
 30
0.0
 40
350.0
 41
0.0
 46
0.0
 71
     5
 72
     1
  1
\A1;300
  7
TSSD_REIN_T3
 11
0.0000000000000001
 21
1.0
 31
0.0
 73
     1
 44
1.0
  0
POINT
  5
105F
330
D42
100
AcDbEntity
  8
Defpoints
 62
     0
440
 16777216
100
AcDbPoint
 10
24531.01518478059
 20
-25958.82785413509
 30
0.0
  0
POINT
  5
1060
330
D42
100
AcDbEntity
  8
Defpoints
 62
     0
440
 16777216
100
AcDbPoint
 10
24531.01518478059
 20
-25658.82785413509
 30
0.0
  0
POINT
  5
1061
330
D42
100
AcDbEntity
  8
Defpoints
 62
     0
440
 16777216
100
AcDbPoint
 10
23400.55822626224
 20
-25658.82785413509
 30
0.0
  0
ENDBLK
  5
D44
330
D42
100
AcDbEntity
  8
0
100
AcDbBlockEnd
  0
BLOCK
  5
D51
330
D50
100
AcDbEntity
  8
0
100
AcDbBlockBegin
  2
*D133
 70
     1
 10
0.0
 20
0.0
 30
0.0
  3
*D133
  1

  0
LINE
  5
1062
330
D50
100
AcDbEntity
  8
PUB_DIM
 62
     0
440
 16777216
370
    18
100
AcDbLine
 10
23401.55822626225
 20
-25658.82785413509
 30
0.0
 11
23300.55822626225
 21
-25658.82785413509
 31
0.0
  0
LINE
  5
1063
330
D50
100
AcDbEntity
  8
PUB_DIM
 62
     0
440
 16777216
370
    18
100
AcDbLine
 10
23401.55822626224
 20
-21658.82785413508
 30
0.0
 11
23300.55822626224
 21
-21658.82785413508
 31
0.0
  0
LINE
  5
1064
330
D50
100
AcDbEntity
  8
PUB_DIM
 62
     0
440
 16777216
370
    18
100
AcDbLine
 10
23400.55822626224
 20
-25658.82785413509
 30
0.0
 11
23400.55822626224
 21
-21658.82785413508
 31
0.0
  0
INSERT
  5
1065
330
D50
100
AcDbEntity
  8
PUB_DIM
 62
     0
440
 16777216
370
    18
100
AcDbBlockReference
  2
_ArchTick
 10
23400.55822626224
 20
-25658.82785413509
 30
0.0
 41
150.0
 42
150.0
 43
150.0
 50
270.0
  0
INSERT
  5
1066
330
D50
100
AcDbEntity
  8
PUB_DIM
 62
     0
440
 16777216
370
    18
100
AcDbBlockReference
  2
_ArchTick
 10
23400.55822626224
 20
-21658.82785413508
 30
0.0
 41
150.0
 42
150.0
 43
150.0
 50
90.0
  0
MTEXT
  5
1067
330
D50
100
AcDbEntity
  8
PUB_DIM
 62
     7
440
 16777216
100
AcDbMText
 10
23125.55822626223
 20
-23658.82785413508
 30
0.0
 40
350.0
 41
0.0
 46
0.0
 71
     5
 72
     1
  1
\A1;4000
  7
TSSD_REIN_T3
 11
0.0000000000000001
 21
1.0
 31
0.0
 73
     1
 44
1.0
  0
POINT
  5
1068
330
D50
100
AcDbEntity
  8
Defpoints
 62
     0
440
 16777216
100
AcDbPoint
 10
24531.01518478059
 20
-25658.82785413509
 30
0.0
  0
POINT
  5
1069
330
D50
100
AcDbEntity
  8
Defpoints
 62
     0
440
 16777216
100
AcDbPoint
 10
24531.01518478059
 20
-21658.82785413508
 30
0.0
  0
POINT
  5
106A
330
D50
100
AcDbEntity
  8
Defpoints
 62
     0
440
 16777216
100
AcDbPoint
 10
23400.55822626224
 20
-21658.82785413508
 30
0.0
  0
ENDBLK
  5
D52
330
D50
100
AcDbEntity
  8
0
100
AcDbBlockEnd
  0
BLOCK
  5
D5D
330
D5C
100
AcDbEntity
  8
0
100
AcDbBlockBegin
  2
*D134
 70
     1
 10
0.0
 20
0.0
 30
0.0
  3
*D134
  1

  0
LINE
  5
106B
330
D5C
100
AcDbEntity
  8
PUB_DIM
 62
     0
440
 16777216
370
    18
100
AcDbLine
 10
35433.34365521236
 20
-25958.82785413509
 30
0.0
 11
35534.34365521236
 21
-25958.82785413509
 31
0.0
  0
LINE
  5
106C
330
D5C
100
AcDbEntity
  8
PUB_DIM
 62
     0
440
 16777216
370
    18
100
AcDbLine
 10
35433.34365521236
 20
-25658.82785413509
 30
0.0
 11
35534.34365521236
 21
-25658.82785413509
 31
0.0
  0
LINE
  5
106D
330
D5C
100
AcDbEntity
  8
PUB_DIM
 62
     0
440
 16777216
370
    18
100
AcDbLine
 10
35434.34365521236
 20
-25958.82785413509
 30
0.0
 11
35434.34365521236
 21
-26108.82785413509
 31
0.0
  0
LINE
  5
106E
330
D5C
100
AcDbEntity
  8
PUB_DIM
 62
     0
440
 16777216
370
    18
100
AcDbLine
 10
35434.34365521236
 20
-25658.82785413509
 30
0.0
 11
35434.34365521236
 21
-25508.82785413509
 31
0.0
  0
LINE
  5
106F
330
D5C
100
AcDbEntity
  8
PUB_DIM
 62
     0
440
 16777216
370
    18
100
AcDbLine
 10
35434.34365521236
 20
-25958.82785413509
 30
0.0
 11
35434.34365521236
 21
-25658.82785413509
 31
0.0
  0
INSERT
  5
1070
330
D5C
100
AcDbEntity
  8
PUB_DIM
 62
     0
440
 16777216
370
    18
100
AcDbBlockReference
  2
_ArchTick
 10
35434.34365521236
 20
-25958.82785413509
 30
0.0
 41
150.0
 42
150.0
 43
150.0
 50
90.0
  0
INSERT
  5
1071
330
D5C
100
AcDbEntity
  8
PUB_DIM
 62
     0
440
 16777216
370
    18
100
AcDbBlockReference
  2
_ArchTick
 10
35434.34365521236
 20
-25658.82785413509
 30
0.0
 41
150.0
 42
150.0
 43
150.0
 50
270.0
  0
MTEXT
  5
1072
330
D5C
100
AcDbEntity
  8
PUB_DIM
 62
     7
440
 16777216
100
AcDbMText
 10
35159.34365521235
 20
-25808.82785413509
 30
0.0
 40
350.0
 41
0.0
 46
0.0
 71
     5
 72
     1
  1
\A1;300
  7
TSSD_REIN_T3
 11
0.0000000000000001
 21
1.0
 31
0.0
 73
     1
 44
1.0
  0
POINT
  5
1073
330
D5C
100
AcDbEntity
  8
Defpoints
 62
     0
440
 16777216
100
AcDbPoint
 10
34299.35264765938
 20
-25958.82785413509
 30
0.0
  0
POINT
  5
1074
330
D5C
100
AcDbEntity
  8
Defpoints
 62
     0
440
 16777216
100
AcDbPoint
 10
34299.35264765938
 20
-25658.82785413509
 30
0.0
  0
POINT
  5
1075
330
D5C
100
AcDbEntity
  8
Defpoints
 62
     0
440
 16777216
100
AcDbPoint
 10
35434.34365521236
 20
-25658.82785413509
 30
0.0
  0
ENDBLK
  5
D5E
330
D5C
100
AcDbEntity
  8
0
100
AcDbBlockEnd
  0
BLOCK
  5
D6B
330
D6A
100
AcDbEntity
  8
0
100
AcDbBlockBegin
  2
*D135
 70
     1
 10
0.0
 20
0.0
 30
0.0
  3
*D135
  1

  0
LINE
  5
1076
330
D6A
100
AcDbEntity
  8
PUB_DIM
 62
     0
440
 16777216
370
    18
100
AcDbLine
 10
35433.34365521236
 20
-25658.82785413509
 30
0.0
 11
35534.34365521236
 21
-25658.82785413509
 31
0.0
  0
LINE
  5
1077
330
D6A
100
AcDbEntity
  8
PUB_DIM
 62
     0
440
 16777216
370
    18
100
AcDbLine
 10
35433.34365521236
 20
-21658.82785413508
 30
0.0
 11
35534.34365521236
 21
-21658.82785413508
 31
0.0
  0
LINE
  5
1078
330
D6A
100
AcDbEntity
  8
PUB_DIM
 62
     0
440
 16777216
370
    18
100
AcDbLine
 10
35434.34365521236
 20
-25658.82785413509
 30
0.0
 11
35434.34365521236
 21
-21658.82785413508
 31
0.0
  0
INSERT
  5
1079
330
D6A
100
AcDbEntity
  8
PUB_DIM
 62
     0
440
 16777216
370
    18
100
AcDbBlockReference
  2
_ArchTick
 10
35434.34365521236
 20
-25658.82785413509
 30
0.0
 41
150.0
 42
150.0
 43
150.0
 50
270.0
  0
INSERT
  5
107A
330
D6A
100
AcDbEntity
  8
PUB_DIM
 62
     0
440
 16777216
370
    18
100
AcDbBlockReference
  2
_ArchTick
 10
35434.34365521236
 20
-21658.82785413508
 30
0.0
 41
150.0
 42
150.0
 43
150.0
 50
90.0
  0
MTEXT
  5
107B
330
D6A
100
AcDbEntity
  8
PUB_DIM
 62
     7
440
 16777216
100
AcDbMText
 10
35159.34365521235
 20
-23658.82785413509
 30
0.0
 40
350.0
 41
0.0
 46
0.0
 71
     5
 72
     1
  1
\A1;4000
  7
TSSD_REIN_T3
 11
0.0000000000000001
 21
1.0
 31
0.0
 73
     1
 44
1.0
  0
POINT
  5
107C
330
D6A
100
AcDbEntity
  8
Defpoints
 62
     0
440
 16777216
100
AcDbPoint
 10
34299.35264765938
 20
-25658.82785413509
 30
0.0
  0
POINT
  5
107D
330
D6A
100
AcDbEntity
  8
Defpoints
 62
     0
440
 16777216
100
AcDbPoint
 10
34299.35264765938
 20
-21658.82785413508
 30
0.0
  0
POINT
  5
107E
330
D6A
100
AcDbEntity
  8
Defpoints
 62
     0
440
 16777216
100
AcDbPoint
 10
35434.34365521236
 20
-21658.82785413508
 30
0.0
  0
ENDBLK
  5
D6C
330
D6A
100
AcDbEntity
  8
0
100
AcDbBlockEnd
  0
BLOCK
  5
D77
330
D76
100
AcDbEntity
  8
0
100
AcDbBlockBegin
  2
*D136
 70
     1
 10
0.0
 20
0.0
 30
0.0
  3
*D136
  1

  0
LINE
  5
107F
330
D76
100
AcDbEntity
  8
TWT_DIM
 62
     0
440
 16777216
370
    -2
100
AcDbLine
 10
20323.66230962705
 20
-14886.0796253453
 30
0.0
 11
20323.66230962705
 21
-15093.54826707346
 31
0.0
  0
LINE
  5
1080
330
D76
100
AcDbEntity
  8
TWT_DIM
 62
     0
440
 16777216
370
    -2
100
AcDbLine
 10
38023.66230962705
 20
-14886.0796253453
 30
0.0
 11
38023.66230962705
 21
-15093.54826707346
 31
0.0
  0
LINE
  5
1081
330
D76
100
AcDbEntity
  8
TWT_DIM
 62
     0
440
 16777216
370
    -2
100
AcDbLine
 10
20323.66230962705
 20
-14843.54826707346
 30
0.0
 11
38023.66230962705
 21
-14843.54826707346
 31
0.0
  0
INSERT
  5
1082
330
D76
100
AcDbEntity
  8
TWT_DIM
 62
     0
440
 16777216
370
    -2
100
AcDbBlockReference
  2
_ArchTick
 10
20323.66230962705
 20
-14843.54826707346
 30
0.0
 41
100.0
 42
100.0
 43
100.0
 50
180.0
  0
INSERT
  5
1083
330
D76
100
AcDbEntity
  8
TWT_DIM
 62
     0
440
 16777216
370
    -2
100
AcDbBlockReference
  2
_ArchTick
 10
38023.66230962705
 20
-14843.54826707346
 30
0.0
 41
100.0
 42
100.0
 43
100.0
  0
MTEXT
  5
1084
330
D76
100
AcDbEntity
  8
TWT_DIM
 62
     7
440
 16777216
100
AcDbMText
 10
29173.66230962705
 20
-14568.54826707346
 30
0.0
 40
297.5
 41
0.0
 46
0.0
 71
     5
 72
     1
  1
\A1;17700
  7
_TCH_DIM_T3
 73
     1
 44
1.0
  0
POINT
  5
1085
330
D76
100
AcDbEntity
  8
Defpoints
 62
     0
440
 16777216
100
AcDbPoint
 10
20323.66230962705
 20
-14586.0796253453
 30
0.0
  0
POINT
  5
1086
330
D76
100
AcDbEntity
  8
Defpoints
 62
     0
440
 16777216
100
AcDbPoint
 10
38023.66230962705
 20
-14586.0796253453
 30
0.0
  0
POINT
  5
1087
330
D76
100
AcDbEntity
  8
Defpoints
 62
     0
440
 16777216
100
AcDbPoint
 10
38023.66230962705
 20
-14843.54826707346
 30
0.0
  0
ENDBLK
  5
D78
330
D76
100
AcDbEntity
  8
0
100
AcDbBlockEnd
  0
BLOCK
  5
D83
330
D82
100
AcDbEntity
  8
0
100
AcDbBlockBegin
  2
*D137
 70
     1
 10
0.0
 20
0.0
 30
0.0
  3
*D137
  1

  0
LINE
  5
1088
330
D82
100
AcDbEntity
  8
PUB_DIM
 62
     0
440
 16777216
370
    18
100
AcDbLine
 10
18490.735954945
 20
-13422.42537556729
 30
0.0
 11
18389.735954945
 21
-13422.42537556729
 31
0.0
  0
LINE
  5
1089
330
D82
100
AcDbEntity
  8
PUB_DIM
 62
     0
440
 16777216
370
    18
100
AcDbLine
 10
18490.735954945
 20
-13122.42537556729
 30
0.0
 11
18389.735954945
 21
-13122.42537556729
 31
0.0
  0
LINE
  5
108A
330
D82
100
AcDbEntity
  8
PUB_DIM
 62
     0
440
 16777216
370
    18
100
AcDbLine
 10
18489.735954945
 20
-13422.42537556729
 30
0.0
 11
18489.735954945
 21
-13122.42537556729
 31
0.0
  0
MTEXT
  5
108B
330
D82
100
AcDbEntity
  8
PUB_DIM
 62
     7
440
 16777216
100
AcDbMText
 10
18214.73595494404
 20
-13792.42537556728
 30
0.0
 40
350.0
 41
0.0
 46
0.0
 71
     5
 72
     1
  1
\A1;300
  7
TSSD_REIN_T3
 11
0.0000000000000001
 21
1.0
 31
0.0
 73
     1
 44
1.0
  0
INSERT
  5
108C
330
D82
100
AcDbEntity
  8
PUB_DIM
 62
     0
440
 16777216
370
    18
100
AcDbBlockReference
  2
_ArchTick
 10
18489.735954945
 20
-13422.42537556729
 30
0.0
 41
150.0
 42
150.0
 43
150.0
 50
270.0
  0
INSERT
  5
108D
330
D82
100
AcDbEntity
  8
PUB_DIM
 62
     0
440
 16777216
370
    18
100
AcDbBlockReference
  2
_ArchTick
 10
18489.735954945
 20
-13122.42537556729
 30
0.0
 41
150.0
 42
150.0
 43
150.0
 50
90.0
  0
POINT
  5
108E
330
D82
100
AcDbEntity
  8
Defpoints
 62
     0
440
 16777216
100
AcDbPoint
 10
19218.02426291444
 20
-13422.42537556729
 30
0.0
  0
POINT
  5
108F
330
D82
100
AcDbEntity
  8
Defpoints
 62
     0
440
 16777216
100
AcDbPoint
 10
19218.02426291444
 20
-13122.42537556729
 30
0.0
  0
POINT
  5
1090
330
D82
100
AcDbEntity
  8
Defpoints
 62
     0
440
 16777216
100
AcDbPoint
 10
18489.735954945
 20
-13122.42537556729
 30
0.0
  0
ENDBLK
  5
D84
330
D82
100
AcDbEntity
  8
0
100
AcDbBlockEnd
  0
BLOCK
  5
D8F
330
D8E
100
AcDbEntity
  8
0
100
AcDbBlockBegin
  2
*D138
 70
     1
 10
0.0
 20
0.0
 30
0.0
  3
*D138
  1

  0
LINE
  5
1091
330
D8E
100
AcDbEntity
  8
PUB_DIM
 62
     0
440
 16777216
370
    18
100
AcDbLine
 10
18490.735954945
 20
-13122.42537556729
 30
0.0
 11
18389.735954945
 21
-13122.42537556729
 31
0.0
  0
LINE
  5
1092
330
D8E
100
AcDbEntity
  8
PUB_DIM
 62
     0
440
 16777216
370
    18
100
AcDbLine
 10
18490.735954945
 20
-12122.42537556728
 30
0.0
 11
18389.735954945
 21
-12122.42537556728
 31
0.0
  0
LINE
  5
1093
330
D8E
100
AcDbEntity
  8
PUB_DIM
 62
     0
440
 16777216
370
    18
100
AcDbLine
 10
18489.735954945
 20
-13122.42537556729
 30
0.0
 11
18489.735954945
 21
-12122.42537556728
 31
0.0
  0
INSERT
  5
1094
330
D8E
100
AcDbEntity
  8
PUB_DIM
 62
     0
440
 16777216
370
    18
100
AcDbBlockReference
  2
_ArchTick
 10
18489.735954945
 20
-13122.42537556729
 30
0.0
 41
150.0
 42
150.0
 43
150.0
 50
270.0
  0
INSERT
  5
1095
330
D8E
100
AcDbEntity
  8
PUB_DIM
 62
     0
440
 16777216
370
    18
100
AcDbBlockReference
  2
_ArchTick
 10
18489.735954945
 20
-12122.42537556728
 30
0.0
 41
150.0
 42
150.0
 43
150.0
 50
90.0
  0
MTEXT
  5
1096
330
D8E
100
AcDbEntity
  8
PUB_DIM
 62
     7
440
 16777216
100
AcDbMText
 10
18214.73595494499
 20
-12622.42537556729
 30
0.0
 40
350.0
 41
0.0
 46
0.0
 71
     5
 72
     1
  1
\A1;1000
  7
TSSD_REIN_T3
 11
0.0000000000000001
 21
1.0
 31
0.0
 73
     1
 44
1.0
  0
POINT
  5
1097
330
D8E
100
AcDbEntity
  8
Defpoints
 62
     0
440
 16777216
100
AcDbPoint
 10
19218.02426291444
 20
-13122.42537556729
 30
0.0
  0
POINT
  5
1098
330
D8E
100
AcDbEntity
  8
Defpoints
 62
     0
440
 16777216
100
AcDbPoint
 10
19218.02426291444
 20
-12122.42537556728
 30
0.0
  0
POINT
  5
1099
330
D8E
100
AcDbEntity
  8
Defpoints
 62
     0
440
 16777216
100
AcDbPoint
 10
18489.735954945
 20
-12122.42537556728
 30
0.0
  0
ENDBLK
  5
D90
330
D8E
100
AcDbEntity
  8
0
100
AcDbBlockEnd
  0
BLOCK
  5
D9B
330
D9A
100
AcDbEntity
  8
0
100
AcDbBlockBegin
  2
*D139
 70
     1
 10
0.0
 20
0.0
 30
0.0
  3
*D139
  1

  0
LINE
  5
109A
330
D9A
100
AcDbEntity
  8
PUB_DIM
 62
     0
440
 16777216
370
    18
100
AcDbLine
 10
18490.735954945
 20
-12122.42537556728
 30
0.0
 11
18389.735954945
 21
-12122.42537556728
 31
0.0
  0
LINE
  5
109B
330
D9A
100
AcDbEntity
  8
PUB_DIM
 62
     0
440
 16777216
370
    18
100
AcDbLine
 10
18490.735954945
 20
-10322.42537556729
 30
0.0
 11
18389.735954945
 21
-10322.42537556729
 31
0.0
  0
LINE
  5
109C
330
D9A
100
AcDbEntity
  8
PUB_DIM
 62
     0
440
 16777216
370
    18
100
AcDbLine
 10
18489.735954945
 20
-12122.42537556728
 30
0.0
 11
18489.735954945
 21
-10322.42537556729
 31
0.0
  0
INSERT
  5
109D
330
D9A
100
AcDbEntity
  8
PUB_DIM
 62
     0
440
 16777216
370
    18
100
AcDbBlockReference
  2
_ArchTick
 10
18489.735954945
 20
-12122.42537556728
 30
0.0
 41
150.0
 42
150.0
 43
150.0
 50
270.0
  0
INSERT
  5
109E
330
D9A
100
AcDbEntity
  8
PUB_DIM
 62
     0
440
 16777216
370
    18
100
AcDbBlockReference
  2
_ArchTick
 10
18489.735954945
 20
-10322.42537556729
 30
0.0
 41
150.0
 42
150.0
 43
150.0
 50
90.0
  0
MTEXT
  5
109F
330
D9A
100
AcDbEntity
  8
PUB_DIM
 62
     7
440
 16777216
100
AcDbMText
 10
18214.73595494499
 20
-11222.42537556729
 30
0.0
 40
350.0
 41
0.0
 46
0.0
 71
     5
 72
     1
  1
\A1;1800
  7
TSSD_REIN_T3
 11
0.0000000000000001
 21
1.0
 31
0.0
 73
     1
 44
1.0
  0
POINT
  5
10A0
330
D9A
100
AcDbEntity
  8
Defpoints
 62
     0
440
 16777216
100
AcDbPoint
 10
19218.02426291444
 20
-12122.42537556728
 30
0.0
  0
POINT
  5
10A1
330
D9A
100
AcDbEntity
  8
Defpoints
 62
     0
440
 16777216
100
AcDbPoint
 10
19218.02426291444
 20
-10322.42537556729
 30
0.0
  0
POINT
  5
10A2
330
D9A
100
AcDbEntity
  8
Defpoints
 62
     0
440
 16777216
100
AcDbPoint
 10
18489.735954945
 20
-10322.42537556729
 30
0.0
  0
ENDBLK
  5
D9C
330
D9A
100
AcDbEntity
  8
0
100
AcDbBlockEnd
  0
BLOCK
  5
DA7
330
DA6
100
AcDbEntity
  8
0
100
AcDbBlockBegin
  2
*D140
 70
     1
 10
0.0
 20
0.0
 30
0.0
  3
*D140
  1

  0
LINE
  5
10A3
330
DA6
100
AcDbEntity
  8
PUB_DIM
 62
     0
440
 16777216
370
    18
100
AcDbLine
 10
18490.735954945
 20
-10322.42537556729
 30
0.0
 11
18389.735954945
 21
-10322.42537556729
 31
0.0
  0
LINE
  5
10A4
330
DA6
100
AcDbEntity
  8
PUB_DIM
 62
     0
440
 16777216
370
    18
100
AcDbLine
 10
18490.735954945
 20
-9422.425375567287
 30
0.0
 11
18389.735954945
 21
-9422.425375567287
 31
0.0
  0
LINE
  5
10A5
330
DA6
100
AcDbEntity
  8
PUB_DIM
 62
     0
440
 16777216
370
    18
100
AcDbLine
 10
18489.735954945
 20
-10322.42537556729
 30
0.0
 11
18489.735954945
 21
-9422.425375567287
 31
0.0
  0
INSERT
  5
10A6
330
DA6
100
AcDbEntity
  8
PUB_DIM
 62
     0
440
 16777216
370
    18
100
AcDbBlockReference
  2
_ArchTick
 10
18489.735954945
 20
-10322.42537556729
 30
0.0
 41
150.0
 42
150.0
 43
150.0
 50
270.0
  0
INSERT
  5
10A7
330
DA6
100
AcDbEntity
  8
PUB_DIM
 62
     0
440
 16777216
370
    18
100
AcDbBlockReference
  2
_ArchTick
 10
18489.735954945
 20
-9422.425375567287
 30
0.0
 41
150.0
 42
150.0
 43
150.0
 50
90.0
  0
MTEXT
  5
10A8
330
DA6
100
AcDbEntity
  8
PUB_DIM
 62
     7
440
 16777216
100
AcDbMText
 10
18214.73595494499
 20
-9872.42537556729
 30
0.0
 40
350.0
 41
0.0
 46
0.0
 71
     5
 72
     1
  1
\A1;900
  7
TSSD_REIN_T3
 11
0.0000000000000001
 21
1.0
 31
0.0
 73
     1
 44
1.0
  0
POINT
  5
10A9
330
DA6
100
AcDbEntity
  8
Defpoints
 62
     0
440
 16777216
100
AcDbPoint
 10
19218.02426291444
 20
-10322.42537556729
 30
0.0
  0
POINT
  5
10AA
330
DA6
100
AcDbEntity
  8
Defpoints
 62
     0
440
 16777216
100
AcDbPoint
 10
19218.02426291444
 20
-9422.425375567287
 30
0.0
  0
POINT
  5
10AB
330
DA6
100
AcDbEntity
  8
Defpoints
 62
     0
440
 16777216
100
AcDbPoint
 10
18489.735954945
 20
-9422.425375567287
 30
0.0
  0
ENDBLK
  5
DA8
330
DA6
100
AcDbEntity
  8
0
100
AcDbBlockEnd
  0
BLOCK
  5
DB3
330
DB2
100
AcDbEntity
  8
0
100
AcDbBlockBegin
  2
*D141
 70
     1
 10
0.0
 20
0.0
 30
0.0
  3
*D141
  1

  0
LINE
  5
10AC
330
DB2
100
AcDbEntity
  8
PUB_DIM
 62
     0
440
 16777216
370
    18
100
AcDbLine
 10
18490.735954945
 20
-9422.425375567287
 30
0.0
 11
18389.735954945
 21
-9422.425375567287
 31
0.0
  0
LINE
  5
10AD
330
DB2
100
AcDbEntity
  8
PUB_DIM
 62
     0
440
 16777216
370
    18
100
AcDbLine
 10
18490.735954945
 20
-9122.425375567287
 30
0.0
 11
18389.735954945
 21
-9122.425375567287
 31
0.0
  0
LINE
  5
10AE
330
DB2
100
AcDbEntity
  8
PUB_DIM
 62
     0
440
 16777216
370
    18
100
AcDbLine
 10
18489.735954945
 20
-9422.425375567287
 30
0.0
 11
18489.735954945
 21
-9122.425375567287
 31
0.0
  0
MTEXT
  5
10AF
330
DB2
100
AcDbEntity
  8
PUB_DIM
 62
     7
440
 16777216
100
AcDbMText
 10
17864.73595494404
 20
-9272.425375567284
 30
0.0
 40
350.0
 41
0.0
 46
0.0
 71
     5
 72
     1
  1
\A1;300
  7
TSSD_REIN_T3
 11
0.0000000000000001
 21
1.0
 31
0.0
 73
     1
 44
1.0
  0
INSERT
  5
10B0
330
DB2
100
AcDbEntity
  8
PUB_DIM
 62
     0
440
 16777216
370
    18
100
AcDbBlockReference
  2
_ArchTick
 10
18489.735954945
 20
-9422.425375567287
 30
0.0
 41
150.0
 42
150.0
 43
150.0
 50
270.0
  0
INSERT
  5
10B1
330
DB2
100
AcDbEntity
  8
PUB_DIM
 62
     0
440
 16777216
370
    18
100
AcDbBlockReference
  2
_ArchTick
 10
18489.735954945
 20
-9122.425375567287
 30
0.0
 41
150.0
 42
150.0
 43
150.0
 50
90.0
  0
POINT
  5
10B2
330
DB2
100
AcDbEntity
  8
Defpoints
 62
     0
440
 16777216
100
AcDbPoint
 10
19218.02426291444
 20
-9422.425375567287
 30
0.0
  0
POINT
  5
10B3
330
DB2
100
AcDbEntity
  8
Defpoints
 62
     0
440
 16777216
100
AcDbPoint
 10
19218.02426291444
 20
-9122.425375567287
 30
0.0
  0
POINT
  5
10B4
330
DB2
100
AcDbEntity
  8
Defpoints
 62
     0
440
 16777216
100
AcDbPoint
 10
18489.735954945
 20
-9122.425375567287
 30
0.0
  0
ENDBLK
  5
DB4
330
DB2
100
AcDbEntity
  8
0
100
AcDbBlockEnd
  0
BLOCK
  5
DBF
330
DBE
100
AcDbEntity
  8
0
100
AcDbBlockBegin
  2
*D142
 70
     1
 10
0.0
 20
0.0
 30
0.0
  3
*D142
  1

  0
LINE
  5
10B5
330
DBE
100
AcDbEntity
  8
PUB_DIM
 62
     0
440
 16777216
370
    18
100
AcDbLine
 10
18490.735954945
 20
-9122.425375567287
 30
0.0
 11
18389.735954945
 21
-9122.425375567287
 31
0.0
  0
LINE
  5
10B6
330
DBE
100
AcDbEntity
  8
PUB_DIM
 62
     0
440
 16777216
370
    18
100
AcDbLine
 10
18490.735954945
 20
-8722.42537556589
 30
0.0
 11
18389.735954945
 21
-8722.42537556589
 31
0.0
  0
LINE
  5
10B7
330
DBE
100
AcDbEntity
  8
PUB_DIM
 62
     0
440
 16777216
370
    18
100
AcDbLine
 10
18489.735954945
 20
-9122.425375567287
 30
0.0
 11
18489.735954945
 21
-8722.42537556589
 31
0.0
  0
MTEXT
  5
10B8
330
DBE
100
AcDbEntity
  8
PUB_DIM
 62
     7
440
 16777216
100
AcDbMText
 10
18214.73595494404
 20
-8352.425375565886
 30
0.0
 40
350.0
 41
0.0
 46
0.0
 71
     5
 72
     1
  1
\A1;400
  7
TSSD_REIN_T3
 11
0.0000000000000001
 21
1.0
 31
0.0
 73
     1
 44
1.0
  0
INSERT
  5
10B9
330
DBE
100
AcDbEntity
  8
PUB_DIM
 62
     0
440
 16777216
370
    18
100
AcDbBlockReference
  2
_ArchTick
 10
18489.735954945
 20
-9122.425375567287
 30
0.0
 41
150.0
 42
150.0
 43
150.0
 50
270.0
  0
INSERT
  5
10BA
330
DBE
100
AcDbEntity
  8
PUB_DIM
 62
     0
440
 16777216
370
    18
100
AcDbBlockReference
  2
_ArchTick
 10
18489.735954945
 20
-8722.42537556589
 30
0.0
 41
150.0
 42
150.0
 43
150.0
 50
90.0
  0
POINT
  5
10BB
330
DBE
100
AcDbEntity
  8
Defpoints
 62
     0
440
 16777216
100
AcDbPoint
 10
19218.02426291444
 20
-9122.425375567287
 30
0.0
  0
POINT
  5
10BC
330
DBE
100
AcDbEntity
  8
Defpoints
 62
     0
440
 16777216
100
AcDbPoint
 10
19218.02426291444
 20
-8722.42537556589
 30
0.0
  0
POINT
  5
10BD
330
DBE
100
AcDbEntity
  8
Defpoints
 62
     0
440
 16777216
100
AcDbPoint
 10
18489.735954945
 20
-8722.42537556589
 30
0.0
  0
ENDBLK
  5
DC0
330
DBE
100
AcDbEntity
  8
0
100
AcDbBlockEnd
  0
BLOCK
  5
DCB
330
DCA
100
AcDbEntity
  8
0
100
AcDbBlockBegin
  2
*D143
 70
     1
 10
0.0
 20
0.0
 30
0.0
  3
*D143
  1

  0
LINE
  5
10BE
330
DCA
100
AcDbEntity
  8
PUB_DIM
 62
     0
440
 16777216
370
    18
100
AcDbLine
 10
40096.98415324469
 20
-13422.42537556729
 30
0.0
 11
40197.98415324468
 21
-13422.42537556729
 31
0.0
  0
LINE
  5
10BF
330
DCA
100
AcDbEntity
  8
PUB_DIM
 62
     0
440
 16777216
370
    18
100
AcDbLine
 10
40096.98415324469
 20
-13122.42537556729
 30
0.0
 11
40197.98415324468
 21
-13122.42537556729
 31
0.0
  0
LINE
  5
10C0
330
DCA
100
AcDbEntity
  8
PUB_DIM
 62
     0
440
 16777216
370
    18
100
AcDbLine
 10
40097.98415324469
 20
-13422.42537556729
 30
0.0
 11
40097.98415324469
 21
-13122.42537556729
 31
0.0
  0
MTEXT
  5
10C1
330
DCA
100
AcDbEntity
  8
PUB_DIM
 62
     7
440
 16777216
100
AcDbMText
 10
39711.57128709834
 20
-13272.42537556728
 30
0.0
 40
350.0
 41
0.0
 46
0.0
 71
     5
 72
     1
  1
\A1;300
  7
TSSD_REIN_T3
 11
0.0000000000000001
 21
1.0
 31
0.0
 73
     1
 44
1.0
  0
INSERT
  5
10C2
330
DCA
100
AcDbEntity
  8
PUB_DIM
 62
     0
440
 16777216
370
    18
100
AcDbBlockReference
  2
_ArchTick
 10
40097.98415324469
 20
-13422.42537556729
 30
0.0
 41
150.0
 42
150.0
 43
150.0
 50
270.0
  0
INSERT
  5
10C3
330
DCA
100
AcDbEntity
  8
PUB_DIM
 62
     0
440
 16777216
370
    18
100
AcDbBlockReference
  2
_ArchTick
 10
40097.98415324469
 20
-13122.42537556729
 30
0.0
 41
150.0
 42
150.0
 43
150.0
 50
90.0
  0
POINT
  5
10C4
330
DCA
100
AcDbEntity
  8
Defpoints
 62
     0
440
 16777216
100
AcDbPoint
 10
39286.36172579324
 20
-13422.42537556729
 30
0.0
  0
POINT
  5
10C5
330
DCA
100
AcDbEntity
  8
Defpoints
 62
     0
440
 16777216
100
AcDbPoint
 10
39286.36172579324
 20
-13122.42537556729
 30
0.0
  0
POINT
  5
10C6
330
DCA
100
AcDbEntity
  8
Defpoints
 62
     0
440
 16777216
100
AcDbPoint
 10
40097.98415324469
 20
-13122.42537556729
 30
0.0
  0
ENDBLK
  5
DCC
330
DCA
100
AcDbEntity
  8
0
100
AcDbBlockEnd
  0
BLOCK
  5
DD7
330
DD6
100
AcDbEntity
  8
0
100
AcDbBlockBegin
  2
*D144
 70
     1
 10
0.0
 20
0.0
 30
0.0
  3
*D144
  1

  0
LINE
  5
10C7
330
DD6
100
AcDbEntity
  8
PUB_DIM
 62
     0
440
 16777216
370
    18
100
AcDbLine
 10
40096.98415324469
 20
-13122.42537556729
 30
0.0
 11
40197.98415324468
 21
-13122.42537556729
 31
0.0
  0
LINE
  5
10C8
330
DD6
100
AcDbEntity
  8
PUB_DIM
 62
     0
440
 16777216
370
    18
100
AcDbLine
 10
40096.98415324469
 20
-10722.42537556729
 30
0.0
 11
40197.98415324468
 21
-10722.42537556729
 31
0.0
  0
LINE
  5
10C9
330
DD6
100
AcDbEntity
  8
PUB_DIM
 62
     0
440
 16777216
370
    18
100
AcDbLine
 10
40097.98415324469
 20
-13122.42537556729
 30
0.0
 11
40097.98415324469
 21
-10722.42537556729
 31
0.0
  0
INSERT
  5
10CA
330
DD6
100
AcDbEntity
  8
PUB_DIM
 62
     0
440
 16777216
370
    18
100
AcDbBlockReference
  2
_ArchTick
 10
40097.98415324469
 20
-13122.42537556729
 30
0.0
 41
150.0
 42
150.0
 43
150.0
 50
270.0
  0
INSERT
  5
10CB
330
DD6
100
AcDbEntity
  8
PUB_DIM
 62
     0
440
 16777216
370
    18
100
AcDbBlockReference
  2
_ArchTick
 10
40097.98415324469
 20
-10722.42537556729
 30
0.0
 41
150.0
 42
150.0
 43
150.0
 50
90.0
  0
MTEXT
  5
10CC
330
DD6
100
AcDbEntity
  8
PUB_DIM
 62
     7
440
 16777216
100
AcDbMText
 10
39822.98415324468
 20
-11922.42537556729
 30
0.0
 40
350.0
 41
0.0
 46
0.0
 71
     5
 72
     1
  1
\A1;2400
  7
TSSD_REIN_T3
 11
0.0000000000000001
 21
1.0
 31
0.0
 73
     1
 44
1.0
  0
POINT
  5
10CD
330
DD6
100
AcDbEntity
  8
Defpoints
 62
     0
440
 16777216
100
AcDbPoint
 10
39286.36172579324
 20
-13122.42537556729
 30
0.0
  0
POINT
  5
10CE
330
DD6
100
AcDbEntity
  8
Defpoints
 62
     0
440
 16777216
100
AcDbPoint
 10
39286.36172579324
 20
-10722.42537556729
 30
0.0
  0
POINT
  5
10CF
330
DD6
100
AcDbEntity
  8
Defpoints
 62
     0
440
 16777216
100
AcDbPoint
 10
40097.98415324469
 20
-10722.42537556729
 30
0.0
  0
ENDBLK
  5
DD8
330
DD6
100
AcDbEntity
  8
0
100
AcDbBlockEnd
  0
BLOCK
  5
DE3
330
DE2
100
AcDbEntity
  8
0
100
AcDbBlockBegin
  2
*D145
 70
     1
 10
0.0
 20
0.0
 30
0.0
  3
*D145
  1

  0
LINE
  5
10D0
330
DE2
100
AcDbEntity
  8
PUB_DIM
 62
     0
440
 16777216
370
    18
100
AcDbLine
 10
40096.98415324469
 20
-10722.42537556729
 30
0.0
 11
40197.98415324468
 21
-10722.42537556729
 31
0.0
  0
LINE
  5
10D1
330
DE2
100
AcDbEntity
  8
PUB_DIM
 62
     0
440
 16777216
370
    18
100
AcDbLine
 10
40096.98415324469
 20
-10092.45961867645
 30
0.0
 11
40197.98415324468
 21
-10092.45961867645
 31
0.0
  0
LINE
  5
10D2
330
DE2
100
AcDbEntity
  8
PUB_DIM
 62
     0
440
 16777216
370
    18
100
AcDbLine
 10
40097.98415324469
 20
-10722.42537556729
 30
0.0
 11
40097.98415324469
 21
-10872.42537556728
 31
0.0
  0
LINE
  5
10D3
330
DE2
100
AcDbEntity
  8
PUB_DIM
 62
     0
440
 16777216
370
    18
100
AcDbLine
 10
40097.98415324469
 20
-10092.45961867645
 30
0.0
 11
40097.98415324469
 21
-9942.459618676458
 31
0.0
  0
LINE
  5
10D4
330
DE2
100
AcDbEntity
  8
PUB_DIM
 62
     0
440
 16777216
370
    18
100
AcDbLine
 10
40097.98415324469
 20
-10722.42537556729
 30
0.0
 11
40097.98415324469
 21
-10092.45961867645
 31
0.0
  0
INSERT
  5
10D5
330
DE2
100
AcDbEntity
  8
PUB_DIM
 62
     0
440
 16777216
370
    18
100
AcDbBlockReference
  2
_ArchTick
 10
40097.98415324469
 20
-10722.42537556729
 30
0.0
 41
150.0
 42
150.0
 43
150.0
 50
90.0
  0
INSERT
  5
10D6
330
DE2
100
AcDbEntity
  8
PUB_DIM
 62
     0
440
 16777216
370
    18
100
AcDbBlockReference
  2
_ArchTick
 10
40097.98415324469
 20
-10092.45961867645
 30
0.0
 41
150.0
 42
150.0
 43
150.0
 50
270.0
  0
MTEXT
  5
10D7
330
DE2
100
AcDbEntity
  8
PUB_DIM
 62
     7
440
 16777216
100
AcDbMText
 10
39822.98415324468
 20
-10407.44249712188
 30
0.0
 40
350.0
 41
0.0
 46
0.0
 71
     5
 72
     1
  1
\A1;630
  7
TSSD_REIN_T3
 11
0.0000000000000001
 21
1.0
 31
0.0
 73
     1
 44
1.0
  0
POINT
  5
10D8
330
DE2
100
AcDbEntity
  8
Defpoints
 62
     0
440
 16777216
100
AcDbPoint
 10
39286.36172579324
 20
-10722.42537556729
 30
0.0
  0
POINT
  5
10D9
330
DE2
100
AcDbEntity
  8
Defpoints
 62
     0
440
 16777216
100
AcDbPoint
 10
39286.36172579324
 20
-10092.45961867645
 30
0.0
  0
POINT
  5
10DA
330
DE2
100
AcDbEntity
  8
Defpoints
 62
     0
440
 16777216
100
AcDbPoint
 10
40097.98415324469
 20
-10092.45961867645
 30
0.0
  0
ENDBLK
  5
DE4
330
DE2
100
AcDbEntity
  8
0
100
AcDbBlockEnd
  0
BLOCK
  5
DF1
330
DF0
100
AcDbEntity
  8
0
100
AcDbBlockBegin
  2
*D146
 70
     1
 10
0.0
 20
0.0
 30
0.0
  3
*D146
  1

  0
LINE
  5
10DB
330
DF0
100
AcDbEntity
  8
PUB_DIM
 62
     0
440
 16777216
370
    18
100
AcDbLine
 10
40096.98415324469
 20
-10092.45961867645
 30
0.0
 11
40197.98415324468
 21
-10092.45961867645
 31
0.0
  0
LINE
  5
10DC
330
DF0
100
AcDbEntity
  8
PUB_DIM
 62
     0
440
 16777216
370
    18
100
AcDbLine
 10
40096.98415324469
 20
-9422.425375567287
 30
0.0
 11
40197.98415324468
 21
-9422.425375567287
 31
0.0
  0
LINE
  5
10DD
330
DF0
100
AcDbEntity
  8
PUB_DIM
 62
     0
440
 16777216
370
    18
100
AcDbLine
 10
40097.98415324469
 20
-10092.45961867645
 30
0.0
 11
40097.98415324469
 21
-10242.45961867646
 31
0.0
  0
LINE
  5
10DE
330
DF0
100
AcDbEntity
  8
PUB_DIM
 62
     0
440
 16777216
370
    18
100
AcDbLine
 10
40097.98415324469
 20
-9422.425375567287
 30
0.0
 11
40097.98415324469
 21
-9272.425375567287
 31
0.0
  0
LINE
  5
10DF
330
DF0
100
AcDbEntity
  8
PUB_DIM
 62
     0
440
 16777216
370
    18
100
AcDbLine
 10
40097.98415324469
 20
-10092.45961867645
 30
0.0
 11
40097.98415324469
 21
-9422.425375567287
 31
0.0
  0
INSERT
  5
10E0
330
DF0
100
AcDbEntity
  8
PUB_DIM
 62
     0
440
 16777216
370
    18
100
AcDbBlockReference
  2
_ArchTick
 10
40097.98415324469
 20
-10092.45961867645
 30
0.0
 41
150.0
 42
150.0
 43
150.0
 50
90.0
  0
INSERT
  5
10E1
330
DF0
100
AcDbEntity
  8
PUB_DIM
 62
     0
440
 16777216
370
    18
100
AcDbBlockReference
  2
_ArchTick
 10
40097.98415324469
 20
-9422.425375567287
 30
0.0
 41
150.0
 42
150.0
 43
150.0
 50
270.0
  0
MTEXT
  5
10E2
330
DF0
100
AcDbEntity
  8
PUB_DIM
 62
     7
440
 16777216
100
AcDbMText
 10
39822.98415324468
 20
-9757.442497121882
 30
0.0
 40
350.0
 41
0.0
 46
0.0
 71
     5
 72
     1
  1
\A1;670
  7
TSSD_REIN_T3
 11
0.0000000000000001
 21
1.0
 31
0.0
 73
     1
 44
1.0
  0
POINT
  5
10E3
330
DF0
100
AcDbEntity
  8
Defpoints
 62
     0
440
 16777216
100
AcDbPoint
 10
39286.36172579324
 20
-10092.45961867645
 30
0.0
  0
POINT
  5
10E4
330
DF0
100
AcDbEntity
  8
Defpoints
 62
     0
440
 16777216
100
AcDbPoint
 10
39286.36172579324
 20
-9422.425375567287
 30
0.0
  0
POINT
  5
10E5
330
DF0
100
AcDbEntity
  8
Defpoints
 62
     0
440
 16777216
100
AcDbPoint
 10
40097.98415324469
 20
-9422.425375567287
 30
0.0
  0
ENDBLK
  5
DF2
330
DF0
100
AcDbEntity
  8
0
100
AcDbBlockEnd
  0
BLOCK
  5
DFF
330
DFE
100
AcDbEntity
  8
0
100
AcDbBlockBegin
  2
*D147
 70
     1
 10
0.0
 20
0.0
 30
0.0
  3
*D147
  1

  0
LINE
  5
10E6
330
DFE
100
AcDbEntity
  8
PUB_DIM
 62
     0
440
 16777216
370
    18
100
AcDbLine
 10
40096.98415324469
 20
-9422.425375567287
 30
0.0
 11
40197.98415324468
 21
-9422.425375567287
 31
0.0
  0
LINE
  5
10E7
330
DFE
100
AcDbEntity
  8
PUB_DIM
 62
     0
440
 16777216
370
    18
100
AcDbLine
 10
40096.98415324469
 20
-9122.425375567287
 30
0.0
 11
40197.98415324468
 21
-9122.425375567287
 31
0.0
  0
LINE
  5
10E8
330
DFE
100
AcDbEntity
  8
PUB_DIM
 62
     0
440
 16777216
370
    18
100
AcDbLine
 10
40097.98415324469
 20
-9422.425375567287
 30
0.0
 11
40097.98415324469
 21
-9122.425375567287
 31
0.0
  0
MTEXT
  5
10E9
330
DFE
100
AcDbEntity
  8
PUB_DIM
 62
     7
440
 16777216
100
AcDbMText
 10
39472.98415324371
 20
-9272.425375567284
 30
0.0
 40
350.0
 41
0.0
 46
0.0
 71
     5
 72
     1
  1
\A1;300
  7
TSSD_REIN_T3
 11
0.0000000000000001
 21
1.0
 31
0.0
 73
     1
 44
1.0
  0
INSERT
  5
10EA
330
DFE
100
AcDbEntity
  8
PUB_DIM
 62
     0
440
 16777216
370
    18
100
AcDbBlockReference
  2
_ArchTick
 10
40097.98415324469
 20
-9422.425375567287
 30
0.0
 41
150.0
 42
150.0
 43
150.0
 50
270.0
  0
INSERT
  5
10EB
330
DFE
100
AcDbEntity
  8
PUB_DIM
 62
     0
440
 16777216
370
    18
100
AcDbBlockReference
  2
_ArchTick
 10
40097.98415324469
 20
-9122.425375567287
 30
0.0
 41
150.0
 42
150.0
 43
150.0
 50
90.0
  0
POINT
  5
10EC
330
DFE
100
AcDbEntity
  8
Defpoints
 62
     0
440
 16777216
100
AcDbPoint
 10
39286.36172579324
 20
-9422.425375567287
 30
0.0
  0
POINT
  5
10ED
330
DFE
100
AcDbEntity
  8
Defpoints
 62
     0
440
 16777216
100
AcDbPoint
 10
39286.36172579324
 20
-9122.425375567287
 30
0.0
  0
POINT
  5
10EE
330
DFE
100
AcDbEntity
  8
Defpoints
 62
     0
440
 16777216
100
AcDbPoint
 10
40097.98415324469
 20
-9122.425375567287
 30
0.0
  0
ENDBLK
  5
E00
330
DFE
100
AcDbEntity
  8
0
100
AcDbBlockEnd
  0
BLOCK
  5
E0B
330
E0A
100
AcDbEntity
  8
0
100
AcDbBlockBegin
  2
*D148
 70
     1
 10
0.0
 20
0.0
 30
0.0
  3
*D148
  1

  0
LINE
  5
10EF
330
E0A
100
AcDbEntity
  8
PUB_DIM
 62
     0
440
 16777216
370
    18
100
AcDbLine
 10
40096.98415324469
 20
-9122.425375567287
 30
0.0
 11
40197.98415324468
 21
-9122.425375567287
 31
0.0
  0
LINE
  5
10F0
330
E0A
100
AcDbEntity
  8
PUB_DIM
 62
     0
440
 16777216
370
    18
100
AcDbLine
 10
40096.98415324469
 20
-8722.42537556589
 30
0.0
 11
40197.98415324468
 21
-8722.42537556589
 31
0.0
  0
LINE
  5
10F1
330
E0A
100
AcDbEntity
  8
PUB_DIM
 62
     0
440
 16777216
370
    18
100
AcDbLine
 10
40097.98415324469
 20
-9122.425375567287
 30
0.0
 11
40097.98415324469
 21
-8722.42537556589
 31
0.0
  0
MTEXT
  5
10F2
330
E0A
100
AcDbEntity
  8
PUB_DIM
 62
     7
440
 16777216
100
AcDbMText
 10
39822.98415324371
 20
-8352.425375565886
 30
0.0
 40
350.0
 41
0.0
 46
0.0
 71
     5
 72
     1
  1
\A1;400
  7
TSSD_REIN_T3
 11
0.0000000000000001
 21
1.0
 31
0.0
 73
     1
 44
1.0
  0
INSERT
  5
10F3
330
E0A
100
AcDbEntity
  8
PUB_DIM
 62
     0
440
 16777216
370
    18
100
AcDbBlockReference
  2
_ArchTick
 10
40097.98415324469
 20
-9122.425375567287
 30
0.0
 41
150.0
 42
150.0
 43
150.0
 50
270.0
  0
INSERT
  5
10F4
330
E0A
100
AcDbEntity
  8
PUB_DIM
 62
     0
440
 16777216
370
    18
100
AcDbBlockReference
  2
_ArchTick
 10
40097.98415324469
 20
-8722.42537556589
 30
0.0
 41
150.0
 42
150.0
 43
150.0
 50
90.0
  0
POINT
  5
10F5
330
E0A
100
AcDbEntity
  8
Defpoints
 62
     0
440
 16777216
100
AcDbPoint
 10
39286.36172579324
 20
-9122.425375567287
 30
0.0
  0
POINT
  5
10F6
330
E0A
100
AcDbEntity
  8
Defpoints
 62
     0
440
 16777216
100
AcDbPoint
 10
39286.36172579324
 20
-8722.42537556589
 30
0.0
  0
POINT
  5
10F7
330
E0A
100
AcDbEntity
  8
Defpoints
 62
     0
440
 16777216
100
AcDbPoint
 10
40097.98415324469
 20
-8722.42537556589
 30
0.0
  0
ENDBLK
  5
E0C
330
E0A
100
AcDbEntity
  8
0
100
AcDbBlockEnd
  0
BLOCK
  5
E17
330
E16
100
AcDbEntity
  8
0
100
AcDbBlockBegin
  2
*D149
 70
     1
 10
0.0
 20
0.0
 30
0.0
  3
*D149
  1

  0
LINE
  5
10F8
330
E16
100
AcDbEntity
  8
PUB_DIM
 62
     0
440
 16777216
370
    18
100
AcDbLine
 10
17788.56730439609
 20
-13422.42537556729
 30
0.0
 11
17687.56730439609
 21
-13422.42537556729
 31
0.0
  0
LINE
  5
10F9
330
E16
100
AcDbEntity
  8
PUB_DIM
 62
     0
440
 16777216
370
    18
100
AcDbLine
 10
17788.56730439609
 20
-13122.42537556729
 30
0.0
 11
17687.56730439609
 21
-13122.42537556729
 31
0.0
  0
LINE
  5
10FA
330
E16
100
AcDbEntity
  8
PUB_DIM
 62
     0
440
 16777216
370
    18
100
AcDbLine
 10
17787.56730439609
 20
-13422.42537556729
 30
0.0
 11
17787.56730439609
 21
-13572.42537556729
 31
0.0
  0
LINE
  5
10FB
330
E16
100
AcDbEntity
  8
PUB_DIM
 62
     0
440
 16777216
370
    18
100
AcDbLine
 10
17787.56730439609
 20
-13122.42537556729
 30
0.0
 11
17787.56730439609
 21
-12972.42537556729
 31
0.0
  0
LINE
  5
10FC
330
E16
100
AcDbEntity
  8
PUB_DIM
 62
     0
440
 16777216
370
    18
100
AcDbLine
 10
17787.56730439609
 20
-13422.42537556729
 30
0.0
 11
17787.56730439609
 21
-13122.42537556729
 31
0.0
  0
INSERT
  5
10FD
330
E16
100
AcDbEntity
  8
PUB_DIM
 62
     0
440
 16777216
370
    18
100
AcDbBlockReference
  2
_ArchTick
 10
17787.56730439609
 20
-13422.42537556729
 30
0.0
 41
150.0
 42
150.0
 43
150.0
 50
90.0
  0
INSERT
  5
10FE
330
E16
100
AcDbEntity
  8
PUB_DIM
 62
     0
440
 16777216
370
    18
100
AcDbBlockReference
  2
_ArchTick
 10
17787.56730439609
 20
-13122.42537556729
 30
0.0
 41
150.0
 42
150.0
 43
150.0
 50
270.0
  0
MTEXT
  5
10FF
330
E16
100
AcDbEntity
  8
PUB_DIM
 62
     7
440
 16777216
100
AcDbMText
 10
17512.56730439608
 20
-13272.42537556729
 30
0.0
 40
350.0
 41
0.0
 46
0.0
 71
     5
 72
     1
  1
\A1;300
  7
TSSD_REIN_T3
 11
0.0000000000000001
 21
1.0
 31
0.0
 73
     1
 44
1.0
  0
POINT
  5
1100
330
E16
100
AcDbEntity
  8
Defpoints
 62
     0
440
 16777216
100
AcDbPoint
 10
18918.02426291444
 20
-13422.42537556729
 30
0.0
  0
POINT
  5
1101
330
E16
100
AcDbEntity
  8
Defpoints
 62
     0
440
 16777216
100
AcDbPoint
 10
18918.02426291444
 20
-13122.42537556729
 30
0.0
  0
POINT
  5
1102
330
E16
100
AcDbEntity
  8
Defpoints
 62
     0
440
 16777216
100
AcDbPoint
 10
17787.56730439609
 20
-13122.42537556729
 30
0.0
  0
ENDBLK
  5
E18
330
E16
100
AcDbEntity
  8
0
100
AcDbBlockEnd
  0
BLOCK
  5
E25
330
E24
100
AcDbEntity
  8
0
100
AcDbBlockBegin
  2
*D150
 70
     1
 10
0.0
 20
0.0
 30
0.0
  3
*D150
  1

  0
LINE
  5
1103
330
E24
100
AcDbEntity
  8
PUB_DIM
 62
     0
440
 16777216
370
    18
100
AcDbLine
 10
17788.56730439609
 20
-13122.42537556729
 30
0.0
 11
17687.56730439609
 21
-13122.42537556729
 31
0.0
  0
LINE
  5
1104
330
E24
100
AcDbEntity
  8
PUB_DIM
 62
     0
440
 16777216
370
    18
100
AcDbLine
 10
17788.56730439609
 20
-9122.425375567287
 30
0.0
 11
17687.56730439609
 21
-9122.425375567287
 31
0.0
  0
LINE
  5
1105
330
E24
100
AcDbEntity
  8
PUB_DIM
 62
     0
440
 16777216
370
    18
100
AcDbLine
 10
17787.56730439609
 20
-13122.42537556729
 30
0.0
 11
17787.56730439609
 21
-9122.425375567287
 31
0.0
  0
INSERT
  5
1106
330
E24
100
AcDbEntity
  8
PUB_DIM
 62
     0
440
 16777216
370
    18
100
AcDbBlockReference
  2
_ArchTick
 10
17787.56730439609
 20
-13122.42537556729
 30
0.0
 41
150.0
 42
150.0
 43
150.0
 50
270.0
  0
INSERT
  5
1107
330
E24
100
AcDbEntity
  8
PUB_DIM
 62
     0
440
 16777216
370
    18
100
AcDbBlockReference
  2
_ArchTick
 10
17787.56730439609
 20
-9122.425375567287
 30
0.0
 41
150.0
 42
150.0
 43
150.0
 50
90.0
  0
MTEXT
  5
1108
330
E24
100
AcDbEntity
  8
PUB_DIM
 62
     7
440
 16777216
100
AcDbMText
 10
17512.56730439608
 20
-11122.42537556729
 30
0.0
 40
350.0
 41
0.0
 46
0.0
 71
     5
 72
     1
  1
\A1;4000
  7
TSSD_REIN_T3
 11
0.0000000000000001
 21
1.0
 31
0.0
 73
     1
 44
1.0
  0
POINT
  5
1109
330
E24
100
AcDbEntity
  8
Defpoints
 62
     0
440
 16777216
100
AcDbPoint
 10
18918.02426291444
 20
-13122.42537556729
 30
0.0
  0
POINT
  5
110A
330
E24
100
AcDbEntity
  8
Defpoints
 62
     0
440
 16777216
100
AcDbPoint
 10
18918.02426291444
 20
-9122.425375567287
 30
0.0
  0
POINT
  5
110B
330
E24
100
AcDbEntity
  8
Defpoints
 62
     0
440
 16777216
100
AcDbPoint
 10
17787.56730439609
 20
-9122.425375567287
 30
0.0
  0
ENDBLK
  5
E26
330
E24
100
AcDbEntity
  8
0
100
AcDbBlockEnd
  0
BLOCK
  5
E31
330
E30
100
AcDbEntity
  8
0
100
AcDbBlockBegin
  2
*D151
 70
     1
 10
0.0
 20
0.0
 30
0.0
  3
*D151
  1

  0
LINE
  5
110C
330
E30
100
AcDbEntity
  8
PUB_DIM
 62
     0
440
 16777216
370
    18
100
AcDbLine
 10
40720.35273334621
 20
-13422.42537556729
 30
0.0
 11
40821.35273334621
 21
-13422.42537556729
 31
0.0
  0
LINE
  5
110D
330
E30
100
AcDbEntity
  8
PUB_DIM
 62
     0
440
 16777216
370
    18
100
AcDbLine
 10
40720.35273334621
 20
-13122.42537556729
 30
0.0
 11
40821.35273334621
 21
-13122.42537556729
 31
0.0
  0
LINE
  5
110E
330
E30
100
AcDbEntity
  8
PUB_DIM
 62
     0
440
 16777216
370
    18
100
AcDbLine
 10
40721.3527333462
 20
-13422.42537556729
 30
0.0
 11
40721.3527333462
 21
-13572.42537556729
 31
0.0
  0
LINE
  5
110F
330
E30
100
AcDbEntity
  8
PUB_DIM
 62
     0
440
 16777216
370
    18
100
AcDbLine
 10
40721.3527333462
 20
-13122.42537556729
 30
0.0
 11
40721.3527333462
 21
-12972.42537556729
 31
0.0
  0
LINE
  5
1110
330
E30
100
AcDbEntity
  8
PUB_DIM
 62
     0
440
 16777216
370
    18
100
AcDbLine
 10
40721.3527333462
 20
-13422.42537556729
 30
0.0
 11
40721.3527333462
 21
-13122.42537556729
 31
0.0
  0
INSERT
  5
1111
330
E30
100
AcDbEntity
  8
PUB_DIM
 62
     0
440
 16777216
370
    18
100
AcDbBlockReference
  2
_ArchTick
 10
40721.3527333462
 20
-13422.42537556729
 30
0.0
 41
150.0
 42
150.0
 43
150.0
 50
90.0
  0
INSERT
  5
1112
330
E30
100
AcDbEntity
  8
PUB_DIM
 62
     0
440
 16777216
370
    18
100
AcDbBlockReference
  2
_ArchTick
 10
40721.3527333462
 20
-13122.42537556729
 30
0.0
 41
150.0
 42
150.0
 43
150.0
 50
270.0
  0
MTEXT
  5
1113
330
E30
100
AcDbEntity
  8
PUB_DIM
 62
     7
440
 16777216
100
AcDbMText
 10
40446.3527333462
 20
-13272.4253755673
 30
0.0
 40
350.0
 41
0.0
 46
0.0
 71
     5
 72
     1
  1
\A1;300
  7
TSSD_REIN_T3
 11
0.0000000000000001
 21
1.0
 31
0.0
 73
     1
 44
1.0
  0
POINT
  5
1114
330
E30
100
AcDbEntity
  8
Defpoints
 62
     0
440
 16777216
100
AcDbPoint
 10
39586.36172579323
 20
-13422.42537556729
 30
0.0
  0
POINT
  5
1115
330
E30
100
AcDbEntity
  8
Defpoints
 62
     0
440
 16777216
100
AcDbPoint
 10
39586.36172579323
 20
-13122.42537556729
 30
0.0
  0
POINT
  5
1116
330
E30
100
AcDbEntity
  8
Defpoints
 62
     0
440
 16777216
100
AcDbPoint
 10
40721.3527333462
 20
-13122.42537556729
 30
0.0
  0
ENDBLK
  5
E32
330
E30
100
AcDbEntity
  8
0
100
AcDbBlockEnd
  0
BLOCK
  5
E3F
330
E3E
100
AcDbEntity
  8
0
100
AcDbBlockBegin
  2
*D152
 70
     1
 10
0.0
 20
0.0
 30
0.0
  3
*D152
  1

  0
LINE
  5
1117
330
E3E
100
AcDbEntity
  8
PUB_DIM
 62
     0
440
 16777216
370
    18
100
AcDbLine
 10
40720.35273334621
 20
-13122.42537556729
 30
0.0
 11
40821.35273334621
 21
-13122.42537556729
 31
0.0
  0
LINE
  5
1118
330
E3E
100
AcDbEntity
  8
PUB_DIM
 62
     0
440
 16777216
370
    18
100
AcDbLine
 10
40720.35273334621
 20
-9122.425375567287
 30
0.0
 11
40821.35273334621
 21
-9122.425375567287
 31
0.0
  0
LINE
  5
1119
330
E3E
100
AcDbEntity
  8
PUB_DIM
 62
     0
440
 16777216
370
    18
100
AcDbLine
 10
40721.3527333462
 20
-13122.42537556729
 30
0.0
 11
40721.3527333462
 21
-9122.425375567287
 31
0.0
  0
INSERT
  5
111A
330
E3E
100
AcDbEntity
  8
PUB_DIM
 62
     0
440
 16777216
370
    18
100
AcDbBlockReference
  2
_ArchTick
 10
40721.3527333462
 20
-13122.42537556729
 30
0.0
 41
150.0
 42
150.0
 43
150.0
 50
270.0
  0
INSERT
  5
111B
330
E3E
100
AcDbEntity
  8
PUB_DIM
 62
     0
440
 16777216
370
    18
100
AcDbBlockReference
  2
_ArchTick
 10
40721.3527333462
 20
-9122.425375567287
 30
0.0
 41
150.0
 42
150.0
 43
150.0
 50
90.0
  0
MTEXT
  5
111C
330
E3E
100
AcDbEntity
  8
PUB_DIM
 62
     7
440
 16777216
100
AcDbMText
 10
40446.3527333462
 20
-11122.42537556729
 30
0.0
 40
350.0
 41
0.0
 46
0.0
 71
     5
 72
     1
  1
\A1;4000
  7
TSSD_REIN_T3
 11
0.0000000000000001
 21
1.0
 31
0.0
 73
     1
 44
1.0
  0
POINT
  5
111D
330
E3E
100
AcDbEntity
  8
Defpoints
 62
     0
440
 16777216
100
AcDbPoint
 10
39586.36172579323
 20
-13122.42537556729
 30
0.0
  0
POINT
  5
111E
330
E3E
100
AcDbEntity
  8
Defpoints
 62
     0
440
 16777216
100
AcDbPoint
 10
39586.36172579323
 20
-9122.425375567287
 30
0.0
  0
POINT
  5
111F
330
E3E
100
AcDbEntity
  8
Defpoints
 62
     0
440
 16777216
100
AcDbPoint
 10
40721.3527333462
 20
-9122.425375567287
 30
0.0
  0
ENDBLK
  5
E40
330
E3E
100
AcDbEntity
  8
0
100
AcDbBlockEnd
  0
BLOCK
  5
E4B
330
E4A
100
AcDbEntity
  8
0
100
AcDbBlockBegin
  2
*D153
 70
     1
 10
0.0
 20
0.0
 30
0.0
  3
*D153
  1

  0
LINE
  5
1120
330
E4A
100
AcDbEntity
  8
YHJ_尺寸_公标
 62
     0
440
 16777216
370
    -2
100
AcDbLine
 10
-12925.13201684272
 20
-14177.19516272331
 30
0.0
 11
-13489.88196247677
 21
-14177.19516272331
 31
0.0
  0
LINE
  5
1121
330
E4A
100
AcDbEntity
  8
YHJ_尺寸_公标
 62
     0
440
 16777216
370
    -2
100
AcDbLine
 10
-12925.13201684272
 20
-13177.19516272331
 30
0.0
 11
-13489.88196247677
 21
-13177.19516272331
 31
0.0
  0
LINE
  5
1122
330
E4A
100
AcDbEntity
  8
YHJ_尺寸_公标
 62
     0
440
 16777216
370
    -2
100
AcDbLine
 10
-13302.38196247677
 20
-14177.19516272331
 30
0.0
 11
-13302.38196247677
 21
-13177.19516272331
 31
0.0
  0
INSERT
  5
1123
330
E4A
100
AcDbEntity
  8
YHJ_尺寸_公标
 62
     0
440
 16777216
370
    -2
100
AcDbBlockReference
  2
_ArchTick
 10
-13302.38196247677
 20
-14177.19516272331
 30
0.0
 41
75.0
 42
75.0
 43
75.0
 50
270.0
  0
INSERT
  5
1124
330
E4A
100
AcDbEntity
  8
YHJ_尺寸_公标
 62
     0
440
 16777216
370
    -2
100
AcDbBlockReference
  2
_ArchTick
 10
-13302.38196247677
 20
-13177.19516272331
 30
0.0
 41
75.0
 42
75.0
 43
75.0
 50
90.0
  0
MTEXT
  5
1125
330
E4A
100
AcDbEntity
  8
YHJ_尺寸_公标
 62
     7
440
 16777216
100
AcDbMText
 10
-13508.63196247677
 20
-13677.19516272331
 30
0.0
 40
223.125
 41
0.0
 46
0.0
 71
     5
 72
     1
  1
\A1;1000
  7
_TCH_DIM_T3
 11
0.0000000000000001
 21
1.0
 31
0.0
 73
     1
 44
1.0
  0
POINT
  5
1126
330
E4A
100
AcDbEntity
  8
Defpoints
 62
     0
440
 16777216
100
AcDbPoint
 10
-12700.13201684272
 20
-14177.19516272331
 30
0.0
  0
POINT
  5
1127
330
E4A
100
AcDbEntity
  8
Defpoints
 62
     0
440
 16777216
100
AcDbPoint
 10
-12700.13201684272
 20
-13177.19516272331
 30
0.0
  0
POINT
  5
1128
330
E4A
100
AcDbEntity
  8
Defpoints
 62
     0
440
 16777216
100
AcDbPoint
 10
-13302.38196247677
 20
-13177.19516272331
 30
0.0
  0
ENDBLK
  5
E4C
330
E4A
100
AcDbEntity
  8
0
100
AcDbBlockEnd
  0
BLOCK
  5
E57
330
E56
100
AcDbEntity
  8
0
100
AcDbBlockBegin
  2
*D154
 70
     1
 10
0.0
 20
0.0
 30
0.0
  3
*D154
  1

  0
LINE
  5
1129
330
E56
100
AcDbEntity
  8
YHJ_尺寸_公标
 62
     0
440
 16777216
370
    -2
100
AcDbLine
 10
-12925.13201684272
 20
-13177.19516272331
 30
0.0
 11
-13489.88196247676
 21
-13177.19516272331
 31
0.0
  0
LINE
  5
112A
330
E56
100
AcDbEntity
  8
YHJ_尺寸_公标
 62
     0
440
 16777216
370
    -2
100
AcDbLine
 10
-12925.13201684272
 20
-11377.19516272331
 30
0.0
 11
-13489.88196247677
 21
-11377.19516272331
 31
0.0
  0
LINE
  5
112B
330
E56
100
AcDbEntity
  8
YHJ_尺寸_公标
 62
     0
440
 16777216
370
    -2
100
AcDbLine
 10
-13302.38196247676
 20
-13177.19516272331
 30
0.0
 11
-13302.38196247677
 21
-11377.19516272331
 31
0.0
  0
INSERT
  5
112C
330
E56
100
AcDbEntity
  8
YHJ_尺寸_公标
 62
     0
440
 16777216
370
    -2
100
AcDbBlockReference
  2
_ArchTick
 10
-13302.38196247676
 20
-13177.19516272331
 30
0.0
 41
75.0
 42
75.0
 43
75.0
 50
270.0
  0
INSERT
  5
112D
330
E56
100
AcDbEntity
  8
YHJ_尺寸_公标
 62
     0
440
 16777216
370
    -2
100
AcDbBlockReference
  2
_ArchTick
 10
-13302.38196247677
 20
-11377.19516272331
 30
0.0
 41
75.0
 42
75.0
 43
75.0
 50
90.0
  0
MTEXT
  5
112E
330
E56
100
AcDbEntity
  8
YHJ_尺寸_公标
 62
     7
440
 16777216
100
AcDbMText
 10
-13508.63196247676
 20
-12277.1951627233
 30
0.0
 40
223.125
 41
0.0
 46
0.0
 71
     5
 72
     1
  1
\A1;1800
  7
_TCH_DIM_T3
 11
0.0000000000000001
 21
1.0
 31
0.0
 73
     1
 44
1.0
  0
POINT
  5
112F
330
E56
100
AcDbEntity
  8
Defpoints
 62
     0
440
 16777216
100
AcDbPoint
 10
-12700.13201684272
 20
-13177.19516272331
 30
0.0
  0
POINT
  5
1130
330
E56
100
AcDbEntity
  8
Defpoints
 62
     0
440
 16777216
100
AcDbPoint
 10
-12700.13201684272
 20
-11377.19516272331
 30
0.0
  0
POINT
  5
1131
330
E56
100
AcDbEntity
  8
Defpoints
 62
     0
440
 16777216
100
AcDbPoint
 10
-13302.38196247677
 20
-11377.19516272331
 30
0.0
  0
ENDBLK
  5
E58
330
E56
100
AcDbEntity
  8
0
100
AcDbBlockEnd
  0
BLOCK
  5
E63
330
E62
100
AcDbEntity
  8
0
100
AcDbBlockBegin
  2
*D155
 70
     1
 10
0.0
 20
0.0
 30
0.0
  3
*D155
  1

  0
LINE
  5
1132
330
E62
100
AcDbEntity
  8
YHJ_尺寸_公标
 62
     0
440
 16777216
370
    -2
100
AcDbLine
 10
-12925.13201684272
 20
-11377.19516272331
 30
0.0
 11
-13489.88196247677
 21
-11377.19516272331
 31
0.0
  0
LINE
  5
1133
330
E62
100
AcDbEntity
  8
YHJ_尺寸_公标
 62
     0
440
 16777216
370
    -2
100
AcDbLine
 10
-12925.13201684272
 20
-10177.19516272331
 30
0.0
 11
-13489.88196247677
 21
-10177.19516272331
 31
0.0
  0
LINE
  5
1134
330
E62
100
AcDbEntity
  8
YHJ_尺寸_公标
 62
     0
440
 16777216
370
    -2
100
AcDbLine
 10
-13302.38196247677
 20
-11377.19516272331
 30
0.0
 11
-13302.38196247677
 21
-10177.19516272331
 31
0.0
  0
INSERT
  5
1135
330
E62
100
AcDbEntity
  8
YHJ_尺寸_公标
 62
     0
440
 16777216
370
    -2
100
AcDbBlockReference
  2
_ArchTick
 10
-13302.38196247677
 20
-11377.19516272331
 30
0.0
 41
75.0
 42
75.0
 43
75.0
 50
270.0
  0
INSERT
  5
1136
330
E62
100
AcDbEntity
  8
YHJ_尺寸_公标
 62
     0
440
 16777216
370
    -2
100
AcDbBlockReference
  2
_ArchTick
 10
-13302.38196247677
 20
-10177.19516272331
 30
0.0
 41
75.0
 42
75.0
 43
75.0
 50
90.0
  0
MTEXT
  5
1137
330
E62
100
AcDbEntity
  8
YHJ_尺寸_公标
 62
     7
440
 16777216
100
AcDbMText
 10
-13508.63196247676
 20
-10777.1951627233
 30
0.0
 40
223.125
 41
0.0
 46
0.0
 71
     5
 72
     1
  1
\A1;1200
  7
_TCH_DIM_T3
 11
0.0000000000000001
 21
1.0
 31
0.0
 73
     1
 44
1.0
  0
POINT
  5
1138
330
E62
100
AcDbEntity
  8
Defpoints
 62
     0
440
 16777216
100
AcDbPoint
 10
-12700.13201684272
 20
-11377.19516272331
 30
0.0
  0
POINT
  5
1139
330
E62
100
AcDbEntity
  8
Defpoints
 62
     0
440
 16777216
100
AcDbPoint
 10
-12700.13201684272
 20
-10177.19516272331
 30
0.0
  0
POINT
  5
113A
330
E62
100
AcDbEntity
  8
Defpoints
 62
     0
440
 16777216
100
AcDbPoint
 10
-13302.38196247677
 20
-10177.19516272331
 30
0.0
  0
ENDBLK
  5
E64
330
E62
100
AcDbEntity
  8
0
100
AcDbBlockEnd
  0
BLOCK
  5
E6F
330
E6E
100
AcDbEntity
  8
0
100
AcDbBlockBegin
  2
*D156
 70
     1
 10
0.0
 20
0.0
 30
0.0
  3
*D156
  1

  0
LINE
  5
113B
330
E6E
100
AcDbEntity
  8
YHJ_尺寸_公标
 62
     0
440
 16777216
370
    -2
100
AcDbLine
 10
33898.66230962706
 20
-13122.42537556729
 30
0.0
 11
33374.5992011745
 21
-13122.42537556729
 31
0.0
  0
LINE
  5
113C
330
E6E
100
AcDbEntity
  8
YHJ_尺寸_公标
 62
     0
440
 16777216
370
    -2
100
AcDbLine
 10
33898.66230962706
 20
-12122.42537556728
 30
0.0
 11
33374.5992011745
 21
-12122.42537556728
 31
0.0
  0
LINE
  5
113D
330
E6E
100
AcDbEntity
  8
YHJ_尺寸_公标
 62
     0
440
 16777216
370
    -2
100
AcDbLine
 10
33562.0992011745
 20
-13122.42537556729
 30
0.0
 11
33562.0992011745
 21
-12122.42537556728
 31
0.0
  0
INSERT
  5
113E
330
E6E
100
AcDbEntity
  8
YHJ_尺寸_公标
 62
     0
440
 16777216
370
    -2
100
AcDbBlockReference
  2
_ArchTick
 10
33562.0992011745
 20
-13122.42537556729
 30
0.0
 41
75.0
 42
75.0
 43
75.0
 50
270.0
  0
INSERT
  5
113F
330
E6E
100
AcDbEntity
  8
YHJ_尺寸_公标
 62
     0
440
 16777216
370
    -2
100
AcDbBlockReference
  2
_ArchTick
 10
33562.0992011745
 20
-12122.42537556728
 30
0.0
 41
75.0
 42
75.0
 43
75.0
 50
90.0
  0
MTEXT
  5
1140
330
E6E
100
AcDbEntity
  8
YHJ_尺寸_公标
 62
     7
440
 16777216
100
AcDbMText
 10
33355.84920117449
 20
-12622.42537556729
 30
0.0
 40
223.125
 41
0.0
 46
0.0
 71
     5
 72
     1
  1
\A1;1000
  7
_TCH_DIM_T3
 11
0.0000000000000001
 21
1.0
 31
0.0
 73
     1
 44
1.0
  0
POINT
  5
1141
330
E6E
100
AcDbEntity
  8
Defpoints
 62
     0
440
 16777216
100
AcDbPoint
 10
34123.66230962706
 20
-13122.42537556729
 30
0.0
  0
POINT
  5
1142
330
E6E
100
AcDbEntity
  8
Defpoints
 62
     0
440
 16777216
100
AcDbPoint
 10
34123.66230962706
 20
-12122.42537556728
 30
0.0
  0
POINT
  5
1143
330
E6E
100
AcDbEntity
  8
Defpoints
 62
     0
440
 16777216
100
AcDbPoint
 10
33562.0992011745
 20
-12122.42537556728
 30
0.0
  0
ENDBLK
  5
E70
330
E6E
100
AcDbEntity
  8
0
100
AcDbBlockEnd
  0
BLOCK
  5
E7B
330
E7A
100
AcDbEntity
  8
0
100
AcDbBlockBegin
  2
*D157
 70
     1
 10
0.0
 20
0.0
 30
0.0
  3
*D157
  1

  0
LINE
  5
1144
330
E7A
100
AcDbEntity
  8
YHJ_尺寸_公标
 62
     0
440
 16777216
370
    -2
100
AcDbLine
 10
33898.66230962706
 20
-12122.42537556728
 30
0.0
 11
33374.5992011745
 21
-12122.42537556728
 31
0.0
  0
LINE
  5
1145
330
E7A
100
AcDbEntity
  8
YHJ_尺寸_公标
 62
     0
440
 16777216
370
    -2
100
AcDbLine
 10
33898.66230962706
 20
-10322.42537556729
 30
0.0
 11
33374.5992011745
 21
-10322.42537556729
 31
0.0
  0
LINE
  5
1146
330
E7A
100
AcDbEntity
  8
YHJ_尺寸_公标
 62
     0
440
 16777216
370
    -2
100
AcDbLine
 10
33562.0992011745
 20
-12122.42537556728
 30
0.0
 11
33562.0992011745
 21
-10322.42537556729
 31
0.0
  0
INSERT
  5
1147
330
E7A
100
AcDbEntity
  8
YHJ_尺寸_公标
 62
     0
440
 16777216
370
    -2
100
AcDbBlockReference
  2
_ArchTick
 10
33562.0992011745
 20
-12122.42537556728
 30
0.0
 41
75.0
 42
75.0
 43
75.0
 50
270.0
  0
INSERT
  5
1148
330
E7A
100
AcDbEntity
  8
YHJ_尺寸_公标
 62
     0
440
 16777216
370
    -2
100
AcDbBlockReference
  2
_ArchTick
 10
33562.0992011745
 20
-10322.42537556729
 30
0.0
 41
75.0
 42
75.0
 43
75.0
 50
90.0
  0
MTEXT
  5
1149
330
E7A
100
AcDbEntity
  8
YHJ_尺寸_公标
 62
     7
440
 16777216
100
AcDbMText
 10
33355.84920117449
 20
-11222.42537556729
 30
0.0
 40
223.125
 41
0.0
 46
0.0
 71
     5
 72
     1
  1
\A1;1800
  7
_TCH_DIM_T3
 11
0.0000000000000001
 21
1.0
 31
0.0
 73
     1
 44
1.0
  0
POINT
  5
114A
330
E7A
100
AcDbEntity
  8
Defpoints
 62
     0
440
 16777216
100
AcDbPoint
 10
34123.66230962706
 20
-12122.42537556728
 30
0.0
  0
POINT
  5
114B
330
E7A
100
AcDbEntity
  8
Defpoints
 62
     0
440
 16777216
100
AcDbPoint
 10
34123.66230962706
 20
-10322.42537556729
 30
0.0
  0
POINT
  5
114C
330
E7A
100
AcDbEntity
  8
Defpoints
 62
     0
440
 16777216
100
AcDbPoint
 10
33562.0992011745
 20
-10322.42537556729
 30
0.0
  0
ENDBLK
  5
E7C
330
E7A
100
AcDbEntity
  8
0
100
AcDbBlockEnd
  0
BLOCK
  5
E87
330
E86
100
AcDbEntity
  8
0
100
AcDbBlockBegin
  2
*D158
 70
     1
 10
0.0
 20
0.0
 30
0.0
  3
*D158
  1

  0
LINE
  5
114D
330
E86
100
AcDbEntity
  8
YHJ_尺寸_公标
 62
     0
440
 16777216
370
    -2
100
AcDbLine
 10
33898.66230962706
 20
-10322.42537556729
 30
0.0
 11
33374.5992011745
 21
-10322.42537556729
 31
0.0
  0
LINE
  5
114E
330
E86
100
AcDbEntity
  8
YHJ_尺寸_公标
 62
     0
440
 16777216
370
    -2
100
AcDbLine
 10
33898.66230962706
 20
-9122.425375567287
 30
0.0
 11
33374.5992011745
 21
-9122.425375567287
 31
0.0
  0
LINE
  5
114F
330
E86
100
AcDbEntity
  8
YHJ_尺寸_公标
 62
     0
440
 16777216
370
    -2
100
AcDbLine
 10
33562.0992011745
 20
-10322.42537556729
 30
0.0
 11
33562.0992011745
 21
-9122.425375567287
 31
0.0
  0
INSERT
  5
1150
330
E86
100
AcDbEntity
  8
YHJ_尺寸_公标
 62
     0
440
 16777216
370
    -2
100
AcDbBlockReference
  2
_ArchTick
 10
33562.0992011745
 20
-10322.42537556729
 30
0.0
 41
75.0
 42
75.0
 43
75.0
 50
270.0
  0
INSERT
  5
1151
330
E86
100
AcDbEntity
  8
YHJ_尺寸_公标
 62
     0
440
 16777216
370
    -2
100
AcDbBlockReference
  2
_ArchTick
 10
33562.0992011745
 20
-9122.425375567287
 30
0.0
 41
75.0
 42
75.0
 43
75.0
 50
90.0
  0
MTEXT
  5
1152
330
E86
100
AcDbEntity
  8
YHJ_尺寸_公标
 62
     7
440
 16777216
100
AcDbMText
 10
33355.84920117449
 20
-9722.425375567295
 30
0.0
 40
223.125
 41
0.0
 46
0.0
 71
     5
 72
     1
  1
\A1;1200
  7
_TCH_DIM_T3
 11
0.0000000000000001
 21
1.0
 31
0.0
 73
     1
 44
1.0
  0
POINT
  5
1153
330
E86
100
AcDbEntity
  8
Defpoints
 62
     0
440
 16777216
100
AcDbPoint
 10
34123.66230962706
 20
-10322.42537556729
 30
0.0
  0
POINT
  5
1154
330
E86
100
AcDbEntity
  8
Defpoints
 62
     0
440
 16777216
100
AcDbPoint
 10
34123.66230962706
 20
-9122.425375567287
 30
0.0
  0
POINT
  5
1155
330
E86
100
AcDbEntity
  8
Defpoints
 62
     0
440
 16777216
100
AcDbPoint
 10
33562.0992011745
 20
-9122.425375567287
 30
0.0
  0
ENDBLK
  5
E88
330
E86
100
AcDbEntity
  8
0
100
AcDbBlockEnd
  0
ENDSEC
  0
SECTION
  2
ENTITIES
  0
LWPOLYLINE
  5
281
102
{ACAD_REACTORS
330
119E
330
11B2
102
}
330
1F
100
AcDbEntity
  8
YHJ_立面_墙线中
370
    25
100
AcDbPolyline
 90
        6
 70
     1
 43
0.0
 10
5955.995140334126
 20
2496.100723119452
 10
4855.995140333194
 20
2496.100723119452
 10
4855.995140333194
 20
2596.100723119453
 10
4755.995140333194
 20
2596.100723119453
 10
4755.995140333194
 20
2646.100723119453
 10
5955.995140334126
 20
3126.066480009351
  0
TEXT
  5
282
330
1F
100
AcDbEntity
  8
DIM_LEAD
 62
     7
100
AcDbText
 10
4515.039602337405
 20
531.4975698920898
 30
0.0
 40
337.5886524822695
  1
雨篷截面(黄色轮廓线)
  7
_TCH_DIM
100
AcDbText
  0
LWPOLYLINE
  5
283
330
1F
100
AcDbEntity
  8
YHJ_门窗框
100
AcDbPolyline
 90
        4
 70
     1
 43
0.0
 10
10395.91591236926
 20
3841.351537942421
 10
8895.915912369266
 20
3841.351537942421
 10
8895.915912369266
 20
2041.351537942421
 10
10395.91591236926
 20
2041.351537942421
  0
LWPOLYLINE
  5
284
330
1F
100
AcDbEntity
  8
YHJ_门窗细线
100
AcDbPolyline
 90
        2
 70
     0
 43
0.0
 10
10345.91591236926
 20
3791.35153794242
 10
8945.915912369265
 20
3791.35153794242
  0
LWPOLYLINE
  5
285
330
1F
100
AcDbEntity
  8
YHJ_门窗细线
100
AcDbPolyline
 90
        2
 70
     0
 43
0.0
 10
8945.915912369265
 20
2091.351537942421
 10
10345.91591236926
 20
2091.351537942421
  0
LINE
  5
286
330
1F
100
AcDbEntity
  8
YHJ_门窗细线
100
AcDbLine
 10
10345.91591236926
 20
2091.351537942421
 30
0.0
 11
10345.91591236926
 21
3241.351537942421
 31
0.0
  0
LINE
  5
287
330
1F
100
AcDbEntity
  8
YHJ_门窗细线
100
AcDbLine
 10
10345.91591236926
 20
3291.35153794242
 30
0.0
 11
10345.91591236926
 21
3791.35153794242
 31
0.0
  0
LINE
  5
288
330
1F
100
AcDbEntity
  8
YHJ_门窗细线
100
AcDbLine
 10
8945.915912369265
 20
2091.351537942421
 30
0.0
 11
8945.915912369265
 21
3241.351537942421
 31
0.0
  0
LINE
  5
289
330
1F
100
AcDbEntity
  8
YHJ_门窗细线
100
AcDbLine
 10
8945.915912369265
 20
3291.35153794242
 30
0.0
 11
10345.91591236926
 21
3291.35153794242
 31
0.0
  0
LINE
  5
28A
330
1F
100
AcDbEntity
  8
YHJ_门窗细线
100
AcDbLine
 10
8945.915912369265
 20
3241.351537942421
 30
0.0
 11
10345.91591236926
 21
3241.351537942421
 31
0.0
  0
LWPOLYLINE
  5
28B
330
1F
100
AcDbEntity
  8
YHJ_门窗细线
100
AcDbPolyline
 90
        4
 70
     1
 43
0.0
 10
10295.91591236926
 20
2141.351537942421
 10
9670.915912369267
 20
2141.351537942421
 10
9670.915912369267
 20
3191.351537942421
 10
10295.91591236926
 20
3191.351537942421
  0
LINE
  5
28C
330
1F
100
AcDbEntity
  8
YHJ_门窗细线
100
AcDbLine
 10
9620.915912369266
 20
3241.351537942421
 30
0.0
 11
9620.915912369266
 21
2091.351537942421
 31
0.0
  0
LWPOLYLINE
  5
28D
330
1F
100
AcDbEntity
  8
YHJ_门窗细线
100
AcDbPolyline
 90
        4
 70
     1
 43
0.0
 10
8995.915912369266
 20
2141.351537942421
 10
9620.915912369266
 20
2141.351537942421
 10
9620.915912369266
 20
3191.351537942421
 10
8995.915912369266
 20
3191.351537942421
  0
LINE
  5
28E
330
1F
100
AcDbEntity
  8
YHJ_门窗细线
100
AcDbLine
 10
8945.915912369265
 20
3291.35153794242
 30
0.0
 11
8945.915912369265
 21
3791.35153794242
 31
0.0
  0
INSERT
  5
28F
330
1F
100
AcDbEntity
  8
YHJ_符号
100
AcDbBlockReference
  2
玻璃
 10
34788.28393630684
 20
-164993.70292333
 30
0.0
 43
-1.0
 50
149.9999999998738
210
0.0
220
0.0
230
-1.0
  0
INSERT
  5
290
330
1F
100
AcDbEntity
  8
YHJ_符号
100
AcDbBlockReference
  2
玻璃
 10
35201.32313581929
 20
-165863.4181533922
 30
0.0
 43
-1.0
 50
149.9999999998738
210
0.0
220
0.0
230
-1.0
  0
INSERT
  5
291
330
1F
100
AcDbEntity
  8
YHJ_符号
100
AcDbBlockReference
  2
玻璃
 10
34466.42985554971
 20
-165869.8085967293
 30
0.0
 43
-1.0
 50
149.9999999998738
210
0.0
220
0.0
230
-1.0
  0
TEXT
  5
292
330
1F
100
AcDbEntity
  8
DIM_LEAD
 62
     7
100
AcDbText
 10
9544.137599183247
 20
499.6795525145716
 30
0.0
 40
337.5886524822695
  1
窗（立面）
  7
_TCH_DIM
100
AcDbText
  0
LWPOLYLINE
  5
293
330
1F
100
AcDbEntity
  8
YHJ_门窗框
100
AcDbPolyline
 90
        4
 70
     1
 43
0.0
 10
12463.16136778984
 20
4075.803474931512
 10
14263.16136778984
 20
4075.803474931512
 10
14263.16136778984
 20
1675.803474931512
 10
12463.16136778984
 20
1675.803474931512
  0
LWPOLYLINE
  5
294
330
1F
100
AcDbEntity
  8
YHJ_门窗细线
100
AcDbPolyline
 90
        4
 70
     1
 43
0.0
 10
12513.16136778984
 20
4025.803474931512
 10
14213.16136778984
 20
4025.803474931512
 10
14213.16136778984
 20
1725.803474931512
 10
12513.16136778984
 20
1725.803474931512
  0
LINE
  5
295
330
1F
100
AcDbEntity
  8
YHJ_门窗细线
100
AcDbLine
 10
13363.16136778984
 20
4025.803474931512
 30
0.0
 11
13363.16136778984
 21
1725.803474931512
 31
0.0
  0
TEXT
  5
296
330
1F
100
AcDbEntity
  8
DIM_LEAD
 62
     7
100
AcDbText
 10
13294.58266936987
 20
501.2516015744767
 30
0.0
 40
337.5886524822695
  1
门（立面）
  7
_TCH_DIM
100
AcDbText
  0
HATCH
  5
297
330
1F
100
AcDbEntity
  8
建筑-房间填充
100
AcDbHatch
 10
0.0
 20
0.0
 30
0.0
210
0.0
220
0.0
230
1.0
  2
钢筋混凝土
 70
     0
 71
     0
 91
        1
 92
        1
 93
        8
 72
     1
 10
1474.588331076316
 20
3520.706647052895
 11
1359.118277238216
 21
3520.706647052895
 72
     1
 10
1359.118277238682
 20
3520.706647052895
 11
1070.443142643664
 21
3020.706647052895
 72
     1
 10
1070.443142643664
 20
3020.706647052895
 11
1070.443142643664
 21
2820.706647052896
 72
     1
 10
1070.443142643664
 20
2820.706647052896
 11
1570.443142643664
 21
2820.706647052896
 72
     1
 10
1570.443142643664
 20
2820.706647052896
 11
1570.443142643664
 21
2920.706647052896
 72
     1
 10
1570.443142643664
 20
2920.706647052896
 11
1170.443142643664
 21
2920.706647052896
 72
     1
 10
1170.443142643664
 20
2920.706647052896
 11
1170.443142643664
 21
2993.911727809813
 72
     1
 10
1170.443142643664
 20
2993.911727809813
 11
1474.588331076316
 21
3520.706647052895
 97
        0
 75
     1
 76
     1
 52
0.0
 41
25.0
 77
     0
 78
    14
 53
45.0
 43
-298698.4268297975
 44
-24965.4524145578
 45
-44.19417382415921
 46
44.19417382415922
 79
     0
 53
50.0
 43
-298698.4268297975
 44
-24965.4524145578
 45
179.3150456501883
 46
-15.68803374564877
 79
     2
 49
18.75
 49
-206.25
 53
355.0
 43
-298698.4268297975
 44
-24965.4524145578
 45
-34.68783340325
 46
188.0480334250029
 79
     2
 49
15.0
 49
-165.0
 53
100.4514
 43
-298683.4839097974
 44
-24966.75974955782
 45
144.6273454285054
 46
172.3598855152384
 79
     2
 49
15.9350475
 49
-175.285528
 53
46.18420000000001
 43
-298698.4268297975
 44
-24915.45241455781
 45
266.8102621564111
 46
-41.37975358225452
 79
     2
 49
28.12499999999993
 49
-309.3749999999989
 53
96.6356
 43
-298676.1926435475
 44
-24918.90074130753
 45
233.6656763871758
 46
243.5294677251104
 79
     2
 49
23.902572
 49
-262.92825
 53
351.1842000000001
 43
-298698.4268297975
 44
-24915.45241455781
 45
233.6654862834068
 46
243.5296502313311
 79
     2
 49
22.5
 49
-247.5
 53
21.0
 43
-298673.4268297975
 44
-24927.9524145578
 45
149.2267630296154
 46
-100.6547226663347
 79
     2
 49
18.75
 49
-206.25
 53
326.0
 43
-298673.4268297975
 44
-24927.9524145578
 45
60.82883298039543
 46
181.2875112617133
 79
     2
 49
15.0
 49
-165.0
 53
71.45140000000001
 43
-298660.9912715475
 44
-24936.34031605767
 45
210.0556571453725
 46
80.63262417748809
 79
     2
 49
15.9350475
 49
-175.285528
 53
37.5
 43
-298698.4268297975
 44
-24965.4524145578
 45
3.039963829322667
 46
83.22346345782788
 79
     6
 49
0.0
 49
-163.0
 49
0.0
 49
-167.5
 49
0.0
 49
-165.625
 53
7.499999999999999
 43
-298698.4268297975
 44
-24965.4524145578
 45
65.76738436053715
 46
98.60292797059006
 79
     6
 49
0.0
 49
-95.5
 49
0.0
 49
-159.25
 49
0.0
 49
-63.125
 53
327.5
 43
-298754.1768297975
 44
-24965.4524145578
 45
133.4556090431022
 46
-5.638717933594938
 79
     6
 49
0.0
 49
-62.5
 49
0.0
 49
-195.0
 49
0.0
 49
-258.75
 53
317.5
 43
-298779.1768297975
 44
-24965.4524145578
 45
145.7965423355966
 46
25.02624558307943
 79
     6
 49
0.0
 49
-81.25
 49
0.0
 49
-129.5
 49
0.0
 49
-183.75
 98
        1
 10
1302.724097731057
 20
3334.55108146742
1001
GradientColor1ACI
1070
     5
1001
GradientColor2ACI
1070
     2
1001
ACAD
1010
0.0
1020
0.0
1030
0.0
  0
LINE
  5
298
330
1F
100
AcDbEntity
  8
轮廓线
100
AcDbLine
 10
1474.588331076316
 20
3520.706647052895
 30
0.0
 11
1359.118277238682
 21
3520.706647052895
 31
0.0
  0
LWPOLYLINE
  5
299
330
1F
100
AcDbEntity
  8
轮廓线
100
AcDbPolyline
 90
        4
 70
     0
 43
0.0
 10
1570.443142643664
 20
2820.706647052896
 10
1070.443142643664
 20
2820.706647052896
 10
1070.443142643664
 20
3020.706647052895
 10
1359.118277238682
 20
3520.706647052895
  0
LWPOLYLINE
  5
29A
330
1F
100
AcDbEntity
  8
轮廓线
100
AcDbPolyline
 90
        4
 70
     0
 43
0.0
 10
1570.443142643664
 20
2920.706647052896
 10
1170.443142643664
 20
2920.706647052896
 10
1170.443142643664
 20
2993.911727809813
 10
1474.588331076316
 20
3520.706647052895
  0
HATCH
  5
29B
330
1F
100
AcDbEntity
  8
建筑-房间填充
100
AcDbHatch
 10
0.0
 20
0.0
 30
0.0
210
0.0
220
0.0
230
1.0
  2
钢筋混凝土
 70
     0
 71
     0
 91
        1
 92
        1
 93
        4
 72
     1
 10
1820.443142643664
 20
3120.706647052895
 11
1570.443142643664
 21
3120.706647052895
 72
     1
 10
1570.443142643664
 20
3120.706647052895
 11
1570.443142643664
 21
1760.847468021791
 72
     1
 10
1570.443142643664
 20
1760.847468021791
 11
1820.443142643664
 21
1760.847468021791
 72
     1
 10
1820.443142643664
 20
1760.847468021791
 11
1820.443142643664
 21
3120.706647052895
 97
        0
 75
     1
 76
     1
 52
0.0
 41
25.0
 77
     0
 78
    14
 53
45.0
 43
-298598.4268297975
 44
-24865.4524145578
 45
-44.19417382415921
 46
44.19417382415922
 79
     0
 53
50.0
 43
-298598.4268297975
 44
-24865.4524145578
 45
179.3150456501883
 46
-15.68803374564877
 79
     2
 49
18.75
 49
-206.25
 53
355.0
 43
-298598.4268297975
 44
-24865.4524145578
 45
-34.68783340325
 46
188.0480334250029
 79
     2
 49
15.0
 49
-165.0
 53
100.4514
 43
-298583.4839097974
 44
-24866.75974955782
 45
144.6273454285054
 46
172.3598855152384
 79
     2
 49
15.9350475
 49
-175.285528
 53
46.18420000000001
 43
-298598.4268297975
 44
-24815.4524145578
 45
266.8102621564111
 46
-41.37975358225452
 79
     2
 49
28.12499999999994
 49
-309.374999999999
 53
96.6356
 43
-298576.1926435475
 44
-24818.90074130753
 45
233.6656763871758
 46
243.5294677251104
 79
     2
 49
23.902572
 49
-262.92825
 53
351.1842000000001
 43
-298598.4268297975
 44
-24815.4524145578
 45
233.6654862834068
 46
243.5296502313311
 79
     2
 49
22.5
 49
-247.5
 53
21.0
 43
-298573.4268297975
 44
-24827.95241455781
 45
149.2267630296154
 46
-100.6547226663347
 79
     2
 49
18.75
 49
-206.25
 53
326.0
 43
-298573.4268297975
 44
-24827.95241455781
 45
60.82883298039543
 46
181.2875112617133
 79
     2
 49
15.0
 49
-165.0
 53
71.45140000000001
 43
-298560.9912715475
 44
-24836.34031605767
 45
210.0556571453725
 46
80.63262417748809
 79
     2
 49
15.9350475
 49
-175.285528
 53
37.5
 43
-298598.4268297975
 44
-24865.4524145578
 45
3.039963829322667
 46
83.22346345782788
 79
     6
 49
0.0
 49
-163.0
 49
0.0
 49
-167.5
 49
0.0
 49
-165.625
 53
7.499999999999999
 43
-298598.4268297975
 44
-24865.4524145578
 45
65.76738436053715
 46
98.60292797059006
 79
     6
 49
0.0
 49
-95.5
 49
0.0
 49
-159.25
 49
0.0
 49
-63.125
 53
327.5
 43
-298654.1768297975
 44
-24865.4524145578
 45
133.4556090431022
 46
-5.638717933594938
 79
     6
 49
0.0
 49
-62.5
 49
0.0
 49
-195.0
 49
0.0
 49
-258.75
 53
317.5
 43
-298679.1768297975
 44
-24865.4524145578
 45
145.7965423355966
 46
25.02624558307943
 79
     6
 49
0.0
 49
-81.25
 49
0.0
 49
-129.5
 49
0.0
 49
-183.75
 98
        1
 10
1770.428660060279
 20
2706.453885784373
1001
GradientColor1ACI
1070
     5
1001
GradientColor2ACI
1070
     2
1001
ACAD
1010
0.0
1020
0.0
1030
0.0
  0
LWPOLYLINE
  5
29C
330
1F
100
AcDbEntity
  8
WALL
100
AcDbPolyline
 90
        4
 70
     1
 43
0.0
 10
1570.443142643664
 20
3120.706647052895
 10
1820.443142643664
 20
3120.706647052895
 10
1820.443142643664
 20
1760.847468021791
 10
1570.443142643664
 20
1760.847468021791
  0
TEXT
  5
29D
330
1F
100
AcDbEntity
  8
DIM_LEAD
 62
     7
100
AcDbText
 10
487.1471368968486
 20
490.2025250443257
 30
0.0
 40
337.5886524822695
  1
天沟挑檐截面(黄色轮廓线)
  7
_TCH_DIM
100
AcDbText
  0
LWPOLYLINE
  5
29E
330
1F
100
AcDbEntity
  8
0
100
AcDbPolyline
 90
        4
 70
     1
 43
0.0
 10
73.3534584492445
 20
229.8961449889466
 10
3865.047089572996
 20
229.8961449889466
 10
3865.047089572996
 20
5095.534969086759
 10
73.3534584492445
 20
5095.534969086759
  0
LWPOLYLINE
  5
29F
330
1F
100
AcDbEntity
  8
0
100
AcDbPolyline
 90
        2
 70
     0
 43
0.0
 10
73.3534584492445
 20
1075.543511845171
 10
3865.047089572996
 20
1075.543511845171
  0
LWPOLYLINE
  5
2A0
102
{ACAD_REACTORS
330
119E
102
}
330
1F
100
AcDbEntity
  8
0
100
AcDbPolyline
 90
        4
 70
     1
 43
0.0
 10
3865.047089572996
 20
229.8961449889466
 10
7656.740720696747
 20
229.8961449889466
 10
7656.740720696747
 20
5095.534969086759
 10
3865.047089572996
 20
5095.534969086759
  0
LWPOLYLINE
  5
2A1
102
{ACAD_REACTORS
330
119E
102
}
330
1F
100
AcDbEntity
  8
0
100
AcDbPolyline
 90
        2
 70
     0
 43
0.0
 10
3865.047089572996
 20
1075.543511845171
 10
7656.740720696747
 20
1075.543511845171
  0
LWPOLYLINE
  5
2A2
102
{ACAD_REACTORS
330
119E
102
}
330
1F
100
AcDbEntity
  8
0
100
AcDbPolyline
 90
        4
 70
     1
 43
0.0
 10
7656.740720696747
 20
229.8961449889466
 10
11448.4343518205
 20
229.8961449889466
 10
11448.4343518205
 20
5095.534969086759
 10
7656.740720696747
 20
5095.534969086759
  0
LWPOLYLINE
  5
2A3
330
1F
100
AcDbEntity
  8
0
100
AcDbPolyline
 90
        2
 70
     0
 43
0.0
 10
7656.740720696747
 20
1075.543511845171
 10
11448.4343518205
 20
1075.543511845171
  0
LWPOLYLINE
  5
2A4
330
1F
100
AcDbEntity
  8
0
100
AcDbPolyline
 90
        4
 70
     1
 43
0.0
 10
11448.4343518205
 20
229.8961449889466
 10
15240.12798294425
 20
229.8961449889466
 10
15240.12798294425
 20
5095.534969086759
 10
11448.4343518205
 20
5095.534969086759
  0
LWPOLYLINE
  5
2A5
330
1F
100
AcDbEntity
  8
0
100
AcDbPolyline
 90
        2
 70
     0
 43
0.0
 10
11448.4343518205
 20
1075.543511845171
 10
15240.12798294425
 20
1075.543511845171
  0
HATCH
  5
2A6
330
1F
100
AcDbEntity
  8
建筑-房间填充
100
AcDbHatch
 10
0.0
 20
0.0
 30
0.0
210
0.0
220
0.0
230
1.0
  2
钢筋混凝土
 70
     0
 71
     0
 91
        1
 92
        1
 93
        4
 72
     1
 10
6205.995140334126
 20
3983.974864511751
 11
5955.995140334126
 21
3983.974864511751
 72
     1
 10
5955.995140334126
 20
3983.974864511751
 11
5955.995140334126
 21
2496.100723119452
 72
     1
 10
5955.995140334126
 20
2496.100723119452
 11
6205.995140334126
 21
2496.100723119452
 72
     1
 10
6205.995140334126
 20
2496.100723119452
 11
6205.995140334126
 21
3983.974864511751
 97
        0
 75
     1
 76
     1
 52
0.0
 41
25.0
 77
     0
 78
    14
 53
45.0
 43
-294212.874832107
 44
-24660.09258160135
 45
-44.19417382415921
 46
44.19417382415922
 79
     0
 53
50.0
 43
-294212.874832107
 44
-24660.09258160135
 45
179.3150456501883
 46
-15.68803374564877
 79
     2
 49
18.75
 49
-206.25
 53
355.0
 43
-294212.874832107
 44
-24660.09258160135
 45
-34.68783340325
 46
188.0480334250029
 79
     2
 49
15.0
 49
-165.0
 53
100.4514
 43
-294197.9319121069
 44
-24661.39991660137
 45
144.6273454285054
 46
172.3598855152384
 79
     2
 49
15.9350475
 49
-175.285528
 53
46.18420000000001
 43
-294212.874832107
 44
-24610.09258160135
 45
266.8102621564111
 46
-41.37975358225452
 79
     2
 49
28.12499999999994
 49
-309.374999999999
 53
96.6356
 43
-294190.640645857
 44
-24613.54090835107
 45
233.6656763871758
 46
243.5294677251104
 79
     2
 49
23.902572
 49
-262.92825
 53
351.1842000000001
 43
-294212.874832107
 44
-24610.09258160135
 45
233.6654862834068
 46
243.5296502313311
 79
     2
 49
22.5
 49
-247.5
 53
21.0
 43
-294187.874832107
 44
-24622.59258160135
 45
149.2267630296154
 46
-100.6547226663347
 79
     2
 49
18.75
 49
-206.25
 53
326.0
 43
-294187.874832107
 44
-24622.59258160135
 45
60.82883298039543
 46
181.2875112617133
 79
     2
 49
15.0
 49
-165.0
 53
71.45140000000001
 43
-294175.439273857
 44
-24630.98048310122
 45
210.0556571453725
 46
80.63262417748809
 79
     2
 49
15.9350475
 49
-175.285528
 53
37.5
 43
-294212.874832107
 44
-24660.09258160135
 45
3.039963829322667
 46
83.22346345782788
 79
     6
 49
0.0
 49
-163.0
 49
0.0
 49
-167.5
 49
0.0
 49
-165.625
 53
7.499999999999999
 43
-294212.874832107
 44
-24660.09258160135
 45
65.76738436053715
 46
98.60292797059006
 79
     6
 49
0.0
 49
-95.5
 49
0.0
 49
-159.25
 49
0.0
 49
-63.125
 53
327.5
 43
-294268.624832107
 44
-24660.09258160135
 45
133.4556090431022
 46
-5.638717933594938
 79
     6
 49
0.0
 49
-62.5
 49
0.0
 49
-195.0
 49
0.0
 49
-258.75
 53
317.5
 43
-294293.624832107
 44
-24660.09258160135
 45
145.7965423355966
 46
25.02624558307943
 79
     6
 49
0.0
 49
-81.25
 49
0.0
 49
-129.5
 49
0.0
 49
-183.75
 98
        1
 10
6155.980657750741
 20
2911.813718740829
1001
GradientColor1ACI
1070
     5
1001
GradientColor2ACI
1070
     2
1001
ACAD
1010
0.0
1020
0.0
1030
0.0
  0
LWPOLYLINE
  5
2A7
102
{ACAD_REACTORS
330
119E
102
}
330
1F
100
AcDbEntity
  8
WALL
100
AcDbPolyline
 90
        4
 70
     1
 43
0.0
 10
5955.995140334126
 20
3983.974864511751
 10
6205.995140334126
 20
3983.974864511751
 10
6205.995140334126
 20
2496.100723119452
 10
5955.995140334126
 20
2496.100723119452
  0
LWPOLYLINE
  5
2A8
330
1F
100
AcDbEntity
  8
WALL
100
AcDbPolyline
 90
        2
 70
     0
 43
0.0
 10
1820.443142643664
 20
3120.706647052895
 10
2741.433666517958
 20
3120.706647052895
  0
LWPOLYLINE
  5
2A9
330
1F
100
AcDbEntity
  8
WALL
100
AcDbPolyline
 90
        2
 70
     0
 43
0.0
 10
1820.443142643664
 20
3000.706647052896
 10
2741.433666517958
 20
3000.706647052896
  0
LWPOLYLINE
  5
2AA
330
1F
100
AcDbEntity
  8
WALL
100
AcDbPolyline
 90
        2
 70
     0
 43
0.0
 10
2741.433666517958
 20
3120.706647052895
 10
2741.433666517958
 20
3000.706647052896
  0
HATCH
  5
2AB
330
1F
100
AcDbEntity
  8
建筑-房间填充
100
AcDbHatch
 10
0.0
 20
0.0
 30
0.0
210
0.0
220
0.0
230
1.0
  2
钢筋混凝土
 70
     0
 71
     0
 91
        1
 92
        1
 93
        4
 72
     1
 10
2741.433666517958
 20
3120.706647052895
 11
1820.443142643664
 21
3120.706647052895
 72
     1
 10
1820.443142643664
 20
3120.706647052895
 11
1820.443142643664
 21
3000.706647052896
 72
     1
 10
1820.443142643664
 20
3000.706647052896
 11
2741.433666517958
 21
3000.706647052896
 72
     1
 10
2741.433666517958
 20
3000.706647052896
 11
2741.433666517958
 21
3120.706647052895
 97
        0
 75
     1
 76
     1
 52
0.0
 41
25.0
 77
     0
 78
    14
 53
45.0
 43
-298348.4268297975
 44
-24865.4524145578
 45
-44.19417382415921
 46
44.19417382415922
 79
     0
 53
50.0
 43
-298348.4268297975
 44
-24865.4524145578
 45
179.3150456501883
 46
-15.68803374564877
 79
     2
 49
18.75
 49
-206.25
 53
355.0
 43
-298348.4268297975
 44
-24865.4524145578
 45
-34.68783340325
 46
188.0480334250029
 79
     2
 49
15.0
 49
-165.0
 53
100.4514
 43
-298333.4839097974
 44
-24866.75974955782
 45
144.6273454285054
 46
172.3598855152384
 79
     2
 49
15.9350475
 49
-175.285528
 53
46.18420000000001
 43
-298348.4268297975
 44
-24815.4524145578
 45
266.8102621564111
 46
-41.37975358225452
 79
     2
 49
28.12499999999993
 49
-309.3749999999989
 53
96.6356
 43
-298326.1926435475
 44
-24818.90074130753
 45
233.6656763871758
 46
243.5294677251104
 79
     2
 49
23.902572
 49
-262.92825
 53
351.1842000000001
 43
-298348.4268297975
 44
-24815.4524145578
 45
233.6654862834068
 46
243.5296502313311
 79
     2
 49
22.5
 49
-247.5
 53
21.0
 43
-298323.4268297975
 44
-24827.95241455781
 45
149.2267630296154
 46
-100.6547226663347
 79
     2
 49
18.75
 49
-206.25
 53
326.0
 43
-298323.4268297975
 44
-24827.95241455781
 45
60.82883298039543
 46
181.2875112617133
 79
     2
 49
15.0
 49
-165.0
 53
71.45140000000001
 43
-298310.9912715475
 44
-24836.34031605767
 45
210.0556571453725
 46
80.63262417748809
 79
     2
 49
15.9350475
 49
-175.285528
 53
37.5
 43
-298348.4268297975
 44
-24865.4524145578
 45
3.039963829322667
 46
83.22346345782788
 79
     6
 49
0.0
 49
-163.0
 49
0.0
 49
-167.5
 49
0.0
 49
-165.625
 53
7.499999999999999
 43
-298348.4268297975
 44
-24865.4524145578
 45
65.76738436053715
 46
98.60292797059006
 79
     6
 49
0.0
 49
-95.5
 49
0.0
 49
-159.25
 49
0.0
 49
-63.125
 53
327.5
 43
-298404.1768297975
 44
-24865.4524145578
 45
133.4556090431022
 46
-5.638717933594938
 79
     6
 49
0.0
 49
-62.5
 49
0.0
 49
-195.0
 49
0.0
 49
-258.75
 53
317.5
 43
-298429.1768297975
 44
-24865.4524145578
 45
145.7965423355966
 46
25.02624558307943
 79
     6
 49
0.0
 49
-81.25
 49
0.0
 49
-129.5
 49
0.0
 49
-183.75
 98
        1
 10
2020.428660060279
 20
2706.453885784373
1001
GradientColor1ACI
1070
     5
1001
GradientColor2ACI
1070
     2
1001
ACAD
1010
0.0
1020
0.0
1030
0.0
  0
LINE
  5
2AC
330
1F
100
AcDbEntity
  8
DIM_LEAD
100
AcDbLine
 10
6205.995140334126
 20
3627.663301072549
 30
0.0
 11
6698.845147787594
 21
3987.956110711209
 31
0.0
  0
TEXT
  5
2AD
102
{ACAD_REACTORS
330
119E
102
}
330
1F
100
AcDbEntity
  8
DIM_LEAD
 62
     7
100
AcDbText
 10
6670.85085147759
 20
4119.019940498285
 30
0.0
 40
337.5886524822695
  1
外墙
  7
_TCH_DIM
100
AcDbText
  0
LINE
  5
2AE
330
1F
100
AcDbEntity
  8
DIM_LEAD
100
AcDbLine
 10
6698.845147787594
 20
3987.956110711209
 30
0.0
 11
7371.499202066567
 21
3987.956110711209
 31
0.0
  0
LINE
  5
2AF
330
1F
100
AcDbEntity
  8
DIM_LEAD
100
AcDbLine
 10
1570.443142643664
 20
1829.196193457115
 30
0.0
 11
1077.593135190196
 21
2189.489003095776
 31
0.0
  0
TEXT
  5
2B0
330
1F
100
AcDbEntity
  8
DIM_LEAD
 62
     7
100
AcDbText
 10
614.0980697982013
 20
2320.552832882851
 30
0.0
 40
337.5886524822695
  1
外墙
  7
_TCH_DIM
100
AcDbText
  0
LINE
  5
2B1
330
1F
100
AcDbEntity
  8
DIM_LEAD
100
AcDbLine
 10
1077.593135190196
 20
2189.489003095776
 30
0.0
 11
404.9390809112228
 21
2189.489003095776
 31
0.0
  0
LINE
  5
2B2
330
1F
100
AcDbEntity
  8
DIM_LEAD
100
AcDbLine
 10
2024.954688176513
 20
3120.706647052895
 30
0.0
 11
2517.804695629981
 21
3480.999456691556
 31
0.0
  0
TEXT
  5
2B3
330
1F
100
AcDbEntity
  8
DIM_LEAD
 62
     7
100
AcDbText
 10
2489.810399319976
 20
3612.063286478632
 30
0.0
 40
337.5886524822695
  1
屋顶结构板
  7
_TCH_DIM
100
AcDbText
  0
LINE
  5
2B4
330
1F
100
AcDbEntity
  8
DIM_LEAD
100
AcDbLine
 10
2517.804695629981
 20
3480.999456691556
 30
0.0
 11
3715.293172631413
 21
3480.999456691556
 31
0.0
  0
HATCH
  5
8DE
330
1F
100
AcDbEntity
  8
0
 62
     8
100
AcDbHatch
 10
0.0
 20
0.0
 30
0.0
210
0.0
220
0.0
230
1.0
  2
多孔材料
 70
     0
 71
     1
 91
        1
 92
        7
 72
     1
 73
     1
 93
       19
 10
-8731.933431772981
 20
-23013.5976412897
 42
0.0
 10
-11747.60816287016
 20
-23013.59764129017
 42
0.0
 10
-11747.60816287016
 20
-23263.26810888247
 42
-1.0
 10
-11747.60816287016
 20
-23303.26810888248
 42
-1.0
 10
-11747.60816287016
 20
-23263.26810888247
 42
0.0
 10
-11747.60816287016
 20
-23013.59764129017
 42
0.0
 10
-15531.93343177298
 20
-23013.5976412911
 42
0.0
 10
-15531.93343177205
 20
-26713.5976412911
 42
0.0
 10
-15131.93343177251
 20
-26713.5976412911
 42
0.0
 10
-15131.93343177251
 20
-24313.5976412911
 42
0.0
 10
-15431.93343177205
 20
-24313.5976412911
 42
0.0
 10
-15431.93343177205
 20
-24163.5976412911
 42
0.0
 10
-15431.93277782621
 20
-23683.5976412911
 42
0.0
 10
-13831.93343177205
 20
-23683.5976412911
 42
0.0
 10
-13831.93343177205
 20
-24213.5976412911
 42
0.0
 10
-13831.93343177205
 20
-24313.5976412911
 42
0.0
 10
-14131.93343177251
 20
-24313.5976412911
 42
0.0
 10
-14131.93343177251
 20
-26713.5976412911
 42
0.0
 10
-8731.933431772981
 20
-26713.5976412911
 42
0.0
 97
        7
330
8DF
330
8E3
330
8E4
330
90B
330
90E
330
90D
330
8E2
 75
     1
 76
     1
 52
45.0
 41
500.0
 77
     0
 78
     2
 53
90.0
 43
-2191760.747568777
 44
-2689677.44425808
 45
-1414.215
 46
0.0
 79
     0
 53
180.0
 43
-2191760.747568777
 44
-2689677.44425808
 45
-0.0000000000001137
 46
-1414.215
 79
     0
 47
18.40718896179453
 98
        1
 10
-11122.74136357289
 20
-24966.27238118602
1001
GradientColor1ACI
1070
     5
1001
GradientColor2ACI
1070
     2
1001
ACAD
1010
0.0
1020
0.0
1030
0.0
  0
LWPOLYLINE
  5
8DF
102
{ACAD_REACTORS
330
8DE
102
}
330
1F
100
AcDbEntity
  8
YHJ_立面_墙线中
100
AcDbPolyline
 90
        2
 70
     0
 43
0.0
 10
-8631.933431772981
 20
-23013.5976412897
 10
-15631.93343177298
 20
-23013.5976412911
  0
HATCH
  5
8E0
330
1F
100
AcDbEntity
  8
0
 62
     8
100
AcDbHatch
 10
0.0
 20
0.0
 30
0.0
210
0.0
220
0.0
230
1.0
  2
多孔材料
 70
     0
 71
     0
 91
        6
 92
        7
 72
     0
 73
     1
 93
        4
 10
-14131.93343177205
 20
-26713.5976412911
 10
-8731.933431772981
 20
-26713.5976412911
 10
-8731.933431772981
 20
-27013.5976412911
 10
-13774.40735399397
 20
-27013.5976412911
 97
        0
 92
        7
 72
     0
 73
     1
 93
        4
 10
-8731.933431772981
 20
-26713.5976412911
 10
-8631.933431772981
 20
-26713.5976412911
 10
-8631.933431772981
 20
-27013.5976412911
 10
-8731.933431772981
 20
-27013.5976412911
 97
        0
 92
        7
 72
     0
 73
     1
 93
        4
 10
-8731.933431772981
 20
-23013.5976412897
 10
-8631.933431772981
 20
-23013.5976412897
 10
-8631.933431772981
 20
-26713.5976412911
 10
-8731.933431772981
 20
-26713.5976412911
 97
        0
 92
        7
 72
     0
 73
     1
 93
        4
 10
-15531.93343177205
 20
-26713.5976412911
 10
-15131.93343177205
 20
-26713.5976412911
 10
-15489.45950955106
 20
-27013.5976412911
 10
-15531.93343177205
 20
-27013.5976412911
 97
        0
 92
        7
 72
     0
 73
     1
 93
        4
 10
-15631.93343177205
 20
-26713.5976412911
 10
-15531.93343177205
 20
-26713.5976412911
 10
-15531.93343177205
 20
-27013.5976412911
 10
-15631.93343177205
 20
-27013.5976412911
 97
        0
 92
        7
 72
     0
 73
     1
 93
        4
 10
-15631.93343177205
 20
-23013.5976412911
 10
-15531.93343177298
 20
-23013.5976412911
 10
-15531.93343177205
 20
-26713.5976412911
 10
-15631.93343177205
 20
-26713.5976412911
 97
        0
 75
     1
 76
     1
 52
45.0
 41
500.0
 77
     0
 78
     2
 53
90.0
 43
-2191760.747568777
 44
-2689677.44425808
 45
-1414.215
 46
0.0
 79
     0
 53
180.0
 43
-2191760.747568777
 44
-2689677.44425808
 45
-0.0000000000001137
 46
-1414.215
 79
     0
 47
8.462684125978766
 98
        6
 10
-11286.33596801245
 20
-26820.99851719523
 10
-8662.488433112855
 20
-26833.33003083803
 10
-8692.537202732172
 20
-26527.11795354402
 10
-15379.03740099212
 20
-26804.75614426891
 10
-15556.91799105564
 20
-26847.06863336265
 10
-15565.387497243
 20
-26517.02356080618
1001
GradientColor1ACI
1070
     5
1001
GradientColor2ACI
1070
     2
1001
ACAD
1010
0.0
1020
0.0
1030
0.0
  0
HATCH
  5
8E1
330
1F
100
AcDbEntity
  8
建筑-房间填充
 62
   144
100
AcDbHatch
 10
0.0
 20
0.0
 30
0.0
210
0.0
220
0.0
230
1.0
  2
弯瓦屋面
 70
     0
 71
     0
 91
        6
 92
        7
 72
     0
 73
     1
 93
        4
 10
-8731.933431772981
 20
-22313.5976412897
 10
-8420.608566368464
 20
-22313.5976412897
 10
-8189.668458691333
 20
-22713.5976412911
 10
-8731.933431772981
 20
-22713.5976412911
 97
        0
 92
        7
 72
     0
 73
     1
 93
        4
 10
-8731.933431772981
 20
-22713.5976412911
 10
-8189.668458691333
 20
-22713.5976412911
 10
-8131.933431774845
 20
-22813.59764128784
 10
-8731.933431772981
 20
-22813.59764128784
 97
        0
 92
        7
 72
     0
 73
     1
 93
        4
 10
-15531.93343177298
 20
-22313.5976412897
 10
-8731.933431772981
 20
-22313.5976412897
 10
-8731.933431772981
 20
-22713.5976412911
 10
-15531.93343177298
 20
-22713.5976412911
 97
        0
 92
        7
 72
     0
 73
     1
 93
        4
 10
-15531.93343177298
 20
-22713.5976412911
 10
-8731.933431772981
 20
-22713.5976412911
 10
-8731.933431772981
 20
-22813.59764128784
 10
-15531.93343177298
 20
-22813.59764128784
 97
        0
 92
        7
 72
     0
 73
     1
 93
        4
 10
-15843.25829717656
 20
-22313.5976412897
 10
-15531.93343177298
 20
-22313.5976412897
 10
-15531.93343177298
 20
-22713.5976412911
 10
-16074.19840485276
 20
-22713.5976412911
 97
        0
 92
        7
 72
     0
 73
     1
 93
        4
 10
-16074.19840485276
 20
-22713.5976412911
 10
-15531.93343177298
 20
-22713.5976412911
 10
-15531.93343177298
 20
-22813.59764128784
 10
-16131.93343177018
 20
-22813.59764128784
 97
        0
 75
     1
 76
     1
 52
0.0
 41
100.0
 77
     0
 78
     6
 53
0.0
 43
-643439.8451448902
 44
-108726.1733641862
 45
200.0
 46
200.0
 79
     2
 49
40.0
 49
-160.0
 53
45.0
 43
-643359.8451448903
 44
-108706.1733641862
 45
0.0000000000000222
 46
200.000000003805
 79
     2
 49
56.568542
 49
-226.27417
 53
90.0
 43
-643319.8451448902
 44
-108666.1733641862
 45
-200.0
 46
200.0
 79
     1
 49
200.0
 53
135.0
 43
-643279.8451448903
 44
-108706.1733641862
 45
-200.000000003805
 46
0.0000000000000222
 79
     2
 49
56.568542
 49
-226.27417
 53
26.56505119999999
 43
-643399.8451448903
 44
-108726.1733641862
 45
199.9999999552974
 46
0.0000001694556051
 79
     2
 49
44.72
 49
-402.4935954
 53
333.4349488
 43
-643279.8451448903
 44
-108706.1733641862
 45
199.9999999552974
 46
-0.0000001694557383
 79
     2
 49
44.72
 49
-402.4935954
 47
25.04102966488699
 98
        6
 10
-8355.822334539611
 20
-22563.60565026803
 10
-8362.33448673645
 20
-22726.26047575986
 10
-9673.85678701615
 20
-22485.40624123253
 10
-9771.540682286492
 20
-22745.65341504617
 10
-15713.64658194361
 20
-22562.85766424425
 10
-15726.73537905561
 20
-22745.9474132089
1001
GradientColor1ACI
1070
     5
1001
GradientColor2ACI
1070
     2
1001
ACAD
1010
0.0
1020
0.0
1030
0.0
  0
LINE
  5
8E2
102
{ACAD_REACTORS
330
8DE
102
}
330
1F
100
AcDbEntity
  8
DOTE
  6
DOTE
100
AcDbLine
 10
-8731.933431772981
 20
-27777.25189106912
 30
0.0
 11
-8731.933431772981
 21
-21613.5976412911
 31
0.0
  0
LINE
  5
8E3
102
{ACAD_REACTORS
330
8DE
102
}
330
1F
100
AcDbEntity
  8
DOTE
  6
DOTE
100
AcDbLine
 10
-15531.93343177205
 20
-27777.25189106958
 30
0.0
 11
-15531.93343177298
 21
-21613.5976412911
 31
0.0
  0
LINE
  5
8E4
102
{ACAD_REACTORS
330
8DE
102
}
330
1F
100
AcDbEntity
  8
DOTE
  6
DOTE
100
AcDbLine
 10
-7731.933431772981
 20
-26713.5976412911
 30
0.0
 11
-16531.93343177298
 21
-26713.5976412911
 31
0.0
  0
LINE
  5
8E5
330
1F
100
AcDbEntity
  8
DOTE
  6
DOTE
100
AcDbLine
 10
-7731.933431772981
 20
-22713.5976412911
 30
0.0
 11
-16531.93343177298
 21
-22713.5976412911
 31
0.0
  0
LINE
  5
8E6
330
1F
100
AcDbEntity
  8
0
100
AcDbLine
 10
-8238.16395713715
 20
-27013.5976412911
 30
0.0
 11
-8421.384719590191
 21
-27199.5510395416
 31
0.0
  0
LINE
  5
8E7
330
1F
100
AcDbEntity
  8
0
100
AcDbLine
 10
-8238.16395713715
 20
-27013.5976412911
 30
0.0
 11
-8055.043461123947
 21
-27199.5510395416
 31
0.0
  0
LINE
  5
8E8
330
1F
100
AcDbEntity
  8
0
100
AcDbLine
 10
-8166.223752703983
 20
-27013.5976412911
 30
0.0
 11
-7983.10325668985
 21
-27199.5510395416
 31
0.0
  0
LINE
  5
8E9
330
1F
100
AcDbEntity
  8
0
100
AcDbLine
 10
-8094.283548269887
 20
-27013.5976412911
 30
0.0
 11
-7911.163052256686
 21
-27199.5510395416
 31
0.0
  0
LINE
  5
8EA
330
1F
100
AcDbEntity
  8
0
100
AcDbLine
 10
-8202.193854921032
 20
-27050.12420652155
 30
0.0
 11
-8349.344248716255
 21
-27199.5510395416
 31
0.0
  0
LINE
  5
8EB
330
1F
100
AcDbEntity
  8
0
100
AcDbLine
 10
-8166.223752703983
 20
-27086.650771752
 30
0.0
 11
-8277.404044282157
 21
-27199.5510395416
 31
0.0
  0
LINE
  5
8EC
330
1F
100
AcDbEntity
  8
0
100
AcDbLine
 10
-7685.201942523476
 20
-27013.5976412911
 30
0.0
 11
-7868.422704975586
 21
-27199.5510395416
 31
0.0
  0
LINE
  5
8ED
330
1F
100
AcDbEntity
  8
0
100
AcDbLine
 10
-7685.201942523476
 20
-27013.5976412911
 30
0.0
 11
-7502.081446510274
 21
-27199.5510395416
 31
0.0
  0
LINE
  5
8EE
330
1F
100
AcDbEntity
  8
0
100
AcDbLine
 10
-7613.261738089379
 20
-27013.5976412911
 30
0.0
 11
-7430.141242076178
 21
-27199.5510395416
 31
0.0
  0
LINE
  5
8EF
330
1F
100
AcDbEntity
  8
0
100
AcDbLine
 10
-7541.321533655282
 20
-27013.5976412911
 30
0.0
 11
-7358.201037643012
 21
-27199.5510395416
 31
0.0
  0
LINE
  5
8F0
330
1F
100
AcDbEntity
  8
0
100
AcDbLine
 10
-7649.231840306427
 20
-27050.12420652155
 30
0.0
 11
-7796.38223410258
 21
-27199.5510395416
 31
0.0
  0
LINE
  5
8F1
330
1F
100
AcDbEntity
  8
0
100
AcDbLine
 10
-7613.261738089379
 20
-27086.650771752
 30
0.0
 11
-7724.442029668484
 21
-27199.5510395416
 31
0.0
  0
LINE
  5
8F2
330
1F
100
AcDbEntity
  8
0
100
AcDbLine
 10
-16025.70290640788
 20
-27013.5976412911
 30
0.0
 11
-15842.48214395484
 21
-27199.5510395416
 31
0.0
  0
LINE
  5
8F3
330
1F
100
AcDbEntity
  8
0
100
AcDbLine
 10
-16025.70290640788
 20
-27013.5976412911
 30
0.0
 11
-16208.82340242108
 21
-27199.5510395416
 31
0.0
  0
LINE
  5
8F4
330
1F
100
AcDbEntity
  8
0
100
AcDbLine
 10
-16097.64311084104
 20
-27013.5976412911
 30
0.0
 11
-16280.76360685518
 21
-27199.5510395416
 31
0.0
  0
LINE
  5
8F5
330
1F
100
AcDbEntity
  8
0
100
AcDbLine
 10
-16169.58331527514
 20
-27013.5976412911
 30
0.0
 11
-16352.70381128834
 21
-27199.5510395416
 31
0.0
  0
LINE
  5
8F6
330
1F
100
AcDbEntity
  8
0
100
AcDbLine
 10
-16061.673008624
 20
-27050.12420652155
 30
0.0
 11
-15914.52261482877
 21
-27199.5510395416
 31
0.0
  0
LINE
  5
8F7
330
1F
100
AcDbEntity
  8
0
100
AcDbLine
 10
-16097.64311084104
 20
-27086.650771752
 30
0.0
 11
-15986.46281926287
 21
-27199.5510395416
 31
0.0
  0
LINE
  5
8F8
330
1F
100
AcDbEntity
  8
0
100
AcDbLine
 10
-16578.66492102155
 20
-27013.5976412911
 30
0.0
 11
-16395.44415856944
 21
-27199.5510395416
 31
0.0
  0
LINE
  5
8F9
330
1F
100
AcDbEntity
  8
0
100
AcDbLine
 10
-16578.66492102155
 20
-27013.5976412911
 30
0.0
 11
-16761.78541703476
 21
-27199.5510395416
 31
0.0
  0
LINE
  5
8FA
330
1F
100
AcDbEntity
  8
0
100
AcDbLine
 10
-16650.60512545565
 20
-27013.5976412911
 30
0.0
 11
-16833.72562146885
 21
-27199.5510395416
 31
0.0
  0
LINE
  5
8FB
330
1F
100
AcDbEntity
  8
0
100
AcDbLine
 10
-16722.54532988975
 20
-27013.5976412911
 30
0.0
 11
-16905.66582590202
 21
-27199.5510395416
 31
0.0
  0
LINE
  5
8FC
330
1F
100
AcDbEntity
  8
0
100
AcDbLine
 10
-16614.6350232386
 20
-27050.12420652155
 30
0.0
 11
-16467.48462944245
 21
-27199.5510395416
 31
0.0
  0
LINE
  5
8FD
330
1F
100
AcDbEntity
  8
0
100
AcDbLine
 10
-16650.60512545565
 20
-27086.650771752
 30
0.0
 11
-16539.42483387655
 21
-27199.5510395416
 31
0.0
  0
LWPOLYLINE
  5
8FE
330
1F
100
AcDbEntity
  8
DIM_ELEV
100
AcDbPolyline
 90
        2
 70
     0
 43
0.0
 10
-7178.408421024214
 20
-27013.5976412911
 10
-8631.933431772981
 20
-27013.5976412911
  0
LWPOLYLINE
  5
8FF
330
1F
100
AcDbEntity
  8
DIM_ELEV
100
AcDbPolyline
 90
        2
 70
     0
 43
0.0
 10
-17016.43507918296
 20
-27013.5976412911
 10
-15631.93343177298
 20
-27013.5976412911
  0
LWPOLYLINE
  5
900
330
1F
100
AcDbEntity
  8
YHJ_立面_墙线中
370
    40
100
AcDbPolyline
 90
        2
 70
     0
 43
40.0
 10
-7219.143149100709
 20
-27013.5976412911
 10
-17174.42893554876
 20
-27013.5976412911
  0
LWPOLYLINE
  5
901
330
1F
100
AcDbEntity
  8
YHJ_立面_墙线中
370
    25
100
AcDbPolyline
 90
        2
 70
     0
 43
20.0
 10
-8631.933431772981
 20
-27013.5976412911
 10
-8631.933431772981
 20
-23013.5976412911
  0
LWPOLYLINE
  5
902
330
1F
100
AcDbEntity
  8
YHJ_立面_墙线中
370
    25
100
AcDbPolyline
 90
        4
 70
     0
 43
20.0
 10
-8631.933431772981
 20
-23013.5976412911
 10
-8131.933431772981
 20
-23013.5976412911
 10
-8131.933431772981
 20
-22813.5976412911
 10
-8420.608566368464
 20
-22313.5976412897
  0
LWPOLYLINE
  5
903
330
1F
100
AcDbEntity
  8
YHJ_立面_墙线中
370
    25
100
AcDbPolyline
 90
        2
 70
     0
 43
20.0
 10
-15631.93343177205
 20
-27013.5976412911
 10
-15631.93343177205
 20
-23013.5976412911
  0
LWPOLYLINE
  5
904
330
1F
100
AcDbEntity
  8
YHJ_立面_墙线中
370
    25
100
AcDbPolyline
 90
        4
 70
     0
 43
20.0
 10
-15631.93343177205
 20
-23013.5976412911
 10
-16131.93343177205
 20
-23013.5976412911
 10
-16131.93343177205
 20
-22813.5976412911
 10
-15843.25829717656
 20
-22313.5976412897
  0
LWPOLYLINE
  5
905
330
1F
100
AcDbEntity
  8
YHJ_立面_墙线中
370
    25
100
AcDbPolyline
 90
        6
 70
     0
 43
20.0
 10
-8631.933431772981
 20
-23683.6318844012
 10
-7431.93343177205
 20
-24163.5976412911
 10
-7431.93343177205
 20
-24213.5976412911
 10
-7531.93343177205
 20
-24213.5976412911
 10
-7531.93343177205
 20
-24313.5976412911
 10
-8631.933431772981
 20
-24313.5976412911
  0
LWPOLYLINE
  5
906
330
1F
100
AcDbEntity
  8
YHJ_立面_墙线中
100
AcDbPolyline
 90
        2
 70
     0
 43
0.0
 10
-7531.93343177205
 20
-24213.5976412911
 10
-8631.933431772981
 20
-24213.5976412911
  0
LWPOLYLINE
  5
907
330
1F
100
AcDbEntity
  8
YHJ_立面_墙线中
370
    25
100
AcDbPolyline
 90
        2
 70
     0
 43
20.0
 10
-8420.608566368464
 20
-22313.5976412897
 10
-15843.25829717656
 20
-22313.5976412897
  0
LWPOLYLINE
  5
908
330
1F
100
AcDbEntity
  8
YHJ_立面_墙线中
100
AcDbPolyline
 90
        2
 70
     0
 43
0.0
 10
-16131.93343177205
 20
-22813.59764128784
 10
-8131.933431774845
 20
-22813.59764128784
  0
LWPOLYLINE
  5
909
330
1F
100
AcDbEntity
  8
YHJ_立面_墙线中
100
AcDbPolyline
 90
        2
 70
     0
 43
0.0
 10
-14131.93343177205
 20
-26713.5976412911
 10
-13774.40735399397
 20
-27013.5976412911
  0
LWPOLYLINE
  5
90A
330
1F
100
AcDbEntity
  8
YHJ_立面_墙线中
100
AcDbPolyline
 90
        2
 70
     0
 43
0.0
 10
-8631.933431772981
 20
-26713.5976412911
 10
-7219.143149100709
 20
-27013.5976412911
  0
INSERT
  5
90B
102
{ACAD_REACTORS
330
8DE
102
}
330
1F
100
AcDbEntity
  8
YHJ_立面_墙线中
100
AcDbBlockReference
  2
HSHHFGHTFF
 10
619175.9782813457
 20
-108726.1733641862
 30
0.0
 41
-1.0
  0
HATCH
  5
90C
330
1F
100
AcDbEntity
  8
建筑-房间填充
 62
   144
100
AcDbHatch
 10
0.0
 20
0.0
 30
0.0
210
0.0
220
0.0
230
1.0
  2
弯瓦屋面
 70
     0
 71
     0
 91
        1
 92
        1
 93
        4
 72
     1
 10
-15431.93277782621
 20
-24163.5976412911
 11
-15431.93277782621
 21
-23683.5976412911
 72
     1
 10
-15431.93277782621
 20
-23683.5976412911
 11
-13831.93343177251
 21
-23683.5976412911
 72
     1
 10
-13831.93343177205
 20
-23683.5976412911
 11
-13831.93343177205
 21
-24163.5976412911
 72
     1
 10
-13831.93343177205
 20
-24163.5976412911
 11
-15431.93277782574
 21
-24163.5976412911
 97
        0
 75
     1
 76
     1
 52
0.0
 41
100.0
 77
     0
 78
     6
 53
0.0
 43
-1306377.765244238
 44
-2928476.178492648
 45
200.0
 46
200.0
 79
     2
 49
40.0
 49
-160.0
 53
45.0
 43
-1306297.765244238
 44
-2928456.178492648
 45
0.0000000000000222
 46
200.000000003805
 79
     2
 49
56.568542
 49
-226.27417
 53
90.0
 43
-1306257.765244238
 44
-2928416.178492649
 45
-200.0
 46
200.0
 79
     1
 49
200.0
 53
135.0
 43
-1306217.765244238
 44
-2928456.178492648
 45
-200.000000003805
 46
0.0000000000000222
 79
     2
 49
56.568542
 49
-226.27417
 53
26.56505119999999
 43
-1306337.765244238
 44
-2928476.178492648
 45
199.9999999552974
 46
0.0000001694556051
 79
     2
 49
44.72
 49
-402.4935954
 53
333.4349488
 43
-1306217.765244238
 44
-2928456.178492648
 45
199.9999999552974
 46
-0.0000001694557383
 79
     2
 49
44.72
 49
-402.4935954
 98
        1
 10
-14072.55914725782
 20
-23939.56299532997
1001
GradientColor1ACI
1070
     5
1001
GradientColor2ACI
1070
     2
1001
ACAD
1010
0.0
1020
0.0
1030
0.0
  0
LWPOLYLINE
  5
90D
102
{ACAD_REACTORS
330
8DE
102
}
330
1F
100
AcDbEntity
  8
YHJ_立面_墙线中
370
    25
100
AcDbPolyline
 90
        4
 70
     0
 43
20.0
 10
-13831.93343177205
 20
-24213.5976412911
 10
-13831.93343177205
 20
-23683.5976412911
 10
-15431.93277782621
 20
-23683.5976412911
 10
-15431.93277782621
 20
-24213.5976412911
  0
LWPOLYLINE
  5
90E
102
{ACAD_REACTORS
330
8DE
102
}
330
1F
100
AcDbEntity
  8
YHJ_立面_墙线中
370
    25
100
AcDbPolyline
 90
        4
 70
     1
 43
20.0
 10
-13831.93343177205
 20
-24163.5976412911
 10
-15431.93343177205
 20
-24163.5976412911
 10
-15431.93343177205
 20
-24313.5976412911
 10
-13831.93343177205
 20
-24313.5976412911
  0
LWPOLYLINE
  5
90F
330
1F
100
AcDbEntity
  8
YHJ_立面_墙线中
100
AcDbPolyline
 90
        2
 70
     0
 43
0.0
 10
-15131.93343177205
 20
-26713.5976412911
 10
-15489.45950955106
 20
-27013.5976412911
  0
LWPOLYLINE
  5
910
330
1F
100
AcDbEntity
  8
YHJ_立面_墙线中
100
AcDbPolyline
 90
        2
 70
     0
 43
0.0
 10
-21300.13201684179
 20
-10277.19516272004
 10
-2400.132016844582
 20
-10277.19516272004
  0
HATCH
  5
911
330
1F
100
AcDbEntity
  8
0
 62
     8
100
AcDbHatch
 10
0.0
 20
0.0
 30
0.0
210
0.0
220
0.0
230
1.0
  2
多孔材料
 70
     0
 71
     1
 91
        4
 92
        7
 72
     1
 73
     1
 93
       25
 10
-5200.132016843184
 20
-14177.1951627233
 42
0.0
 10
-5200.132016843184
 20
-11777.1951627233
 42
0.0
 10
-5500.132016842719
 20
-11777.1951627233
 42
0.0
 10
-5500.132016842719
 20
-11627.1951627233
 42
0.0
 10
-5500.132016842719
 20
-11147.1951627233
 42
0.0
 10
-3100.132670789492
 20
-11147.1951627233
 42
0.0
 10
-3100.132670789492
 20
-11627.1951627233
 42
0.0
 10
-3100.132016842719
 20
-11627.1951627233
 42
0.0
 10
-3100.132016842719
 20
-11777.1951627233
 42
0.0
 10
-3400.132016843185
 20
-11777.1951627233
 42
0.0
 10
-3400.132016843185
 20
-14177.1951627233
 42
0.0
 10
-3000.132016842719
 20
-14177.1951627233
 42
0.0
 10
-3000.132016842719
 20
-10477.19516272191
 42
0.0
 10
-8792.780352281871
 20
-10477.19516272237
 42
0.0
 10
-8792.780352281871
 20
-10685.61546107754
 42
-1.0
 10
-8792.780352281871
 20
-10725.61546107754
 42
-1.0
 10
-8792.780352281871
 20
-10685.61546107754
 42
0.0
 10
-8792.780352281871
 20
-10477.19516272237
 42
0.0
 10
-20700.13201684272
 20
-10477.19516272284
 42
0.0
 10
-20700.13201684272
 20
-11147.1951627233
 42
0.0
 10
-18400.13201684272
 20
-11147.1951627233
 42
0.0
 10
-18400.13201684272
 20
-11677.1951627233
 42
0.0
 10
-18400.13201684272
 20
-11777.1951627233
 42
0.0
 10
-18700.13201684365
 20
-11777.1951627233
 42
0.0
 10
-18700.13201684365
 20
-14177.1951627233
 42
0.0
 97
       10
330
917
330
916
330
91B
330
91A
330
918
330
913
330
919
330
948
330
94B
330
947
 92
       16
 93
        4
 72
     1
 10
-16150.13201684272
 20
-11277.19516272331
 11
-17850.13201684272
 21
-11277.19516272331
 72
     1
 10
-17850.13201684272
 20
-11277.19516272331
 11
-17850.13201684272
 21
-13277.1951627233
 72
     1
 10
-17850.13201684272
 20
-13277.1951627233
 11
-16150.13201684272
 21
-13277.1951627233
 72
     1
 10
-16150.13201684272
 20
-13277.1951627233
 11
-16150.13201684272
 21
-11277.19516272331
 97
        1
330
94A
 92
       16
 93
        4
 72
     1
 10
-12800.13201684272
 20
-11277.19516272331
 11
-10800.13201684272
 21
-11277.19516272331
 72
     1
 10
-10800.13201684272
 20
-11277.19516272331
 11
-10800.13201684272
 21
-13277.1951627233
 72
     1
 10
-10800.13201684272
 20
-13277.1951627233
 11
-12800.13201684272
 21
-13277.1951627233
 72
     1
 10
-12800.13201684272
 20
-13277.1951627233
 11
-12800.13201684272
 21
-11277.19516272331
 97
        1
330
944
 92
       16
 93
        4
 72
     1
 10
-7600.13201684272
 20
-11277.19516272331
 11
-5600.132016842719
 21
-11277.19516272331
 72
     1
 10
-5600.132016842719
 20
-11277.19516272331
 11
-5600.132016842719
 21
-13277.1951627233
 72
     1
 10
-5600.132016842719
 20
-13277.1951627233
 11
-7600.13201684272
 21
-13277.1951627233
 72
     1
 10
-7600.13201684272
 20
-13277.1951627233
 11
-7600.13201684272
 21
-11277.19516272331
 97
        1
330
943
 75
     1
 76
     1
 52
45.0
 41
500.0
 77
     0
 78
     2
 53
90.0
 43
-2191760.747568777
 44
-2689677.44425808
 45
-1414.215
 46
0.0
 79
     0
 53
180.0
 43
-2191760.747568777
 44
-2689677.44425808
 45
-0.0000000000001137
 46
-1414.215
 79
     0
 47
10.5116244993998
 98
        1
 10
-9773.828504107893
 20
-12885.22430749889
1001
GradientColor1ACI
1070
     5
1001
GradientColor2ACI
1070
     2
1001
ACAD
1010
0.0
1020
0.0
1030
0.0
  0
HATCH
  5
912
330
1F
100
AcDbEntity
  8
0
 62
     8
100
AcDbHatch
 10
0.0
 20
0.0
 30
0.0
210
0.0
220
0.0
230
1.0
  2
多孔材料
 70
     0
 71
     0
 91
        9
 92
        7
 72
     0
 73
     1
 93
        4
 10
-20500.13201684365
 20
-11777.1951627233
 10
-20700.13201684272
 20
-11777.1951627233
 10
-20700.13201684272
 20
-14177.1951627233
 10
-20500.13201684365
 20
-14177.1951627233
 97
        0
 92
        7
 72
     0
 73
     1
 93
        4
 10
-20700.13201684272
 20
-11777.1951627233
 10
-20800.13201684179
 20
-11777.1951627233
 10
-20800.13201684179
 20
-14177.1951627233
 10
-20700.13201684272
 20
-14177.1951627233
 97
        0
 92
        7
 72
     0
 73
     1
 93
        4
 10
-20700.13201684272
 20
-14177.1951627233
 10
-20800.13201684179
 20
-14177.1951627233
 10
-20800.13201684179
 20
-14477.19516272237
 10
-20700.13201684272
 20
-14377.1951627233
 97
        0
 92
        7
 72
     0
 73
     1
 93
        3
 10
-20500.13201684272
 20
-14177.1951627233
 10
-20700.13201684272
 20
-14177.1951627233
 10
-20700.13201684272
 20
-14377.1951627233
 97
        0
 92
        7
 72
     0
 73
     1
 93
        4
 10
-20700.13201684272
 20
-10477.19516272284
 10
-20800.13201684179
 20
-10477.19516272284
 10
-20800.13201684179
 20
-11147.1951627233
 10
-20700.13201684272
 20
-11147.1951627233
 97
        0
 92
        7
 72
     0
 73
     1
 93
        4
 10
-5200.132016842719
 20
-14177.1951627233
 10
-18700.13201684272
 20
-14177.1951627233
 10
-18400.13201684272
 20
-14477.1951627233
 10
-5500.132016842719
 20
-14477.1951627233
 97
        0
 92
        7
 72
     0
 73
     1
 93
        4
 10
-3000.132016842719
 20
-14177.1951627233
 10
-3400.132016842719
 20
-14177.1951627233
 10
-3100.132016842719
 20
-14477.1951627233
 10
-3000.132016842719
 20
-14477.1951627233
 97
        0
 92
        7
 72
     0
 73
     1
 93
        4
 10
-2900.132016842719
 20
-14177.1951627233
 10
-3000.132016842719
 20
-14177.1951627233
 10
-3000.132016842719
 20
-14477.1951627233
 10
-2900.132016842719
 20
-14477.1951627233
 97
        0
 92
        7
 72
     0
 73
     1
 93
        4
 10
-2900.132016842719
 20
-10477.19516272191
 10
-3000.132016842719
 20
-10477.19516272191
 10
-3000.132016842719
 20
-14177.1951627233
 10
-2900.132016842719
 20
-14177.1951627233
 97
        0
 75
     1
 76
     1
 52
45.0
 41
500.0
 77
     0
 78
     2
 53
90.0
 43
-2191760.747568777
 44
-2689677.44425808
 45
-1414.215
 46
0.0
 79
     0
 53
180.0
 43
-2191760.747568777
 44
-2689677.44425808
 45
-0.0000000000001137
 46
-1414.215
 79
     0
 47
5.637535827389392
 98
       10
 10
-20619.36754778586
 20
-13248.41637328546
 10
-20755.80127008259
 20
-13330.21233461238
 10
-20772.17098031472
 20
-14284.49413894675
 10
-20690.31269397307
 20
-14262.68100036215
 10
-20753.24091695063
 20
-10631.86754124053
 10
-13320.0879572127
 20
-14407.15940845944
 10
-3079.10377847217
 20
-14214.32596999686
 10
-2875.998655329459
 20
-14276.33792191092
 10
-2915.489425210282
 20
-14259.42557138856
 10
-2949.338656537235
 20
-14022.64825293049
1001
GradientColor1ACI
1070
     5
1001
GradientColor2ACI
1070
     2
1001
ACAD
1010
0.0
1020
0.0
1030
0.0
  0
LWPOLYLINE
  5
913
102
{ACAD_REACTORS
330
911
102
}
330
1F
100
AcDbEntity
  8
YHJ_立面_墙线中
100
AcDbPolyline
 90
        2
 70
     0
 43
0.0
 10
-2900.132016842719
 20
-10477.19516272191
 10
-20800.13201684272
 20
-10477.19516272284
  0
INSERT
  5
914
330
1F
100
AcDbEntity
  8
YHJ_立面_墙线中
370
    50
100
AcDbBlockReference
  2
C1818
 10
-7500.132016842719
 20
-13177.1951627233
 30
0.0
  0
HATCH
  5
915
330
1F
100
AcDbEntity
  8
建筑-房间填充
 62
   144
100
AcDbHatch
 10
0.0
 20
0.0
 30
0.0
210
0.0
220
0.0
230
1.0
  2
弯瓦屋面
 70
     0
 71
     0
 91
        1
 92
        1
 93
        4
 72
     1
 10
-3100.132670789492
 20
-11627.1951627233
 11
-3100.132670789492
 21
-11147.1951627233
 72
     1
 10
-3100.132670789492
 20
-11147.1951627233
 11
-5500.132016843185
 21
-11147.1951627233
 72
     1
 10
-5500.132016842719
 20
-11147.1951627233
 11
-5500.132016842719
 21
-11627.1951627233
 72
     1
 10
-5500.132016842719
 20
-11627.1951627233
 11
-3100.132670789026
 21
-11627.1951627233
 97
        0
 75
     1
 76
     1
 52
0.0
 41
100.0
 77
     0
 78
     6
 53
0.0
 43
-1307445.963829309
 44
-2915939.77601408
 45
200.0
 46
200.0
 79
     2
 49
40.0
 49
-160.0
 53
45.0
 43
-1307365.963829309
 44
-2915919.77601408
 45
0.0000000000000222
 46
200.000000003805
 79
     2
 49
56.568542
 49
-226.27417
 53
90.0
 43
-1307325.963829309
 44
-2915879.77601408
 45
-200.0
 46
200.0
 79
     1
 49
200.0
 53
135.0
 43
-1307285.963829309
 44
-2915919.77601408
 45
-200.000000003805
 46
0.0000000000000222
 79
     2
 49
56.568542
 49
-226.27417
 53
26.56505119999999
 43
-1307405.963829309
 44
-2915939.77601408
 45
199.9999999552974
 46
0.0000001694556051
 79
     2
 49
44.72
 49
-402.4935954
 53
333.4349488
 43
-1307285.963829309
 44
-2915919.77601408
 45
199.9999999552974
 46
-0.0000001694557383
 79
     2
 49
44.72
 49
-402.4935954
 98
        1
 10
-5259.506301356945
 20
-11403.16051676217
1001
GradientColor1ACI
1070
     5
1001
GradientColor2ACI
1070
     2
1001
ACAD
1010
0.0
1020
0.0
1030
0.0
  0
LWPOLYLINE
  5
916
102
{ACAD_REACTORS
330
911
102
}
330
1F
100
AcDbEntity
  8
YHJ_立面_墙线中
370
    25
100
AcDbPolyline
 90
        4
 70
     0
 43
20.0
 10
-5500.132016842719
 20
-11677.1951627233
 10
-5500.132016842719
 20
-11147.1951627233
 10
-3100.132670789492
 20
-11147.1951627233
 10
-3100.132670789492
 20
-11677.1951627233
  0
LWPOLYLINE
  5
917
102
{ACAD_REACTORS
330
911
102
}
330
1F
100
AcDbEntity
  8
YHJ_立面_墙线中
370
    25
100
AcDbPolyline
 90
        4
 70
     1
 43
20.0
 10
-5500.132016842719
 20
-11627.1951627233
 10
-3100.132016842719
 20
-11627.1951627233
 10
-3100.132016842719
 20
-11777.1951627233
 10
-5500.132016842719
 20
-11777.1951627233
  0
LINE
  5
918
102
{ACAD_REACTORS
330
911
102
}
330
1F
100
AcDbEntity
  8
DOTE
  6
DOTE
100
AcDbLine
 10
-3000.132016842719
 20
-15240.84941250132
 30
0.0
 11
-3000.132016842719
 21
-9077.195162723306
 31
0.0
  0
LINE
  5
919
102
{ACAD_REACTORS
330
911
102
}
330
1F
100
AcDbEntity
  8
DOTE
  6
DOTE
100
AcDbLine
 10
-20700.13201684272
 20
-15240.84941250132
 30
0.0
 11
-20700.13201684272
 21
-9077.195162723306
 31
0.0
  0
LINE
  5
91A
102
{ACAD_REACTORS
330
911
102
}
330
1F
100
AcDbEntity
  8
DOTE
  6
DOTE
100
AcDbLine
 10
-2000.132016842719
 20
-14177.1951627233
 30
0.0
 11
-21700.13201684272
 21
-14177.1951627233
 31
0.0
  0
INSERT
  5
91B
102
{ACAD_REACTORS
330
911
102
}
330
1F
100
AcDbEntity
  8
YHJ_立面_墙线中
100
AcDbBlockReference
  2
HSGADGSGDSGDSF
 10
-660170.4577763071
 20
-96189.77088561841
 30
0.0
  0
LINE
  5
91C
330
1F
100
AcDbEntity
  8
DOTE
  6
DOTE
100
AcDbLine
 10
-2000.132016842719
 20
-10177.1951627233
 30
0.0
 11
-21700.13201684272
 21
-10177.1951627233
 31
0.0
  0
LINE
  5
91D
330
1F
100
AcDbEntity
  8
0
100
AcDbLine
 10
-2506.362542207819
 20
-14477.1951627233
 30
0.0
 11
-2689.583304660861
 21
-14663.14856097381
 31
0.0
  0
LINE
  5
91E
330
1F
100
AcDbEntity
  8
0
100
AcDbLine
 10
-2506.362542207819
 20
-14477.1951627233
 30
0.0
 11
-2323.242046194617
 21
-14663.14856097381
 31
0.0
  0
LINE
  5
91F
330
1F
100
AcDbEntity
  8
0
100
AcDbLine
 10
-2434.422337774653
 20
-14477.1951627233
 30
0.0
 11
-2251.30184176052
 21
-14663.14856097381
 31
0.0
  0
LINE
  5
920
330
1F
100
AcDbEntity
  8
0
100
AcDbLine
 10
-2362.482133340556
 20
-14477.1951627233
 30
0.0
 11
-2179.361637327354
 21
-14663.14856097381
 31
0.0
  0
LINE
  5
921
330
1F
100
AcDbEntity
  8
0
100
AcDbLine
 10
-2470.392439991702
 20
-14513.72172795376
 30
0.0
 11
-2617.542833786924
 21
-14663.14856097381
 31
0.0
  0
LINE
  5
922
330
1F
100
AcDbEntity
  8
0
100
AcDbLine
 10
-2434.422337774653
 20
-14550.24829318421
 30
0.0
 11
-2545.602629352827
 21
-14663.14856097381
 31
0.0
  0
LINE
  5
923
330
1F
100
AcDbEntity
  8
0
100
AcDbLine
 10
-1953.400527594145
 20
-14477.1951627233
 30
0.0
 11
-2136.621290046256
 21
-14663.14856097381
 31
0.0
  0
LINE
  5
924
330
1F
100
AcDbEntity
  8
0
100
AcDbLine
 10
-1953.400527594145
 20
-14477.1951627233
 30
0.0
 11
-1770.280031580943
 21
-14663.14856097381
 31
0.0
  0
LINE
  5
925
330
1F
100
AcDbEntity
  8
0
100
AcDbLine
 10
-1881.460323160048
 20
-14477.1951627233
 30
0.0
 11
-1698.339827146847
 21
-14663.14856097381
 31
0.0
  0
LINE
  5
926
330
1F
100
AcDbEntity
  8
0
100
AcDbLine
 10
-1809.520118725952
 20
-14477.1951627233
 30
0.0
 11
-1626.399622713681
 21
-14663.14856097381
 31
0.0
  0
LINE
  5
927
330
1F
100
AcDbEntity
  8
0
100
AcDbLine
 10
-1917.430425377097
 20
-14513.72172795376
 30
0.0
 11
-2064.58081917325
 21
-14663.14856097381
 31
0.0
  0
LINE
  5
928
330
1F
100
AcDbEntity
  8
0
100
AcDbLine
 10
-1881.460323160048
 20
-14550.24829318421
 30
0.0
 11
-1992.640614739153
 21
-14663.14856097381
 31
0.0
  0
LINE
  5
929
330
1F
100
AcDbEntity
  8
0
100
AcDbLine
 10
-21193.90149147855
 20
-14477.1951627233
 30
0.0
 11
-21010.68072902551
 21
-14663.14856097381
 31
0.0
  0
LINE
  5
92A
330
1F
100
AcDbEntity
  8
0
100
AcDbLine
 10
-21193.90149147855
 20
-14477.1951627233
 30
0.0
 11
-21377.02198749175
 21
-14663.14856097381
 31
0.0
  0
LINE
  5
92B
330
1F
100
AcDbEntity
  8
0
100
AcDbLine
 10
-21265.84169591172
 20
-14477.1951627233
 30
0.0
 11
-21448.96219192585
 21
-14663.14856097381
 31
0.0
  0
LINE
  5
92C
330
1F
100
AcDbEntity
  8
0
100
AcDbLine
 10
-21337.78190034581
 20
-14477.1951627233
 30
0.0
 11
-21520.90239635902
 21
-14663.14856097381
 31
0.0
  0
LINE
  5
92D
330
1F
100
AcDbEntity
  8
0
100
AcDbLine
 10
-21229.87159369467
 20
-14513.72172795376
 30
0.0
 11
-21082.72119989945
 21
-14663.14856097381
 31
0.0
  0
LINE
  5
92E
330
1F
100
AcDbEntity
  8
0
100
AcDbLine
 10
-21265.84169591172
 20
-14550.24829318421
 30
0.0
 11
-21154.66140433354
 21
-14663.14856097381
 31
0.0
  0
LINE
  5
92F
330
1F
100
AcDbEntity
  8
0
100
AcDbLine
 10
-21746.86350609222
 20
-14477.1951627233
 30
0.0
 11
-21563.64274364011
 21
-14663.14856097381
 31
0.0
  0
LINE
  5
930
330
1F
100
AcDbEntity
  8
0
100
AcDbLine
 10
-21746.86350609222
 20
-14477.1951627233
 30
0.0
 11
-21929.98400210543
 21
-14663.14856097381
 31
0.0
  0
LINE
  5
931
330
1F
100
AcDbEntity
  8
0
100
AcDbLine
 10
-21818.80371052632
 20
-14477.1951627233
 30
0.0
 11
-22001.92420653952
 21
-14663.14856097381
 31
0.0
  0
LINE
  5
932
330
1F
100
AcDbEntity
  8
0
100
AcDbLine
 10
-21890.74391496042
 20
-14477.1951627233
 30
0.0
 11
-22073.86441097269
 21
-14663.14856097381
 31
0.0
  0
LINE
  5
933
330
1F
100
AcDbEntity
  8
0
100
AcDbLine
 10
-21782.83360830927
 20
-14513.72172795376
 30
0.0
 11
-21635.68321451312
 21
-14663.14856097381
 31
0.0
  0
LINE
  5
934
330
1F
100
AcDbEntity
  8
0
100
AcDbLine
 10
-21818.80371052632
 20
-14550.24829318421
 30
0.0
 11
-21707.62341894722
 21
-14663.14856097381
 31
0.0
  0
LWPOLYLINE
  5
935
330
1F
100
AcDbEntity
  8
DIM_ELEV
100
AcDbPolyline
 90
        2
 70
     0
 43
0.0
 10
-1446.607006094884
 20
-14477.1951627233
 10
-2900.132016842719
 20
-14477.1951627233
  0
LWPOLYLINE
  5
936
330
1F
100
AcDbEntity
  8
DIM_ELEV
100
AcDbPolyline
 90
        2
 70
     0
 43
0.0
 10
-22184.63366425363
 20
-14477.1951627233
 10
-20800.13201684272
 20
-14477.1951627233
  0
HATCH
  5
937
330
1F
100
AcDbEntity
  8
建筑-房间填充
 62
   144
100
AcDbHatch
 10
0.0
 20
0.0
 30
0.0
210
0.0
220
0.0
230
1.0
  2
弯瓦屋面
 70
     0
 71
     0
 91
        6
 92
        1
 93
        4
 72
     1
 10
-3200.132016842719
 20
-9777.195162721909
 11
-2888.807151439134
 21
-9777.195162721909
 72
     1
 10
-2888.807151439134
 20
-9777.195162721909
 11
-2657.867043762002
 21
-10177.1951627233
 72
     1
 10
-2657.867043762002
 20
-10177.1951627233
 11
-3200.132016842719
 21
-10177.1951627233
 72
     1
 10
-3200.132016842719
 20
-10177.1951627233
 11
-3200.132016842719
 21
-9777.195162721909
 97
        0
 92
        1
 93
        4
 72
     1
 10
-3200.132016842719
 20
-10177.1951627233
 11
-2657.867043762002
 21
-10177.1951627233
 72
     1
 10
-2657.867043762002
 20
-10177.1951627233
 11
-2600.132016844582
 21
-10277.19516272004
 72
     1
 10
-2600.132016844582
 20
-10277.19516272004
 11
-3200.132016842719
 21
-10277.19516272004
 72
     1
 10
-3200.132016842719
 20
-10277.19516272004
 11
-3200.132016842719
 21
-10177.1951627233
 97
        0
 92
        1
 93
        4
 72
     1
 10
-19700.13201684272
 20
-9777.195162721909
 11
-3200.132016842719
 21
-9777.195162721909
 72
     1
 10
-3200.132016842719
 20
-9777.195162721909
 11
-3200.132016842719
 21
-10177.1951627233
 72
     1
 10
-3200.132016842719
 20
-10177.1951627233
 11
-19700.13201684272
 21
-10177.1951627233
 72
     1
 10
-19700.13201684272
 20
-10177.1951627233
 11
-19700.13201684272
 21
-9777.195162721909
 97
        0
 92
        1
 93
        4
 72
     1
 10
-19700.13201684272
 20
-10177.1951627233
 11
-3200.132016842719
 21
-10177.1951627233
 72
     1
 10
-3200.132016842719
 20
-10177.1951627233
 11
-3200.132016842719
 21
-10277.19516272004
 72
     1
 10
-3200.132016842719
 20
-10277.19516272004
 11
-19700.13201684272
 21
-10277.19516272004
 72
     1
 10
-19700.13201684272
 20
-10277.19516272004
 11
-19700.13201684272
 21
-10177.1951627233
 97
        0
 92
        1
 93
        4
 72
     1
 10
-21011.4568822463
 20
-9777.195162721909
 11
-19700.13201684272
 21
-9777.195162721909
 72
     1
 10
-19700.13201684272
 20
-9777.195162721909
 11
-19700.13201684272
 21
-10177.1951627233
 72
     1
 10
-19700.13201684272
 20
-10177.1951627233
 11
-21242.39698992344
 21
-10177.1951627233
 72
     1
 10
-21242.39698992344
 20
-10177.1951627233
 11
-21011.4568822463
 21
-9777.195162721909
 97
        0
 92
        1
 93
        4
 72
     1
 10
-21242.39698992297
 20
-10177.1951627233
 11
-19700.13201684272
 21
-10177.1951627233
 72
     1
 10
-19700.13201684272
 20
-10177.1951627233
 11
-19700.13201684272
 21
-10277.19516272004
 72
     1
 10
-19700.13201684272
 20
-10277.19516272004
 11
-21300.13201684039
 21
-10277.19516272004
 72
     1
 10
-21300.13201684039
 20
-10277.19516272004
 11
-21242.39698992297
 21
-10177.1951627233
 97
        0
 75
     1
 76
     1
 52
0.0
 41
100.0
 77
     0
 78
     6
 53
0.0
 43
-666370.4577763069
 44
-96189.77088561841
 45
200.0
 46
200.0
 79
     2
 49
40.0
 49
-160.0
 53
45.0
 43
-666290.4577763069
 44
-96169.7708856184
 45
0.0000000000000222
 46
200.000000003805
 79
     2
 49
56.568542
 49
-226.27417
 53
90.0
 43
-666250.4577763069
 44
-96129.77088561841
 45
-200.0
 46
200.0
 79
     1
 49
200.0
 53
135.0
 43
-666210.457776307
 44
-96169.7708856184
 45
-200.000000003805
 46
0.0000000000000222
 79
     2
 49
56.568542
 49
-226.27417
 53
26.56505119999999
 43
-666330.457776307
 44
-96189.77088561841
 45
199.9999999552974
 46
0.0000001694556051
 79
     2
 49
44.72
 49
-402.4935954
 53
333.4349488
 43
-666210.457776307
 44
-96169.7708856184
 45
199.9999999552974
 46
-0.0000001694557383
 79
     2
 49
44.72
 49
-402.4935954
 98
        6
 10
-2900.369954528753
 20
-10050.07486134162
 10
-2940.234515822958
 20
-10242.58075611945
 10
-10958.22073520953
 20
-9866.536594249774
 10
-9961.795344059822
 20
-10205.66689375695
 10
-19848.36616444727
 20
-10048.20421256544
 10
-19810.32513475371
 20
-10211.50446658255
1001
GradientColor1ACI
1070
     5
1001
GradientColor2ACI
1070
     2
1001
ACAD
1010
0.0
1020
0.0
1030
0.0
  0
INSERT
  5
938
330
1F
100
AcDbEntity
  8
YHJ_立面_墙线中
100
AcDbBlockReference
  2
GHAFGAGADGSAD
 10
612612.0191572546
 20
-96149.86180324015
 30
0.0
 41
-1.0
  0
LWPOLYLINE
  5
939
330
1F
100
AcDbEntity
  8
YHJ_立面_墙线中
370
    40
100
AcDbPolyline
 90
        2
 70
     0
 43
40.0
 10
-1487.341734171379
 20
-14477.1951627233
 10
-22342.62752061849
 20
-14477.1951627233
  0
LWPOLYLINE
  5
93A
330
1F
100
AcDbEntity
  8
YHJ_立面_墙线中
370
    25
100
AcDbPolyline
 90
        2
 70
     0
 43
20.0
 10
-2900.132016842719
 20
-14477.1951627233
 10
-2900.132016842719
 20
-10477.19516272284
  0
LWPOLYLINE
  5
93B
330
1F
100
AcDbEntity
  8
YHJ_立面_墙线中
370
    25
100
AcDbPolyline
 90
        4
 70
     0
 43
20.0
 10
-2900.132016842719
 20
-10477.19516272284
 10
-2400.132016842719
 20
-10477.19516272284
 10
-2400.132016842719
 20
-10277.19516272284
 10
-2688.807151439134
 20
-9777.195162721909
  0
LWPOLYLINE
  5
93C
330
1F
100
AcDbEntity
  8
YHJ_立面_墙线中
370
    25
100
AcDbPolyline
 90
        2
 70
     0
 43
20.0
 10
-20800.13201684179
 20
-14477.1951627233
 10
-20800.13201684179
 20
-10477.19516272284
  0
LWPOLYLINE
  5
93D
330
1F
100
AcDbEntity
  8
YHJ_立面_墙线中
370
    25
100
AcDbPolyline
 90
        4
 70
     0
 43
20.0
 10
-20800.13201684179
 20
-10477.19516272284
 10
-21300.13201684179
 20
-10477.19516272284
 10
-21300.13201684179
 20
-10277.19516272284
 10
-21011.4568822463
 20
-9777.195162721909
  0
LWPOLYLINE
  5
93E
330
1F
100
AcDbEntity
  8
YHJ_立面_墙线中
370
    25
100
AcDbPolyline
 90
        6
 70
     0
 43
20.0
 10
-20800.13201684179
 20
-11147.22940583341
 10
-22000.13201684272
 20
-11627.1951627233
 10
-22000.13201684272
 20
-11677.1951627233
 10
-21900.13201684272
 20
-11677.1951627233
 10
-21900.13201684272
 20
-11777.1951627233
 10
-20800.13201684179
 20
-11777.1951627233
  0
LWPOLYLINE
  5
93F
330
1F
100
AcDbEntity
  8
YHJ_立面_墙线中
100
AcDbPolyline
 90
        2
 70
     0
 43
0.0
 10
-21900.13201684272
 20
-11677.1951627233
 10
-20800.13201684179
 20
-11677.1951627233
  0
LWPOLYLINE
  5
940
330
1F
100
AcDbEntity
  8
YHJ_立面_墙线中
370
    25
100
AcDbPolyline
 90
        2
 70
     0
 43
20.0
 10
-2688.807151439134
 20
-9777.195162721909
 10
-21011.4568822463
 20
-9777.195162721909
  0
LWPOLYLINE
  5
941
330
1F
100
AcDbEntity
  8
YHJ_立面_墙线中
100
AcDbPolyline
 90
        2
 70
     0
 43
0.0
 10
-2900.132016842719
 20
-14177.1951627233
 10
-1487.341734171379
 20
-14477.1951627233
  0
LWPOLYLINE
  5
942
330
1F
100
AcDbEntity
  8
YHJ_立面_墙线中
100
AcDbPolyline
 90
        2
 70
     0
 43
0.0
 10
-3400.132016842719
 20
-14177.1951627233
 10
-3100.132016842719
 20
-14477.1951627233
  0
LWPOLYLINE
  5
943
102
{ACAD_REACTORS
330
911
102
}
330
1F
100
AcDbEntity
  8
YHJ_立面_墙线中
100
AcDbPolyline
 90
        4
 70
     1
 43
0.0
 10
-7600.13201684272
 20
-11277.19516272331
 10
-5600.132016842719
 20
-11277.19516272331
 10
-5600.132016842719
 20
-13277.1951627233
 10
-7600.13201684272
 20
-13277.1951627233
  0
LWPOLYLINE
  5
944
102
{ACAD_REACTORS
330
911
102
}
330
1F
100
AcDbEntity
  8
YHJ_立面_墙线中
100
AcDbPolyline
 90
        4
 70
     1
 43
0.0
 10
-12800.13201684272
 20
-11277.19516272331
 10
-10800.13201684272
 20
-11277.19516272331
 10
-10800.13201684272
 20
-13277.1951627233
 10
-12800.13201684272
 20
-13277.1951627233
  0
HATCH
  5
945
330
1F
100
AcDbEntity
  8
建筑-房间填充
 62
   144
100
AcDbHatch
 10
0.0
 20
0.0
 30
0.0
210
0.0
220
0.0
230
1.0
  2
弯瓦屋面
 70
     0
 71
     0
 91
        1
 92
        1
 93
        4
 72
     1
 10
-20800.13136289688
 20
-11627.1951627233
 11
-20800.13136289688
 21
-11147.1951627233
 72
     1
 10
-20800.13136289688
 20
-11147.1951627233
 11
-18400.13201684318
 21
-11147.1951627233
 72
     1
 10
-18400.13201684272
 20
-11147.1951627233
 11
-18400.13201684272
 21
-11627.1951627233
 72
     1
 10
-18400.13201684272
 20
-11627.1951627233
 11
-20800.13136289641
 21
-11627.1951627233
 97
        0
 75
     1
 76
     1
 52
0.0
 41
100.0
 77
     0
 78
     6
 53
0.0
 43
-1302445.963829309
 44
-2915939.77601408
 45
200.0
 46
200.0
 79
     2
 49
40.0
 49
-160.0
 53
45.0
 43
-1302365.963829309
 44
-2915919.77601408
 45
0.0000000000000222
 46
200.000000003805
 79
     2
 49
56.568542
 49
-226.27417
 53
90.0
 43
-1302325.963829309
 44
-2915879.77601408
 45
-200.0
 46
200.0
 79
     1
 49
200.0
 53
135.0
 43
-1302285.963829309
 44
-2915919.77601408
 45
-200.000000003805
 46
0.0000000000000222
 79
     2
 49
56.568542
 49
-226.27417
 53
26.56505119999999
 43
-1302405.963829309
 44
-2915939.77601408
 45
199.9999999552974
 46
0.0000001694556051
 79
     2
 49
44.72
 49
-402.4935954
 53
333.4349488
 43
-1302285.963829309
 44
-2915919.77601408
 45
199.9999999552974
 46
-0.0000001694557383
 79
     2
 49
44.72
 49
-402.4935954
 98
        1
 10
-18640.75773232849
 20
-11403.16051676217
1001
GradientColor1ACI
1070
     5
1001
GradientColor2ACI
1070
     2
1001
ACAD
1010
0.0
1020
0.0
1030
0.0
  0
LWPOLYLINE
  5
946
330
1F
100
AcDbEntity
  8
YHJ_立面_墙线中
100
AcDbPolyline
 90
        2
 70
     0
 43
0.0
 10
-5200.132016842719
 20
-14177.1951627233
 10
-5500.132016842719
 20
-14477.1951627233
  0
INSERT
  5
947
102
{ACAD_REACTORS
330
911
102
}
330
1F
100
AcDbEntity
  8
YHJ_立面_墙线中
100
AcDbBlockReference
  2
HSGADGSGDSGDSF
 10
636270.1937426203
 20
-96189.77088561841
 30
0.0
 41
-1.0
  0
LWPOLYLINE
  5
948
102
{ACAD_REACTORS
330
911
102
}
330
1F
100
AcDbEntity
  8
YHJ_立面_墙线中
370
    25
100
AcDbPolyline
 90
        4
 70
     0
 43
20.0
 10
-18400.13201684272
 20
-11677.1951627233
 10
-18400.13201684272
 20
-11147.1951627233
 10
-20800.13136289688
 20
-11147.1951627233
 10
-20800.13136289688
 20
-11677.1951627233
  0
LWPOLYLINE
  5
949
330
1F
100
AcDbEntity
  8
YHJ_立面_墙线中
100
AcDbPolyline
 90
        2
 70
     0
 43
0.0
 10
-20500.13201684272
 20
-14177.1951627233
 10
-20800.13201684272
 20
-14477.1951627233
  0
LWPOLYLINE
  5
94A
102
{ACAD_REACTORS
330
911
102
}
330
1F
100
AcDbEntity
  8
YHJ_立面_墙线中
100
AcDbPolyline
 90
        4
 70
     1
 43
0.0
 10
-16150.13201684272
 20
-11277.19516272331
 10
-17850.13201684272
 20
-11277.19516272331
 10
-17850.13201684272
 20
-13277.1951627233
 10
-16150.13201684272
 20
-13277.1951627233
  0
LWPOLYLINE
  5
94B
102
{ACAD_REACTORS
330
911
102
}
330
1F
100
AcDbEntity
  8
YHJ_立面_墙线中
370
    25
100
AcDbPolyline
 90
        4
 70
     1
 43
20.0
 10
-18400.13201684272
 20
-11627.1951627233
 10
-20800.13201684272
 20
-11627.1951627233
 10
-20800.13201684272
 20
-11777.1951627233
 10
-18400.13201684272
 20
-11777.1951627233
  0
LWPOLYLINE
  5
94C
330
1F
100
AcDbEntity
  8
YHJ_立面_墙线中
100
AcDbPolyline
 90
        2
 70
     0
 43
0.0
 10
-18700.13201684272
 20
-14177.1951627233
 10
-18400.13201684272
 20
-14477.1951627233
  0
TEXT
  5
94D
330
1F
100
AcDbEntity
  8
图框
100
AcDbText
 10
3716.081299589016
 20
-31386.43334878096
 30
0.0
 40
300.0
  1
立面图1
  7
biaotilan
100
AcDbText
  0
TEXT
  5
94E
330
1F
100
AcDbEntity
  8
图框
100
AcDbText
 10
1459.524153548293
 20
-30550.53823449463
 30
0.0
 40
300.0
  1
菖蒲垇提灌站
  7
biaotilan
100
AcDbText
  0
TEXT
  5
94F
330
1F
100
AcDbEntity
  8
图框
100
AcDbText
 10
44575.51011617574
 20
-31386.43334878096
 30
0.0
 40
300.0
  1
立面图2
  7
biaotilan
100
AcDbText
  0
TEXT
  5
950
330
1F
100
AcDbEntity
  8
图框
100
AcDbText
 10
43459.52415354829
 20
-30550.53823449463
 30
0.0
 40
300.0
  1
菖蒲垇提灌站
  7
biaotilan
100
AcDbText
  0
HATCH
  5
951
330
1F
100
AcDbEntity
  8
0
 62
     8
100
AcDbHatch
 10
0.0
 20
0.0
 30
0.0
210
0.0
220
0.0
230
1.0
  2
多孔材料
 70
     0
 71
     0
 91
       18
 92
        7
 72
     1
 73
     1
 93
        9
 10
32736.65323149413
 20
-21958.82785413508
 42
0.0
 10
28952.32796259131
 20
-21958.82785413414
 42
0.0
 10
28952.32796259131
 20
-22208.49832172645
 42
-1.0
 10
28952.32796259131
 20
-22248.49832172645
 42
-1.0
 10
28952.32796259131
 20
-22208.49832172645
 42
0.0
 10
28952.32796259131
 20
-21958.82785413414
 42
0.0
 10
25936.65323149413
 20
-21958.82785413368
 42
0.0
 10
25936.65323149413
 20
-25658.82785413507
 42
0.0
 10
32736.6532314932
 20
-25658.82785413507
 42
0.0
 97
        0
 92
       22
 72
     0
 73
     1
 93
        4
 10
30136.65323149227
 20
-22758.82785413507
 10
31836.65323149227
 20
-22758.82785413507
 10
31836.65323149227
 20
-24758.82785413507
 10
30136.65323149227
 20
-24758.82785413507
 97
        0
 92
        6
 72
     0
 73
     1
 93
        4
 10
30236.65323149273
 20
-24658.82785413508
 10
30236.65323149273
 20
-22858.82785413507
 10
31736.65323149273
 20
-22858.82785413507
 10
31736.65323149273
 20
-24658.82785413508
 97
        0
 92
        6
 72
     0
 73
     1
 93
        4
 10
30286.65323149273
 20
-24608.82785413507
 10
30286.65323149273
 20
-23458.82785413508
 10
31686.65323149273
 20
-23458.82785413508
 10
31686.65323149273
 20
-24608.82785413507
 97
        0
 92
        6
 72
     0
 73
     1
 93
        4
 10
30336.65323149273
 20
-24558.82785413507
 10
30336.65323149273
 20
-23508.82785413507
 10
30961.65323149273
 20
-23508.82785413507
 10
30961.65323149273
 20
-24558.82785413507
 97
        0
 92
       22
 72
     0
 73
     1
 93
        4
 10
28536.65323149413
 20
-24758.82785413507
 10
26836.65323149413
 20
-24758.82785413507
 10
26836.65323149413
 20
-22758.82785413507
 10
28536.65323149413
 20
-22758.82785413507
 97
        0
 92
        6
 72
     0
 73
     1
 93
        4
 10
28436.65323149366
 20
-24658.82785413508
 10
26936.65323149367
 20
-24658.82785413508
 10
26936.65323149367
 20
-22858.82785413507
 10
28436.65323149366
 20
-22858.82785413507
 97
        0
 92
        6
 72
     0
 73
     1
 93
        4
 10
28386.65323149367
 20
-24608.82785413507
 10
26986.65323149366
 20
-24608.82785413507
 10
26986.65323149366
 20
-23458.82785413508
 10
28386.65323149367
 20
-23458.82785413508
 97
        0
 92
        6
 72
     0
 73
     1
 93
        4
 10
28336.65323149366
 20
-24558.82785413507
 10
27711.65323149366
 20
-24558.82785413507
 10
27711.65323149366
 20
-23508.82785413507
 10
28336.65323149366
 20
-23508.82785413507
 97
        0
 92
        6
 72
     0
 73
     1
 93
        4
 10
30286.65323149273
 20
-23408.82785413508
 10
30286.65323149273
 20
-22908.82785413507
 10
31686.65323149273
 20
-22908.82785413507
 10
31686.65323149273
 20
-23408.82785413508
 97
        0
 92
        6
 72
     0
 73
     1
 93
        4
 10
31011.65323149273
 20
-24558.82785413507
 10
31011.65323149273
 20
-23508.82785413507
 10
31636.65323149273
 20
-23508.82785413507
 10
31636.65323149273
 20
-24558.82785413507
 97
        0
 92
        6
 72
     0
 73
     1
 93
        4
 10
28386.65323149367
 20
-23408.82785413508
 10
26986.65323149366
 20
-23408.82785413508
 10
26986.65323149366
 20
-22908.82785413507
 10
28386.65323149367
 20
-22908.82785413507
 97
        0
 92
        6
 72
     0
 73
     1
 93
        4
 10
27661.65323149366
 20
-24558.82785413507
 10
27036.65323149366
 20
-24558.82785413507
 10
27036.65323149366
 20
-23508.82785413507
 10
27661.65323149366
 20
-23508.82785413507
 97
        0
 92
        7
 72
     0
 73
     1
 93
        4
 10
32736.6532314932
 20
-25658.82785413507
 10
25936.65323149413
 20
-25658.82785413507
 10
25936.65323149413
 20
-25958.82785413508
 10
32736.6532314932
 20
-25958.82785413508
 97
        0
 92
        7
 72
     0
 73
     1
 93
        4
 10
25936.65323149413
 20
-25658.82785413507
 10
25836.65323149413
 20
-25658.82785413507
 10
25836.65323149413
 20
-25958.82785413508
 10
25936.65323149413
 20
-25958.82785413508
 97
        0
 92
        7
 72
     0
 73
     1
 93
        4
 10
25936.65323149413
 20
-21958.82785413368
 10
25836.65323149413
 20
-21958.82785413368
 10
25836.65323149413
 20
-25658.82785413507
 10
25936.65323149413
 20
-25658.82785413507
 97
        0
 92
        7
 72
     0
 73
     1
 93
        4
 10
32836.6532314932
 20
-25658.82785413507
 10
32736.6532314932
 20
-25658.82785413507
 10
32736.6532314932
 20
-25958.82785413508
 10
32836.6532314932
 20
-25958.82785413508
 97
        0
 92
        7
 72
     0
 73
     1
 93
        4
 10
32836.6532314932
 20
-21958.82785413508
 10
32736.65323149413
 20
-21958.82785413508
 10
32736.6532314932
 20
-25658.82785413507
 10
32836.6532314932
 20
-25658.82785413507
 97
        0
 75
     1
 76
     1
 52
45.0
 41
500.0
 77
     0
 78
     2
 53
90.0
 43
-2191760.747568777
 44
-2689677.44425808
 45
-1414.215
 46
0.0
 79
     0
 53
180.0
 43
-2191760.747568777
 44
-2689677.44425808
 45
-0.0000000000001137
 46
-1414.215
 79
     0
 47
16.35201186770974
 98
       18
 10
29500.89479832445
 20
-24657.45564894378
 10
29500.89479832445
 20
-24657.45564894378
 10
29500.89479832445
 20
-24657.45564894378
 10
29500.89479832445
 20
-24657.45564894378
 10
29500.89479832445
 20
-24657.45564894378
 10
29500.89479832445
 20
-24657.45564894378
 10
29500.89479832445
 20
-24657.45564894378
 10
29500.89479832445
 20
-24657.45564894378
 10
29500.89479832445
 20
-24657.45564894378
 10
29500.89479832445
 20
-24657.45564894378
 10
29500.89479832445
 20
-24657.45564894378
 10
29500.89479832445
 20
-24657.45564894378
 10
29500.89479832445
 20
-24657.45564894378
 10
26667.73094810452
 20
-25794.31634743419
 10
25865.64280492161
 20
-25771.12127088848
 10
25849.21870479453
 20
-25221.37246765569
 10
32802.16962298844
 20
-25758.11791098584
 10
32772.35187752452
 20
-25404.8233672278
1001
GradientColor1ACI
1070
     5
1001
GradientColor2ACI
1070
     2
1001
ACAD
1010
0.0
1020
0.0
1030
0.0
  0
LWPOLYLINE
  5
952
330
1F
100
AcDbEntity
  8
YHJ_立面_墙线中
100
AcDbPolyline
 90
        2
 70
     0
 43
0.0
 10
25836.65323149413
 20
-21958.82785413368
 10
32836.65323149413
 20
-21958.82785413508
  0
HATCH
  5
953
330
1F
100
AcDbEntity
  8
建筑-房间填充
 62
   144
100
AcDbHatch
 10
0.0
 20
0.0
 30
0.0
210
0.0
220
0.0
230
1.0
  2
弯瓦屋面
 70
     0
 71
     0
 91
        6
 92
        7
 72
     0
 73
     1
 93
        4
 10
25936.65323149413
 20
-21258.82785413368
 10
25625.32836608961
 20
-21258.82785413368
 10
25394.38825841248
 20
-21658.82785413507
 10
25936.65323149413
 20
-21658.82785413507
 97
        0
 92
        7
 72
     0
 73
     1
 93
        4
 10
25936.65323149413
 20
-21658.82785413507
 10
25394.38825841248
 20
-21658.82785413507
 10
25336.65323149599
 20
-21758.82785413182
 10
25936.65323149413
 20
-21758.82785413182
 97
        0
 92
        7
 72
     0
 73
     1
 93
        4
 10
32736.65323149413
 20
-21258.82785413368
 10
25936.65323149413
 20
-21258.82785413368
 10
25936.65323149413
 20
-21658.82785413507
 10
32736.65323149413
 20
-21658.82785413507
 97
        0
 92
        7
 72
     0
 73
     1
 93
        4
 10
32736.65323149413
 20
-21658.82785413507
 10
25936.65323149413
 20
-21658.82785413507
 10
25936.65323149413
 20
-21758.82785413182
 10
32736.65323149413
 20
-21758.82785413182
 97
        0
 92
        7
 72
     0
 73
     1
 93
        4
 10
33047.97809689771
 20
-21258.82785413368
 10
32736.65323149413
 20
-21258.82785413368
 10
32736.65323149413
 20
-21658.82785413507
 10
33278.91820457391
 20
-21658.82785413507
 97
        0
 92
        7
 72
     0
 73
     1
 93
        4
 10
33278.91820457391
 20
-21658.82785413507
 10
32736.65323149413
 20
-21658.82785413507
 10
32736.65323149413
 20
-21758.82785413182
 10
33336.65323149133
 20
-21758.82785413182
 97
        0
 75
     1
 76
     1
 52
0.0
 41
100.0
 77
     0
 78
     6
 53
0.0
 43
-635686.9921674016
 44
-107671.4035770302
 45
200.0
 46
200.0
 79
     2
 49
40.0
 49
-160.0
 53
45.0
 43
-635606.9921674016
 44
-107651.4035770302
 45
0.0000000000000222
 46
200.000000003805
 79
     2
 49
56.568542
 49
-226.27417
 53
90.0
 43
-635566.9921674016
 44
-107611.4035770302
 45
-200.0
 46
200.0
 79
     1
 49
200.0
 53
135.0
 43
-635526.9921674016
 44
-107651.4035770302
 45
-200.000000003805
 46
0.0000000000000222
 79
     2
 49
56.568542
 49
-226.27417
 53
26.56505119999999
 43
-635646.9921674015
 44
-107671.4035770302
 45
199.9999999552974
 46
0.0000001694556051
 79
     2
 49
44.72
 49
-402.4935954
 53
333.4349488
 43
-635526.9921674016
 44
-107651.4035770302
 45
199.9999999552974
 46
-0.0000001694557383
 79
     2
 49
44.72
 49
-402.4935954
 47
25.04102966488699
 98
        6
 10
25560.54213426076
 20
-21508.83586311201
 10
25567.0542864576
 20
-21671.49068860384
 10
26878.5765867373
 20
-21430.63645407651
 10
26976.26048200764
 20
-21690.88362789014
 10
32918.36638166476
 20
-21508.08787708823
 10
32931.45517877676
 20
-21691.17762605287
1001
GradientColor1ACI
1070
     5
1001
GradientColor2ACI
1070
     2
1001
ACAD
1010
0.0
1020
0.0
1030
0.0
  0
LINE
  5
954
330
1F
100
AcDbEntity
  8
DOTE
  6
DOTE
100
AcDbLine
 10
25936.65323149413
 20
-26722.48210391309
 30
0.0
 11
25936.65323149413
 21
-20558.82785413507
 31
0.0
  0
LINE
  5
955
330
1F
100
AcDbEntity
  8
DOTE
  6
DOTE
100
AcDbLine
 10
32736.6532314932
 20
-26722.48210391356
 30
0.0
 11
32736.65323149413
 21
-20558.82785413507
 31
0.0
  0
LINE
  5
956
330
1F
100
AcDbEntity
  8
DOTE
  6
DOTE
100
AcDbLine
 10
24936.65323149413
 20
-25658.82785413507
 30
0.0
 11
33736.65323149413
 21
-25658.82785413507
 31
0.0
  0
LINE
  5
957
330
1F
100
AcDbEntity
  8
DOTE
  6
DOTE
100
AcDbLine
 10
24936.65323149413
 20
-21658.82785413507
 30
0.0
 11
33736.65323149413
 21
-21658.82785413507
 31
0.0
  0
LINE
  5
958
330
1F
100
AcDbEntity
  8
0
100
AcDbLine
 10
25442.8837568583
 20
-25958.82785413508
 30
0.0
 11
25626.10451931134
 21
-26144.78125238558
 31
0.0
  0
LINE
  5
959
330
1F
100
AcDbEntity
  8
0
100
AcDbLine
 10
25442.8837568583
 20
-25958.82785413508
 30
0.0
 11
25259.7632608451
 21
-26144.78125238558
 31
0.0
  0
LINE
  5
95A
330
1F
100
AcDbEntity
  8
0
100
AcDbLine
 10
25370.94355242513
 20
-25958.82785413508
 30
0.0
 11
25187.823056411
 21
-26144.78125238558
 31
0.0
  0
LINE
  5
95B
330
1F
100
AcDbEntity
  8
0
100
AcDbLine
 10
25299.00334799104
 20
-25958.82785413508
 30
0.0
 11
25115.88285197783
 21
-26144.78125238558
 31
0.0
  0
LINE
  5
95C
330
1F
100
AcDbEntity
  8
0
100
AcDbLine
 10
25406.91365464218
 20
-25995.35441936553
 30
0.0
 11
25554.0640484374
 21
-26144.78125238558
 31
0.0
  0
LINE
  5
95D
330
1F
100
AcDbEntity
  8
0
100
AcDbLine
 10
25370.94355242513
 20
-26031.88098459598
 30
0.0
 11
25482.12384400331
 21
-26144.78125238558
 31
0.0
  0
LINE
  5
95E
330
1F
100
AcDbEntity
  8
0
100
AcDbLine
 10
24889.92174224462
 20
-25958.82785413508
 30
0.0
 11
25073.14250469673
 21
-26144.78125238558
 31
0.0
  0
LINE
  5
95F
330
1F
100
AcDbEntity
  8
0
100
AcDbLine
 10
24889.92174224462
 20
-25958.82785413508
 30
0.0
 11
24706.80124623142
 21
-26144.78125238558
 31
0.0
  0
LINE
  5
960
330
1F
100
AcDbEntity
  8
0
100
AcDbLine
 10
24817.98153781053
 20
-25958.82785413508
 30
0.0
 11
24634.86104179732
 21
-26144.78125238558
 31
0.0
  0
LINE
  5
961
330
1F
100
AcDbEntity
  8
0
100
AcDbLine
 10
24746.04133337643
 20
-25958.82785413508
 30
0.0
 11
24562.92083736416
 21
-26144.78125238558
 31
0.0
  0
LINE
  5
962
330
1F
100
AcDbEntity
  8
0
100
AcDbLine
 10
24853.95164002758
 20
-25995.35441936553
 30
0.0
 11
25001.10203382373
 21
-26144.78125238558
 31
0.0
  0
LINE
  5
963
330
1F
100
AcDbEntity
  8
0
100
AcDbLine
 10
24817.98153781053
 20
-26031.88098459598
 30
0.0
 11
24929.16182938963
 21
-26144.78125238558
 31
0.0
  0
LINE
  5
964
330
1F
100
AcDbEntity
  8
0
100
AcDbLine
 10
33230.42270612903
 20
-25958.82785413508
 30
0.0
 11
33047.20194367599
 21
-26144.78125238558
 31
0.0
  0
LINE
  5
965
330
1F
100
AcDbEntity
  8
0
100
AcDbLine
 10
33230.42270612903
 20
-25958.82785413508
 30
0.0
 11
33413.54320214223
 21
-26144.78125238558
 31
0.0
  0
LINE
  5
966
330
1F
100
AcDbEntity
  8
0
100
AcDbLine
 10
33302.3629105622
 20
-25958.82785413508
 30
0.0
 11
33485.48340657633
 21
-26144.78125238558
 31
0.0
  0
LINE
  5
967
330
1F
100
AcDbEntity
  8
0
100
AcDbLine
 10
33374.30311499629
 20
-25958.82785413508
 30
0.0
 11
33557.42361100949
 21
-26144.78125238558
 31
0.0
  0
LINE
  5
968
330
1F
100
AcDbEntity
  8
0
100
AcDbLine
 10
33266.39280834515
 20
-25995.35441936553
 30
0.0
 11
33119.24241454993
 21
-26144.78125238558
 31
0.0
  0
LINE
  5
969
330
1F
100
AcDbEntity
  8
0
100
AcDbLine
 10
33302.3629105622
 20
-26031.88098459598
 30
0.0
 11
33191.18261898402
 21
-26144.78125238558
 31
0.0
  0
LINE
  5
96A
330
1F
100
AcDbEntity
  8
0
100
AcDbLine
 10
33783.38472074271
 20
-25958.82785413508
 30
0.0
 11
33600.16395829059
 21
-26144.78125238558
 31
0.0
  0
LINE
  5
96B
330
1F
100
AcDbEntity
  8
0
100
AcDbLine
 10
33783.38472074271
 20
-25958.82785413508
 30
0.0
 11
33966.5052167559
 21
-26144.78125238558
 31
0.0
  0
LINE
  5
96C
330
1F
100
AcDbEntity
  8
0
100
AcDbLine
 10
33855.3249251768
 20
-25958.82785413508
 30
0.0
 11
34038.44542119
 21
-26144.78125238558
 31
0.0
  0
LINE
  5
96D
330
1F
100
AcDbEntity
  8
0
100
AcDbLine
 10
33927.2651296109
 20
-25958.82785413508
 30
0.0
 11
34110.38562562317
 21
-26144.78125238558
 31
0.0
  0
LINE
  5
96E
330
1F
100
AcDbEntity
  8
0
100
AcDbLine
 10
33819.35482295975
 20
-25995.35441936553
 30
0.0
 11
33672.2044291636
 21
-26144.78125238558
 31
0.0
  0
LINE
  5
96F
330
1F
100
AcDbEntity
  8
0
100
AcDbLine
 10
33855.3249251768
 20
-26031.88098459598
 30
0.0
 11
33744.14463359769
 21
-26144.78125238558
 31
0.0
  0
LWPOLYLINE
  5
970
330
1F
100
AcDbEntity
  8
DIM_ELEV
100
AcDbPolyline
 90
        2
 70
     0
 43
0.0
 10
24383.12822074536
 20
-25958.82785413508
 10
25836.65323149413
 20
-25958.82785413508
  0
LWPOLYLINE
  5
971
330
1F
100
AcDbEntity
  8
DIM_ELEV
100
AcDbPolyline
 90
        2
 70
     0
 43
0.0
 10
34221.15487890411
 20
-25958.82785413508
 10
32836.65323149413
 20
-25958.82785413508
  0
LWPOLYLINE
  5
972
330
1F
100
AcDbEntity
  8
YHJ_立面_墙线中
370
    40
100
AcDbPolyline
 90
        2
 70
     0
 43
40.0
 10
24423.86294882186
 20
-25958.82785413508
 10
34379.1487352699
 20
-25958.82785413508
  0
LWPOLYLINE
  5
973
330
1F
100
AcDbEntity
  8
YHJ_立面_墙线中
370
    25
100
AcDbPolyline
 90
        2
 70
     0
 43
20.0
 10
25836.65323149413
 20
-25958.82785413508
 10
25836.65323149413
 20
-21958.82785413508
  0
LWPOLYLINE
  5
974
330
1F
100
AcDbEntity
  8
YHJ_立面_墙线中
370
    25
100
AcDbPolyline
 90
        4
 70
     0
 43
20.0
 10
25836.65323149413
 20
-21958.82785413508
 10
25336.65323149413
 20
-21958.82785413508
 10
25336.65323149413
 20
-21758.82785413508
 10
25625.32836608961
 20
-21258.82785413368
  0
LWPOLYLINE
  5
975
330
1F
100
AcDbEntity
  8
YHJ_立面_墙线中
370
    25
100
AcDbPolyline
 90
        2
 70
     0
 43
20.0
 10
32836.6532314932
 20
-25958.82785413508
 10
32836.6532314932
 20
-21958.82785413508
  0
LWPOLYLINE
  5
976
330
1F
100
AcDbEntity
  8
YHJ_立面_墙线中
370
    25
100
AcDbPolyline
 90
        4
 70
     0
 43
20.0
 10
32836.6532314932
 20
-21958.82785413508
 10
33336.6532314932
 20
-21958.82785413508
 10
33336.6532314932
 20
-21758.82785413508
 10
33047.97809689771
 20
-21258.82785413368
  0
LWPOLYLINE
  5
977
330
1F
100
AcDbEntity
  8
YHJ_立面_墙线中
370
    25
100
AcDbPolyline
 90
        6
 70
     0
 43
20.0
 10
25836.65323149413
 20
-22628.86209724518
 10
24636.6532314932
 20
-23108.82785413507
 10
24636.6532314932
 20
-23158.82785413507
 10
24736.6532314932
 20
-23158.82785413507
 10
24736.6532314932
 20
-23258.82785413508
 10
25836.65323149413
 20
-23258.82785413508
  0
LWPOLYLINE
  5
978
330
1F
100
AcDbEntity
  8
YHJ_立面_墙线中
100
AcDbPolyline
 90
        2
 70
     0
 43
0.0
 10
24736.6532314932
 20
-23158.82785413507
 10
25836.65323149413
 20
-23158.82785413507
  0
LWPOLYLINE
  5
979
330
1F
100
AcDbEntity
  8
YHJ_立面_墙线中
370
    25
100
AcDbPolyline
 90
        2
 70
     0
 43
20.0
 10
25625.32836608961
 20
-21258.82785413368
 10
33047.97809689771
 20
-21258.82785413368
  0
LWPOLYLINE
  5
97A
330
1F
100
AcDbEntity
  8
YHJ_立面_墙线中
100
AcDbPolyline
 90
        2
 70
     0
 43
0.0
 10
33336.6532314932
 20
-21758.82785413182
 10
25336.65323149599
 20
-21758.82785413182
  0
LWPOLYLINE
  5
97B
330
1F
100
AcDbEntity
  8
YHJ_立面_墙线中
100
AcDbPolyline
 90
        2
 70
     0
 43
0.0
 10
25836.65323149413
 20
-25658.82785413507
 10
24423.86294882186
 20
-25958.82785413508
  0
HATCH
  5
97C
330
1F
100
AcDbEntity
  8
0
 62
     8
100
AcDbHatch
 10
0.0
 20
0.0
 30
0.0
210
0.0
220
0.0
230
1.0
  2
多孔材料
 70
     0
 71
     0
 91
       26
 92
        7
 72
     0
 73
     1
 93
        4
 10
38023.66230962705
 20
-9422.425375566819
 10
20323.66230962705
 20
-9422.425375565886
 10
20323.66230962705
 20
-13122.42537556728
 10
38023.66230962705
 20
-13122.42537556728
 97
        0
 92
       22
 72
     0
 73
     1
 93
        4
 10
24073.66230962705
 20
-12222.42537556728
 10
22073.66230962705
 20
-12222.42537556728
 10
22073.66230962705
 20
-10222.42537556728
 10
24073.66230962705
 20
-10222.42537556728
 97
        0
 92
        6
 72
     0
 73
     1
 93
        4
 10
23973.66230962705
 20
-12122.42537556728
 10
22173.66230962705
 20
-12122.42537556728
 10
22173.66230962705
 20
-10322.42537556728
 10
23973.66230962705
 20
-10322.42537556728
 97
        0
 92
       22
 72
     1
 73
     1
 93
        2
 10
26116.3106450662
 20
-9670.845673921519
 42
-1.0
 10
26116.3106450662
 20
-9630.84567392152
 42
-1.0
 97
        0
 92
        6
 72
     0
 73
     1
 93
        4
 10
23923.66230962705
 20
-12072.42537556728
 10
22223.66230962705
 20
-12072.42537556728
 10
22223.66230962705
 20
-10922.42537556728
 10
23923.66230962705
 20
-10922.42537556728
 97
        0
 92
        6
 72
     0
 73
     1
 93
        4
 10
23873.66230962705
 20
-12022.42537556728
 10
23098.66230962705
 20
-12022.42537556728
 10
23098.66230962705
 20
-10972.42537556728
 10
23873.66230962705
 20
-10972.42537556728
 97
        0
 92
        6
 72
     0
 73
     1
 93
        4
 10
23923.66230962705
 20
-10872.42537556728
 10
22223.66230962705
 20
-10872.42537556728
 10
22223.66230962705
 20
-10372.42537556728
 10
23923.66230962705
 20
-10372.42537556728
 97
        0
 92
       22
 72
     0
 73
     1
 93
        4
 10
28023.66230962705
 20
-10222.42537556728
 10
30023.66230962705
 20
-10222.42537556728
 10
30023.66230962705
 20
-12222.42537556728
 10
28023.66230962705
 20
-12222.42537556728
 97
        0
 92
        6
 72
     0
 73
     1
 93
        4
 10
28123.66230962705
 20
-10322.42537556728
 10
29923.66230962705
 20
-10322.42537556728
 10
29923.66230962705
 20
-12122.42537556728
 10
28123.66230962705
 20
-12122.42537556728
 97
        0
 92
        6
 72
     0
 73
     1
 93
        4
 10
28173.66230962705
 20
-10922.42537556728
 10
29873.66230962705
 20
-10922.42537556728
 10
29873.66230962705
 20
-12072.42537556728
 10
28173.66230962705
 20
-12072.42537556728
 97
        0
 92
        6
 72
     0
 73
     1
 93
        4
 10
28173.66230962705
 20
-10872.42537556728
 10
28173.66230962705
 20
-10372.42537556728
 10
29873.66230962705
 20
-10372.42537556728
 10
29873.66230962705
 20
-10872.42537556728
 97
        0
 92
        6
 72
     0
 73
     1
 93
        4
 10
28223.66230962705
 20
-10972.42537556728
 10
28998.66230962705
 20
-10972.42537556728
 10
28998.66230962705
 20
-12022.42537556728
 10
28223.66230962705
 20
-12022.42537556728
 97
        0
 92
        6
 72
     0
 73
     1
 93
        4
 10
23048.66230962705
 20
-12022.42537556728
 10
22273.66230962705
 20
-12022.42537556728
 10
22273.66230962705
 20
-10972.42537556728
 10
23048.66230962705
 20
-10972.42537556728
 97
        0
 92
        6
 72
     0
 73
     1
 93
        4
 10
29048.66230962705
 20
-10972.42537556728
 10
29823.66230962705
 20
-10972.42537556728
 10
29823.66230962705
 20
-12022.42537556728
 10
29048.66230962705
 20
-12022.42537556728
 97
        0
 92
       22
 72
     0
 73
     1
 93
        4
 10
34023.66230962705
 20
-10222.42537556728
 10
36023.66230962705
 20
-10222.42537556728
 10
36023.66230962705
 20
-12222.42537556728
 10
34023.66230962705
 20
-12222.42537556728
 97
        0
 92
        6
 72
     0
 73
     1
 93
        4
 10
34123.66230962705
 20
-10322.42537556728
 10
35923.66230962705
 20
-10322.42537556728
 10
35923.66230962705
 20
-12122.42537556728
 10
34123.66230962705
 20
-12122.42537556728
 97
        0
 92
        6
 72
     0
 73
     1
 93
        5
 10
34173.66230962705
 20
-10372.42537556728
 10
34573.66230962705
 20
-10372.42537556728
 10
35873.66230962705
 20
-10372.42537556728
 10
35873.66230962705
 20
-12072.42537556728
 10
34173.66230962705
 20
-12072.42537556728
 97
        0
 92
        6
 72
     0
 73
     1
 93
        4
 10
34223.66230962705
 20
-10422.42537556728
 10
34523.66230962705
 20
-10422.42537556728
 10
34523.66230962705
 20
-12022.42537556728
 10
34223.66230962705
 20
-12022.42537556728
 97
        0
 92
        6
 72
     0
 73
     1
 93
        5
 10
34223.66230962705
 20
-10422.42537556728
 10
34523.66230962705
 20
-10422.42537556728
 10
34223.66230962705
 20
-11222.42537556728
 10
34523.66230962705
 20
-12022.42537556728
 10
34223.66230962705
 20
-12022.42537556728
 97
        0
 92
        6
 72
     0
 73
     1
 93
        5
 10
34623.66230962659
 20
-10422.42537556728
 10
35823.66230962705
 20
-10422.42537556728
 10
35823.66230962705
 20
-10772.42537556775
 10
35823.66230962705
 20
-12022.42537556728
 10
34623.66230962659
 20
-12022.42537556728
 97
        0
 92
        6
 72
     1
 73
     1
 93
        2
 10
35798.66230962705
 20
-10597.42537556775
 42
-1.0
 10
35498.66230962705
 20
-10597.42537556775
 42
-1.0
 97
        0
 92
        7
 72
     0
 73
     1
 93
        4
 10
20323.66230962705
 20
-9422.425375565886
 10
20223.66230962705
 20
-9422.425375565886
 10
20223.66230962705
 20
-13122.42537556728
 10
20323.66230962705
 20
-13122.42537556728
 97
        0
 92
        7
 72
     0
 73
     1
 93
        4
 10
20323.66230962705
 20
-13122.42537556728
 10
20223.66230962705
 20
-13122.42537556728
 10
20223.66230962705
 20
-13422.42537556728
 10
20323.66230962705
 20
-13422.42537556728
 97
        0
 92
        7
 72
     0
 73
     1
 93
        4
 10
38023.66230962705
 20
-13122.42537556728
 10
20323.66230962705
 20
-13122.42537556728
 10
20323.66230962705
 20
-13422.42537556728
 10
38023.66230962705
 20
-13422.42537556728
 97
        0
 92
        7
 72
     0
 73
     1
 93
        4
 10
38123.66230962612
 20
-9422.425375566819
 10
38023.66230962705
 20
-9422.425375566819
 10
38023.66230962705
 20
-13122.42537556728
 10
38123.66230962612
 20
-13122.42537556728
 97
        0
 92
        7
 72
     0
 73
     1
 93
        4
 10
38123.66230962612
 20
-13122.42537556728
 10
38023.66230962705
 20
-13122.42537556728
 10
38023.66230962705
 20
-13422.42537556728
 10
38123.66230962612
 20
-13422.42537556728
 97
        0
 75
     1
 76
     1
 52
45.0
 41
500.0
 77
     0
 78
     2
 53
90.0
 43
-2191760.747568777
 44
-2689677.44425808
 45
-1414.215
 46
0.0
 79
     0
 53
180.0
 43
-2191760.747568777
 44
-2689677.44425808
 45
-0.0000000000001137
 46
-1414.215
 79
     0
 47
5.631433893360672
 98
       26
 10
25665.22492730338
 20
-11310.70273530483
 10
25665.22492730338
 20
-11310.70273530483
 10
25665.22492730338
 20
-11310.70273530483
 10
25665.22492730338
 20
-11310.70273530483
 10
25665.22492730338
 20
-11310.70273530483
 10
25665.22492730338
 20
-11310.70273530483
 10
25665.22492730338
 20
-11310.70273530483
 10
25665.22492730338
 20
-11310.70273530483
 10
25665.22492730338
 20
-11310.70273530483
 10
25665.22492730338
 20
-11310.70273530483
 10
25665.22492730338
 20
-11310.70273530483
 10
25665.22492730338
 20
-11310.70273530483
 10
25665.22492730338
 20
-11310.70273530483
 10
25665.22492730338
 20
-11310.70273530483
 10
25665.22492730338
 20
-11310.70273530483
 10
25665.22492730338
 20
-11310.70273530483
 10
25665.22492730338
 20
-11310.70273530483
 10
25665.22492730338
 20
-11310.70273530483
 10
25665.22492730338
 20
-11310.70273530483
 10
25665.22492730338
 20
-11310.70273530483
 10
25665.22492730338
 20
-11310.70273530483
 10
20274.22128076013
 20
-12786.31350774504
 10
20296.245801677
 20
-13193.44494176377
 10
20444.90473945718
 20
-13226.45528062526
 10
38099.08883161191
 20
-12822.09627587348
 10
38059.63590644766
 20
-13210.6638058573
1001
GradientColor1ACI
1070
     5
1001
GradientColor2ACI
1070
     2
1001
ACAD
1010
0.0
1020
0.0
1030
0.0
  0
INSERT
  5
97D
330
1F
100
AcDbEntity
  8
YHJ_立面_墙线中
370
    50
100
AcDbBlockReference
  2
C1818
 10
29923.66230962705
 20
-12122.42537556728
 30
0.0
 41
-1.0
  0
LWPOLYLINE
  5
97E
330
1F
100
AcDbEntity
  8
YHJ_立面_墙线中
100
AcDbPolyline
 90
        2
 70
     0
 43
0.0
 10
38623.66230962612
 20
-9222.425375564023
 10
19723.66230962891
 20
-9222.425375564023
  0
LWPOLYLINE
  5
97F
330
1F
100
AcDbEntity
  8
YHJ_立面_墙线中
100
AcDbPolyline
 90
        2
 70
     0
 43
0.0
 10
20223.66230962705
 20
-9422.425375565886
 10
38123.66230962705
 20
-9422.425375566819
  0
INSERT
  5
980
330
1F
100
AcDbEntity
  8
YHJ_立面_墙线中
100
AcDbBlockReference
  2
GHAFGAGADGSAD
 10
-601925.4979426041
 20
-107631.4944946519
 30
0.0
  0
INSERT
  5
981
330
1F
100
AcDbEntity
  8
YHJ_立面_墙线中
370
    50
100
AcDbBlockReference
  2
C1818
 10
23973.66230962705
 20
-12122.42537556728
 30
0.0
 41
-1.0
  0
LINE
  5
982
330
1F
100
AcDbEntity
  8
DOTE
  6
DOTE
100
AcDbLine
 10
20323.66230962705
 20
-14186.0796253453
 30
0.0
 11
20323.66230962705
 21
-8022.425375567284
 31
0.0
  0
LINE
  5
983
330
1F
100
AcDbEntity
  8
DOTE
  6
DOTE
100
AcDbLine
 10
38023.66230962705
 20
-14186.0796253453
 30
0.0
 11
38023.66230962705
 21
-8022.425375567284
 31
0.0
  0
LINE
  5
984
330
1F
100
AcDbEntity
  8
DOTE
  6
DOTE
100
AcDbLine
 10
19323.66230962705
 20
-13122.42537556728
 30
0.0
 11
39023.66230962705
 21
-13122.42537556728
 31
0.0
  0
LINE
  5
985
330
1F
100
AcDbEntity
  8
DOTE
  6
DOTE
100
AcDbLine
 10
19323.66230962705
 20
-9122.425375567283
 30
0.0
 11
39023.66230962705
 21
-9122.425375567283
 31
0.0
  0
LINE
  5
986
330
1F
100
AcDbEntity
  8
0
100
AcDbLine
 10
19829.89283499215
 20
-13422.42537556728
 30
0.0
 11
20013.11359744519
 21
-13608.37877381779
 31
0.0
  0
LINE
  5
987
330
1F
100
AcDbEntity
  8
0
100
AcDbLine
 10
19829.89283499215
 20
-13422.42537556728
 30
0.0
 11
19646.77233897894
 21
-13608.37877381779
 31
0.0
  0
LINE
  5
988
330
1F
100
AcDbEntity
  8
0
100
AcDbLine
 10
19757.95263055898
 20
-13422.42537556728
 30
0.0
 11
19574.83213454485
 21
-13608.37877381779
 31
0.0
  0
LINE
  5
989
330
1F
100
AcDbEntity
  8
0
100
AcDbLine
 10
19686.01242612488
 20
-13422.42537556728
 30
0.0
 11
19502.89193011168
 21
-13608.37877381779
 31
0.0
  0
LINE
  5
98A
330
1F
100
AcDbEntity
  8
0
100
AcDbLine
 10
19793.92273277603
 20
-13458.95194079773
 30
0.0
 11
19941.07312657125
 21
-13608.37877381779
 31
0.0
  0
LINE
  5
98B
330
1F
100
AcDbEntity
  8
0
100
AcDbLine
 10
19757.95263055898
 20
-13495.47850602818
 30
0.0
 11
19869.13292213715
 21
-13608.37877381779
 31
0.0
  0
LINE
  5
98C
330
1F
100
AcDbEntity
  8
0
100
AcDbLine
 10
19276.93082037847
 20
-13422.42537556728
 30
0.0
 11
19460.15158283058
 21
-13608.37877381779
 31
0.0
  0
LINE
  5
98D
330
1F
100
AcDbEntity
  8
0
100
AcDbLine
 10
19276.93082037847
 20
-13422.42537556728
 30
0.0
 11
19093.81032436527
 21
-13608.37877381779
 31
0.0
  0
LINE
  5
98E
330
1F
100
AcDbEntity
  8
0
100
AcDbLine
 10
19204.99061594438
 20
-13422.42537556728
 30
0.0
 11
19021.87011993117
 21
-13608.37877381779
 31
0.0
  0
LINE
  5
98F
330
1F
100
AcDbEntity
  8
0
100
AcDbLine
 10
19133.05041151028
 20
-13422.42537556728
 30
0.0
 11
18949.92991549801
 21
-13608.37877381779
 31
0.0
  0
LINE
  5
990
330
1F
100
AcDbEntity
  8
0
100
AcDbLine
 10
19240.96071816143
 20
-13458.95194079773
 30
0.0
 11
19388.11111195758
 21
-13608.37877381779
 31
0.0
  0
LINE
  5
991
330
1F
100
AcDbEntity
  8
0
100
AcDbLine
 10
19204.99061594438
 20
-13495.47850602818
 30
0.0
 11
19316.17090752348
 21
-13608.37877381779
 31
0.0
  0
LINE
  5
992
330
1F
100
AcDbEntity
  8
0
100
AcDbLine
 10
38517.43178426288
 20
-13422.42537556728
 30
0.0
 11
38334.21102180984
 21
-13608.37877381779
 31
0.0
  0
LINE
  5
993
330
1F
100
AcDbEntity
  8
0
100
AcDbLine
 10
38517.43178426288
 20
-13422.42537556728
 30
0.0
 11
38700.55228027609
 21
-13608.37877381779
 31
0.0
  0
LINE
  5
994
330
1F
100
AcDbEntity
  8
0
100
AcDbLine
 10
38589.37198869605
 20
-13422.42537556728
 30
0.0
 11
38772.49248471018
 21
-13608.37877381779
 31
0.0
  0
LINE
  5
995
330
1F
100
AcDbEntity
  8
0
100
AcDbLine
 10
38661.31219313015
 20
-13422.42537556728
 30
0.0
 11
38844.43268914334
 21
-13608.37877381779
 31
0.0
  0
LINE
  5
996
330
1F
100
AcDbEntity
  8
0
100
AcDbLine
 10
38553.401886479
 20
-13458.95194079773
 30
0.0
 11
38406.25149268378
 21
-13608.37877381779
 31
0.0
  0
LINE
  5
997
330
1F
100
AcDbEntity
  8
0
100
AcDbLine
 10
38589.37198869605
 20
-13495.47850602818
 30
0.0
 11
38478.19169711788
 21
-13608.37877381779
 31
0.0
  0
LINE
  5
998
330
1F
100
AcDbEntity
  8
0
100
AcDbLine
 10
39070.39379887656
 20
-13422.42537556728
 30
0.0
 11
38887.17303642444
 21
-13608.37877381779
 31
0.0
  0
LINE
  5
999
330
1F
100
AcDbEntity
  8
0
100
AcDbLine
 10
39070.39379887656
 20
-13422.42537556728
 30
0.0
 11
39253.51429488975
 21
-13608.37877381779
 31
0.0
  0
LINE
  5
99A
330
1F
100
AcDbEntity
  8
0
100
AcDbLine
 10
39142.33400331065
 20
-13422.42537556728
 30
0.0
 11
39325.45449932385
 21
-13608.37877381779
 31
0.0
  0
LINE
  5
99B
330
1F
100
AcDbEntity
  8
0
100
AcDbLine
 10
39214.27420774475
 20
-13422.42537556728
 30
0.0
 11
39397.39470375702
 21
-13608.37877381779
 31
0.0
  0
LINE
  5
99C
330
1F
100
AcDbEntity
  8
0
100
AcDbLine
 10
39106.36390109361
 20
-13458.95194079773
 30
0.0
 11
38959.21350729745
 21
-13608.37877381779
 31
0.0
  0
LINE
  5
99D
330
1F
100
AcDbEntity
  8
0
100
AcDbLine
 10
39142.33400331065
 20
-13495.47850602818
 30
0.0
 11
39031.15371173154
 21
-13608.37877381779
 31
0.0
  0
LWPOLYLINE
  5
99E
330
1F
100
AcDbEntity
  8
DIM_ELEV
100
AcDbPolyline
 90
        2
 70
     0
 43
0.0
 10
18770.13729887921
 20
-13422.42537556728
 10
20223.66230962705
 20
-13422.42537556728
  0
LWPOLYLINE
  5
99F
330
1F
100
AcDbEntity
  8
DIM_ELEV
100
AcDbPolyline
 90
        2
 70
     0
 43
0.0
 10
39508.16395703796
 20
-13422.42537556728
 10
38123.66230962705
 20
-13422.42537556728
  0
HATCH
  5
9A0
330
1F
100
AcDbEntity
  8
建筑-房间填充
 62
   144
100
AcDbHatch
 10
0.0
 20
0.0
 30
0.0
210
0.0
220
0.0
230
1.0
  2
弯瓦屋面
 70
     0
 71
     0
 91
        6
 92
        1
 93
        4
 72
     1
 10
20523.66230962705
 20
-8722.425375565887
 11
20212.33744422346
 21
-8722.425375565887
 72
     1
 10
20212.33744422346
 20
-8722.425375565887
 11
19981.39733654633
 21
-9122.425375567283
 72
     1
 10
19981.39733654633
 20
-9122.425375567283
 11
20523.66230962705
 21
-9122.425375567283
 72
     1
 10
20523.66230962705
 20
-9122.425375567283
 11
20523.66230962705
 21
-8722.425375565887
 97
        0
 92
        1
 93
        4
 72
     1
 10
20523.66230962705
 20
-9122.425375567283
 11
19981.39733654633
 21
-9122.425375567283
 72
     1
 10
19981.39733654633
 20
-9122.425375567283
 11
19923.66230962891
 21
-9222.425375564023
 72
     1
 10
19923.66230962891
 20
-9222.425375564023
 11
20523.66230962705
 21
-9222.425375564023
 72
     1
 10
20523.66230962705
 20
-9222.425375564023
 11
20523.66230962705
 21
-9122.425375567283
 97
        0
 92
        1
 93
        4
 72
     1
 10
37023.66230962705
 20
-8722.425375565887
 11
20523.66230962705
 21
-8722.425375565887
 72
     1
 10
20523.66230962705
 20
-8722.425375565887
 11
20523.66230962705
 21
-9122.425375567283
 72
     1
 10
20523.66230962705
 20
-9122.425375567283
 11
37023.66230962705
 21
-9122.425375567283
 72
     1
 10
37023.66230962705
 20
-9122.425375567283
 11
37023.66230962705
 21
-8722.425375565887
 97
        0
 92
        1
 93
        4
 72
     1
 10
37023.66230962705
 20
-9122.425375567283
 11
20523.66230962705
 21
-9122.425375567283
 72
     1
 10
20523.66230962705
 20
-9122.425375567283
 11
20523.66230962705
 21
-9222.425375564023
 72
     1
 10
20523.66230962705
 20
-9222.425375564023
 11
37023.66230962705
 21
-9222.425375564023
 72
     1
 10
37023.66230962705
 20
-9222.425375564023
 11
37023.66230962705
 21
-9122.425375567283
 97
        0
 92
        1
 93
        4
 72
     1
 10
38334.98717503064
 20
-8722.425375565887
 11
37023.66230962705
 21
-8722.425375565887
 72
     1
 10
37023.66230962705
 20
-8722.425375565887
 11
37023.66230962705
 21
-9122.425375567283
 72
     1
 10
37023.66230962705
 20
-9122.425375567283
 11
38565.92728270777
 21
-9122.425375567283
 72
     1
 10
38565.92728270777
 20
-9122.425375567283
 11
38334.98717503064
 21
-8722.425375565887
 97
        0
 92
        1
 93
        4
 72
     1
 10
38565.9272827073
 20
-9122.425375567283
 11
37023.66230962705
 21
-9122.425375567283
 72
     1
 10
37023.66230962705
 20
-9122.425375567283
 11
37023.66230962705
 21
-9222.425375564023
 72
     1
 10
37023.66230962705
 20
-9222.425375564023
 11
38623.66230962472
 21
-9222.425375564023
 72
     1
 10
38623.66230962472
 20
-9222.425375564023
 11
38565.9272827073
 21
-9122.425375567283
 97
        0
 75
     1
 76
     1
 52
0.0
 41
100.0
 77
     0
 78
     6
 53
0.0
 43
-658736.4152918815
 44
-95135.00109846239
 45
200.0
 46
200.0
 79
     2
 49
40.0
 49
-160.0
 53
45.0
 43
-658656.4152918814
 44
-95115.00109846238
 45
0.0000000000000222
 46
200.000000003805
 79
     2
 49
56.568542
 49
-226.27417
 53
90.0
 43
-658616.4152918815
 44
-95075.00109846239
 45
-200.0
 46
200.0
 79
     1
 49
200.0
 53
135.0
 43
-658576.4152918814
 44
-95115.00109846238
 45
-200.000000003805
 46
0.0000000000000222
 79
     2
 49
56.568542
 49
-226.27417
 53
26.56505119999999
 43
-658696.4152918814
 44
-95135.00109846239
 45
199.9999999552974
 46
0.0000001694556051
 79
     2
 49
44.72
 49
-402.4935954
 53
333.4349488
 43
-658576.4152918814
 44
-95115.00109846238
 45
199.9999999552974
 46
-0.0000001694557383
 79
     2
 49
44.72
 49
-402.4935954
 98
        6
 10
20223.90024731308
 20
-8995.305074185599
 10
20263.76480860729
 20
-9187.810968963431
 10
28281.75102799386
 20
-8811.766807093752
 10
27285.32563684415
 20
-9150.897106600925
 10
37171.89645723161
 20
-8993.434425409416
 10
37133.85542753805
 20
-9156.734679426532
1001
GradientColor1ACI
1070
     5
1001
GradientColor2ACI
1070
     2
1001
ACAD
1010
0.0
1020
0.0
1030
0.0
  0
LWPOLYLINE
  5
9A1
330
1F
100
AcDbEntity
  8
YHJ_立面_墙线中
370
    40
100
AcDbPolyline
 90
        2
 70
     0
 43
40.0
 10
18810.87202695571
 20
-13422.42537556728
 10
39666.15781340283
 20
-13422.42537556728
  0
LWPOLYLINE
  5
9A2
330
1F
100
AcDbEntity
  8
YHJ_立面_墙线中
370
    25
100
AcDbPolyline
 90
        2
 70
     0
 43
20.0
 10
20223.66230962705
 20
-13422.42537556728
 10
20223.66230962705
 20
-9422.425375566819
  0
LWPOLYLINE
  5
9A3
330
1F
100
AcDbEntity
  8
YHJ_立面_墙线中
370
    25
100
AcDbPolyline
 90
        4
 70
     0
 43
20.0
 10
20223.66230962705
 20
-9422.425375566819
 10
19723.66230962705
 20
-9422.425375566819
 10
19723.66230962705
 20
-9222.425375566819
 10
20012.33744422346
 20
-8722.425375565887
  0
LWPOLYLINE
  5
9A4
330
1F
100
AcDbEntity
  8
YHJ_立面_墙线中
370
    25
100
AcDbPolyline
 90
        2
 70
     0
 43
20.0
 10
38123.66230962612
 20
-13422.42537556728
 10
38123.66230962612
 20
-9422.425375566819
  0
LWPOLYLINE
  5
9A5
330
1F
100
AcDbEntity
  8
YHJ_立面_墙线中
370
    25
100
AcDbPolyline
 90
        4
 70
     0
 43
20.0
 10
38123.66230962612
 20
-9422.425375566819
 10
38623.66230962612
 20
-9422.425375566819
 10
38623.66230962612
 20
-9222.425375566819
 10
38334.98717503064
 20
-8722.425375565887
  0
LWPOLYLINE
  5
9A6
330
1F
100
AcDbEntity
  8
YHJ_立面_墙线中
370
    25
100
AcDbPolyline
 90
        6
 70
     0
 43
20.0
 10
38123.66230962612
 20
-10092.45961867738
 10
39323.66230962705
 20
-10572.42537556728
 10
39323.66230962705
 20
-10622.42537556728
 10
39223.66230962705
 20
-10622.42537556728
 10
39223.66230962705
 20
-10722.42537556728
 10
38123.66230962612
 20
-10722.42537556728
  0
LWPOLYLINE
  5
9A7
330
1F
100
AcDbEntity
  8
YHJ_立面_墙线中
100
AcDbPolyline
 90
        2
 70
     0
 43
0.0
 10
39223.66230962705
 20
-10622.42537556728
 10
38123.66230962612
 20
-10622.42537556728
  0
LWPOLYLINE
  5
9A8
330
1F
100
AcDbEntity
  8
YHJ_立面_墙线中
370
    25
100
AcDbPolyline
 90
        2
 70
     0
 43
20.0
 10
20012.33744422346
 20
-8722.425375565887
 10
38334.98717503064
 20
-8722.425375565887
  0
LWPOLYLINE
  5
9A9
330
1F
100
AcDbEntity
  8
YHJ_立面_墙线中
100
AcDbPolyline
 90
        2
 70
     0
 43
0.0
 10
20223.66230962705
 20
-13122.42537556728
 10
18810.87202695571
 20
-13422.42537556728
  0
LWPOLYLINE
  5
9AA
330
1F
100
AcDbEntity
  8
YHJ_立面_墙线中
100
AcDbPolyline
 90
        4
 70
     1
 43
0.0
 10
24073.66230962705
 20
-10222.42537556728
 10
22073.66230962705
 20
-10222.42537556728
 10
22073.66230962705
 20
-12222.42537556728
 10
24073.66230962705
 20
-12222.42537556728
  0
LWPOLYLINE
  5
9AB
330
1F
100
AcDbEntity
  8
YHJ_立面_墙线中
100
AcDbPolyline
 90
        4
 70
     1
 43
0.0
 10
30023.66230962705
 20
-10222.42537556728
 10
28023.66230962705
 20
-10222.42537556728
 10
28023.66230962705
 20
-12222.42537556728
 10
30023.66230962705
 20
-12222.42537556728
  0
LWPOLYLINE
  5
9AC
330
1F
100
AcDbEntity
  8
YHJ_立面_墙线中
100
AcDbPolyline
 90
        4
 70
     1
 43
0.0
 10
26836.65323149413
 20
-22758.82785413507
 10
28536.65323149413
 20
-22758.82785413507
 10
28536.65323149413
 20
-24758.82785413507
 10
26836.65323149413
 20
-24758.82785413507
  0
INSERT
  5
9AD
330
1F
100
AcDbEntity
  8
YHJ_剖面_梁板
100
AcDbBlockReference
  2
FAFDCCDEERESSDDFSGSDAGASDGA
 10
-2147356.004497924
 20
-2644312.677326234
 30
0.0
  0
LWPOLYLINE
  5
9AE
330
1F
100
AcDbEntity
  8
YHJ_立面_墙线中
100
AcDbPolyline
 90
        4
 70
     1
 43
0.0
 10
36023.66230962705
 20
-10222.42537556728
 10
34023.66230962705
 20
-10222.42537556728
 10
34023.66230962705
 20
-12222.42537556728
 10
36023.66230962705
 20
-12222.42537556728
  0
INSERT
  5
9AF
330
1F
100
AcDbEntity
  8
YHJ_剖面_梁板
100
AcDbBlockReference
  2
FAFDCCDEERESSDDFSGSDAGASDGA
 10
-2100532.210171454
 20
-2643257.907539078
 30
0.0
  0
INSERT
  5
9B0
330
1F
100
AcDbEntity
  8
YHJ_立面_墙线中
100
AcDbBlockReference
  2
GHAFGAGADGSAD
 10
660598.8044055905
 20
-107631.4944946519
 30
0.0
 41
-1.0
  0
LWPOLYLINE
  5
9B1
330
1F
100
AcDbEntity
  8
YHJ_立面_墙线中
100
AcDbPolyline
 90
        4
 70
     1
 43
0.0
 10
31836.65323149227
 20
-22758.82785413507
 10
30136.65323149227
 20
-22758.82785413507
 10
30136.65323149227
 20
-24758.82785413507
 10
31836.65323149227
 20
-24758.82785413507
  0
LWPOLYLINE
  5
9B2
330
1F
100
AcDbEntity
  8
YHJ_立面_墙线中
370
    50
100
AcDbPolyline
 90
        4
 70
     1
 43
10.0
 10
11859.6539059109
 20
-30230.89245459624
 10
13657.00493449205
 20
-30230.89245459624
 10
13657.00493449205
 20
-30836.58422317263
 10
11859.6539059109
 20
-30836.58422317263
  0
TEXT
  5
9B3
330
1F
100
AcDbEntity
  8
YHG_文字
100
AcDbText
 10
14281.2719702376
 20
-30691.02846669778
 30
0.0
 40
350.0
  1
白色真石漆
 41
0.7
  7
TSSD_Rein
100
AcDbText
  0
TEXT
  5
9B4
330
1F
100
AcDbEntity
  8
YHG_文字
100
AcDbText
 10
11814.13364177197
 20
-29877.43309288519
 30
0.0
 40
350.0
  1
图例：
 41
0.7
  7
TSSD_Rein
100
AcDbText
  0
HATCH
  5
9B5
330
1F
100
AcDbEntity
  8
YHG_填充
100
AcDbHatch
 10
0.0
 20
0.0
 30
0.0
210
0.0
220
0.0
230
1.0
  2
虚线方格
 70
     0
 71
     0
 91
        1
 92
        7
 72
     0
 73
     1
 93
        4
 10
13657.00493449205
 20
-30836.58422317263
 10
13657.00493449205
 20
-30230.89245459624
 10
11859.6539059109
 20
-30230.89245459624
 10
11859.6539059109
 20
-30836.58422317263
 97
        0
 75
     1
 76
     1
 52
0.0
 41
500.0
 77
     0
 78
     2
 53
0.0
 43
-92083.52283375523
 44
-67018.9587467392
 45
0.0
 46
500.0
 79
     6
 49
90.0
 49
-75.0
 49
90.0
 49
-75.0
 49
90.0
 49
-80.0
 53
90.0
 43
-91623.52283375524
 44
-66978.95874673919
 45
-500.0
 46
0.0000000000000306
 79
     6
 49
90.0
 49
-75.0
 49
90.0
 49
-75.0
 49
90.0
 49
-80.0
 47
22.05980645435262
 98
        1
 10
12868.94887494901
 20
-30594.03326034267
1001
GradientColor1ACI
1070
     5
1001
GradientColor2ACI
1070
     2
1001
ACAD
1010
0.0
1020
0.0
1030
0.0
  0
LINE
  5
9B6
330
1F
100
AcDbEntity
  8
DIM_ELEV
100
AcDbLine
 10
-18805.54067900451
 20
-27013.5976412911
 30
0.0
 11
-18505.54067900451
 21
-27313.5976412911
 31
0.0
  0
LINE
  5
9B7
330
1F
100
AcDbEntity
  8
DIM_ELEV
100
AcDbLine
 10
-18805.54067900451
 20
-27013.5976412911
 30
0.0
 11
-19105.54067900451
 21
-27313.5976412911
 31
0.0
  0
LINE
  5
9B8
330
1F
100
AcDbEntity
  8
DIM_ELEV
100
AcDbLine
 10
-17779.13449534867
 20
-27013.5976412911
 30
0.0
 11
-19105.54067900451
 21
-27013.5976412911
 31
0.0
  0
LINE
  5
9B9
330
1F
100
AcDbEntity
  8
DIM_ELEV
100
AcDbLine
 10
-18505.54067900451
 20
-27313.5976412911
 30
0.0
 11
-20001.54067900451
 21
-27313.5976412911
 31
0.0
  0
TEXT
  5
9BA
330
1F
100
AcDbEntity
  8
DIM_ELEV
 62
     7
100
AcDbText
 10
-19943.54067900451
 20
-27768.5976412911
 30
0.0
 40
297.5
  1
169.500
 41
0.7058823529411766
  7
_TCH_DIM
100
AcDbText
  0
LINE
  5
9BB
330
1F
100
AcDbEntity
  8
DIM_ELEV
100
AcDbLine
 10
-5124.616280705202
 20
-27013.5976412911
 30
0.0
 11
-5424.616280705202
 21
-27313.5976412911
 31
0.0
  0
LINE
  5
9BC
330
1F
100
AcDbEntity
  8
DIM_ELEV
100
AcDbLine
 10
-5124.616280705202
 20
-27013.5976412911
 30
0.0
 11
-4824.616280705202
 21
-27313.5976412911
 31
0.0
  0
LINE
  5
9BD
330
1F
100
AcDbEntity
  8
DIM_ELEV
100
AcDbLine
 10
-6195.838426540606
 20
-27013.5976412911
 30
0.0
 11
-4824.616280705202
 21
-27013.5976412911
 31
0.0
  0
LINE
  5
9BE
330
1F
100
AcDbEntity
  8
DIM_ELEV
100
AcDbLine
 10
-5424.616280705202
 20
-27313.5976412911
 30
0.0
 11
-3928.616280705202
 21
-27313.5976412911
 31
0.0
  0
TEXT
  5
9BF
330
1F
100
AcDbEntity
  8
DIM_ELEV
 62
     7
100
AcDbText
 10
-5158.616280705203
 20
-27768.5976412911
 30
0.0
 40
297.5
  1
169.500
 41
0.7058823529411766
  7
_TCH_DIM
100
AcDbText
  0
DIMENSION
  5
9C0
330
1F
100
AcDbEntity
  8
TWT_DIM
100
AcDbDimension
280
     0
  2
*D85
 10
-8731.93343177205
 20
-28434.72053279728
 30
0.0
 11
-12131.93343177205
 21
-28159.72053279728
 31
0.0
 70
    33
 71
     5
 42
6800.0
 73
     0
 74
     0
 75
     0
  3
_TWT_ARCH&&100
100
AcDbAlignedDimension
 13
-15531.93343177205
 23
-28177.25189106912
 33
0.0
 14
-8731.93343177205
 24
-28177.25189106912
 34
0.0
  0
CIRCLE
  5
9C1
330
1F
100
AcDbEntity
  8
DIM_SYMB
 62
     7
100
AcDbCircle
 10
-14348.06409336766
 20
-29987.96928685624
 30
0.0
 40
315.0
  0
TEXT
  5
9C2
330
1F
100
AcDbEntity
  8
DIM_SYMB
 62
     7
100
AcDbText
 10
-14434.59013624163
 20
-30155.99977190141
 30
0.0
 40
336.0609700907174
  1
1
 41
0.720114942529063
  7
biaotilan
 72
     5
 11
-14261.53805049369
 21
-30155.99977190141
 31
0.0
100
AcDbText
  0
TEXT
  5
9C3
330
1F
100
AcDbEntity
  8
DIM_SYMB
 62
     7
100
AcDbText
 10
-13998.06409336766
 20
-30267.96928685624
 30
0.0
 40
528.6919831223628
  1
~
 41
0.7
  7
biaotilan
100
AcDbText
  0
CIRCLE
  5
9C4
330
1F
100
AcDbEntity
  8
DIM_SYMB
 62
     7
100
AcDbCircle
 10
-13383.42274315655
 20
-29987.96928685624
 30
0.0
 40
315.0
  0
TEXT
  5
9C5
330
1F
100
AcDbEntity
  8
DIM_SYMB
 62
     7
100
AcDbText
 10
-13470.34339179844
 20
-30155.79598568473
 30
0.0
 40
335.6533976570681
  1
2
 41
0.7242774566478485
  7
biaotilan
 72
     5
 11
-13296.50209451467
 21
-30155.79598568473
 31
0.0
100
AcDbText
  0
TEXT
  5
9C6
330
1F
100
AcDbEntity
  8
DIM_SYMB
 62
     7
100
AcDbText
 10
-13033.42274315655
 20
-30267.96928685624
 30
0.0
 40
528.6919831223628
  1
轴立面图
 41
0.7
  7
biaotilan
100
AcDbText
  0
TEXT
  5
9C7
330
1F
100
AcDbEntity
  8
DIM_SYMB
 62
     7
100
AcDbText
 10
-10562.45227902196
 20
-30267.96928685624
 30
0.0
 40
377.6371308016877
  1
1:100
 41
0.7
  7
biaotilan
100
AcDbText
  0
LWPOLYLINE
  5
9C8
330
1F
100
AcDbEntity
  8
DIM_SYMB
100
AcDbPolyline
 90
        2
 70
     0
 43
70.0
 10
-14698.06409336766
 20
-30487.71612229943
 10
-9579.329916152637
 20
-30487.71612229943
  0
LWPOLYLINE
  5
9C9
330
1F
100
AcDbEntity
  8
DIM_SYMB
100
AcDbPolyline
 90
        2
 70
     0
 43
0.0
 10
-14698.06409336766
 20
-30627.71612229943
 10
-9579.329916152637
 20
-30627.71612229943
  0
LINE
  5
9CA
330
1F
100
AcDbEntity
  8
AXIS
100
AcDbLine
 10
-8731.933431772981
 20
-27777.25189106912
 30
0.0
 11
-8731.933431772981
 21
-28684.72053279728
 31
0.0
  0
INSERT
  5
9CB
330
1F
100
AcDbEntity
  8
AXIS
100
AcDbBlockReference
 66
     1
  2
_AXISO
 10
-8731.933431772981
 20
-29084.72053279728
 30
0.0
 41
800.0
 42
800.0
 43
800.0
  0
ATTRIB
  5
9CC
330
9CB
100
AcDbEntity
  8
AXIS_TEXT
100
AcDbText
 10
-8887.249486715999
 20
-29317.6946152118
 30
0.0
 40
465.9481648291924
  1
2
  7
_TCH_AXIS
 72
     5
 11
-8576.617376829963
 21
-29317.6946152118
 31
0.0
100
AcDbAttribute
280
     0
  2
A
 70
     0
280
     0
  0
SEQEND
  5
9CD
330
9CB
100
AcDbEntity
  8
AXIS
  0
LINE
  5
9CE
330
1F
100
AcDbEntity
  8
AXIS
100
AcDbLine
 10
-15531.93343177205
 20
-27777.25189106958
 30
0.0
 11
-15531.93343177205
 21
-28684.72053279774
 31
0.0
  0
INSERT
  5
9CF
330
1F
100
AcDbEntity
  8
AXIS
100
AcDbBlockReference
 66
     1
  2
_AXISO
 10
-15531.93343177205
 20
-29084.72053279774
 30
0.0
 41
800.0
 42
800.0
 43
800.0
  0
ATTRIB
  5
9D0
330
9CF
100
AcDbEntity
  8
AXIS_TEXT
100
AcDbText
 10
-15642.23083537444
 20
-29342.08114120271
 30
0.0
 40
514.7212168101124
  1
1
 41
1.000000000002069
  7
_TCH_AXIS
 72
     5
 11
-15421.63602816965
 21
-29342.08114120271
 31
0.0
100
AcDbAttribute
280
     0
  2
A
 70
     0
280
     0
  0
SEQEND
  5
9D1
330
9CF
100
AcDbEntity
  8
AXIS
  0
DIMENSION
  5
9D2
330
1F
100
AcDbEntity
  8
PUB_DIM
100
AcDbDimension
280
     0
  2
*D86
 10
-6898.007077088109
 20
-26713.59764129111
 30
0.0
 11
-6623.007077089045
 21
-27383.5976412911
 31
0.0
 70
   161
 71
     5
 42
300.0
 73
     0
 74
     0
 75
     0
  3
_TCH_ARCH&&100
100
AcDbAlignedDimension
 13
-7626.295385059435
 23
-27013.5976412911
 33
0.0
 14
-7626.295385059435
 24
-26713.5976412911
 34
0.0
  0
DIMENSION
  5
9D3
330
1F
100
AcDbEntity
  8
PUB_DIM
100
AcDbDimension
280
     0
  2
*D87
 10
-6898.007077088109
 20
-24313.59764129111
 30
0.0
 11
-7173.007077088115
 21
-25513.5976412911
 31
0.0
 70
    33
 71
     5
 42
2400.000000000004
 73
     0
 74
     0
 75
     0
  3
_TCH_ARCH&&100
100
AcDbAlignedDimension
 13
-7626.295385059435
 23
-26713.5976412911
 33
0.0
 14
-7626.295385059435
 24
-24313.5976412911
 34
0.0
  0
DIMENSION
  5
9D4
330
1F
100
AcDbEntity
  8
PUB_DIM
100
AcDbDimension
280
     0
  2
*D88
 10
-6898.007077088109
 20
-23683.63188440167
 30
0.0
 11
-7173.007077088115
 21
-23998.61476284638
 31
0.0
 70
    33
 71
     5
 42
629.9657568894327
 73
     0
 74
     0
 75
     0
  3
_TCH_ARCH&&100
100
AcDbAlignedDimension
 13
-7626.295385059435
 23
-24313.5976412911
 33
0.0
 14
-7626.295385059435
 24
-23683.63188440167
 34
0.0
  0
DIMENSION
  5
9D5
330
1F
100
AcDbEntity
  8
PUB_DIM
100
AcDbDimension
280
     0
  2
*D89
 10
-6898.007077088109
 20
-23013.5976412911
 30
0.0
 11
-7173.007077088115
 21
-23348.61476284638
 31
0.0
 70
    33
 71
     5
 42
670.0342431105673
 73
     0
 74
     0
 75
     0
  3
_TCH_ARCH&&100
100
AcDbAlignedDimension
 13
-7626.295385059435
 23
-23683.63188440167
 33
0.0
 14
-7626.295385059435
 24
-23013.5976412911
 34
0.0
  0
DIMENSION
  5
9D6
330
1F
100
AcDbEntity
  8
PUB_DIM
100
AcDbDimension
280
     0
  2
*D90
 10
-6898.007077088109
 20
-22713.59764129111
 30
0.0
 11
-6273.007077089046
 21
-22863.5976412911
 31
0.0
 70
   161
 71
     5
 42
300.0
 73
     0
 74
     0
 75
     0
  3
_TCH_ARCH&&100
100
AcDbAlignedDimension
 13
-7626.295385059435
 23
-23013.5976412911
 33
0.0
 14
-7626.295385059435
 24
-22713.5976412911
 34
0.0
  0
DIMENSION
  5
9D7
330
1F
100
AcDbEntity
  8
PUB_DIM
100
AcDbDimension
280
     0
  2
*D91
 10
-6898.007077088109
 20
-22313.59764128971
 30
0.0
 11
-6623.007077089045
 21
-21943.5976412897
 31
0.0
 70
   161
 71
     5
 42
400.000000001397
 73
     0
 74
     0
 75
     0
  3
_TCH_ARCH&&100
100
AcDbAlignedDimension
 13
-7626.295385059435
 23
-22713.5976412911
 33
0.0
 14
-7626.295385059435
 24
-22313.5976412897
 34
0.0
  0
DIMENSION
  5
9D8
330
1F
100
AcDbEntity
  8
PUB_DIM
100
AcDbDimension
280
     0
  2
*D92
 10
-17606.25527538778
 20
-26713.59764129111
 30
0.0
 11
-16981.25527538871
 21
-26863.5976412911
 31
0.0
 70
   161
 71
     5
 42
300.0
 73
     0
 74
     0
 75
     0
  3
_TCH_ARCH&&100
100
AcDbAlignedDimension
 13
-16794.63284793822
 23
-27013.5976412911
 33
0.0
 14
-16794.63284793822
 24
-26713.5976412911
 34
0.0
  0
DIMENSION
  5
9D9
330
1F
100
AcDbEntity
  8
PUB_DIM
100
AcDbDimension
280
     0
  2
*D93
 10
-17606.25527538778
 20
-24313.59764129111
 30
0.0
 11
-17881.25527538778
 21
-25513.5976412911
 31
0.0
 70
    33
 71
     5
 42
2400.000000000004
 73
     0
 74
     0
 75
     0
  3
_TCH_ARCH&&100
100
AcDbAlignedDimension
 13
-16794.63284793822
 23
-26713.5976412911
 33
0.0
 14
-16794.63284793822
 24
-24313.5976412911
 34
0.0
  0
DIMENSION
  5
9DA
330
1F
100
AcDbEntity
  8
PUB_DIM
100
AcDbDimension
280
     0
  2
*D94
 10
-17606.25527538778
 20
-23683.5976412911
 30
0.0
 11
-17881.25527538778
 21
-23998.5976412911
 31
0.0
 70
    33
 71
     5
 42
630.0
 73
     0
 74
     0
 75
     0
  3
_TCH_ARCH&&100
100
AcDbAlignedDimension
 13
-16794.63284793822
 23
-24313.5976412911
 33
0.0
 14
-16794.63284793822
 24
-23683.5976412911
 34
0.0
  0
DIMENSION
  5
9DB
330
1F
100
AcDbEntity
  8
PUB_DIM
100
AcDbDimension
280
     0
  2
*D95
 10
-17606.25527538778
 20
-23013.5976412911
 30
0.0
 11
-17881.25527538778
 21
-23348.5976412911
 31
0.0
 70
    33
 71
     5
 42
670.0
 73
     0
 74
     0
 75
     0
  3
_TCH_ARCH&&100
100
AcDbAlignedDimension
 13
-16794.63284793822
 23
-23683.5976412911
 33
0.0
 14
-16794.63284793822
 24
-23013.5976412911
 34
0.0
  0
DIMENSION
  5
9DC
330
1F
100
AcDbEntity
  8
PUB_DIM
100
AcDbDimension
280
     0
  2
*D96
 10
-17606.25527538778
 20
-22713.59764129111
 30
0.0
 11
-16981.25527538871
 21
-22863.5976412911
 31
0.0
 70
   161
 71
     5
 42
300.0
 73
     0
 74
     0
 75
     0
  3
_TCH_ARCH&&100
100
AcDbAlignedDimension
 13
-16794.63284793822
 23
-23013.5976412911
 33
0.0
 14
-16794.63284793822
 24
-22713.5976412911
 34
0.0
  0
DIMENSION
  5
9DD
330
1F
100
AcDbEntity
  8
PUB_DIM
100
AcDbDimension
280
     0
  2
*D97
 10
-17606.25527538778
 20
-22313.59764128971
 30
0.0
 11
-17331.25527538871
 21
-21943.5976412897
 31
0.0
 70
   161
 71
     5
 42
400.000000001397
 73
     0
 74
     0
 75
     0
  3
_TCH_ARCH&&100
100
AcDbAlignedDimension
 13
-16794.63284793822
 23
-22713.5976412911
 33
0.0
 14
-16794.63284793822
 24
-22313.5976412897
 34
0.0
  0
DIMENSION
  5
9DE
330
1F
100
AcDbEntity
  8
PUB_DIM
100
AcDbDimension
280
     0
  2
*D98
 10
-6195.838426539205
 20
-26713.59764129111
 30
0.0
 11
-6470.838426539211
 21
-26863.59764129111
 31
0.0
 70
    33
 71
     5
 42
300.0
 73
     0
 74
     0
 75
     0
  3
_TCH_ARCH&&100
100
AcDbAlignedDimension
 13
-7326.295385059435
 23
-27013.5976412911
 33
0.0
 14
-7326.295385059435
 24
-26713.5976412911
 34
0.0
  0
DIMENSION
  5
9DF
330
1F
100
AcDbEntity
  8
PUB_DIM
100
AcDbDimension
280
     0
  2
*D99
 10
-6195.838426539205
 20
-22713.59764129111
 30
0.0
 11
-6470.838426539211
 21
-24713.59764129111
 31
0.0
 70
    33
 71
     5
 42
4000.000000000003
 73
     0
 74
     0
 75
     0
  3
_TCH_ARCH&&100
100
AcDbAlignedDimension
 13
-7326.295385059435
 23
-26713.5976412911
 33
0.0
 14
-7326.295385059435
 24
-22713.5976412911
 34
0.0
  0
LINE
  5
9E0
330
1F
100
AcDbEntity
  8
DIM_ELEV
100
AcDbLine
 10
-5124.616280705202
 20
-22713.5976412911
 30
0.0
 11
-5424.616280705202
 21
-22413.5976412911
 31
0.0
  0
LINE
  5
9E1
330
1F
100
AcDbEntity
  8
DIM_ELEV
100
AcDbLine
 10
-5124.616280705202
 20
-22713.5976412911
 30
0.0
 11
-4824.616280705202
 21
-22413.5976412911
 31
0.0
  0
LINE
  5
9E2
330
1F
100
AcDbEntity
  8
DIM_ELEV
100
AcDbLine
 10
-6195.838426540606
 20
-22713.5976412911
 30
0.0
 11
-4824.616280705202
 21
-22713.5976412911
 31
0.0
  0
LINE
  5
9E3
330
1F
100
AcDbEntity
  8
DIM_ELEV
100
AcDbLine
 10
-5424.616280705202
 20
-22413.5976412911
 30
0.0
 11
-3744.616280705203
 21
-22413.5976412911
 31
0.0
  0
TEXT
  5
9E4
330
1F
100
AcDbEntity
  8
DIM_ELEV
 62
     7
100
AcDbText
 10
-4974.616280705202
 20
-22308.5976412911
 30
0.0
 40
297.5
  1
173.800
 41
0.7058823529411766
  7
_TCH_DIM
100
AcDbText
  0
DIMENSION
  5
9E5
330
1F
100
AcDbEntity
  8
PUB_DIM
100
AcDbDimension
280
     0
  2
*D100
 10
-18229.62385548931
 20
-26713.59764129111
 30
0.0
 11
-18504.62385548931
 21
-26863.5976412911
 31
0.0
 70
    33
 71
     5
 42
300.0
 73
     0
 74
     0
 75
     0
  3
_TCH_ARCH&&100
100
AcDbAlignedDimension
 13
-17094.63284793822
 23
-27013.5976412911
 33
0.0
 14
-17094.63284793822
 24
-26713.5976412911
 34
0.0
  0
DIMENSION
  5
9E6
330
1F
100
AcDbEntity
  8
PUB_DIM
100
AcDbDimension
280
     0
  2
*D101
 10
-18229.62385548931
 20
-22713.59764129111
 30
0.0
 11
-18504.62385548931
 21
-24713.5976412911
 31
0.0
 70
    33
 71
     5
 42
4000.000000000003
 73
     0
 74
     0
 75
     0
  3
_TCH_ARCH&&100
100
AcDbAlignedDimension
 13
-17094.63284793822
 23
-26713.5976412911
 33
0.0
 14
-17094.63284793822
 24
-22713.5976412911
 34
0.0
  0
LINE
  5
9E7
330
1F
100
AcDbEntity
  8
DIM_ELEV
100
AcDbLine
 10
-5124.616280705202
 20
-26713.5976412911
 30
0.0
 11
-5424.616280705202
 21
-26413.5976412911
 31
0.0
  0
LINE
  5
9E8
330
1F
100
AcDbEntity
  8
DIM_ELEV
100
AcDbLine
 10
-5124.616280705202
 20
-26713.5976412911
 30
0.0
 11
-4824.616280705202
 21
-26413.5976412911
 31
0.0
  0
LINE
  5
9E9
330
1F
100
AcDbEntity
  8
DIM_ELEV
100
AcDbLine
 10
-6195.838426540606
 20
-26713.5976412911
 30
0.0
 11
-4824.616280705202
 21
-26713.5976412911
 31
0.0
  0
LINE
  5
9EA
330
1F
100
AcDbEntity
  8
DIM_ELEV
100
AcDbLine
 10
-5424.616280705202
 20
-26413.5976412911
 30
0.0
 11
-3744.616280705203
 21
-26413.5976412911
 31
0.0
  0
TEXT
  5
9EB
330
1F
100
AcDbEntity
  8
DIM_ELEV
 62
     7
100
AcDbText
 10
-4974.616280705202
 20
-26308.5976412911
 30
0.0
 40
297.5
  1
169.800
 41
0.7058823529411766
  7
_TCH_DIM
100
AcDbText
  0
LINE
  5
9EC
330
1F
100
AcDbEntity
  8
DIM_ELEV
100
AcDbLine
 10
-18805.54067900451
 20
-26713.5976412911
 30
0.0
 11
-18505.54067900451
 21
-26413.5976412911
 31
0.0
  0
LINE
  5
9ED
330
1F
100
AcDbEntity
  8
DIM_ELEV
100
AcDbLine
 10
-18805.54067900451
 20
-26713.5976412911
 30
0.0
 11
-19105.54067900451
 21
-26413.5976412911
 31
0.0
  0
LINE
  5
9EE
330
1F
100
AcDbEntity
  8
DIM_ELEV
100
AcDbLine
 10
-18229.62385549024
 20
-26713.5976412911
 30
0.0
 11
-19105.54067900451
 21
-26713.5976412911
 31
0.0
  0
LINE
  5
9EF
330
1F
100
AcDbEntity
  8
DIM_ELEV
100
AcDbLine
 10
-18505.54067900451
 20
-26413.5976412911
 30
0.0
 11
-20185.54067900451
 21
-26413.5976412911
 31
0.0
  0
TEXT
  5
9F0
330
1F
100
AcDbEntity
  8
DIM_ELEV
 62
     7
100
AcDbText
 10
-20127.54067900451
 20
-26308.5976412911
 30
0.0
 40
297.5
  1
169.800
 41
0.7058823529411766
  7
_TCH_DIM
100
AcDbText
  0
LINE
  5
9F1
330
1F
100
AcDbEntity
  8
DIM_ELEV
100
AcDbLine
 10
-18805.54067900451
 20
-22713.5976412911
 30
0.0
 11
-18505.54067900451
 21
-22413.5976412911
 31
0.0
  0
LINE
  5
9F2
330
1F
100
AcDbEntity
  8
DIM_ELEV
100
AcDbLine
 10
-18805.54067900451
 20
-22713.5976412911
 30
0.0
 11
-19105.54067900451
 21
-22413.5976412911
 31
0.0
  0
LINE
  5
9F3
330
1F
100
AcDbEntity
  8
DIM_ELEV
100
AcDbLine
 10
-18229.62385549024
 20
-22713.5976412911
 30
0.0
 11
-19105.54067900451
 21
-22713.5976412911
 31
0.0
  0
LINE
  5
9F4
330
1F
100
AcDbEntity
  8
DIM_ELEV
100
AcDbLine
 10
-18505.54067900451
 20
-22413.5976412911
 30
0.0
 11
-20185.54067900451
 21
-22413.5976412911
 31
0.0
  0
TEXT
  5
9F5
330
1F
100
AcDbEntity
  8
DIM_ELEV
 62
     7
100
AcDbText
 10
-20117.54067900451
 20
-22308.5976412911
 30
0.0
 40
297.5
  1
173.800
 41
0.7058823529411766
  7
_TCH_DIM
100
AcDbText
  0
LINE
  5
9F6
330
1F
100
AcDbEntity
  8
DIM_ELEV
100
AcDbLine
 10
607.1851342250592
 20
-14177.1951627233
 30
0.0
 11
307.1851342250593
 21
-13877.19516272331
 31
0.0
  0
LINE
  5
9F7
330
1F
100
AcDbEntity
  8
DIM_ELEV
100
AcDbLine
 10
607.1851342250592
 20
-14177.1951627233
 30
0.0
 11
907.1851342250592
 21
-13877.19516272331
 31
0.0
  0
LINE
  5
9F8
330
1F
100
AcDbEntity
  8
DIM_ELEV
100
AcDbLine
 10
-464.037011610344
 20
-14177.1951627233
 30
0.0
 11
907.1851342250592
 21
-14177.1951627233
 31
0.0
  0
LINE
  5
9F9
330
1F
100
AcDbEntity
  8
DIM_ELEV
100
AcDbLine
 10
307.1851342250593
 20
-13877.19516272331
 30
0.0
 11
1987.185134225059
 21
-13877.19516272331
 31
0.0
  0
TEXT
  5
9FA
330
1F
100
AcDbEntity
  8
DIM_ELEV
 62
     7
100
AcDbText
 10
757.1851342250592
 20
-13772.1951627233
 30
0.0
 40
297.5
  1
169.800
 41
0.7058823529411766
  7
_TCH_DIM
100
AcDbText
  0
LINE
  5
9FB
330
1F
100
AcDbEntity
  8
DIM_ELEV
100
AcDbLine
 10
-23973.73926407518
 20
-14477.1951627233
 30
0.0
 11
-23673.73926407518
 21
-14777.1951627233
 31
0.0
  0
LINE
  5
9FC
330
1F
100
AcDbEntity
  8
DIM_ELEV
100
AcDbLine
 10
-23973.73926407518
 20
-14477.1951627233
 30
0.0
 11
-24273.73926407518
 21
-14777.1951627233
 31
0.0
  0
LINE
  5
9FD
330
1F
100
AcDbEntity
  8
DIM_ELEV
100
AcDbLine
 10
-22947.33308041934
 20
-14477.1951627233
 30
0.0
 11
-24273.73926407518
 21
-14477.1951627233
 31
0.0
  0
LINE
  5
9FE
330
1F
100
AcDbEntity
  8
DIM_ELEV
100
AcDbLine
 10
-23673.73926407518
 20
-14777.1951627233
 30
0.0
 11
-25169.73926407518
 21
-14777.1951627233
 31
0.0
  0
TEXT
  5
9FF
330
1F
100
AcDbEntity
  8
DIM_ELEV
 62
     7
100
AcDbText
 10
-25111.73926407518
 20
-15232.1951627233
 30
0.0
 40
297.5
  1
169.500
 41
0.7058823529411766
  7
_TCH_DIM
100
AcDbText
  0
LINE
  5
A00
330
1F
100
AcDbEntity
  8
DIM_ELEV
100
AcDbLine
 10
607.1851342250592
 20
-14477.1951627233
 30
0.0
 11
307.1851342250593
 21
-14777.1951627233
 31
0.0
  0
LINE
  5
A01
330
1F
100
AcDbEntity
  8
DIM_ELEV
100
AcDbLine
 10
607.1851342250592
 20
-14477.1951627233
 30
0.0
 11
907.1851342250592
 21
-14777.1951627233
 31
0.0
  0
LINE
  5
A02
330
1F
100
AcDbEntity
  8
DIM_ELEV
100
AcDbLine
 10
-464.037011610344
 20
-14477.1951627233
 30
0.0
 11
907.1851342250592
 21
-14477.1951627233
 31
0.0
  0
LINE
  5
A03
330
1F
100
AcDbEntity
  8
DIM_ELEV
100
AcDbLine
 10
307.1851342250593
 20
-14777.1951627233
 30
0.0
 11
1803.185134225059
 21
-14777.1951627233
 31
0.0
  0
TEXT
  5
A04
330
1F
100
AcDbEntity
  8
DIM_ELEV
 62
     7
100
AcDbText
 10
573.1851342250593
 20
-15232.1951627233
 30
0.0
 40
297.5
  1
169.500
 41
0.7058823529411766
  7
_TCH_DIM
100
AcDbText
  0
DIMENSION
  5
A05
330
1F
100
AcDbEntity
  8
TWT_DIM
100
AcDbDimension
280
     0
  2
*D102
 10
-3000.132016842719
 20
-15898.31805422948
 30
0.0
 11
-11850.13201684272
 21
-15623.31805422948
 31
0.0
 70
    33
 71
     5
 42
17700.0
 73
     0
 74
     0
 75
     0
  3
_TWT_ARCH&&100
100
AcDbAlignedDimension
 13
-20700.13201684272
 23
-15640.84941250132
 33
0.0
 14
-3000.132016842719
 24
-15640.84941250132
 34
0.0
  0
CIRCLE
  5
A06
330
1F
100
AcDbEntity
  8
DIM_SYMB
 62
     7
100
AcDbCircle
 10
-14200.92620634148
 20
-16988.81296574185
 30
0.0
 40
315.0
  0
TEXT
  5
A07
330
1F
100
AcDbEntity
  8
DIM_SYMB
 62
     7
100
AcDbText
 10
-14287.06074096542
 20
-17157.04447867907
 30
0.0
 40
336.4630258743723
  1
A
 41
0.7160000000008333
  7
biaotilan
 72
     5
 11
-14114.79167171754
 21
-17157.04447867907
 31
0.0
100
AcDbText
  0
TEXT
  5
A08
330
1F
100
AcDbEntity
  8
DIM_SYMB
 62
     7
100
AcDbText
 10
-13850.92620634148
 20
-17268.81296574184
 30
0.0
 40
528.6919831223628
  1
~
 41
0.7
  7
biaotilan
100
AcDbText
  0
CIRCLE
  5
A09
330
1F
100
AcDbEntity
  8
DIM_SYMB
 62
     7
100
AcDbCircle
 10
-13236.28485613037
 20
-16988.81296574185
 30
0.0
 40
315.0
  0
TEXT
  5
A0A
330
1F
100
AcDbEntity
  8
DIM_SYMB
 62
     7
100
AcDbText
 10
-13324.00412669778
 20
-17156.22362720407
 30
0.0
 40
334.8213229240463
  1
D
 41
0.7327485380131509
  7
biaotilan
 72
     5
 11
-13148.56558556296
 21
-17156.22362720407
 31
0.0
100
AcDbText
  0
TEXT
  5
A0B
330
1F
100
AcDbEntity
  8
DIM_SYMB
 62
     7
100
AcDbText
 10
-12886.28485613037
 20
-17268.81296574184
 30
0.0
 40
528.6919831223628
  1
轴立面图
 41
0.7
  7
biaotilan
100
AcDbText
  0
TEXT
  5
A0C
330
1F
100
AcDbEntity
  8
DIM_SYMB
 62
     7
100
AcDbText
 10
-10415.31439199578
 20
-17268.81296574184
 30
0.0
 40
377.6371308016877
  1
1:100
 41
0.7
  7
biaotilan
100
AcDbText
  0
LWPOLYLINE
  5
A0D
330
1F
100
AcDbEntity
  8
DIM_SYMB
100
AcDbPolyline
 90
        2
 70
     0
 43
70.0
 10
-14550.92620634148
 20
-17488.55980118504
 10
-9432.192029126454
 20
-17488.55980118504
  0
LWPOLYLINE
  5
A0E
330
1F
100
AcDbEntity
  8
DIM_SYMB
100
AcDbPolyline
 90
        2
 70
     0
 43
0.0
 10
-14550.92620634148
 20
-17628.55980118504
 10
-9432.192029126454
 20
-17628.55980118504
  0
LINE
  5
A0F
330
1F
100
AcDbEntity
  8
AXIS
100
AcDbLine
 10
-3000.132016842719
 20
-15240.84941250132
 30
0.0
 11
-3000.132016842719
 21
-16148.31805422948
 31
0.0
  0
INSERT
  5
A10
330
1F
100
AcDbEntity
  8
AXIS
100
AcDbBlockReference
 66
     1
  2
_AXISO
 10
-3000.132016842719
 20
-16548.31805422948
 30
0.0
 41
800.0
 42
800.0
 43
800.0
  0
ATTRIB
  5
A11
330
A10
100
AcDbEntity
  8
AXIS_TEXT
100
AcDbText
 10
-3176.307520869654
 20
-16765.94661802752
 30
0.0
 40
435.2571275961919
  1
D
  7
_TCH_AXIS
 72
     5
 11
-2823.956512815785
 21
-16765.94661802752
 31
0.0
100
AcDbAttribute
280
     0
  2
A
 70
     0
280
     0
  0
SEQEND
  5
A12
330
A10
100
AcDbEntity
  8
AXIS
  0
LINE
  5
A13
330
1F
100
AcDbEntity
  8
AXIS
100
AcDbLine
 10
-20700.13201684272
 20
-15240.84941250132
 30
0.0
 11
-20700.13201684272
 21
-16148.31805422948
 31
0.0
  0
INSERT
  5
A14
330
1F
100
AcDbEntity
  8
AXIS
100
AcDbBlockReference
 66
     1
  2
_AXISO
 10
-20700.13201684272
 20
-16548.31805422948
 30
0.0
 41
800.0
 42
800.0
 43
800.0
  0
ATTRIB
  5
A15
330
A14
100
AcDbEntity
  8
AXIS_TEXT
100
AcDbText
 10
-20882.35360141052
 20
-16760.90990289161
 30
0.0
 40
425.1836973245661
  1
A
  7
_TCH_AXIS
 72
     5
 11
-20517.91043227492
 21
-16760.90990289161
 31
0.0
100
AcDbAttribute
280
     0
  2
A
 70
     0
280
     0
  0
SEQEND
  5
A16
330
A14
100
AcDbEntity
  8
AXIS
  0
DIMENSION
  5
A17
330
1F
100
AcDbEntity
  8
PUB_DIM
100
AcDbDimension
280
     0
  2
*D103
 10
-1166.205662158777
 20
-14177.19516272331
 30
0.0
 11
-891.2056621597148
 21
-14847.1951627233
 31
0.0
 70
   161
 71
     5
 42
300.0
 73
     0
 74
     0
 75
     0
  3
_TCH_ARCH&&100
100
AcDbAlignedDimension
 13
-1894.493970130104
 23
-14477.1951627233
 33
0.0
 14
-1894.493970130104
 24
-14177.1951627233
 34
0.0
  0
DIMENSION
  5
A18
330
1F
100
AcDbEntity
  8
PUB_DIM
100
AcDbDimension
280
     0
  2
*D104
 10
-1166.205662158777
 20
-11777.19516272331
 30
0.0
 11
-1441.20566215878
 21
-12977.19516272331
 31
0.0
 70
    33
 71
     5
 42
2400.000000000002
 73
     0
 74
     0
 75
     0
  3
_TCH_ARCH&&100
100
AcDbAlignedDimension
 13
-1894.493970130104
 23
-14177.1951627233
 33
0.0
 14
-1894.493970130104
 24
-11777.1951627233
 34
0.0
  0
DIMENSION
  5
A19
330
1F
100
AcDbEntity
  8
PUB_DIM
100
AcDbDimension
280
     0
  2
*D105
 10
-1166.205662158777
 20
-11147.19516272331
 30
0.0
 11
-1441.205662158779
 21
-11462.19516272331
 31
0.0
 70
    33
 71
     5
 42
630.0
 73
     0
 74
     0
 75
     0
  3
_TCH_ARCH&&100
100
AcDbAlignedDimension
 13
-1894.493970130104
 23
-11777.1951627233
 33
0.0
 14
-1894.493970130104
 24
-11147.1951627233
 34
0.0
  0
DIMENSION
  5
A1A
330
1F
100
AcDbEntity
  8
PUB_DIM
100
AcDbDimension
280
     0
  2
*D106
 10
-1166.205662158777
 20
-10477.19516272331
 30
0.0
 11
-1441.205662158779
 21
-10812.19516272331
 31
0.0
 70
    33
 71
     5
 42
670.0
 73
     0
 74
     0
 75
     0
  3
_TCH_ARCH&&100
100
AcDbAlignedDimension
 13
-1894.493970130104
 23
-11147.1951627233
 33
0.0
 14
-1894.493970130104
 24
-10477.1951627233
 34
0.0
  0
DIMENSION
  5
A1B
330
1F
100
AcDbEntity
  8
PUB_DIM
100
AcDbDimension
280
     0
  2
*D107
 10
-1166.205662158777
 20
-10177.19516272331
 30
0.0
 11
-541.2056621597148
 21
-10327.1951627233
 31
0.0
 70
   161
 71
     5
 42
300.0
 73
     0
 74
     0
 75
     0
  3
_TCH_ARCH&&100
100
AcDbAlignedDimension
 13
-1894.493970130104
 23
-10477.1951627233
 33
0.0
 14
-1894.493970130104
 24
-10177.1951627233
 34
0.0
  0
DIMENSION
  5
A1C
330
1F
100
AcDbEntity
  8
PUB_DIM
100
AcDbDimension
280
     0
  2
*D108
 10
-1166.205662158777
 20
-9777.195162721914
 30
0.0
 11
-891.2056621597148
 21
-9407.19516272191
 31
0.0
 70
   161
 71
     5
 42
400.000000001397
 73
     0
 74
     0
 75
     0
  3
_TCH_ARCH&&100
100
AcDbAlignedDimension
 13
-1894.493970130104
 23
-10177.1951627233
 33
0.0
 14
-1894.493970130104
 24
-9777.195162721909
 34
0.0
  0
DIMENSION
  5
A1D
330
1F
100
AcDbEntity
  8
PUB_DIM
100
AcDbDimension
280
     0
  2
*D109
 10
-22774.45386045846
 20
-14177.19516272331
 30
0.0
 11
-23049.45386045846
 21
-14327.1951627233
 31
0.0
 70
    33
 71
     5
 42
300.0
 73
     0
 74
     0
 75
     0
  3
_TCH_ARCH&&100
100
AcDbAlignedDimension
 13
-21962.83143300889
 23
-14477.1951627233
 33
0.0
 14
-21962.83143300889
 24
-14177.1951627233
 34
0.0
  0
DIMENSION
  5
A1E
330
1F
100
AcDbEntity
  8
PUB_DIM
100
AcDbDimension
280
     0
  2
*D110
 10
-22774.45386045846
 20
-11777.19516272331
 30
0.0
 11
-23049.45386045846
 21
-12977.1951627233
 31
0.0
 70
    33
 71
     5
 42
2400.000000000002
 73
     0
 74
     0
 75
     0
  3
_TCH_ARCH&&100
100
AcDbAlignedDimension
 13
-21962.83143300889
 23
-14177.1951627233
 33
0.0
 14
-21962.83143300889
 24
-11777.1951627233
 34
0.0
  0
DIMENSION
  5
A1F
330
1F
100
AcDbEntity
  8
PUB_DIM
100
AcDbDimension
280
     0
  2
*D111
 10
-22774.45386045846
 20
-11147.22914427379
 30
0.0
 11
-23049.45386045846
 21
-11462.21215349854
 31
0.0
 70
    33
 71
     5
 42
629.966018449515
 73
     0
 74
     0
 75
     0
  3
_TCH_ARCH&&100
100
AcDbAlignedDimension
 13
-21962.83143300889
 23
-11777.1951627233
 33
0.0
 14
-21962.83143300889
 24
-11147.22914427379
 34
0.0
  0
DIMENSION
  5
A20
330
1F
100
AcDbEntity
  8
PUB_DIM
100
AcDbDimension
280
     0
  2
*D112
 10
-22774.45386045846
 20
-10477.19516272331
 30
0.0
 11
-23399.45386045938
 21
-10812.21215349855
 31
0.0
 70
   161
 71
     5
 42
670.0339815504849
 73
     0
 74
     0
 75
     0
  3
_TCH_ARCH&&100
100
AcDbAlignedDimension
 13
-21962.83143300889
 23
-11147.22914427379
 33
0.0
 14
-21962.83143300889
 24
-10477.1951627233
 34
0.0
  0
DIMENSION
  5
A21
330
1F
100
AcDbEntity
  8
PUB_DIM
100
AcDbDimension
280
     0
  2
*D113
 10
-22774.45386045846
 20
-10177.19516272331
 30
0.0
 11
-23049.45386045846
 21
-10327.1951627233
 31
0.0
 70
    33
 71
     5
 42
300.0
 73
     0
 74
     0
 75
     0
  3
_TCH_ARCH&&100
100
AcDbAlignedDimension
 13
-21962.83143300889
 23
-10477.1951627233
 33
0.0
 14
-21962.83143300889
 24
-10177.1951627233
 34
0.0
  0
DIMENSION
  5
A22
330
1F
100
AcDbEntity
  8
PUB_DIM
100
AcDbDimension
280
     0
  2
*D114
 10
-22774.45386045846
 20
-9777.195162721914
 30
0.0
 11
-23049.45386045938
 21
-9407.19516272191
 31
0.0
 70
   161
 71
     5
 42
400.000000001397
 73
     0
 74
     0
 75
     0
  3
_TCH_ARCH&&100
100
AcDbAlignedDimension
 13
-21962.83143300889
 23
-10177.1951627233
 33
0.0
 14
-21962.83143300889
 24
-9777.195162721909
 34
0.0
  0
DIMENSION
  5
A23
330
1F
100
AcDbEntity
  8
PUB_DIM
100
AcDbDimension
280
     0
  2
*D115
 10
-464.037011609864
 20
-14177.19516272331
 30
0.0
 11
-739.0370116098679
 21
-14327.19516272331
 31
0.0
 70
    33
 71
     5
 42
300.0
 73
     0
 74
     0
 75
     0
  3
_TCH_ARCH&&100
100
AcDbAlignedDimension
 13
-1594.493970130104
 23
-14477.1951627233
 33
0.0
 14
-1594.493970130104
 24
-14177.1951627233
 34
0.0
  0
DIMENSION
  5
A24
330
1F
100
AcDbEntity
  8
PUB_DIM
100
AcDbDimension
280
     0
  2
*D116
 10
-464.037011609864
 20
-10177.19516272331
 30
0.0
 11
-739.037011609867
 21
-12177.19516272331
 31
0.0
 70
    33
 71
     5
 42
4000.000000000002
 73
     0
 74
     0
 75
     0
  3
_TCH_ARCH&&100
100
AcDbAlignedDimension
 13
-1594.493970130104
 23
-14177.1951627233
 33
0.0
 14
-1594.493970130104
 24
-10177.1951627233
 34
0.0
  0
LINE
  5
A25
330
1F
100
AcDbEntity
  8
DIM_ELEV
100
AcDbLine
 10
607.1851342250592
 20
-10177.1951627233
 30
0.0
 11
307.1851342250593
 21
-9877.195162723307
 31
0.0
  0
LINE
  5
A26
330
1F
100
AcDbEntity
  8
DIM_ELEV
100
AcDbLine
 10
607.1851342250592
 20
-10177.1951627233
 30
0.0
 11
907.1851342250592
 21
-9877.195162723307
 31
0.0
  0
LINE
  5
A27
330
1F
100
AcDbEntity
  8
DIM_ELEV
100
AcDbLine
 10
-464.037011610344
 20
-10177.1951627233
 30
0.0
 11
907.1851342250592
 21
-10177.1951627233
 31
0.0
  0
LINE
  5
A28
330
1F
100
AcDbEntity
  8
DIM_ELEV
100
AcDbLine
 10
307.1851342250593
 20
-9877.195162723307
 30
0.0
 11
1987.185134225059
 21
-9877.195162723307
 31
0.0
  0
TEXT
  5
A29
330
1F
100
AcDbEntity
  8
DIM_ELEV
 62
     7
100
AcDbText
 10
757.1851342250592
 20
-9772.195162723306
 30
0.0
 40
297.5
  1
173.800
 41
0.7058823529411766
  7
_TCH_DIM
100
AcDbText
  0
DIMENSION
  5
A2A
330
1F
100
AcDbEntity
  8
PUB_DIM
100
AcDbDimension
280
     0
  2
*D117
 10
-23397.82244055998
 20
-14177.19516272331
 30
0.0
 11
-23672.82244055998
 21
-14327.1951627233
 31
0.0
 70
    33
 71
     5
 42
300.0
 73
     0
 74
     0
 75
     0
  3
_TCH_ARCH&&100
100
AcDbAlignedDimension
 13
-22262.83143300889
 23
-14477.1951627233
 33
0.0
 14
-22262.83143300889
 24
-14177.1951627233
 34
0.0
  0
DIMENSION
  5
A2B
330
1F
100
AcDbEntity
  8
PUB_DIM
100
AcDbDimension
280
     0
  2
*D118
 10
-23397.82244055998
 20
-10177.19516272331
 30
0.0
 11
-23672.82244055998
 21
-12177.1951627233
 31
0.0
 70
    33
 71
     5
 42
4000.000000000002
 73
     0
 74
     0
 75
     0
  3
_TCH_ARCH&&100
100
AcDbAlignedDimension
 13
-22262.83143300889
 23
-14177.1951627233
 33
0.0
 14
-22262.83143300889
 24
-10177.1951627233
 34
0.0
  0
LINE
  5
A2C
330
1F
100
AcDbEntity
  8
DIM_ELEV
100
AcDbLine
 10
-23973.73926407518
 20
-14177.1951627233
 30
0.0
 11
-23673.73926407518
 21
-13877.19516272331
 31
0.0
  0
LINE
  5
A2D
330
1F
100
AcDbEntity
  8
DIM_ELEV
100
AcDbLine
 10
-23973.73926407518
 20
-14177.1951627233
 30
0.0
 11
-24273.73926407518
 21
-13877.19516272331
 31
0.0
  0
LINE
  5
A2E
330
1F
100
AcDbEntity
  8
DIM_ELEV
100
AcDbLine
 10
-23397.82244056091
 20
-14177.1951627233
 30
0.0
 11
-24273.73926407518
 21
-14177.1951627233
 31
0.0
  0
LINE
  5
A2F
330
1F
100
AcDbEntity
  8
DIM_ELEV
100
AcDbLine
 10
-23673.73926407518
 20
-13877.19516272331
 30
0.0
 11
-25353.73926407518
 21
-13877.19516272331
 31
0.0
  0
TEXT
  5
A30
330
1F
100
AcDbEntity
  8
DIM_ELEV
 62
     7
100
AcDbText
 10
-25295.73926407518
 20
-13772.1951627233
 30
0.0
 40
297.5
  1
169.800
 41
0.7058823529411766
  7
_TCH_DIM
100
AcDbText
  0
LINE
  5
A31
330
1F
100
AcDbEntity
  8
DIM_ELEV
100
AcDbLine
 10
-23973.73926407518
 20
-10177.1951627233
 30
0.0
 11
-23673.73926407518
 21
-9877.195162723307
 31
0.0
  0
LINE
  5
A32
330
1F
100
AcDbEntity
  8
DIM_ELEV
100
AcDbLine
 10
-23973.73926407518
 20
-10177.1951627233
 30
0.0
 11
-24273.73926407518
 21
-9877.195162723307
 31
0.0
  0
LINE
  5
A33
330
1F
100
AcDbEntity
  8
DIM_ELEV
100
AcDbLine
 10
-23397.82244056091
 20
-10177.1951627233
 30
0.0
 11
-24273.73926407518
 21
-10177.1951627233
 31
0.0
  0
LINE
  5
A34
330
1F
100
AcDbEntity
  8
DIM_ELEV
100
AcDbLine
 10
-23673.73926407518
 20
-9877.195162723307
 30
0.0
 11
-25353.73926407518
 21
-9877.195162723307
 31
0.0
  0
TEXT
  5
A35
330
1F
100
AcDbEntity
  8
DIM_ELEV
 62
     7
100
AcDbText
 10
-25285.73926407518
 20
-9772.195162723306
 30
0.0
 40
297.5
  1
173.800
 41
0.7058823529411766
  7
_TCH_DIM
100
AcDbText
  0
LINE
  5
A36
330
1F
100
AcDbEntity
  8
DIM_LEAD
100
AcDbLine
 10
-8792.780352281871
 20
-10705.61546107754
 30
0.0
 11
-8792.780352281871
 21
-8480.209767966531
 31
0.0
  0
LINE
  5
A37
330
1F
100
AcDbEntity
  8
DIM_LEAD
100
AcDbLine
 10
-8792.780352281871
 20
-10348.91445318423
 30
0.0
 11
-8792.780352281871
 21
-8480.209767966531
 31
0.0
  0
LWPOLYLINE
  5
A38
330
1F
100
AcDbEntity
  8
DIM_LEAD
100
AcDbPolyline
 90
        2
 70
     1
 43
40.0
 10
-8792.780352281871
 20
-10725.61546107754
 42
1.0
 10
-8792.780352281871
 20
-10685.61546107754
 42
1.0
  0
LWPOLYLINE
  5
A39
330
1F
100
AcDbEntity
  8
DIM_LEAD
100
AcDbPolyline
 90
        2
 70
     1
 43
40.0
 10
-8792.780352281871
 20
-10368.91445318423
 42
1.0
 10
-8792.780352281871
 20
-10328.91445318423
 42
1.0
  0
TEXT
  5
A3A
330
1F
100
AcDbEntity
  8
DIM_LEAD
 62
     7
100
AcDbText
 10
-12838.14679004997
 20
-8352.869342434685
 30
0.0
 40
337.5886524822695
  1
白色真石漆
  7
_TCH_DIM
100
AcDbText
  0
TEXT
  5
A3B
330
1F
100
AcDbEntity
  8
DIM_LEAD
 62
     7
100
AcDbText
 10
-12838.14679004997
 20
-8909.145938179456
 30
0.0
 40
297.5
  1
b*h=900*600
 41
0.7058823529411766
  7
_TCH_DIM
100
AcDbText
  0
TEXT
  5
A3C
330
1F
100
AcDbEntity
  8
DIM_LEAD
 62
     7
100
AcDbText
 10
-10678.14679004997
 20
-8909.145938179456
 30
0.0
 40
337.5886524822695
  1
勾缝，缝宽
  7
_TCH_DIM
100
AcDbText
  0
TEXT
  5
A3D
330
1F
100
AcDbEntity
  8
DIM_LEAD
 62
     7
100
AcDbText
 10
-9449.423385794741
 20
-8909.145938179456
 30
0.0
 40
297.5
  1
10
 41
0.7058823529411766
  7
_TCH_DIM
100
AcDbText
  0
LINE
  5
A3E
330
1F
100
AcDbEntity
  8
DIM_LEAD
100
AcDbLine
 10
-8792.780352281871
 20
-8480.209767966531
 30
0.0
 11
-12943.14679004997
 21
-8480.209767966531
 31
0.0
  0
LINE
  5
A3F
330
1F
100
AcDbEntity
  8
DIM_LEAD
100
AcDbLine
 10
-7299.010466224048
 20
-10004.37220190931
 30
0.0
 11
-7299.010466224048
 21
-9297.552854480221
 31
0.0
  0
LWPOLYLINE
  5
A40
330
1F
100
AcDbEntity
  8
DIM_LEAD
100
AcDbPolyline
 90
        2
 70
     1
 43
40.0
 10
-7299.010466224048
 20
-10024.37220190931
 42
1.0
 10
-7299.010466224048
 20
-9984.372201909311
 42
1.0
  0
TEXT
  5
A41
330
1F
100
AcDbEntity
  8
DIM_LEAD
 62
     7
100
AcDbText
 10
-7179.546210647561
 20
-9170.212428948376
 30
0.0
 40
337.5886524822695
  1
青灰色屋面瓦
  7
_TCH_DIM
100
AcDbText
  0
LINE
  5
A42
330
1F
100
AcDbEntity
  8
DIM_LEAD
100
AcDbLine
 10
-7299.010466224048
 20
-9297.552854480221
 30
0.0
 11
-5659.652593626175
 21
-9297.552854480221
 31
0.0
  0
LINE
  5
A43
330
1F
100
AcDbEntity
  8
DIM_LEAD
100
AcDbLine
 10
-11747.60816287016
 20
-23283.26810888248
 30
0.0
 11
-11747.60816287016
 21
-21057.86241577193
 31
0.0
  0
LINE
  5
A44
330
1F
100
AcDbEntity
  8
DIM_LEAD
100
AcDbLine
 10
-11747.60816287016
 20
-22926.56710098963
 30
0.0
 11
-11747.60816287016
 21
-21057.86241577193
 31
0.0
  0
LWPOLYLINE
  5
A45
330
1F
100
AcDbEntity
  8
DIM_LEAD
100
AcDbPolyline
 90
        2
 70
     1
 43
40.0
 10
-11747.60816287016
 20
-23303.26810888248
 42
1.0
 10
-11747.60816287016
 20
-23263.26810888247
 42
1.0
  0
LWPOLYLINE
  5
A46
330
1F
100
AcDbEntity
  8
DIM_LEAD
100
AcDbPolyline
 90
        2
 70
     1
 43
40.0
 10
-11747.60816287016
 20
-22946.56710098963
 42
1.0
 10
-11747.60816287016
 20
-22906.56710098963
 42
1.0
  0
TEXT
  5
A47
330
1F
100
AcDbEntity
  8
DIM_LEAD
 62
     7
100
AcDbText
 10
-15792.97460063826
 20
-20930.52199024008
 30
0.0
 40
337.5886524822695
  1
白色真石漆
  7
_TCH_DIM
100
AcDbText
  0
TEXT
  5
A48
330
1F
100
AcDbEntity
  8
DIM_LEAD
 62
     7
100
AcDbText
 10
-15792.97460063826
 20
-21486.79858598486
 30
0.0
 40
297.5
  1
b*h=900*600
 41
0.7058823529411766
  7
_TCH_DIM
100
AcDbText
  0
TEXT
  5
A49
330
1F
100
AcDbEntity
  8
DIM_LEAD
 62
     7
100
AcDbText
 10
-13632.97460063826
 20
-21486.79858598486
 30
0.0
 40
337.5886524822695
  1
勾缝，缝宽
  7
_TCH_DIM
100
AcDbText
  0
TEXT
  5
A4A
330
1F
100
AcDbEntity
  8
DIM_LEAD
 62
     7
100
AcDbText
 10
-12404.25119638303
 20
-21486.79858598486
 30
0.0
 40
297.5
  1
10
 41
0.7058823529411766
  7
_TCH_DIM
100
AcDbText
  0
LINE
  5
A4B
330
1F
100
AcDbEntity
  8
DIM_LEAD
100
AcDbLine
 10
-11747.60816287016
 20
-21057.86241577193
 30
0.0
 11
-15897.97460063826
 21
-21057.86241577193
 31
0.0
  0
LINE
  5
A4C
330
1F
100
AcDbEntity
  8
DIM_LEAD
100
AcDbLine
 10
-10253.83827681234
 20
-22582.02484971471
 30
0.0
 11
-10253.83827681234
 21
-21875.20550228516
 31
0.0
  0
LWPOLYLINE
  5
A4D
330
1F
100
AcDbEntity
  8
DIM_LEAD
100
AcDbPolyline
 90
        2
 70
     1
 43
40.0
 10
-10253.83827681234
 20
-22602.02484971471
 42
1.0
 10
-10253.83827681234
 20
-22562.02484971471
 42
1.0
  0
TEXT
  5
A4E
330
1F
100
AcDbEntity
  8
DIM_LEAD
 62
     7
100
AcDbText
 10
-10134.37402123585
 20
-21747.86507675331
 30
0.0
 40
337.5886524822695
  1
青灰色屋面瓦
  7
_TCH_DIM
100
AcDbText
  0
LINE
  5
A4F
330
1F
100
AcDbEntity
  8
DIM_LEAD
100
AcDbLine
 10
-10253.83827681234
 20
-21875.20550228516
 30
0.0
 11
-8614.480404214468
 21
-21875.20550228516
 31
0.0
  0
LINE
  5
A50
330
1F
100
AcDbEntity
  8
DIM_ELEV
100
AcDbLine
 10
36010.26047872566
 20
-25958.82785413508
 30
0.0
 11
35710.26047872566
 21
-26258.82785413507
 31
0.0
  0
LINE
  5
A51
330
1F
100
AcDbEntity
  8
DIM_ELEV
100
AcDbLine
 10
36010.26047872566
 20
-25958.82785413508
 30
0.0
 11
36310.26047872566
 21
-26258.82785413507
 31
0.0
  0
LINE
  5
A52
330
1F
100
AcDbEntity
  8
DIM_ELEV
100
AcDbLine
 10
34983.85429506982
 20
-25958.82785413508
 30
0.0
 11
36310.26047872566
 21
-25958.82785413508
 31
0.0
  0
LINE
  5
A53
330
1F
100
AcDbEntity
  8
DIM_ELEV
100
AcDbLine
 10
35710.26047872566
 20
-26258.82785413507
 30
0.0
 11
37206.26047872566
 21
-26258.82785413507
 31
0.0
  0
TEXT
  5
A54
330
1F
100
AcDbEntity
  8
DIM_ELEV
 62
     7
100
AcDbText
 10
35976.26047872566
 20
-26713.82785413507
 30
0.0
 40
297.5
  1
169.500
 41
0.7058823529411766
  7
_TCH_DIM
100
AcDbText
  0
LINE
  5
A55
330
1F
100
AcDbEntity
  8
DIM_ELEV
100
AcDbLine
 10
22329.33608042635
 20
-25958.82785413508
 30
0.0
 11
22629.33608042635
 21
-26258.82785413507
 31
0.0
  0
LINE
  5
A56
330
1F
100
AcDbEntity
  8
DIM_ELEV
100
AcDbLine
 10
22329.33608042635
 20
-25958.82785413508
 30
0.0
 11
22029.33608042635
 21
-26258.82785413507
 31
0.0
  0
LINE
  5
A57
330
1F
100
AcDbEntity
  8
DIM_ELEV
100
AcDbLine
 10
23400.55822626222
 20
-25958.82785413508
 30
0.0
 11
22029.33608042635
 21
-25958.82785413508
 31
0.0
  0
LINE
  5
A58
330
1F
100
AcDbEntity
  8
DIM_ELEV
100
AcDbLine
 10
22629.33608042635
 20
-26258.82785413507
 30
0.0
 11
21133.33608042635
 21
-26258.82785413507
 31
0.0
  0
TEXT
  5
A59
330
1F
100
AcDbEntity
  8
DIM_ELEV
 62
     7
100
AcDbText
 10
21191.33608042635
 20
-26713.82785413507
 30
0.0
 40
297.5
  1
169.500
 41
0.7058823529411766
  7
_TCH_DIM
100
AcDbText
  0
DIMENSION
  5
A5A
330
1F
100
AcDbEntity
  8
TWT_DIM
100
AcDbDimension
280
     0
  2
*D119
 10
32736.6532314932
 20
-27379.95074564126
 30
0.0
 11
29336.6532314932
 21
-27104.95074564125
 31
0.0
 70
    33
 71
     5
 42
6800.0
 73
     0
 74
     0
 75
     0
  3
_TWT_ARCH&&100
100
AcDbAlignedDimension
 13
25936.6532314932
 23
-27122.48210391309
 33
0.0
 14
32736.6532314932
 24
-27122.48210391309
 34
0.0
  0
CIRCLE
  5
A5B
330
1F
100
AcDbEntity
  8
DIM_SYMB
 62
     7
100
AcDbCircle
 10
27134.04971587379
 20
-28933.19949970022
 30
0.0
 40
315.0
  0
TEXT
  5
A5C
330
1F
100
AcDbEntity
  8
DIM_SYMB
 62
     7
100
AcDbText
 10
27047.1290672319
 20
-29101.02619852871
 30
0.0
 40
335.6533976570681
  1
2
 41
0.7242774566478485
  7
biaotilan
 72
     5
 11
27220.97036451567
 21
-29101.02619852871
 31
0.0
100
AcDbText
  0
TEXT
  5
A5D
330
1F
100
AcDbEntity
  8
DIM_SYMB
 62
     7
100
AcDbText
 10
27484.04971587379
 20
-29213.19949970022
 30
0.0
 40
528.6919831223628
  1
~
 41
0.7
  7
biaotilan
100
AcDbText
  0
CIRCLE
  5
A5E
330
1F
100
AcDbEntity
  8
DIM_SYMB
 62
     7
100
AcDbCircle
 10
28098.69106608489
 20
-28933.19949970022
 30
0.0
 40
315.0
  0
TEXT
  5
A5F
330
1F
100
AcDbEntity
  8
DIM_SYMB
 62
     7
100
AcDbText
 10
28012.16502321092
 20
-29101.22998474538
 30
0.0
 40
336.0609700907174
  1
1
 41
0.720114942529063
  7
biaotilan
 72
     5
 11
28185.21710895887
 21
-29101.22998474538
 31
0.0
100
AcDbText
  0
TEXT
  5
A60
330
1F
100
AcDbEntity
  8
DIM_SYMB
 62
     7
100
AcDbText
 10
28448.6910660849
 20
-29213.19949970022
 30
0.0
 40
528.6919831223628
  1
轴立面图
 41
0.7
  7
biaotilan
100
AcDbText
  0
TEXT
  5
A61
330
1F
100
AcDbEntity
  8
DIM_SYMB
 62
     7
100
AcDbText
 10
30919.66153021949
 20
-29213.19949970022
 30
0.0
 40
377.6371308016877
  1
1:100
 41
0.7
  7
biaotilan
100
AcDbText
  0
LWPOLYLINE
  5
A62
330
1F
100
AcDbEntity
  8
DIM_SYMB
100
AcDbPolyline
 90
        2
 70
     0
 43
70.0
 10
26784.04971587379
 20
-29432.94633514341
 10
31902.78389308881
 20
-29432.94633514341
  0
LWPOLYLINE
  5
A63
330
1F
100
AcDbEntity
  8
DIM_SYMB
100
AcDbPolyline
 90
        2
 70
     0
 43
0.0
 10
26784.04971587379
 20
-29572.94633514341
 10
31902.78389308881
 20
-29572.94633514341
  0
LINE
  5
A64
330
1F
100
AcDbEntity
  8
AXIS
100
AcDbLine
 10
25936.65323149413
 20
-26722.48210391309
 30
0.0
 11
25936.65323149413
 21
-27629.95074564126
 31
0.0
  0
INSERT
  5
A65
330
1F
100
AcDbEntity
  8
AXIS
100
AcDbBlockReference
 66
     1
  2
_AXISO
 10
25936.65323149413
 20
-28029.95074564126
 30
0.0
 41
800.0
 42
800.0
 43
800.0
  0
ATTRIB
  5
A66
330
A65
100
AcDbEntity
  8
AXIS_TEXT
100
AcDbText
 10
25781.33717655111
 20
-28262.92482805578
 30
0.0
 40
465.9481648291924
  1
2
  7
_TCH_AXIS
 72
     5
 11
26091.96928643715
 21
-28262.92482805578
 31
0.0
100
AcDbAttribute
280
     0
  2
A
 70
     0
280
     0
  0
SEQEND
  5
A67
330
A65
100
AcDbEntity
  8
AXIS
  0
LINE
  5
A68
330
1F
100
AcDbEntity
  8
AXIS
100
AcDbLine
 10
32736.6532314932
 20
-26722.48210391356
 30
0.0
 11
32736.6532314932
 21
-27629.95074564172
 31
0.0
  0
INSERT
  5
A69
330
1F
100
AcDbEntity
  8
AXIS
100
AcDbBlockReference
 66
     1
  2
_AXISO
 10
32736.6532314932
 20
-28029.95074564172
 30
0.0
 41
800.0
 42
800.0
 43
800.0
  0
ATTRIB
  5
A6A
330
A69
100
AcDbEntity
  8
AXIS_TEXT
100
AcDbText
 10
32626.3558278908
 20
-28287.31135404669
 30
0.0
 40
514.7212168101124
  1
1
 41
1.000000000002069
  7
_TCH_AXIS
 72
     5
 11
32846.95063509559
 21
-28287.31135404669
 31
0.0
100
AcDbAttribute
280
     0
  2
A
 70
     0
280
     0
  0
SEQEND
  5
A6B
330
A69
100
AcDbEntity
  8
AXIS
  0
DIMENSION
  5
A6C
330
1F
100
AcDbEntity
  8
PUB_DIM
100
AcDbDimension
280
     0
  2
*D120
 10
24102.72687681116
 20
-25658.82785413509
 30
0.0
 11
23827.72687681019
 21
-26328.82785413507
 31
0.0
 70
   161
 71
     5
 42
300.0
 73
     0
 74
     0
 75
     0
  3
_TCH_ARCH&&100
100
AcDbAlignedDimension
 13
24831.01518478058
 23
-25958.82785413508
 33
0.0
 14
24831.01518478058
 24
-25658.82785413507
 34
0.0
  0
DIMENSION
  5
A6D
330
1F
100
AcDbEntity
  8
PUB_DIM
100
AcDbDimension
280
     0
  2
*D121
 10
24102.72687681116
 20
-23258.82785413508
 30
0.0
 11
23827.72687681115
 21
-24458.82785413509
 31
0.0
 70
    33
 71
     5
 42
2400.000000000004
 73
     0
 74
     0
 75
     0
  3
_TCH_ARCH&&100
100
AcDbAlignedDimension
 13
24831.01518478058
 23
-25658.82785413507
 33
0.0
 14
24831.01518478058
 24
-23258.82785413508
 34
0.0
  0
DIMENSION
  5
A6E
330
1F
100
AcDbEntity
  8
PUB_DIM
100
AcDbDimension
280
     0
  2
*D122
 10
24102.72687681116
 20
-22628.86209724472
 30
0.0
 11
23827.72687681115
 21
-22943.8449756899
 31
0.0
 70
    33
 71
     5
 42
629.965756890364
 73
     0
 74
     0
 75
     0
  3
_TCH_ARCH&&100
100
AcDbAlignedDimension
 13
24831.01518478058
 23
-23258.82785413508
 33
0.0
 14
24831.01518478058
 24
-22628.86209724471
 34
0.0
  0
DIMENSION
  5
A6F
330
1F
100
AcDbEntity
  8
PUB_DIM
100
AcDbDimension
280
     0
  2
*D123
 10
24102.72687681116
 20
-21958.82785413509
 30
0.0
 11
23827.72687681115
 21
-22293.8449756899
 31
0.0
 70
    33
 71
     5
 42
670.034243109636
 73
     0
 74
     0
 75
     0
  3
_TCH_ARCH&&100
100
AcDbAlignedDimension
 13
24831.01518478058
 23
-22628.86209724471
 33
0.0
 14
24831.01518478058
 24
-21958.82785413508
 34
0.0
  0
DIMENSION
  5
A70
330
1F
100
AcDbEntity
  8
PUB_DIM
100
AcDbDimension
280
     0
  2
*D124
 10
24102.72687681116
 20
-21658.82785413509
 30
0.0
 11
23477.72687681019
 21
-21808.82785413507
 31
0.0
 70
   161
 71
     5
 42
300.0
 73
     0
 74
     0
 75
     0
  3
_TCH_ARCH&&100
100
AcDbAlignedDimension
 13
24831.01518478058
 23
-21958.82785413508
 33
0.0
 14
24831.01518478058
 24
-21658.82785413507
 34
0.0
  0
DIMENSION
  5
A71
330
1F
100
AcDbEntity
  8
PUB_DIM
100
AcDbDimension
280
     0
  2
*D125
 10
24102.72687681116
 20
-21258.82785413369
 30
0.0
 11
23827.72687681019
 21
-20888.82785413368
 31
0.0
 70
   161
 71
     5
 42
400.000000001397
 73
     0
 74
     0
 75
     0
  3
_TCH_ARCH&&100
100
AcDbAlignedDimension
 13
24831.01518478058
 23
-21658.82785413507
 33
0.0
 14
24831.01518478058
 24
-21258.82785413368
 34
0.0
  0
DIMENSION
  5
A72
330
1F
100
AcDbEntity
  8
PUB_DIM
100
AcDbDimension
280
     0
  2
*D126
 10
34810.97507511084
 20
-25658.82785413509
 30
0.0
 11
34185.97507510986
 21
-25808.82785413507
 31
0.0
 70
   161
 71
     5
 42
300.0
 73
     0
 74
     0
 75
     0
  3
_TCH_ARCH&&100
100
AcDbAlignedDimension
 13
33999.35264765937
 23
-25958.82785413508
 33
0.0
 14
33999.35264765937
 24
-25658.82785413507
 34
0.0
  0
DIMENSION
  5
A73
330
1F
100
AcDbEntity
  8
PUB_DIM
100
AcDbDimension
280
     0
  2
*D127
 10
34810.97507511084
 20
-24658.82785413509
 30
0.0
 11
34535.97507511082
 21
-25158.82785413509
 31
0.0
 70
    33
 71
     5
 42
1000.0
 73
     0
 74
     0
 75
     0
  3
_TCH_ARCH&&100
100
AcDbAlignedDimension
 13
33999.35264765937
 23
-25658.82785413507
 33
0.0
 14
33999.35264765937
 24
-24658.82785413508
 34
0.0
  0
DIMENSION
  5
A74
330
1F
100
AcDbEntity
  8
PUB_DIM
100
AcDbDimension
280
     0
  2
*D128
 10
34810.97507511084
 20
-22858.82785413462
 30
0.0
 11
34535.97507511082
 21
-23758.82785413486
 31
0.0
 70
    33
 71
     5
 42
1800.000000000469
 73
     0
 74
     0
 75
     0
  3
_TCH_ARCH&&100
100
AcDbAlignedDimension
 13
33999.35264765937
 23
-24658.82785413508
 33
0.0
 14
33999.35264765937
 24
-22858.82785413461
 34
0.0
  0
DIMENSION
  5
A75
330
1F
100
AcDbEntity
  8
PUB_DIM
100
AcDbDimension
280
     0
  2
*D129
 10
34810.97507511084
 20
-21958.82785413508
 30
0.0
 11
34535.97507511082
 21
-22408.82785413486
 31
0.0
 70
    33
 71
     5
 42
899.9999999995344
 73
     0
 74
     0
 75
     0
  3
_TCH_ARCH&&100
100
AcDbAlignedDimension
 13
33999.35264765937
 23
-22858.82785413461
 33
0.0
 14
33999.35264765937
 24
-21958.82785413508
 34
0.0
  0
DIMENSION
  5
A76
330
1F
100
AcDbEntity
  8
PUB_DIM
100
AcDbDimension
280
     0
  2
*D130
 10
34810.97507511084
 20
-21658.82785413508
 30
0.0
 11
34185.97507510986
 21
-21808.82785413507
 31
0.0
 70
   161
 71
     5
 42
300.0
 73
     0
 74
     0
 75
     0
  3
_TCH_ARCH&&100
100
AcDbAlignedDimension
 13
33999.35264765937
 23
-21958.82785413508
 33
0.0
 14
33999.35264765937
 24
-21658.82785413507
 34
0.0
  0
DIMENSION
  5
A77
330
1F
100
AcDbEntity
  8
PUB_DIM
100
AcDbDimension
280
     0
  2
*D131
 10
34810.97507511084
 20
-21258.82785413368
 30
0.0
 11
34535.97507510986
 21
-20888.82785413368
 31
0.0
 70
   161
 71
     5
 42
400.000000001397
 73
     0
 74
     0
 75
     0
  3
_TCH_ARCH&&100
100
AcDbAlignedDimension
 13
33999.35264765937
 23
-21658.82785413507
 33
0.0
 14
33999.35264765937
 24
-21258.82785413368
 34
0.0
  0
DIMENSION
  5
A78
330
1F
100
AcDbEntity
  8
PUB_DIM
100
AcDbDimension
280
     0
  2
*D132
 10
23400.55822626224
 20
-25658.82785413509
 30
0.0
 11
23125.55822626223
 21
-25808.82785413509
 31
0.0
 70
    33
 71
     5
 42
300.0
 73
     0
 74
     0
 75
     0
  3
_TCH_ARCH&&100
100
AcDbAlignedDimension
 13
24531.01518478058
 23
-25958.82785413508
 33
0.0
 14
24531.01518478058
 24
-25658.82785413507
 34
0.0
  0
DIMENSION
  5
A79
330
1F
100
AcDbEntity
  8
PUB_DIM
100
AcDbDimension
280
     0
  2
*D133
 10
23400.55822626224
 20
-21658.82785413508
 30
0.0
 11
23125.55822626223
 21
-23658.82785413508
 31
0.0
 70
    33
 71
     5
 42
4000.000000000003
 73
     0
 74
     0
 75
     0
  3
_TCH_ARCH&&100
100
AcDbAlignedDimension
 13
24531.01518478058
 23
-25658.82785413507
 33
0.0
 14
24531.01518478058
 24
-21658.82785413507
 34
0.0
  0
LINE
  5
A7A
330
1F
100
AcDbEntity
  8
DIM_ELEV
100
AcDbLine
 10
22329.33608042635
 20
-21658.82785413507
 30
0.0
 11
22629.33608042635
 21
-21358.82785413508
 31
0.0
  0
LINE
  5
A7B
330
1F
100
AcDbEntity
  8
DIM_ELEV
100
AcDbLine
 10
22329.33608042635
 20
-21658.82785413507
 30
0.0
 11
22029.33608042635
 21
-21358.82785413508
 31
0.0
  0
LINE
  5
A7C
330
1F
100
AcDbEntity
  8
DIM_ELEV
100
AcDbLine
 10
23400.55822626222
 20
-21658.82785413507
 30
0.0
 11
22029.33608042635
 21
-21658.82785413507
 31
0.0
  0
LINE
  5
A7D
330
1F
100
AcDbEntity
  8
DIM_ELEV
100
AcDbLine
 10
22629.33608042635
 20
-21358.82785413508
 30
0.0
 11
20949.33608042635
 21
-21358.82785413508
 31
0.0
  0
TEXT
  5
A7E
330
1F
100
AcDbEntity
  8
DIM_ELEV
 62
     7
100
AcDbText
 10
21017.33608042635
 20
-21253.82785413508
 30
0.0
 40
297.5
  1
173.800
 41
0.7058823529411766
  7
_TCH_DIM
100
AcDbText
  0
DIMENSION
  5
A7F
330
1F
100
AcDbEntity
  8
PUB_DIM
100
AcDbDimension
280
     0
  2
*D134
 10
35434.34365521236
 20
-25658.82785413509
 30
0.0
 11
35159.34365521235
 21
-25808.82785413509
 31
0.0
 70
    33
 71
     5
 42
300.0
 73
     0
 74
     0
 75
     0
  3
_TCH_ARCH&&100
100
AcDbAlignedDimension
 13
34299.35264765937
 23
-25958.82785413508
 33
0.0
 14
34299.35264765937
 24
-25658.82785413507
 34
0.0
  0
DIMENSION
  5
A80
330
1F
100
AcDbEntity
  8
PUB_DIM
100
AcDbDimension
280
     0
  2
*D135
 10
35434.34365521236
 20
-21658.82785413508
 30
0.0
 11
35159.34365521235
 21
-23658.82785413509
 31
0.0
 70
    33
 71
     5
 42
4000.000000000003
 73
     0
 74
     0
 75
     0
  3
_TCH_ARCH&&100
100
AcDbAlignedDimension
 13
34299.35264765937
 23
-25658.82785413507
 33
0.0
 14
34299.35264765937
 24
-21658.82785413507
 34
0.0
  0
LINE
  5
A81
330
1F
100
AcDbEntity
  8
DIM_ELEV
100
AcDbLine
 10
22329.33608042635
 20
-25658.82785413507
 30
0.0
 11
22629.33608042635
 21
-25358.82785413507
 31
0.0
  0
LINE
  5
A82
330
1F
100
AcDbEntity
  8
DIM_ELEV
100
AcDbLine
 10
22329.33608042635
 20
-25658.82785413507
 30
0.0
 11
22029.33608042635
 21
-25358.82785413507
 31
0.0
  0
LINE
  5
A83
330
1F
100
AcDbEntity
  8
DIM_ELEV
100
AcDbLine
 10
23400.55822626222
 20
-25658.82785413507
 30
0.0
 11
22029.33608042635
 21
-25658.82785413507
 31
0.0
  0
LINE
  5
A84
330
1F
100
AcDbEntity
  8
DIM_ELEV
100
AcDbLine
 10
22629.33608042635
 20
-25358.82785413507
 30
0.0
 11
20949.33608042635
 21
-25358.82785413507
 31
0.0
  0
TEXT
  5
A85
330
1F
100
AcDbEntity
  8
DIM_ELEV
 62
     7
100
AcDbText
 10
21007.33608042635
 20
-25253.82785413508
 30
0.0
 40
297.5
  1
169.800
 41
0.7058823529411766
  7
_TCH_DIM
100
AcDbText
  0
LINE
  5
A86
330
1F
100
AcDbEntity
  8
DIM_ELEV
100
AcDbLine
 10
36010.26047872566
 20
-25658.82785413507
 30
0.0
 11
35710.26047872566
 21
-25358.82785413507
 31
0.0
  0
LINE
  5
A87
330
1F
100
AcDbEntity
  8
DIM_ELEV
100
AcDbLine
 10
36010.26047872566
 20
-25658.82785413507
 30
0.0
 11
36310.26047872566
 21
-25358.82785413507
 31
0.0
  0
LINE
  5
A88
330
1F
100
AcDbEntity
  8
DIM_ELEV
100
AcDbLine
 10
35434.34365521092
 20
-25658.82785413507
 30
0.0
 11
36310.26047872566
 21
-25658.82785413507
 31
0.0
  0
LINE
  5
A89
330
1F
100
AcDbEntity
  8
DIM_ELEV
100
AcDbLine
 10
35710.26047872566
 20
-25358.82785413507
 30
0.0
 11
37390.26047872566
 21
-25358.82785413507
 31
0.0
  0
TEXT
  5
A8A
330
1F
100
AcDbEntity
  8
DIM_ELEV
 62
     7
100
AcDbText
 10
36160.26047872566
 20
-25253.82785413508
 30
0.0
 40
297.5
  1
169.800
 41
0.7058823529411766
  7
_TCH_DIM
100
AcDbText
  0
LINE
  5
A8B
330
1F
100
AcDbEntity
  8
DIM_ELEV
100
AcDbLine
 10
36010.26047872566
 20
-21658.82785413507
 30
0.0
 11
35710.26047872566
 21
-21358.82785413508
 31
0.0
  0
LINE
  5
A8C
330
1F
100
AcDbEntity
  8
DIM_ELEV
100
AcDbLine
 10
36010.26047872566
 20
-21658.82785413507
 30
0.0
 11
36310.26047872566
 21
-21358.82785413508
 31
0.0
  0
LINE
  5
A8D
330
1F
100
AcDbEntity
  8
DIM_ELEV
100
AcDbLine
 10
35434.34365521092
 20
-21658.82785413507
 30
0.0
 11
36310.26047872566
 21
-21658.82785413507
 31
0.0
  0
LINE
  5
A8E
330
1F
100
AcDbEntity
  8
DIM_ELEV
100
AcDbLine
 10
35710.26047872566
 20
-21358.82785413508
 30
0.0
 11
37390.26047872566
 21
-21358.82785413508
 31
0.0
  0
TEXT
  5
A8F
330
1F
100
AcDbEntity
  8
DIM_ELEV
 62
     7
100
AcDbText
 10
36160.26047872566
 20
-21253.82785413508
 30
0.0
 40
297.5
  1
173.800
 41
0.7058823529411766
  7
_TCH_DIM
100
AcDbText
  0
LINE
  5
A90
330
1F
100
AcDbEntity
  8
DIM_ELEV
100
AcDbLine
 10
16716.34515855927
 20
-13122.42537556728
 30
0.0
 11
17016.34515855927
 21
-12822.42537556728
 31
0.0
  0
LINE
  5
A91
330
1F
100
AcDbEntity
  8
DIM_ELEV
100
AcDbLine
 10
16716.34515855927
 20
-13122.42537556728
 30
0.0
 11
16416.34515855927
 21
-12822.42537556728
 31
0.0
  0
LINE
  5
A92
330
1F
100
AcDbEntity
  8
DIM_ELEV
100
AcDbLine
 10
17787.56730439514
 20
-13122.42537556728
 30
0.0
 11
16416.34515855927
 21
-13122.42537556728
 31
0.0
  0
LINE
  5
A93
330
1F
100
AcDbEntity
  8
DIM_ELEV
100
AcDbLine
 10
17016.34515855927
 20
-12822.42537556728
 30
0.0
 11
15336.34515855927
 21
-12822.42537556728
 31
0.0
  0
TEXT
  5
A94
330
1F
100
AcDbEntity
  8
DIM_ELEV
 62
     7
100
AcDbText
 10
15394.34515855927
 20
-12717.42537556728
 30
0.0
 40
297.5
  1
169.800
 41
0.7058823529411766
  7
_TCH_DIM
100
AcDbText
  0
LINE
  5
A95
330
1F
100
AcDbEntity
  8
DIM_ELEV
100
AcDbLine
 10
41297.2695568595
 20
-13422.42537556728
 30
0.0
 11
40997.26955685951
 21
-13722.42537556728
 31
0.0
  0
LINE
  5
A96
330
1F
100
AcDbEntity
  8
DIM_ELEV
100
AcDbLine
 10
41297.2695568595
 20
-13422.42537556728
 30
0.0
 11
41597.2695568595
 21
-13722.42537556728
 31
0.0
  0
LINE
  5
A97
330
1F
100
AcDbEntity
  8
DIM_ELEV
100
AcDbLine
 10
40270.86337320366
 20
-13422.42537556728
 30
0.0
 11
41597.2695568595
 21
-13422.42537556728
 31
0.0
  0
LINE
  5
A98
330
1F
100
AcDbEntity
  8
DIM_ELEV
100
AcDbLine
 10
40997.26955685951
 20
-13722.42537556728
 30
0.0
 11
42493.2695568595
 21
-13722.42537556728
 31
0.0
  0
TEXT
  5
A99
330
1F
100
AcDbEntity
  8
DIM_ELEV
 62
     7
100
AcDbText
 10
41263.26955685951
 20
-14177.42537556728
 30
0.0
 40
297.5
  1
169.500
 41
0.7058823529411766
  7
_TCH_DIM
100
AcDbText
  0
LINE
  5
A9A
330
1F
100
AcDbEntity
  8
DIM_ELEV
100
AcDbLine
 10
16716.34515855927
 20
-13422.42537556728
 30
0.0
 11
17016.34515855927
 21
-13722.42537556728
 31
0.0
  0
LINE
  5
A9B
330
1F
100
AcDbEntity
  8
DIM_ELEV
100
AcDbLine
 10
16716.34515855927
 20
-13422.42537556728
 30
0.0
 11
16416.34515855927
 21
-13722.42537556728
 31
0.0
  0
LINE
  5
A9C
330
1F
100
AcDbEntity
  8
DIM_ELEV
100
AcDbLine
 10
17787.56730439514
 20
-13422.42537556728
 30
0.0
 11
16416.34515855927
 21
-13422.42537556728
 31
0.0
  0
LINE
  5
A9D
330
1F
100
AcDbEntity
  8
DIM_ELEV
100
AcDbLine
 10
17016.34515855927
 20
-13722.42537556728
 30
0.0
 11
15520.34515855927
 21
-13722.42537556728
 31
0.0
  0
TEXT
  5
A9E
330
1F
100
AcDbEntity
  8
DIM_ELEV
 62
     7
100
AcDbText
 10
15578.34515855927
 20
-14177.42537556728
 30
0.0
 40
297.5
  1
169.500
 41
0.7058823529411766
  7
_TCH_DIM
100
AcDbText
  0
DIMENSION
  5
A9F
330
1F
100
AcDbEntity
  8
TWT_DIM
100
AcDbDimension
280
     0
  2
*D136
 10
38023.66230962705
 20
-14843.54826707346
 30
0.0
 11
29173.66230962705
 21
-14568.54826707346
 31
0.0
 70
    33
 71
     5
 42
17700.0
 73
     0
 74
     0
 75
     0
  3
_TWT_ARCH&&100
100
AcDbAlignedDimension
 13
20323.66230962705
 23
-14586.0796253453
 33
0.0
 14
38023.66230962705
 24
-14586.0796253453
 34
0.0
  0
CIRCLE
  5
AA0
330
1F
100
AcDbEntity
  8
DIM_SYMB
 62
     7
100
AcDbCircle
 10
26130.42899571266
 20
-15934.04317858582
 30
0.0
 40
315.0
  0
TEXT
  5
AA1
330
1F
100
AcDbEntity
  8
DIM_SYMB
 62
     7
100
AcDbText
 10
26042.70972514525
 20
-16101.45384004805
 30
0.0
 40
334.8213229240463
  1
D
 41
0.7327485380131509
  7
biaotilan
 72
     5
 11
26218.14826628007
 21
-16101.45384004805
 31
0.0
100
AcDbText
  0
TEXT
  5
AA2
330
1F
100
AcDbEntity
  8
DIM_SYMB
 62
     7
100
AcDbText
 10
26480.42899571266
 20
-16214.04317858582
 30
0.0
 40
528.6919831223628
  1
~
 41
0.7
  7
biaotilan
100
AcDbText
  0
CIRCLE
  5
AA3
330
1F
100
AcDbEntity
  8
DIM_SYMB
 62
     7
100
AcDbCircle
 10
27095.07034592377
 20
-15934.04317858582
 30
0.0
 40
315.0
  0
TEXT
  5
AA4
330
1F
100
AcDbEntity
  8
DIM_SYMB
 62
     7
100
AcDbText
 10
27008.93581129983
 20
-16102.27469152305
 30
0.0
 40
336.4630258743723
  1
A
 41
0.7160000000008333
  7
biaotilan
 72
     5
 11
27181.20488054771
 21
-16102.27469152305
 31
0.0
100
AcDbText
  0
TEXT
  5
AA5
330
1F
100
AcDbEntity
  8
DIM_SYMB
 62
     7
100
AcDbText
 10
27445.07034592377
 20
-16214.04317858582
 30
0.0
 40
528.6919831223628
  1
轴立面图
 41
0.7
  7
biaotilan
100
AcDbText
  0
TEXT
  5
AA6
330
1F
100
AcDbEntity
  8
DIM_SYMB
 62
     7
100
AcDbText
 10
29916.04081005836
 20
-16214.04317858582
 30
0.0
 40
377.6371308016877
  1
1:100
 41
0.7
  7
biaotilan
100
AcDbText
  0
LWPOLYLINE
  5
AA7
330
1F
100
AcDbEntity
  8
DIM_SYMB
100
AcDbPolyline
 90
        2
 70
     0
 43
70.0
 10
25780.42899571266
 20
-16433.79001402901
 10
30899.16317292769
 20
-16433.79001402901
  0
LWPOLYLINE
  5
AA8
330
1F
100
AcDbEntity
  8
DIM_SYMB
100
AcDbPolyline
 90
        2
 70
     0
 43
0.0
 10
25780.42899571266
 20
-16573.79001402901
 10
30899.16317292769
 20
-16573.79001402901
  0
LINE
  5
AA9
330
1F
100
AcDbEntity
  8
AXIS
100
AcDbLine
 10
20323.66230962705
 20
-14186.0796253453
 30
0.0
 11
20323.66230962705
 21
-15093.54826707346
 31
0.0
  0
INSERT
  5
AAA
330
1F
100
AcDbEntity
  8
AXIS
100
AcDbBlockReference
 66
     1
  2
_AXISO
 10
20323.66230962705
 20
-15493.54826707346
 30
0.0
 41
800.0
 42
800.0
 43
800.0
  0
ATTRIB
  5
AAB
330
AAA
100
AcDbEntity
  8
AXIS_TEXT
100
AcDbText
 10
20147.48680560011
 20
-15711.17683087149
 30
0.0
 40
435.2571275961919
  1
D
  7
_TCH_AXIS
 72
     5
 11
20499.83781365398
 21
-15711.17683087149
 31
0.0
100
AcDbAttribute
280
     0
  2
A
 70
     0
280
     0
  0
SEQEND
  5
AAC
330
AAA
100
AcDbEntity
  8
AXIS
  0
LINE
  5
AAD
330
1F
100
AcDbEntity
  8
AXIS
100
AcDbLine
 10
38023.66230962705
 20
-14186.0796253453
 30
0.0
 11
38023.66230962705
 21
-15093.54826707346
 31
0.0
  0
INSERT
  5
AAE
330
1F
100
AcDbEntity
  8
AXIS
100
AcDbBlockReference
 66
     1
  2
_AXISO
 10
38023.66230962705
 20
-15493.54826707346
 30
0.0
 41
800.0
 42
800.0
 43
800.0
  0
ATTRIB
  5
AAF
330
AAE
100
AcDbEntity
  8
AXIS_TEXT
100
AcDbText
 10
37841.44072505925
 20
-15706.14011573558
 30
0.0
 40
425.1836973245661
  1
A
  7
_TCH_AXIS
 72
     5
 11
38205.88389419485
 21
-15706.14011573558
 31
0.0
100
AcDbAttribute
280
     0
  2
A
 70
     0
280
     0
  0
SEQEND
  5
AB0
330
AAE
100
AcDbEntity
  8
AXIS
  0
DIMENSION
  5
AB1
330
1F
100
AcDbEntity
  8
PUB_DIM
100
AcDbDimension
280
     0
  2
*D137
 10
18489.735954945
 20
-13122.42537556729
 30
0.0
 11
18214.73595494404
 21
-13792.42537556728
 31
0.0
 70
   161
 71
     5
 42
300.0
 73
     0
 74
     0
 75
     0
  3
_TCH_ARCH&&100
100
AcDbAlignedDimension
 13
19218.02426291443
 23
-13422.42537556728
 33
0.0
 14
19218.02426291443
 24
-13122.42537556728
 34
0.0
  0
DIMENSION
  5
AB2
330
1F
100
AcDbEntity
  8
PUB_DIM
100
AcDbDimension
280
     0
  2
*D138
 10
18489.735954945
 20
-12122.42537556728
 30
0.0
 11
18214.73595494499
 21
-12622.42537556729
 31
0.0
 70
    33
 71
     5
 42
1000.000000000001
 73
     0
 74
     0
 75
     0
  3
_TCH_ARCH&&100
100
AcDbAlignedDimension
 13
19218.02426291443
 23
-13122.42537556728
 33
0.0
 14
19218.02426291443
 24
-12122.42537556728
 34
0.0
  0
DIMENSION
  5
AB3
330
1F
100
AcDbEntity
  8
PUB_DIM
100
AcDbDimension
280
     0
  2
*D139
 10
18489.735954945
 20
-10322.42537556729
 30
0.0
 11
18214.73595494499
 21
-11222.42537556729
 31
0.0
 70
    33
 71
     5
 42
1800.0
 73
     0
 74
     0
 75
     0
  3
_TCH_ARCH&&100
100
AcDbAlignedDimension
 13
19218.02426291443
 23
-12122.42537556728
 33
0.0
 14
19218.02426291443
 24
-10322.42537556728
 34
0.0
  0
DIMENSION
  5
AB4
330
1F
100
AcDbEntity
  8
PUB_DIM
100
AcDbDimension
280
     0
  2
*D140
 10
18489.735954945
 20
-9422.425375567287
 30
0.0
 11
18214.73595494499
 21
-9872.42537556729
 31
0.0
 70
    33
 71
     5
 42
900.0
 73
     0
 74
     0
 75
     0
  3
_TCH_ARCH&&100
100
AcDbAlignedDimension
 13
19218.02426291443
 23
-10322.42537556728
 33
0.0
 14
19218.02426291443
 24
-9422.425375567284
 34
0.0
  0
DIMENSION
  5
AB5
330
1F
100
AcDbEntity
  8
PUB_DIM
100
AcDbDimension
280
     0
  2
*D141
 10
18489.735954945
 20
-9122.425375567287
 30
0.0
 11
17864.73595494404
 21
-9272.425375567284
 31
0.0
 70
   161
 71
     5
 42
300.0
 73
     0
 74
     0
 75
     0
  3
_TCH_ARCH&&100
100
AcDbAlignedDimension
 13
19218.02426291443
 23
-9422.425375567284
 33
0.0
 14
19218.02426291443
 24
-9122.425375567283
 34
0.0
  0
DIMENSION
  5
AB6
330
1F
100
AcDbEntity
  8
PUB_DIM
100
AcDbDimension
280
     0
  2
*D142
 10
18489.735954945
 20
-8722.42537556589
 30
0.0
 11
18214.73595494404
 21
-8352.425375565886
 31
0.0
 70
   161
 71
     5
 42
400.000000001397
 73
     0
 74
     0
 75
     0
  3
_TCH_ARCH&&100
100
AcDbAlignedDimension
 13
19218.02426291443
 23
-9122.425375567283
 33
0.0
 14
19218.02426291443
 24
-8722.425375565887
 34
0.0
  0
DIMENSION
  5
AB7
330
1F
100
AcDbEntity
  8
PUB_DIM
100
AcDbDimension
280
     0
  2
*D143
 10
40097.98415324469
 20
-13122.42537556729
 30
0.0
 11
39711.57128709834
 21
-13272.42537556728
 31
0.0
 70
   161
 71
     5
 42
300.0
 73
     0
 74
     0
 75
     0
  3
_TCH_ARCH&&100
100
AcDbAlignedDimension
 13
39286.36172579322
 23
-13422.42537556728
 33
0.0
 14
39286.36172579322
 24
-13122.42537556728
 34
0.0
  0
DIMENSION
  5
AB8
330
1F
100
AcDbEntity
  8
PUB_DIM
100
AcDbDimension
280
     0
  2
*D144
 10
40097.98415324469
 20
-10722.42537556729
 30
0.0
 11
39822.98415324468
 21
-11922.42537556729
 31
0.0
 70
    33
 71
     5
 42
2400.000000000002
 73
     0
 74
     0
 75
     0
  3
_TCH_ARCH&&100
100
AcDbAlignedDimension
 13
39286.36172579322
 23
-13122.42537556728
 33
0.0
 14
39286.36172579322
 24
-10722.42537556728
 34
0.0
  0
DIMENSION
  5
AB9
330
1F
100
AcDbEntity
  8
PUB_DIM
100
AcDbDimension
280
     0
  2
*D145
 10
40097.98415324469
 20
-10092.45961867645
 30
0.0
 11
39822.98415324468
 21
-10407.44249712188
 31
0.0
 70
    33
 71
     5
 42
629.9657568908296
 73
     0
 74
     0
 75
     0
  3
_TCH_ARCH&&100
100
AcDbAlignedDimension
 13
39286.36172579322
 23
-10722.42537556728
 33
0.0
 14
39286.36172579322
 24
-10092.45961867645
 34
0.0
  0
DIMENSION
  5
ABA
330
1F
100
AcDbEntity
  8
PUB_DIM
100
AcDbDimension
280
     0
  2
*D146
 10
40097.98415324469
 20
-9422.425375567287
 30
0.0
 11
39822.98415324468
 21
-9757.442497121882
 31
0.0
 70
    33
 71
     5
 42
670.0342431091703
 73
     0
 74
     0
 75
     0
  3
_TCH_ARCH&&100
100
AcDbAlignedDimension
 13
39286.36172579322
 23
-10092.45961867645
 33
0.0
 14
39286.36172579322
 24
-9422.425375567284
 34
0.0
  0
DIMENSION
  5
ABB
330
1F
100
AcDbEntity
  8
PUB_DIM
100
AcDbDimension
280
     0
  2
*D147
 10
40097.98415324469
 20
-9122.425375567287
 30
0.0
 11
39472.98415324371
 21
-9272.425375567284
 31
0.0
 70
   161
 71
     5
 42
300.0
 73
     0
 74
     0
 75
     0
  3
_TCH_ARCH&&100
100
AcDbAlignedDimension
 13
39286.36172579322
 23
-9422.425375567284
 33
0.0
 14
39286.36172579322
 24
-9122.425375567283
 34
0.0
  0
DIMENSION
  5
ABC
330
1F
100
AcDbEntity
  8
PUB_DIM
100
AcDbDimension
280
     0
  2
*D148
 10
40097.98415324469
 20
-8722.42537556589
 30
0.0
 11
39822.98415324371
 21
-8352.425375565886
 31
0.0
 70
   161
 71
     5
 42
400.000000001397
 73
     0
 74
     0
 75
     0
  3
_TCH_ARCH&&100
100
AcDbAlignedDimension
 13
39286.36172579322
 23
-9122.425375567283
 33
0.0
 14
39286.36172579322
 24
-8722.425375565887
 34
0.0
  0
DIMENSION
  5
ABD
330
1F
100
AcDbEntity
  8
PUB_DIM
100
AcDbDimension
280
     0
  2
*D149
 10
17787.56730439609
 20
-13122.42537556729
 30
0.0
 11
17512.56730439608
 21
-13272.42537556729
 31
0.0
 70
    33
 71
     5
 42
300.0
 73
     0
 74
     0
 75
     0
  3
_TCH_ARCH&&100
100
AcDbAlignedDimension
 13
18918.02426291443
 23
-13422.42537556728
 33
0.0
 14
18918.02426291443
 24
-13122.42537556728
 34
0.0
  0
DIMENSION
  5
ABE
330
1F
100
AcDbEntity
  8
PUB_DIM
100
AcDbDimension
280
     0
  2
*D150
 10
17787.56730439609
 20
-9122.425375567287
 30
0.0
 11
17512.56730439608
 21
-11122.42537556729
 31
0.0
 70
    33
 71
     5
 42
4000.000000000002
 73
     0
 74
     0
 75
     0
  3
_TCH_ARCH&&100
100
AcDbAlignedDimension
 13
18918.02426291443
 23
-13122.42537556728
 33
0.0
 14
18918.02426291443
 24
-9122.425375567283
 34
0.0
  0
LINE
  5
ABF
330
1F
100
AcDbEntity
  8
DIM_ELEV
100
AcDbLine
 10
16716.34515855927
 20
-9122.425375567283
 30
0.0
 11
17016.34515855927
 21
-8822.425375567283
 31
0.0
  0
LINE
  5
AC0
330
1F
100
AcDbEntity
  8
DIM_ELEV
100
AcDbLine
 10
16716.34515855927
 20
-9122.425375567283
 30
0.0
 11
16416.34515855927
 21
-8822.425375567283
 31
0.0
  0
LINE
  5
AC1
330
1F
100
AcDbEntity
  8
DIM_ELEV
100
AcDbLine
 10
17787.56730439514
 20
-9122.425375567283
 30
0.0
 11
16416.34515855927
 21
-9122.425375567283
 31
0.0
  0
LINE
  5
AC2
330
1F
100
AcDbEntity
  8
DIM_ELEV
100
AcDbLine
 10
17016.34515855927
 20
-8822.425375567283
 30
0.0
 11
15336.34515855927
 21
-8822.425375567283
 31
0.0
  0
TEXT
  5
AC3
330
1F
100
AcDbEntity
  8
DIM_ELEV
 62
     7
100
AcDbText
 10
15404.34515855927
 20
-8717.425375567284
 30
0.0
 40
297.5
  1
173.800
 41
0.7058823529411766
  7
_TCH_DIM
100
AcDbText
  0
DIMENSION
  5
AC4
330
1F
100
AcDbEntity
  8
PUB_DIM
100
AcDbDimension
280
     0
  2
*D151
 10
40721.3527333462
 20
-13122.42537556729
 30
0.0
 11
40446.3527333462
 21
-13272.4253755673
 31
0.0
 70
    33
 71
     5
 42
300.0
 73
     0
 74
     0
 75
     0
  3
_TCH_ARCH&&100
100
AcDbAlignedDimension
 13
39586.36172579322
 23
-13422.42537556728
 33
0.0
 14
39586.36172579322
 24
-13122.42537556728
 34
0.0
  0
DIMENSION
  5
AC5
330
1F
100
AcDbEntity
  8
PUB_DIM
100
AcDbDimension
280
     0
  2
*D152
 10
40721.3527333462
 20
-9122.425375567287
 30
0.0
 11
40446.3527333462
 21
-11122.42537556729
 31
0.0
 70
    33
 71
     5
 42
4000.000000000002
 73
     0
 74
     0
 75
     0
  3
_TCH_ARCH&&100
100
AcDbAlignedDimension
 13
39586.36172579322
 23
-13122.42537556728
 33
0.0
 14
39586.36172579322
 24
-9122.425375567283
 34
0.0
  0
LINE
  5
AC6
330
1F
100
AcDbEntity
  8
DIM_ELEV
100
AcDbLine
 10
41297.2695568595
 20
-13122.42537556728
 30
0.0
 11
40997.26955685951
 21
-12822.42537556728
 31
0.0
  0
LINE
  5
AC7
330
1F
100
AcDbEntity
  8
DIM_ELEV
100
AcDbLine
 10
41297.2695568595
 20
-13122.42537556728
 30
0.0
 11
41597.2695568595
 21
-12822.42537556728
 31
0.0
  0
LINE
  5
AC8
330
1F
100
AcDbEntity
  8
DIM_ELEV
100
AcDbLine
 10
40721.35273334477
 20
-13122.42537556728
 30
0.0
 11
41597.2695568595
 21
-13122.42537556728
 31
0.0
  0
LINE
  5
AC9
330
1F
100
AcDbEntity
  8
DIM_ELEV
100
AcDbLine
 10
40997.26955685951
 20
-12822.42537556728
 30
0.0
 11
42677.26955685951
 21
-12822.42537556728
 31
0.0
  0
TEXT
  5
ACA
330
1F
100
AcDbEntity
  8
DIM_ELEV
 62
     7
100
AcDbText
 10
41447.26955685951
 20
-12717.42537556728
 30
0.0
 40
297.5
  1
169.800
 41
0.7058823529411766
  7
_TCH_DIM
100
AcDbText
  0
LINE
  5
ACB
330
1F
100
AcDbEntity
  8
DIM_ELEV
100
AcDbLine
 10
41297.2695568595
 20
-9122.425375567283
 30
0.0
 11
40997.26955685951
 21
-8822.425375567283
 31
0.0
  0
LINE
  5
ACC
330
1F
100
AcDbEntity
  8
DIM_ELEV
100
AcDbLine
 10
41297.2695568595
 20
-9122.425375567283
 30
0.0
 11
41597.2695568595
 21
-8822.425375567283
 31
0.0
  0
LINE
  5
ACD
330
1F
100
AcDbEntity
  8
DIM_ELEV
100
AcDbLine
 10
40721.35273334477
 20
-9122.425375567283
 30
0.0
 11
41597.2695568595
 21
-9122.425375567283
 31
0.0
  0
LINE
  5
ACE
330
1F
100
AcDbEntity
  8
DIM_ELEV
100
AcDbLine
 10
40997.26955685951
 20
-8822.425375567283
 30
0.0
 11
42677.26955685951
 21
-8822.425375567283
 31
0.0
  0
TEXT
  5
ACF
330
1F
100
AcDbEntity
  8
DIM_ELEV
 62
     7
100
AcDbText
 10
41447.26955685951
 20
-8717.425375567284
 30
0.0
 40
297.5
  1
173.800
 41
0.7058823529411766
  7
_TCH_DIM
100
AcDbText
  0
LINE
  5
AD0
330
1F
100
AcDbEntity
  8
DIM_LEAD
100
AcDbLine
 10
26116.3106450662
 20
-9650.845673921518
 30
0.0
 11
26116.3106450662
 21
-7425.439980810508
 31
0.0
  0
LINE
  5
AD1
330
1F
100
AcDbEntity
  8
DIM_LEAD
100
AcDbLine
 10
26116.3106450662
 20
-9294.144666028209
 30
0.0
 11
26116.3106450662
 21
-7425.439980810508
 31
0.0
  0
LWPOLYLINE
  5
AD2
330
1F
100
AcDbEntity
  8
DIM_LEAD
100
AcDbPolyline
 90
        2
 70
     1
 43
40.0
 10
26116.3106450662
 20
-9670.845673921519
 42
1.0
 10
26116.3106450662
 20
-9630.84567392152
 42
1.0
  0
LWPOLYLINE
  5
AD3
330
1F
100
AcDbEntity
  8
DIM_LEAD
100
AcDbPolyline
 90
        2
 70
     1
 43
40.0
 10
26116.3106450662
 20
-9314.144666028209
 42
1.0
 10
26116.3106450662
 20
-9274.14466602821
 42
1.0
  0
TEXT
  5
AD4
330
1F
100
AcDbEntity
  8
DIM_LEAD
 62
     7
100
AcDbText
 10
29014.86857219553
 20
-7298.099555278662
 30
0.0
 40
337.5886524822695
  1
白色真石漆
  7
_TCH_DIM
100
AcDbText
  0
TEXT
  5
AD5
330
1F
100
AcDbEntity
  8
DIM_LEAD
 62
     7
100
AcDbText
 10
26472.9536785786
 20
-7854.376151023434
 30
0.0
 40
297.5
  1
b*h=900*600
 41
0.7058823529411766
  7
_TCH_DIM
100
AcDbText
  0
TEXT
  5
AD6
330
1F
100
AcDbEntity
  8
DIM_LEAD
 62
     7
100
AcDbText
 10
28632.9536785786
 20
-7854.376151023434
 30
0.0
 40
337.5886524822695
  1
勾缝，缝宽
  7
_TCH_DIM
100
AcDbText
  0
TEXT
  5
AD7
330
1F
100
AcDbEntity
  8
DIM_LEAD
 62
     7
100
AcDbText
 10
29861.67708283383
 20
-7854.376151023434
 30
0.0
 40
297.5
  1
10
 41
0.7058823529411766
  7
_TCH_DIM
100
AcDbText
  0
LINE
  5
AD8
330
1F
100
AcDbEntity
  8
DIM_LEAD
100
AcDbLine
 10
26116.3106450662
 20
-7425.439980810508
 30
0.0
 11
30266.67708283384
 21
-7425.439980810508
 31
0.0
  0
LINE
  5
AD9
330
1F
100
AcDbEntity
  8
DIM_LEAD
100
AcDbLine
 10
24622.54075900838
 20
-8949.602414753288
 30
0.0
 11
24622.54075900838
 21
-8242.783067324198
 31
0.0
  0
LWPOLYLINE
  5
ADA
330
1F
100
AcDbEntity
  8
DIM_LEAD
100
AcDbPolyline
 90
        2
 70
     1
 43
40.0
 10
24622.54075900838
 20
-8969.602414753287
 42
1.0
 10
24622.54075900838
 20
-8929.602414753288
 42
1.0
  0
TEXT
  5
ADB
330
1F
100
AcDbEntity
  8
DIM_LEAD
 62
     7
100
AcDbText
 10
23088.18288641051
 20
-8115.442641792354
 30
0.0
 40
337.5886524822695
  1
青灰色屋面瓦
  7
_TCH_DIM
100
AcDbText
  0
LINE
  5
ADC
330
1F
100
AcDbEntity
  8
DIM_LEAD
100
AcDbLine
 10
24622.54075900838
 20
-8242.783067324198
 30
0.0
 11
22983.18288641051
 21
-8242.783067324198
 31
0.0
  0
LINE
  5
ADD
330
1F
100
AcDbEntity
  8
DIM_LEAD
100
AcDbLine
 10
28952.32796259131
 20
-22228.49832172645
 30
0.0
 11
28952.32796259131
 21
-20003.09262861591
 31
0.0
  0
LINE
  5
ADE
330
1F
100
AcDbEntity
  8
DIM_LEAD
100
AcDbLine
 10
28952.32796259131
 20
-21871.79731383361
 30
0.0
 11
28952.32796259131
 21
-20003.09262861591
 31
0.0
  0
LWPOLYLINE
  5
ADF
330
1F
100
AcDbEntity
  8
DIM_LEAD
100
AcDbPolyline
 90
        2
 70
     1
 43
40.0
 10
28952.32796259131
 20
-22248.49832172645
 42
1.0
 10
28952.32796259131
 20
-22208.49832172645
 42
1.0
  0
LWPOLYLINE
  5
AE0
330
1F
100
AcDbEntity
  8
DIM_LEAD
100
AcDbPolyline
 90
        2
 70
     1
 43
40.0
 10
28952.32796259131
 20
-21891.79731383361
 42
1.0
 10
28952.32796259131
 20
-21851.79731383361
 42
1.0
  0
TEXT
  5
AE1
330
1F
100
AcDbEntity
  8
DIM_LEAD
 62
     7
100
AcDbText
 10
31850.88588972064
 20
-19875.75220308406
 30
0.0
 40
337.5886524822695
  1
白色真石漆
  7
_TCH_DIM
100
AcDbText
  0
TEXT
  5
AE2
330
1F
100
AcDbEntity
  8
DIM_LEAD
 62
     7
100
AcDbText
 10
29308.97099610372
 20
-20432.02879882883
 30
0.0
 40
297.5
  1
b*h=900*600
 41
0.7058823529411766
  7
_TCH_DIM
100
AcDbText
  0
TEXT
  5
AE3
330
1F
100
AcDbEntity
  8
DIM_LEAD
 62
     7
100
AcDbText
 10
31468.97099610372
 20
-20432.02879882883
 30
0.0
 40
337.5886524822695
  1
勾缝，缝宽
  7
_TCH_DIM
100
AcDbText
  0
TEXT
  5
AE4
330
1F
100
AcDbEntity
  8
DIM_LEAD
 62
     7
100
AcDbText
 10
32697.69440035894
 20
-20432.02879882883
 30
0.0
 40
297.5
  1
10
 41
0.7058823529411766
  7
_TCH_DIM
100
AcDbText
  0
LINE
  5
AE5
330
1F
100
AcDbEntity
  8
DIM_LEAD
100
AcDbLine
 10
28952.32796259131
 20
-20003.09262861591
 30
0.0
 11
33102.69440035895
 21
-20003.09262861591
 31
0.0
  0
LINE
  5
AE6
330
1F
100
AcDbEntity
  8
DIM_LEAD
100
AcDbLine
 10
27458.55807653349
 20
-21527.25506255869
 30
0.0
 11
27458.55807653349
 21
-20820.43571512913
 31
0.0
  0
LWPOLYLINE
  5
AE7
330
1F
100
AcDbEntity
  8
DIM_LEAD
100
AcDbPolyline
 90
        2
 70
     1
 43
40.0
 10
27458.55807653349
 20
-21547.25506255869
 42
1.0
 10
27458.55807653349
 20
-21507.25506255869
 42
1.0
  0
TEXT
  5
AE8
330
1F
100
AcDbEntity
  8
DIM_LEAD
 62
     7
100
AcDbText
 10
25924.20020393562
 20
-20693.09528959729
 30
0.0
 40
337.5886524822695
  1
青灰色屋面瓦
  7
_TCH_DIM
100
AcDbText
  0
LINE
  5
AE9
330
1F
100
AcDbEntity
  8
DIM_LEAD
100
AcDbLine
 10
27458.55807653349
 20
-20820.43571512913
 30
0.0
 11
25819.20020393562
 21
-20820.43571512913
 31
0.0
  0
DIMENSION
  5
AEA
330
1F
100
AcDbEntity
  8
YHJ_尺寸_公标
100
AcDbDimension
280
     0
  2
*D153
 10
-13302.38196247677
 20
-13177.19516272331
 30
0.0
 11
-13508.63196247677
 21
-13677.19516272331
 31
0.0
 70
    33
 71
     5
 42
1000.0
 73
     0
 74
     0
 75
     0
  3
_TCH_ARCH_MM_M&&75
100
AcDbAlignedDimension
 13
-12700.13201684272
 23
-14177.1951627233
 33
0.0
 14
-12700.13201684272
 24
-13177.1951627233
 34
0.0
  0
DIMENSION
  5
AEB
330
1F
100
AcDbEntity
  8
YHJ_尺寸_公标
100
AcDbDimension
280
     0
  2
*D154
 10
-13302.38196247677
 20
-11377.19516272331
 30
0.0
 11
-13508.63196247676
 21
-12277.1951627233
 31
0.0
 70
    33
 71
     5
 42
1800.000000000002
 73
     0
 74
     0
 75
     0
  3
_TCH_ARCH_MM_M&&75
100
AcDbAlignedDimension
 13
-12700.13201684272
 23
-13177.1951627233
 33
0.0
 14
-12700.13201684272
 24
-11377.19516272331
 34
0.0
  0
DIMENSION
  5
AEC
330
1F
100
AcDbEntity
  8
YHJ_尺寸_公标
100
AcDbDimension
280
     0
  2
*D155
 10
-13302.38196247677
 20
-10177.19516272331
 30
0.0
 11
-13508.63196247676
 21
-10777.1951627233
 31
0.0
 70
    33
 71
     5
 42
1200.0
 73
     0
 74
     0
 75
     0
  3
_TCH_ARCH_MM_M&&75
100
AcDbAlignedDimension
 13
-12700.13201684272
 23
-11377.19516272331
 33
0.0
 14
-12700.13201684272
 24
-10177.1951627233
 34
0.0
  0
DIMENSION
  5
AED
330
1F
100
AcDbEntity
  8
YHJ_尺寸_公标
100
AcDbDimension
280
     0
  2
*D156
 10
33562.0992011745
 20
-12122.42537556728
 30
0.0
 11
33355.84920117449
 21
-12622.42537556729
 31
0.0
 70
    33
 71
     5
 42
1000.000000000001
 73
     0
 74
     0
 75
     0
  3
_TCH_ARCH_MM_M&&75
100
AcDbAlignedDimension
 13
34123.66230962705
 23
-13122.42537556728
 33
0.0
 14
34123.66230962705
 24
-12122.42537556728
 34
0.0
  0
DIMENSION
  5
AEE
330
1F
100
AcDbEntity
  8
YHJ_尺寸_公标
100
AcDbDimension
280
     0
  2
*D157
 10
33562.0992011745
 20
-10322.42537556729
 30
0.0
 11
33355.84920117449
 21
-11222.42537556729
 31
0.0
 70
    33
 71
     5
 42
1800.0
 73
     0
 74
     0
 75
     0
  3
_TCH_ARCH_MM_M&&75
100
AcDbAlignedDimension
 13
34123.66230962705
 23
-12122.42537556728
 33
0.0
 14
34123.66230962705
 24
-10322.42537556728
 34
0.0
  0
DIMENSION
  5
AEF
330
1F
100
AcDbEntity
  8
YHJ_尺寸_公标
100
AcDbDimension
280
     0
  2
*D158
 10
33562.0992011745
 20
-9122.425375567287
 30
0.0
 11
33355.84920117449
 21
-9722.425375567295
 31
0.0
 70
    33
 71
     5
 42
1200.0
 73
     0
 74
     0
 75
     0
  3
_TCH_ARCH_MM_M&&75
100
AcDbAlignedDimension
 13
34123.66230962705
 23
-10322.42537556728
 33
0.0
 14
34123.66230962705
 24
-9122.425375567283
 34
0.0
  0
LWPOLYLINE
  5
1177
330
1F
100
AcDbEntity
  8
YHJ_门窗框
100
AcDbPolyline
 90
        2
 70
     0
 43
0.0
 10
5955.995140334126
 20
2496.100723119452
 10
5955.995140334126
 20
1593.254890988755
  0
LWPOLYLINE
  5
1178
330
1F
100
AcDbEntity
  8
YHJ_门窗框
100
AcDbPolyline
 90
        2
 70
     0
 43
0.0
 10
6205.995140334126
 20
2496.100723119452
 10
6205.995140334126
 20
1593.254890988755
  0
LWPOLYLINE
  5
1179
330
1F
100
AcDbEntity
  8
YHJ_门窗框
100
AcDbPolyline
 90
        2
 70
     0
 43
0.0
 10
6055.995140334125
 20
2496.100723119452
 10
6055.995140334125
 20
1593.254890988755
  0
LWPOLYLINE
  5
117A
330
1F
100
AcDbEntity
  8
YHJ_门窗框
100
AcDbPolyline
 90
        2
 70
     0
 43
0.0
 10
6105.995140334126
 20
2496.100723119452
 10
6105.995140334126
 20
1593.254890988755
  0
LINE
  5
117B
330
1F
100
AcDbEntity
  8
DIM_LEAD
100
AcDbLine
 10
6205.995140334126
 20
2040.036695468298
 30
0.0
 11
6698.845147787594
 21
2400.329505106958
 31
0.0
  0
TEXT
  5
117C
102
{ACAD_REACTORS
330
119E
102
}
330
1F
100
AcDbEntity
  8
DIM_LEAD
 62
     7
100
AcDbText
 10
6670.85085147759
 20
2531.393334894034
 30
0.0
 40
337.5886524822695
  1
门
  7
_TCH_DIM
100
AcDbText
  0
LINE
  5
117D
330
1F
100
AcDbEntity
  8
DIM_LEAD
100
AcDbLine
 10
6698.845147787594
 20
2400.329505106958
 30
0.0
 11
7371.499202066567
 21
2400.329505106958
 31
0.0
  0
LINE
  5
1180
330
1F
100
AcDbEntity
  8
DIM_LEAD
100
AcDbLine
 10
5833.540103227411
 20
3077.087959534468
 30
0.0
 11
5340.690095773943
 21
3437.380769173129
 31
0.0
  0
TEXT
  5
1181
102
{ACAD_REACTORS
330
119E
102
}
330
1F
100
AcDbEntity
  8
DIM_LEAD
 62
     7
100
AcDbText
 10
4624.52194265198
 20
3568.444598960204
 30
0.0
 40
337.5886524822695
  1
雨篷
  7
_TCH_DIM
100
AcDbText
  0
LINE
  5
1182
330
1F
100
AcDbEntity
  8
DIM_LEAD
100
AcDbLine
 10
5340.690095773943
 20
3437.380769173129
 30
0.0
 11
4668.03604149497
 21
3437.380769173129
 31
0.0
  0
HATCH
  5
11B2
330
1F
100
AcDbEntity
  8
YHG_填充
100
AcDbHatch
 10
0.0
 20
0.0
 30
0.0
210
0.0
220
0.0
230
1.0
  2
ANSI31
 70
     0
 71
     1
 91
        1
 92
        7
 72
     0
 73
     1
 93
        6
 10
5955.995140334126
 20
3126.066480009351
 10
4755.995140333194
 20
2646.100723119453
 10
4755.995140333194
 20
2596.100723119453
 10
4855.995140333194
 20
2596.100723119453
 10
4855.995140333194
 20
2496.100723119452
 10
5955.995140334126
 20
2496.100723119452
 97
        1
330
281
 75
     1
 76
     1
 52
0.0
 41
500.0
 77
     0
 78
     1
 53
45.0
 43
0.0
 44
0.0
 45
-44.19417382415922
 46
44.19417382415922
 79
     0
 47
0.9332476998935552
 98
        1
 10
5555.489031540695
 20
2803.108701664547
1001
GradientColor1ACI
1070
     5
1001
GradientColor2ACI
1070
     2
1001
ACAD
1010
0.0
1020
0.0
1030
0.0
  0
ENDSEC
  0
SECTION
  2
OBJECTS
  0
DICTIONARY
  5
C
330
0
100
AcDbDictionary
281
     1
  3
ACAD_CIP_PREVIOUS_PRODUCT_INFO
350
1A5
  3
ACAD_COLOR
350
73
  3
ACAD_DETAILVIEWSTYLE
350
1AB
  3
ACAD_GROUP
350
D
  3
ACAD_LAYOUT
350
1A
  3
ACAD_MATERIAL
350
72
  3
ACAD_MLEADERSTYLE
350
D7
  3
ACAD_MLINESTYLE
350
17
  3
ACAD_PLOTSETTINGS
350
19
  3
ACAD_PLOTSTYLENAME
350
E
  3
ACAD_SCALELIST
350
B6
  3
ACAD_SECTIONVIEWSTYLE
350
1A8
  3
ACAD_TABLESTYLE
350
86
  3
ACAD_VISUALSTYLE
350
99
  3
ACDB_RECOMPOSE_DATA
350
11BB
  3
AcDbVariableDictionary
350
66
  0
DICTIONARY
  5
18E
330
2
100
AcDbDictionary
280
     1
281
     1
  3
ACAD_LAYERSTATES
360
18F
  0
DICTIONARY
  5
E6
330
10
100
AcDbDictionary
280
     1
281
     1
  0
DICTIONARY
  5
228
330
227
100
AcDbDictionary
280
     1
281
     1
  0
DICTIONARY
  5
22A
330
229
100
AcDbDictionary
280
     1
281
     1
  0
DICTIONARY
  5
22C
330
22B
100
AcDbDictionary
280
     1
281
     1
  0
DICTIONARY
  5
22E
330
22D
100
AcDbDictionary
280
     1
281
     1
  0
DICTIONARY
  5
6B2
330
6B1
100
AcDbDictionary
280
     1
281
     1
  0
DICTIONARY
  5
6B5
330
6B4
100
AcDbDictionary
280
     1
281
     1
  0
DICTIONARY
  5
15D
330
1F
100
AcDbDictionary
280
     1
281
     1
  3
ACAD_SORTENTS
360
1168
  0
DICTIONARY
  5
21F
330
21E
100
AcDbDictionary
280
     1
281
     1
  0
DICTIONARY
  5
279
330
244
100
AcDbDictionary
280
     1
281
     1
  3
ACAD_SORTENTS
360
27A
  0
DICTIONARY
  5
2F6
330
2F5
100
AcDbDictionary
280
     1
281
     1
  3
ACAD_SORTENTS
360
2F7
  0
XRECORD
  5
1A5
102
{ACAD_REACTORS
330
C
102
}
330
C
100
AcDbXrecord
280
     1
300
ACD
300
2020
300

  0
DICTIONARY
  5
73
102
{ACAD_REACTORS
330
C
102
}
330
C
100
AcDbDictionary
281
     1
  0
DICTIONARY
  5
1AB
102
{ACAD_REACTORS
330
C
102
}
330
C
100
AcDbDictionary
281
     1
  3
Imperial24
350
1AC
  3
Metric50
350
243
  0
DICTIONARY
  5
D
102
{ACAD_REACTORS
330
C
102
}
330
C
100
AcDbDictionary
281
     1
  0
DICTIONARY
  5
1A
102
{ACAD_REACTORS
330
C
102
}
330
C
100
AcDbDictionary
281
     1
  3
Model
350
22
  3
布局1
350
59
  3
布局2
350
5E
  0
DICTIONARY
  5
72
102
{ACAD_REACTORS
330
C
102
}
330
C
100
AcDbDictionary
281
     1
  3
ByBlock
350
97
  3
ByLayer
350
96
  3
Global
350
98
  0
DICTIONARY
  5
D7
102
{ACAD_REACTORS
330
C
102
}
330
C
100
AcDbDictionary
281
     1
  3
Annotative
350
E5
  3
Standard
350
D8
  0
DICTIONARY
  5
17
102
{ACAD_REACTORS
330
C
102
}
330
C
100
AcDbDictionary
281
     1
  3
Standard
350
18
  0
DICTIONARY
  5
19
102
{ACAD_REACTORS
330
C
102
}
330
C
100
AcDbDictionary
281
     1
  0
ACDBDICTIONARYWDFLT
  5
E
102
{ACAD_REACTORS
330
C
102
}
330
C
100
AcDbDictionary
281
     1
  3
Normal
350
F
100
AcDbDictionaryWithDefault
340
F
  0
DICTIONARY
  5
B6
102
{ACAD_REACTORS
330
C
102
}
330
C
100
AcDbDictionary
281
     1
  3
A0
350
B7
  3
A1
350
124
  3
A2
350
125
  3
A3
350
126
  3
A4
350
127
  3
A5
350
128
  3
A6
350
129
  3
A7
350
12A
  3
A8
350
12B
  3
A9
350
12C
  3
B0
350
12D
  3
B1
350
12E
  3
B2
350
12F
  3
B3
350
130
  3
B4
350
131
  3
B5
350
132
  3
B6
350
133
  3
B7
350
134
  3
B8
350
135
  3
B9
350
136
  3
C0
350
137
  3
C1
350
138
  3
C2
350
139
  3
C3
350
13A
  3
C4
350
13B
  3
C5
350
13C
  3
C6
350
13D
  3
C7
350
13E
  3
C8
350
13F
  3
C9
350
140
  3
D0
350
141
  3
D1
350
142
  3
D2
350
143
  0
DICTIONARY
  5
1A8
102
{ACAD_REACTORS
330
C
102
}
330
C
100
AcDbDictionary
281
     1
  3
Imperial24
350
1AA
  3
Metric50
350
242
  0
DICTIONARY
  5
86
102
{ACAD_REACTORS
330
C
102
}
330
C
100
AcDbDictionary
281
     1
  3
Standard
350
87
  0
DICTIONARY
  5
99
102
{ACAD_REACTORS
330
C
102
}
330
C
100
AcDbDictionary
281
     1
  3
2dWireframe
350
9F
  3
Basic
350
9E
  3
Brighten
350
A5
  3
ColorChange
350
A9
  3
Conceptual
350
A2
  3
Dim
350
A4
  3
EdgeColorOff
350
175
  3
Facepattern
350
A8
  3
Flat
350
9A
  3
FlatWithEdges
350
9B
  3
Gouraud
350
9C
  3
GouraudWithEdges
350
9D
  3
Hidden
350
A1
  3
JitterOff
350
173
  3
Linepattern
350
A7
  3
OverhangOff
350
174
  3
Realistic
350
A3
  3
Shaded
350
182
  3
Shaded with edges
350
181
  3
Shades of Gray
350
17E
  3
Sketchy
350
17F
  3
Thicken
350
A6
  3
Wireframe
350
A0
  3
X-Ray
350
180
  0
XRECORD
  5
11BB
102
{ACAD_REACTORS
330
C
102
}
330
C
100
AcDbXrecord
280
     1
 90
        1
330
87
  0
DICTIONARY
  5
66
102
{ACAD_REACTORS
330
C
102
}
330
C
100
AcDbDictionary
281
     1
  3
CANNOSCALE
350
F0
  3
CMLEADERSTYLE
350
EF
  3
CTABLESTYLE
350
89
  3
CVIEWDETAILSTYLE
350
1B7
  3
CVIEWSECTIONSTYLE
350
1B8
  3
DIMASSOC
350
67
  3
HIDETEXT
350
6B
  3
HPCOLOR
350
119C
  3
HPTRANSPARENCY
350
119B
  3
LAYEREVAL
350
14D
  3
LAYERNOTIFY
350
14E
  0
DICTIONARY
  5
18F
102
{ACAD_REACTORS
330
18E
102
}
330
18E
100
AcDbDictionary
281
     1
  0
SORTENTSTABLE
  5
1168
102
{ACAD_REACTORS
330
15D
102
}
330
15D
100
AcDbSortentsTable
330
1F
331
281
  5
117D
331
282
  5
281
331
283
  5
282
331
284
  5
283
331
285
  5
284
331
286
  5
285
331
287
  5
286
331
288
  5
287
331
289
  5
288
331
28A
  5
289
331
28B
  5
28A
331
28C
  5
28B
331
28D
  5
28C
331
28E
  5
28D
331
28F
  5
28E
331
290
  5
28F
331
291
  5
290
331
292
  5
291
331
293
  5
292
331
294
  5
293
331
295
  5
294
331
296
  5
295
331
297
  5
296
331
298
  5
297
331
299
  5
298
331
29A
  5
299
331
29B
  5
29A
331
29C
  5
29B
331
29D
  5
29C
331
29E
  5
29D
331
29F
  5
29E
331
2A0
  5
29F
331
2A1
  5
2A0
331
2A2
  5
2A1
331
2A3
  5
2A2
331
2A4
  5
2A3
331
2A5
  5
2A4
331
2A6
  5
2A8
331
2A7
  5
2A9
331
2A8
  5
2AA
331
2A9
  5
2AB
331
2AA
  5
2AC
331
2AB
  5
2AD
331
2AC
  5
2AE
331
2AD
  5
2AF
331
2AE
  5
2B0
331
2AF
  5
2B1
331
2B0
  5
2B2
331
2B1
  5
2B3
331
2B2
  5
2B4
331
2B3
  5
8DE
331
2B4
  5
8DF
331
8DE
  5
8E0
331
8DF
  5
8E1
331
8E0
  5
8E2
331
8E1
  5
8E3
331
8E2
  5
8E4
331
8E3
  5
8E5
331
8E4
  5
8E6
331
8E5
  5
8E7
331
8E6
  5
8E8
331
8E7
  5
8E9
331
8E8
  5
8EA
331
8E9
  5
8EB
331
8EA
  5
8EC
331
8EB
  5
8ED
331
8EC
  5
8EE
331
8ED
  5
8EF
331
8EE
  5
8F0
331
8EF
  5
8F1
331
8F0
  5
8F2
331
8F1
  5
8F3
331
8F2
  5
8F4
331
8F3
  5
8F5
331
8F4
  5
8F6
331
8F5
  5
8F7
331
8F6
  5
8F8
331
8F7
  5
8F9
331
8F8
  5
8FA
331
8F9
  5
8FB
331
8FA
  5
8FC
331
8FB
  5
8FD
331
8FC
  5
8FE
331
8FD
  5
8FF
331
8FE
  5
900
331
8FF
  5
901
331
900
  5
902
331
901
  5
903
331
902
  5
904
331
903
  5
905
331
904
  5
906
331
905
  5
907
331
906
  5
908
331
907
  5
909
331
908
  5
90A
331
909
  5
90B
331
90A
  5
90C
331
90B
  5
90D
331
90C
  5
90E
331
90D
  5
90F
331
90E
  5
910
331
90F
  5
911
331
910
  5
912
331
911
  5
913
331
912
  5
914
331
913
  5
915
331
914
  5
916
331
915
  5
917
331
916
  5
918
331
917
  5
919
331
918
  5
91A
331
919
  5
91B
331
91A
  5
91C
331
91B
  5
91D
331
91C
  5
91E
331
91D
  5
91F
331
91E
  5
920
331
91F
  5
921
331
920
  5
922
331
921
  5
923
331
922
  5
924
331
923
  5
925
331
924
  5
926
331
925
  5
927
331
926
  5
928
331
927
  5
929
331
928
  5
92A
331
929
  5
92B
331
92A
  5
92C
331
92B
  5
92D
331
92C
  5
92E
331
92D
  5
92F
331
92E
  5
930
331
92F
  5
931
331
930
  5
932
331
931
  5
933
331
932
  5
934
331
933
  5
935
331
934
  5
936
331
935
  5
937
331
936
  5
938
331
937
  5
939
331
938
  5
93A
331
939
  5
93B
331
93A
  5
93C
331
93B
  5
93D
331
93C
  5
93E
331
93D
  5
93F
331
93E
  5
940
331
93F
  5
941
331
940
  5
942
331
941
  5
943
331
942
  5
944
331
943
  5
945
331
944
  5
946
331
945
  5
947
331
946
  5
948
331
947
  5
949
331
948
  5
94A
331
949
  5
94B
331
94A
  5
94C
331
94B
  5
94D
331
94C
  5
94E
331
94D
  5
94F
331
94E
  5
950
331
94F
  5
951
331
950
  5
952
331
951
  5
953
331
952
  5
954
331
953
  5
955
331
954
  5
956
331
955
  5
957
331
956
  5
958
331
957
  5
959
331
958
  5
95A
331
959
  5
95B
331
95A
  5
95C
331
95B
  5
95D
331
95C
  5
95E
331
95D
  5
95F
331
95E
  5
960
331
95F
  5
961
331
960
  5
962
331
961
  5
963
331
962
  5
964
331
963
  5
965
331
964
  5
966
331
965
  5
967
331
966
  5
968
331
967
  5
969
331
968
  5
96A
331
969
  5
96B
331
96A
  5
96C
331
96B
  5
96D
331
96C
  5
96E
331
96D
  5
96F
331
96E
  5
970
331
96F
  5
971
331
970
  5
972
331
971
  5
973
331
972
  5
974
331
973
  5
975
331
974
  5
976
331
975
  5
977
331
976
  5
978
331
977
  5
979
331
978
  5
97A
331
979
  5
97B
331
97A
  5
97C
331
97B
  5
97D
331
97C
  5
97E
331
97D
  5
97F
331
97E
  5
980
331
97F
  5
981
331
980
  5
982
331
981
  5
983
331
982
  5
984
331
983
  5
985
331
984
  5
986
331
985
  5
987
331
986
  5
988
331
987
  5
989
331
988
  5
98A
331
989
  5
98B
331
98A
  5
98C
331
98B
  5
98D
331
98C
  5
98E
331
98D
  5
98F
331
98E
  5
990
331
98F
  5
991
331
990
  5
992
331
991
  5
993
331
992
  5
994
331
993
  5
995
331
994
  5
996
331
995
  5
997
331
996
  5
998
331
997
  5
999
331
998
  5
99A
331
999
  5
99B
331
99A
  5
99C
331
99B
  5
99D
331
99C
  5
99E
331
99D
  5
99F
331
99E
  5
9A0
331
99F
  5
9A1
331
9A0
  5
9A2
331
9A1
  5
9A3
331
9A2
  5
9A4
331
9A3
  5
9A5
331
9A4
  5
9A6
331
9A5
  5
9A7
331
9A6
  5
9A8
331
9A7
  5
9A9
331
9A8
  5
9AA
331
9A9
  5
9AB
331
9AA
  5
9AC
331
9AB
  5
9AD
331
9AC
  5
9AE
331
9AD
  5
9AF
331
9AE
  5
9B0
331
9AF
  5
9B1
331
9B0
  5
9B2
331
9B1
  5
9B3
331
9B2
  5
9B4
331
9B3
  5
9B5
331
9B4
  5
9B6
331
9B5
  5
9B7
331
9B6
  5
9B8
331
9B7
  5
9B9
331
9B8
  5
9BA
331
9B9
  5
9BB
331
9BA
  5
9BC
331
9BB
  5
9BD
331
9BC
  5
9BE
331
9BD
  5
9BF
331
9BE
  5
9C0
331
9BF
  5
9C1
331
9C0
  5
9C2
331
9C1
  5
9C3
331
9C2
  5
9C4
331
9C3
  5
9C5
331
9C4
  5
9C6
331
9C5
  5
9C7
331
9C6
  5
9C8
331
9C7
  5
9C9
331
9C8
  5
9CA
331
9C9
  5
9CB
331
9CA
  5
9CE
331
9CB
  5
9CF
331
9CE
  5
9D2
331
9CF
  5
9D3
331
9D2
  5
9D4
331
9D3
  5
9D5
331
9D4
  5
9D6
331
9D5
  5
9D7
331
9D6
  5
9D8
331
9D7
  5
9D9
331
9D8
  5
9DA
331
9D9
  5
9DB
331
9DA
  5
9DC
331
9DB
  5
9DD
331
9DC
  5
9DE
331
9DD
  5
9DF
331
9DE
  5
9E0
331
9DF
  5
9E1
331
9E0
  5
9E2
331
9E1
  5
9E3
331
9E2
  5
9E4
331
9E3
  5
9E5
331
9E4
  5
9E6
331
9E5
  5
9E7
331
9E6
  5
9E8
331
9E7
  5
9E9
331
9E8
  5
9EA
331
9E9
  5
9EB
331
9EA
  5
9EC
331
9EB
  5
9ED
331
9EC
  5
9EE
331
9ED
  5
9EF
331
9EE
  5
9F0
331
9EF
  5
9F1
331
9F0
  5
9F2
331
9F1
  5
9F3
331
9F2
  5
9F4
331
9F3
  5
9F5
331
9F4
  5
9F6
331
9F5
  5
9F7
331
9F6
  5
9F8
331
9F7
  5
9F9
331
9F8
  5
9FA
331
9F9
  5
9FB
331
9FA
  5
9FC
331
9FB
  5
9FD
331
9FC
  5
9FE
331
9FD
  5
9FF
331
9FE
  5
A00
331
9FF
  5
A01
331
A00
  5
A02
331
A01
  5
A03
331
A02
  5
A04
331
A03
  5
A05
331
A04
  5
A06
331
A05
  5
A07
331
A06
  5
A08
331
A07
  5
A09
331
A08
  5
A0A
331
A09
  5
A0B
331
A0A
  5
A0C
331
A0B
  5
A0D
331
A0C
  5
A0E
331
A0D
  5
A0F
331
A0E
  5
A10
331
A0F
  5
A13
331
A10
  5
A14
331
A13
  5
A17
331
A14
  5
A18
331
A17
  5
A19
331
A18
  5
A1A
331
A19
  5
A1B
331
A1A
  5
A1C
331
A1B
  5
A1D
331
A1C
  5
A1E
331
A1D
  5
A1F
331
A1E
  5
A20
331
A1F
  5
A21
331
A20
  5
A22
331
A21
  5
A23
331
A22
  5
A24
331
A23
  5
A25
331
A24
  5
A26
331
A25
  5
A27
331
A26
  5
A28
331
A27
  5
A29
331
A28
  5
A2A
331
A29
  5
A2B
331
A2A
  5
A2C
331
A2B
  5
A2D
331
A2C
  5
A2E
331
A2D
  5
A2F
331
A2E
  5
A30
331
A2F
  5
A31
331
A30
  5
A32
331
A31
  5
A33
331
A32
  5
A34
331
A33
  5
A35
331
A34
  5
A36
331
A35
  5
A37
331
A36
  5
A38
331
A37
  5
A39
331
A38
  5
A3A
331
A39
  5
A3B
331
A3A
  5
A3C
331
A3B
  5
A3D
331
A3C
  5
A3E
331
A3D
  5
A3F
331
A3E
  5
A40
331
A3F
  5
A41
331
A40
  5
A42
331
A41
  5
A43
331
A42
  5
A44
331
A43
  5
A45
331
A44
  5
A46
331
A45
  5
A47
331
A46
  5
A48
331
A47
  5
A49
331
A48
  5
A4A
331
A49
  5
A4B
331
A4A
  5
A4C
331
A4B
  5
A4D
331
A4C
  5
A4E
331
A4D
  5
A4F
331
A4E
  5
A50
331
A4F
  5
A51
331
A50
  5
A52
331
A51
  5
A53
331
A52
  5
A54
331
A53
  5
A55
331
A54
  5
A56
331
A55
  5
A57
331
A56
  5
A58
331
A57
  5
A59
331
A58
  5
A5A
331
A59
  5
A5B
331
A5A
  5
A5C
331
A5B
  5
A5D
331
A5C
  5
A5E
331
A5D
  5
A5F
331
A5E
  5
A60
331
A5F
  5
A61
331
A60
  5
A62
331
A61
  5
A63
331
A62
  5
A64
331
A63
  5
A65
331
A64
  5
A68
331
A65
  5
A69
331
A68
  5
A6C
331
A69
  5
A6D
331
A6C
  5
A6E
331
A6D
  5
A6F
331
A6E
  5
A70
331
A6F
  5
A71
331
A70
  5
A72
331
A71
  5
A73
331
A72
  5
A74
331
A73
  5
A75
331
A74
  5
A76
331
A75
  5
A77
331
A76
  5
A78
331
A77
  5
A79
331
A78
  5
A7A
331
A79
  5
A7B
331
A7A
  5
A7C
331
A7B
  5
A7D
331
A7C
  5
A7E
331
A7D
  5
A7F
331
A7E
  5
A80
331
A7F
  5
A81
331
A80
  5
A82
331
A81
  5
A83
331
A82
  5
A84
331
A83
  5
A85
331
A84
  5
A86
331
A85
  5
A87
331
A86
  5
A88
331
A87
  5
A89
331
A88
  5
A8A
331
A89
  5
A8B
331
A8A
  5
A8C
331
A8B
  5
A8D
331
A8C
  5
A8E
331
A8D
  5
A8F
331
A8E
  5
A90
331
A8F
  5
A91
331
A90
  5
A92
331
A91
  5
A93
331
A92
  5
A94
331
A93
  5
A95
331
A94
  5
A96
331
A95
  5
A97
331
A96
  5
A98
331
A97
  5
A99
331
A98
  5
A9A
331
A99
  5
A9B
331
A9A
  5
A9C
331
A9B
  5
A9D
331
A9C
  5
A9E
331
A9D
  5
A9F
331
A9E
  5
AA0
331
A9F
  5
AA1
331
AA0
  5
AA2
331
AA1
  5
AA3
331
AA2
  5
AA4
331
AA3
  5
AA5
331
AA4
  5
AA6
331
AA5
  5
AA7
331
AA6
  5
AA8
331
AA7
  5
AA9
331
AA8
  5
AAA
331
AA9
  5
AAD
331
AAA
  5
AAE
331
AAD
  5
AB1
331
AAE
  5
AB2
331
AB1
  5
AB3
331
AB2
  5
AB4
331
AB3
  5
AB5
331
AB4
  5
AB6
331
AB5
  5
AB7
331
AB6
  5
AB8
331
AB7
  5
AB9
331
AB8
  5
ABA
331
AB9
  5
ABB
331
ABA
  5
ABC
331
ABB
  5
ABD
331
ABC
  5
ABE
331
ABD
  5
ABF
331
ABE
  5
AC0
331
ABF
  5
AC1
331
AC0
  5
AC2
331
AC1
  5
AC3
331
AC2
  5
AC4
331
AC3
  5
AC5
331
AC4
  5
AC6
331
AC5
  5
AC7
331
AC6
  5
AC8
331
AC7
  5
AC9
331
AC8
  5
ACA
331
AC9
  5
ACB
331
ACA
  5
ACC
331
ACB
  5
ACD
331
ACC
  5
ACE
331
ACD
  5
ACF
331
ACE
  5
AD0
331
ACF
  5
AD1
331
AD0
  5
AD2
331
AD1
  5
AD3
331
AD2
  5
AD4
331
AD3
  5
AD5
331
AD4
  5
AD6
331
AD5
  5
AD7
331
AD6
  5
AD8
331
AD7
  5
AD9
331
AD8
  5
ADA
331
AD9
  5
ADB
331
ADA
  5
ADC
331
ADB
  5
ADD
331
ADC
  5
ADE
331
ADD
  5
ADF
331
ADE
  5
AE0
331
ADF
  5
AE1
331
AE0
  5
AE2
331
AE1
  5
AE3
331
AE2
  5
AE4
331
AE3
  5
AE5
331
AE4
  5
AE6
331
AE5
  5
AE7
331
AE6
  5
AE8
331
AE7
  5
AE9
331
AE8
  5
AEA
331
AE9
  5
AEB
331
AEA
  5
AEC
331
AEB
  5
AED
331
AEC
  5
AEE
331
AED
  5
AEF
331
AEE
  5
1177
331
AEF
  5
117A
331
1177
  5
1180
331
1178
  5
1182
331
1179
  5
1181
331
117A
  5
1183
331
117B
  5
119F
331
117C
  5
11A0
331
117D
  5
11A1
331
1180
  5
11A9
331
1181
  5
11AB
331
1182
  5
11AC
331
11B2
  5
117C
  0
SORTENTSTABLE
  5
27A
102
{ACAD_REACTORS
330
279
102
}
330
279
100
AcDbSortentsTable
330
244
  0
SORTENTSTABLE
  5
2F7
102
{ACAD_REACTORS
330
2F6
102
}
330
2F6
100
AcDbSortentsTable
330
2F5
  0
ACDBDETAILVIEWSTYLE
  5
1AC
102
{ACAD_REACTORS
330
1AB
102
}
330
1AB
100
AcDbModelDocViewStyle
 70
     0
  3
Imperial24
290
     0
300
Imperial24
 90
        0
100
AcDbDetailViewStyle
 70
     0
 71
     0
 90
        3
 71
     1
340
11
 62
   256
 40
0.24
340
0
 62
   256
 40
0.24
300

 40
0.36
280
     3
 71
     2
340
16
 90
       25
 62
   256
 71
     3
340
11
 62
   256
 40
0.24
 90
        1
 40
0.75
 90
        1
300
%<\AcVar ViewType \f "%tc1">% %<\AcVar ViewDetailId>%\PSCALE %<\AcVar ViewScale \f "%sn">%
 71
     4
340
16
 90
       25
 62
   256
340
16
 90
       25
 62
   256
280
     0
  0
ACDBDETAILVIEWSTYLE
  5
243
102
{ACAD_REACTORS
330
1AB
102
}
330
1AB
100
AcDbModelDocViewStyle
 70
     0
  3
Metric50
290
     0
300
Metric50
 90
        0
100
AcDbDetailViewStyle
 70
     0
 71
     0
 90
        3
 71
     1
340
11
 62
   256
 40
5.0
340
0
 62
   256
 40
5.0
300

 40
0.0
280
     1
 71
     2
340
16
 90
       25
 62
   256
 71
     3
340
11
 62
   256
 40
5.0
 90
        0
 40
15.0
 90
        1
300
%<\AcVar ViewDetailId>% (%<\AcVar ViewScale \f "%sn">%)
 71
     4
340
16
 90
       25
 62
   256
340
16
 90
       25
 62
   256
280
     0
  0
LAYOUT
  5
22
102
{ACAD_XDICTIONARY
360
194
102
}
102
{ACAD_REACTORS
330
1A
102
}
330
1A
100
AcDbPlotSettings
  1

  2
none_device
  4
ANSI_A_(8.50_x_11.00_Inches)
  6

 40
6.349999904632568
 41
19.04999923706055
 42
6.350006103515625
 43
19.04998779296875
 44
215.8999938964844
 45
279.3999938964844
 46
0.0
 47
0.0
 48
0.0
 49
0.0
140
0.0
141
0.0
142
1.0
143
2.584895464708373
 70
 11952
 72
     0
 73
     1
 74
     0
  7

 75
     0
147
0.3868628397755418
 76
     0
 77
     2
 78
   300
148
0.0
149
0.0
100
AcDbLayout
  1
Model
 70
     1
 71
     0
 10
0.0
 20
0.0
 11
12.0
 21
9.0
 12
0.0
 22
0.0
 32
0.0
 14
0.0
 24
0.0
 34
0.0
 15
0.0
 25
0.0
 35
0.0
146
0.0
 13
0.0
 23
0.0
 33
0.0
 16
1.0
 26
0.0
 36
0.0
 17
0.0
 27
1.0
 37
0.0
 76
     0
330
1F
331
94
  0
LAYOUT
  5
59
102
{ACAD_REACTORS
330
1A
102
}
330
1A
100
AcDbPlotSettings
  1

  2
None
  4

  6

 40
0.0
 41
0.0
 42
0.0
 43
0.0
 44
0.0
 45
0.0
 46
0.0
 47
0.0
 48
0.0
 49
0.0
140
0.0
141
0.0
142
1.0
143
1.0
 70
   688
 72
     0
 73
     0
 74
     5
  7

 75
    16
147
1.0
 76
     0
 77
     2
 78
   300
148
0.0
149
0.0
100
AcDbLayout
  1
布局1
 70
     1
 71
     1
 10
0.0
 20
0.0
 11
12.0
 21
9.0
 12
0.0
 22
0.0
 32
0.0
 14
0.0
 24
0.0
 34
0.0
 15
0.0
 25
0.0
 35
0.0
146
0.0
 13
0.0
 23
0.0
 33
0.0
 16
1.0
 26
0.0
 36
0.0
 17
0.0
 27
1.0
 37
0.0
 76
     0
330
58
  0
LAYOUT
  5
5E
102
{ACAD_REACTORS
330
1A
102
}
330
1A
100
AcDbPlotSettings
  1

  2
None
  4

  6

 40
0.0
 41
0.0
 42
0.0
 43
0.0
 44
0.0
 45
0.0
 46
0.0
 47
0.0
 48
0.0
 49
0.0
140
0.0
141
0.0
142
1.0
143
1.0
 70
   688
 72
     0
 73
     0
 74
     5
  7

 75
    16
147
1.0
 76
     0
 77
     2
 78
   300
148
0.0
149
0.0
100
AcDbLayout
  1
布局2
 70
     1
 71
     2
 10
0.0
 20
0.0
 11
12.0
 21
9.0
 12
0.0
 22
0.0
 32
0.0
 14
0.0
 24
0.0
 34
0.0
 15
0.0
 25
0.0
 35
0.0
146
0.0
 13
0.0
 23
0.0
 33
0.0
 16
1.0
 26
0.0
 36
0.0
 17
0.0
 27
1.0
 37
0.0
 76
     0
330
5D
  0
MATERIAL
  5
97
102
{ACAD_XDICTIONARY
360
188
102
}
102
{ACAD_REACTORS
330
72
102
}
330
72
100
AcDbMaterial
  1
ByBlock
 94
       63
  0
MATERIAL
  5
96
102
{ACAD_XDICTIONARY
360
186
102
}
102
{ACAD_REACTORS
330
72
102
}
330
72
100
AcDbMaterial
  1
ByLayer
 94
       63
  0
MATERIAL
  5
98
102
{ACAD_XDICTIONARY
360
110
102
}
102
{ACAD_REACTORS
330
72
102
}
330
72
100
AcDbMaterial
  1
Global
 43
0.0208000000566244
 43
0.0
 43
0.0
 43
0.0
 43
0.0
 43
0.0208000000566244
 43
0.0
 43
0.0
 43
0.0
 43
0.0
 43
1.0
 43
0.0
 43
0.0
 43
0.0
 43
0.0
 43
1.0
 49
0.0208000000566244
 49
0.0
 49
0.0
 49
0.0
 49
0.0
 49
0.0208000000566244
 49
0.0
 49
0.0
 49
0.0
 49
0.0
 49
1.0
 49
0.0
 49
0.0
 49
0.0
 49
0.0
 49
1.0
142
0.0208000000566244
142
0.0
142
0.0
142
0.0
142
0.0
142
0.0208000000566244
142
0.0
142
0.0
142
0.0
142
0.0
142
1.0
142
0.0
142
0.0
142
0.0
142
0.0
142
1.0
144
0.0208000000566244
144
0.0
144
0.0
144
0.0
144
0.0
144
0.0208000000566244
144
0.0
144
0.0
144
0.0
144
0.0
144
1.0
144
0.0
144
0.0
144
0.0
144
0.0
144
1.0
 94
       63
1001
ACAD
1070
    -1
1070
     3
1070
     0
1000

1071
        0
1070
     0
  0
MLEADERSTYLE
  5
E5
102
{ACAD_REACTORS
330
D7
102
}
330
D7
100
AcDbMLeaderStyle
179
     2
170
     2
171
     1
172
     0
 90
        2
 40
0.0
 41
0.0
173
     1
 91
-1056964608
340
14
 92
       -2
290
     1
 42
0.09
291
     1
 43
0.36
  3
Standard
 44
0.18
300

342
11
174
     1
178
     1
175
     1
176
     0
 93
-1056964608
 45
0.18
292
     0
297
     0
 46
0.18
 94
-1056964608
 47
1.0
 49
1.0
140
1.0
293
     1
141
0.0
294
     1
177
     0
142
1.0
295
     0
296
     1
143
0.125
271
     0
272
     9
273
     9
298
     0
  0
MLEADERSTYLE
  5
D8
102
{ACAD_REACTORS
330
D7
102
}
330
D7
100
AcDbMLeaderStyle
179
     2
170
     2
171
     1
172
     0
 90
        2
 40
0.0
 41
0.0
173
     1
 91
-1056964608
340
14
 92
       -2
290
     1
 42
0.09
291
     1
 43
0.36
  3
Standard
 44
0.18
300

342
11
174
     1
178
     1
175
     1
176
     0
 93
-1056964608
 45
0.18
292
     0
297
     0
 46
0.18
 94
-1056964608
 47
1.0
 49
1.0
140
1.0
293
     1
141
0.0
294
     1
177
     0
142
1.0
295
     0
296
     0
143
0.125
271
     0
272
     9
273
     9
298
     0
  0
MLINESTYLE
  5
18
102
{ACAD_REACTORS
330
17
102
}
330
17
100
AcDbMlineStyle
  2
STANDARD
 70
     0
  3

 62
   256
 51
90.0
 52
90.0
 71
     2
 49
0.5
 62
   256
  6
BYLAYER
 49
-0.5
 62
   256
  6
BYLAYER
  0
ACDBPLACEHOLDER
  5
F
102
{ACAD_REACTORS
330
E
102
}
330
E
  0
SCALE
  5
B7
102
{ACAD_REACTORS
330
B6
102
}
330
B6
100
AcDbScale
 70
     0
300
1:1
140
1.0
141
1.0
290
     1
  0
SCALE
  5
124
102
{ACAD_REACTORS
330
B6
102
}
330
B6
100
AcDbScale
 70
     0
300
1:2
140
1.0
141
2.0
290
     0
  0
SCALE
  5
125
102
{ACAD_REACTORS
330
B6
102
}
330
B6
100
AcDbScale
 70
     0
300
1:4
140
1.0
141
4.0
290
     0
  0
SCALE
  5
126
102
{ACAD_REACTORS
330
B6
102
}
330
B6
100
AcDbScale
 70
     0
300
1:5
140
1.0
141
5.0
290
     0
  0
SCALE
  5
127
102
{ACAD_REACTORS
330
B6
102
}
330
B6
100
AcDbScale
 70
     0
300
1:8
140
1.0
141
8.0
290
     0
  0
SCALE
  5
128
102
{ACAD_REACTORS
330
B6
102
}
330
B6
100
AcDbScale
 70
     0
300
1:10
140
1.0
141
10.0
290
     0
  0
SCALE
  5
129
102
{ACAD_REACTORS
330
B6
102
}
330
B6
100
AcDbScale
 70
     0
300
1:16
140
1.0
141
16.0
290
     0
  0
SCALE
  5
12A
102
{ACAD_REACTORS
330
B6
102
}
330
B6
100
AcDbScale
 70
     0
300
1:20
140
1.0
141
20.0
290
     0
  0
SCALE
  5
12B
102
{ACAD_REACTORS
330
B6
102
}
330
B6
100
AcDbScale
 70
     0
300
1:30
140
1.0
141
30.0
290
     0
  0
SCALE
  5
12C
102
{ACAD_REACTORS
330
B6
102
}
330
B6
100
AcDbScale
 70
     0
300
1:40
140
1.0
141
40.0
290
     0
  0
SCALE
  5
12D
102
{ACAD_REACTORS
330
B6
102
}
330
B6
100
AcDbScale
 70
     0
300
1:50
140
1.0
141
50.0
290
     0
  0
SCALE
  5
12E
102
{ACAD_REACTORS
330
B6
102
}
330
B6
100
AcDbScale
 70
     0
300
1:100
140
1.0
141
100.0
290
     0
  0
SCALE
  5
12F
102
{ACAD_REACTORS
330
B6
102
}
330
B6
100
AcDbScale
 70
     0
300
2:1
140
2.0
141
1.0
290
     0
  0
SCALE
  5
130
102
{ACAD_REACTORS
330
B6
102
}
330
B6
100
AcDbScale
 70
     0
300
4:1
140
4.0
141
1.0
290
     0
  0
SCALE
  5
131
102
{ACAD_REACTORS
330
B6
102
}
330
B6
100
AcDbScale
 70
     0
300
8:1
140
8.0
141
1.0
290
     0
  0
SCALE
  5
132
102
{ACAD_REACTORS
330
B6
102
}
330
B6
100
AcDbScale
 70
     0
300
10:1
140
10.0
141
1.0
290
     0
  0
SCALE
  5
133
102
{ACAD_REACTORS
330
B6
102
}
330
B6
100
AcDbScale
 70
     0
300
100:1
140
100.0
141
1.0
290
     0
  0
SCALE
  5
134
102
{ACAD_REACTORS
330
B6
102
}
330
B6
100
AcDbScale
 70
     0
300
1/128" = 1'-0"
140
0.0078125
141
12.0
290
     0
  0
SCALE
  5
135
102
{ACAD_REACTORS
330
B6
102
}
330
B6
100
AcDbScale
 70
     0
300
1/64" = 1'-0"
140
0.015625
141
12.0
290
     0
  0
SCALE
  5
136
102
{ACAD_REACTORS
330
B6
102
}
330
B6
100
AcDbScale
 70
     0
300
1/32" = 1'-0"
140
0.03125
141
12.0
290
     0
  0
SCALE
  5
137
102
{ACAD_REACTORS
330
B6
102
}
330
B6
100
AcDbScale
 70
     0
300
1/16" = 1'-0"
140
0.0625
141
12.0
290
     0
  0
SCALE
  5
138
102
{ACAD_REACTORS
330
B6
102
}
330
B6
100
AcDbScale
 70
     0
300
3/32" = 1'-0"
140
0.09375
141
12.0
290
     0
  0
SCALE
  5
139
102
{ACAD_REACTORS
330
B6
102
}
330
B6
100
AcDbScale
 70
     0
300
1/8" = 1'-0"
140
0.125
141
12.0
290
     0
  0
SCALE
  5
13A
102
{ACAD_REACTORS
330
B6
102
}
330
B6
100
AcDbScale
 70
     0
300
3/16" = 1'-0"
140
0.1875
141
12.0
290
     0
  0
SCALE
  5
13B
102
{ACAD_REACTORS
330
B6
102
}
330
B6
100
AcDbScale
 70
     0
300
1/4" = 1'-0"
140
0.25
141
12.0
290
     0
  0
SCALE
  5
13C
102
{ACAD_REACTORS
330
B6
102
}
330
B6
100
AcDbScale
 70
     0
300
3/8" = 1'-0"
140
0.375
141
12.0
290
     0
  0
SCALE
  5
13D
102
{ACAD_REACTORS
330
B6
102
}
330
B6
100
AcDbScale
 70
     0
300
1/2" = 1'-0"
140
0.5
141
12.0
290
     0
  0
SCALE
  5
13E
102
{ACAD_REACTORS
330
B6
102
}
330
B6
100
AcDbScale
 70
     0
300
3/4" = 1'-0"
140
0.75
141
12.0
290
     0
  0
SCALE
  5
13F
102
{ACAD_REACTORS
330
B6
102
}
330
B6
100
AcDbScale
 70
     0
300
1" = 1'-0"
140
1.0
141
12.0
290
     0
  0
SCALE
  5
140
102
{ACAD_REACTORS
330
B6
102
}
330
B6
100
AcDbScale
 70
     0
300
1-1/2" = 1'-0"
140
1.5
141
12.0
290
     0
  0
SCALE
  5
141
102
{ACAD_REACTORS
330
B6
102
}
330
B6
100
AcDbScale
 70
     0
300
3" = 1'-0"
140
3.0
141
12.0
290
     0
  0
SCALE
  5
142
102
{ACAD_REACTORS
330
B6
102
}
330
B6
100
AcDbScale
 70
     0
300
6" = 1'-0"
140
6.0
141
12.0
290
     0
  0
SCALE
  5
143
102
{ACAD_REACTORS
330
B6
102
}
330
B6
100
AcDbScale
 70
     0
300
1'-0" = 1'-0"
140
12.0
141
12.0
290
     0
  0
ACDBSECTIONVIEWSTYLE
  5
1AA
102
{ACAD_REACTORS
330
1A8
102
}
330
1A8
100
AcDbModelDocViewStyle
 70
     0
  3
Imperial24
290
     0
300
Imperial24
 90
        0
100
AcDbSectionViewStyle
 70
     0
 71
     0
 90
       78
 71
     1
340
11
 62
   256
 40
0.24
340
0
340
0
 62
   256
 40
0.24
300
I, O, Q, S, X, Z
 40
0.48
 90
        3
 40
0.18
 90
        1
 71
     2
340
16
 90
       25
 62
   256
340
16
 90
       50
 62
   256
 40
0.24
 40
0.0
 40
0.24
 71
     3
340
11
 62
   256
 40
0.24
 90
        1
 40
0.75
 90
        1
300
%<\AcVar ViewType \f "%tc1">% %<\AcVar ViewSectionStartId>%-%<\AcVar ViewSectionEndId>%\PSCALE %<\AcVar ViewScale \f "%sn">%
 71
     4
 62
   256
 62
   257
300
ANSI31
 40
1.0
 90
        0
290
     0
290
     0
 90
        6
 40
0.0
 40
1.570796326794896
 40
0.2617993877991494
 40
1.308996938995747
 40
-0.2617993877991494
 40
1.832595714594046
  0
ACDBSECTIONVIEWSTYLE
  5
242
102
{ACAD_REACTORS
330
1A8
102
}
330
1A8
100
AcDbModelDocViewStyle
 70
     0
  3
Metric50
290
     0
300
Metric50
 90
        0
100
AcDbSectionViewStyle
 70
     0
 71
     0
 90
      102
 71
     1
340
11
 62
   256
 40
5.0
340
0
340
0
 62
   256
 40
5.0
300
I, O, Q, S, X, Z
 40
10.0
 90
        0
 40
2.5
 90
        0
 71
     2
340
16
 90
       25
 62
   256
340
16
 90
       50
 62
   256
 40
5.0
 40
2.5
 40
5.0
 71
     3
340
11
 62
   256
 40
5.0
 90
        0
 40
15.0
 90
        1
300
%<\AcVar ViewSectionStartId>%-%<\AcVar ViewSectionEndId>% (%<\AcVar ViewScale \f "%sn">%)
 71
     4
 62
   256
 62
   257
300
ANSI31
 40
1.0
 90
        0
290
     0
290
     0
 90
        6
 40
0.0
 40
1.570796326794896
 40
0.2617993877991494
 40
1.308996938995747
 40
-0.2617993877991494
 40
1.832595714594046
  0
TABLESTYLE
  5
87
102
{ACAD_XDICTIONARY
360
104
102
}
102
{ACAD_REACTORS
330
86
102
}
330
86
100
AcDbTableStyle
280
     0
  3
Standard
 70
     0
 71
     0
 40
0.06
 41
0.06
280
     0
281
     0
  7
Standard
140
0.18
170
     2
 62
     0
 63
     7
283
     0
 90
      512
 91
        0
  1

274
    -2
284
     1
 64
     0
275
    -2
285
     1
 65
     0
276
    -2
286
     1
 66
     0
277
    -2
287
     1
 67
     0
278
    -2
288
     1
 68
     0
279
    -2
289
     1
 69
     0
  7
Standard
140
0.25
170
     5
 62
     0
 63
     7
283
     0
 90
      512
 91
        0
  1

274
    -2
284
     1
 64
     0
275
    -2
285
     1
 65
     0
276
    -2
286
     1
 66
     0
277
    -2
287
     1
 67
     0
278
    -2
288
     1
 68
     0
279
    -2
289
     1
 69
     0
  7
Standard
140
0.18
170
     5
 62
     0
 63
     7
283
     0
 90
      512
 91
        0
  1

274
    -2
284
     1
 64
     0
275
    -2
285
     1
 65
     0
276
    -2
286
     1
 66
     0
277
    -2
287
     1
 67
     0
278
    -2
288
     1
 68
     0
279
    -2
289
     1
 69
     0
  0
VISUALSTYLE
  5
9F
102
{ACAD_REACTORS
330
99
102
}
330
99
100
AcDbVisualStyle
  2
2dWireframe
 70
     4
177
     3
291
     0
 70
    58
 90
        0
176
     1
 90
        2
176
     1
 90
        1
176
     1
 90
        0
176
     1
 40
0.6
176
     1
 40
30.0
176
     1
 62
     7
420
 16777215
176
     1
 90
        1
176
     1
 90
        4
176
     1
 62
     7
176
     1
 62
   257
176
     1
 90
        1
176
     1
 90
        1
176
     1
 40
1.0
176
     1
 90
        0
176
     1
 62
   257
176
     1
 40
1.0
176
     1
 90
        1
176
     1
 90
        6
176
     1
 90
        2
176
     1
 62
     7
176
     1
 90
        5
176
     1
 90
        0
176
     1
 90
        0
176
     1
290
     0
176
     1
 90
        1
176
     1
 40
0.0
176
     1
 90
        0
176
     1
290
     1
176
     1
290
     1
176
     1
290
     0
176
     1
290
     0
176
     1
290
     0
176
     1
290
     0
176
     1
290
     0
176
     1
290
     0
176
     1
290
     0
176
     1
 90
       50
176
     1
 40
0.0
176
     1
 40
1.0
176
     1
 90
        0
176
     1
 62
    18
420
        0
176
     1
 90
       50
176
     1
 90
        3
176
     1
 62
     5
420
      255
176
     1
290
     0
176
     1
 90
       50
176
     1
 90
       50
176
     1
 90
       50
176
     1
290
     0
176
     1
 90
       50
176
     1
 62
   256
176
     0
 40
1.0
176
     0
 90
        2
176
     1
  1
strokes_ogs.tif
176
     1
290
     0
176
     1
 40
1.0
176
     1
 40
1.0
176
     1
  0
VISUALSTYLE
  5
9E
102
{ACAD_REACTORS
330
99
102
}
330
99
100
AcDbVisualStyle
  2
Basic
 70
     7
177
     3
291
     1
 70
    58
 90
        1
176
     1
 90
        0
176
     1
 90
        1
176
     1
 90
        0
176
     1
 40
0.6
176
     1
 40
30.0
176
     1
 62
     7
420
 16777215
176
     1
 90
        0
176
     1
 90
        4
176
     1
 62
     7
176
     1
 62
   257
176
     1
 90
        1
176
     1
 90
        1
176
     1
 40
1.0
176
     1
 90
        8
176
     1
 62
     7
176
     1
 40
1.0
176
     1
 90
        1
176
     1
 90
        6
176
     1
 90
        2
176
     1
 62
     7
176
     1
 90
        5
176
     1
 90
        0
176
     1
 90
        0
176
     1
290
     0
176
     1
 90
        1
176
     1
 40
0.0
176
     1
 90
        0
176
     1
290
     0
176
     1
290
     1
176
     1
290
     1
176
     1
290
     0
176
     1
290
     0
176
     1
290
     0
176
     1
290
     0
176
     1
290
     0
176
     1
290
     0
176
     1
 90
       50
176
     1
 40
0.0
176
     1
 40
1.0
176
     1
 90
        0
176
     1
 62
    18
420
        0
176
     1
 90
       50
176
     1
 90
        3
176
     1
 62
     5
420
      255
176
     1
290
     0
176
     1
 90
       50
176
     1
 90
       50
176
     1
 90
       50
176
     1
290
     0
176
     1
 90
       50
176
     1
 62
   256
176
     0
 40
1.0
176
     0
 90
        2
176
     1
  1
strokes_ogs.tif
176
     1
290
     0
176
     1
 40
1.0
176
     1
 40
1.0
176
     1
  0
VISUALSTYLE
  5
A5
102
{ACAD_REACTORS
330
99
102
}
330
99
100
AcDbVisualStyle
  2
Brighten
 70
    12
177
     3
291
     1
 70
    58
 90
        2
176
     1
 90
        2
176
     1
 90
        1
176
     1
 90
        0
176
     1
 40
0.6
176
     1
 40
30.0
176
     1
 62
     7
420
 16777215
176
     1
 90
        1
176
     1
 90
        4
176
     1
 62
     7
176
     1
 62
   257
176
     1
 90
        1
176
     1
 90
        1
176
     1
 40
1.0
176
     1
 90
        8
176
     1
 62
     7
176
     1
 40
1.0
176
     1
 90
        1
176
     1
 90
        6
176
     1
 90
        2
176
     1
 62
     7
176
     1
 90
        5
176
     1
 90
        0
176
     1
 90
        0
176
     1
290
     0
176
     1
 90
        1
176
     1
 40
50.0
176
     1
 90
        0
176
     1
290
     0
176
     1
290
     1
176
     1
290
     1
176
     1
290
     0
176
     1
290
     0
176
     1
290
     0
176
     1
290
     0
176
     1
290
     0
176
     1
290
     0
176
     1
 90
       50
176
     1
 40
0.0
176
     1
 40
1.0
176
     1
 90
        0
176
     1
 62
    18
420
        0
176
     1
 90
       50
176
     1
 90
        3
176
     1
 62
     5
420
      255
176
     1
290
     0
176
     1
 90
       50
176
     1
 90
       50
176
     1
 90
       50
176
     1
290
     0
176
     1
 90
       50
176
     1
 62
   256
176
     0
 40
1.0
176
     0
 90
        2
176
     1
  1
strokes_ogs.tif
176
     1
290
     0
176
     1
 40
1.0
176
     1
 40
1.0
176
     1
  0
VISUALSTYLE
  5
A9
102
{ACAD_REACTORS
330
99
102
}
330
99
100
AcDbVisualStyle
  2
ColorChange
 70
    16
177
     3
291
     1
 70
    58
 90
        2
176
     1
 90
        2
176
     1
 90
        3
176
     1
 90
        0
176
     1
 40
0.6
176
     1
 40
30.0
176
     1
 62
     8
420
  8421504
176
     1
 90
        1
176
     1
 90
        4
176
     1
 62
     7
176
     1
 62
   257
176
     1
 90
        1
176
     1
 90
        1
176
     1
 40
1.0
176
     1
 90
        8
176
     1
 62
     8
420
  8421504
176
     1
 40
1.0
176
     1
 90
        1
176
     1
 90
        6
176
     1
 90
        2
176
     1
 62
     7
176
     1
 90
        5
176
     1
 90
        0
176
     1
 90
        0
176
     1
290
     0
176
     1
 90
        1
176
     1
 40
0.0
176
     1
 90
        0
176
     1
290
     0
176
     1
290
     1
176
     1
290
     1
176
     1
290
     0
176
     1
290
     0
176
     1
290
     0
176
     1
290
     0
176
     1
290
     0
176
     1
290
     0
176
     1
 90
       50
176
     1
 40
0.0
176
     1
 40
1.0
176
     1
 90
        0
176
     1
 62
    18
420
        0
176
     1
 90
       50
176
     1
 90
        3
176
     1
 62
     5
420
      255
176
     1
290
     0
176
     1
 90
       50
176
     1
 90
       50
176
     1
 90
       50
176
     1
290
     0
176
     1
 90
       50
176
     1
 62
   256
176
     0
 40
1.0
176
     0
 90
        2
176
     1
  1
strokes_ogs.tif
176
     1
290
     0
176
     1
 40
1.0
176
     1
 40
1.0
176
     1
  0
VISUALSTYLE
  5
A2
102
{ACAD_REACTORS
330
99
102
}
330
99
100
AcDbVisualStyle
  2
Conceptual
 70
     9
177
     3
291
     0
 70
    58
 90
        3
176
     1
 90
        2
176
     1
 90
        1
176
     1
 90
        0
176
     1
 40
0.6
176
     1
 40
30.0
176
     1
 62
     7
420
 16777215
176
     1
 90
        2
176
     1
 90
        2
176
     1
 62
     7
176
     1
 62
   257
176
     1
 90
        1
176
     1
 90
        1
176
     1
 40
40.0
176
     1
 90
        8
176
     1
 62
     7
176
     1
 40
1.0
176
     1
 90
        1
176
     1
 90
        6
176
     1
 90
        2
176
     1
 62
     7
176
     1
 90
        3
176
     1
 90
        0
176
     1
 90
        0
176
     1
290
     0
176
     1
 90
        1
176
     1
 40
0.0
176
     1
 90
        0
176
     1
290
     0
176
     1
290
     1
176
     1
290
     1
176
     1
290
     0
176
     1
290
     0
176
     1
290
     0
176
     1
290
     0
176
     1
290
     0
176
     1
290
     0
176
     1
 90
       50
176
     1
 40
0.0
176
     1
 40
1.0
176
     1
 90
        0
176
     1
 62
    18
420
        0
176
     1
 90
       50
176
     1
 90
        3
176
     1
 62
     5
420
      255
176
     1
290
     0
176
     1
 90
       50
176
     1
 90
       50
176
     1
 90
       50
176
     1
290
     0
176
     1
 90
       50
176
     1
 62
   256
176
     0
 40
1.0
176
     0
 90
        2
176
     1
  1
strokes_ogs.tif
176
     1
290
     0
176
     1
 40
1.0
176
     1
 40
1.0
176
     1
  0
VISUALSTYLE
  5
A4
102
{ACAD_REACTORS
330
99
102
}
330
99
100
AcDbVisualStyle
  2
Dim
 70
    11
177
     3
291
     1
 70
    58
 90
        2
176
     1
 90
        2
176
     1
 90
        1
176
     1
 90
        0
176
     1
 40
0.6
176
     1
 40
30.0
176
     1
 62
     7
420
 16777215
176
     1
 90
        1
176
     1
 90
        4
176
     1
 62
     7
176
     1
 62
   257
176
     1
 90
        1
176
     1
 90
        1
176
     1
 40
1.0
176
     1
 90
        8
176
     1
 62
     7
176
     1
 40
1.0
176
     1
 90
        1
176
     1
 90
        6
176
     1
 90
        2
176
     1
 62
     7
176
     1
 90
        5
176
     1
 90
        0
176
     1
 90
        0
176
     1
290
     0
176
     1
 90
        1
176
     1
 40
-50.0
176
     1
 90
        0
176
     1
290
     0
176
     1
290
     1
176
     1
290
     1
176
     1
290
     0
176
     1
290
     0
176
     1
290
     0
176
     1
290
     0
176
     1
290
     0
176
     1
290
     0
176
     1
 90
       50
176
     1
 40
0.0
176
     1
 40
1.0
176
     1
 90
        0
176
     1
 62
    18
420
        0
176
     1
 90
       50
176
     1
 90
        3
176
     1
 62
     5
420
      255
176
     1
290
     0
176
     1
 90
       50
176
     1
 90
       50
176
     1
 90
       50
176
     1
290
     0
176
     1
 90
       50
176
     1
 62
   256
176
     0
 40
1.0
176
     0
 90
        2
176
     1
  1
strokes_ogs.tif
176
     1
290
     0
176
     1
 40
1.0
176
     1
 40
1.0
176
     1
  0
VISUALSTYLE
  5
175
102
{ACAD_REACTORS
330
99
102
}
330
99
100
AcDbVisualStyle
  2
EdgeColorOff
 70
    22
177
     3
291
     1
 70
    58
 90
        2
176
     0
 90
        2
176
     0
 90
        0
176
     0
 90
        0
176
     0
 40
0.6
176
     0
 40
30.0
176
     0
 62
     7
420
 16777215
176
     0
 90
        1
176
     0
 90
        4
176
     0
 62
     7
176
     0
 62
   257
176
     0
 90
        1
176
     0
 90
        1
176
     0
 40
1.0
176
     0
 90
        8
176
     2
 62
     7
176
     0
 40
1.0
176
     0
 90
        1
176
     0
 90
        6
176
     0
 90
        2
176
     0
 62
     7
176
     0
 90
        5
176
     0
 90
        0
176
     0
 90
        0
176
     0
290
     0
176
     0
 90
        1
176
     0
 40
0.0
176
     0
 90
        0
176
     0
290
     0
176
     1
290
     1
176
     1
290
     1
176
     1
290
     0
176
     1
290
     0
176
     1
290
     0
176
     1
290
     0
176
     1
290
     0
176
     1
290
     0
176
     1
 90
       50
176
     1
 40
0.0
176
     1
 40
1.0
176
     1
 90
        0
176
     1
 62
    18
420
        0
176
     1
 90
       50
176
     1
 90
        3
176
     1
 62
     5
420
      255
176
     1
290
     0
176
     1
 90
       50
176
     1
 90
       50
176
     1
 90
       50
176
     1
290
     0
176
     1
 90
       50
176
     1
 62
   256
176
     0
 40
1.0
176
     0
 90
        2
176
     1
  1
strokes_ogs.tif
176
     1
290
     0
176
     1
 40
1.0
176
     1
 40
1.0
176
     1
  0
VISUALSTYLE
  5
A8
102
{ACAD_REACTORS
330
99
102
}
330
99
100
AcDbVisualStyle
  2
Facepattern
 70
    15
177
     3
291
     1
 70
    58
 90
        2
176
     1
 90
        2
176
     1
 90
        1
176
     1
 90
        0
176
     1
 40
0.6
176
     1
 40
30.0
176
     1
 62
     7
420
 16777215
176
     1
 90
        1
176
     1
 90
        4
176
     1
 62
     7
176
     1
 62
   257
176
     1
 90
        1
176
     1
 90
        1
176
     1
 40
1.0
176
     1
 90
        8
176
     1
 62
     7
176
     1
 40
1.0
176
     1
 90
        1
176
     1
 90
        6
176
     1
 90
        2
176
     1
 62
     7
176
     1
 90
        5
176
     1
 90
        0
176
     1
 90
        0
176
     1
290
     0
176
     1
 90
        1
176
     1
 40
0.0
176
     1
 90
        0
176
     1
290
     0
176
     1
290
     1
176
     1
290
     1
176
     1
290
     0
176
     1
290
     0
176
     1
290
     0
176
     1
290
     0
176
     1
290
     0
176
     1
290
     0
176
     1
 90
       50
176
     1
 40
0.0
176
     1
 40
1.0
176
     1
 90
        0
176
     1
 62
    18
420
        0
176
     1
 90
       50
176
     1
 90
        3
176
     1
 62
     5
420
      255
176
     1
290
     0
176
     1
 90
       50
176
     1
 90
       50
176
     1
 90
       50
176
     1
290
     0
176
     1
 90
       50
176
     1
 62
   256
176
     0
 40
1.0
176
     0
 90
        2
176
     1
  1
strokes_ogs.tif
176
     1
290
     0
176
     1
 40
1.0
176
     1
 40
1.0
176
     1
  0
VISUALSTYLE
  5
9A
102
{ACAD_REACTORS
330
99
102
}
330
99
100
AcDbVisualStyle
  2
Flat
 70
     0
177
     3
291
     1
 70
    58
 90
        2
176
     1
 90
        1
176
     1
 90
        1
176
     1
 90
        2
176
     1
 40
0.6
176
     1
 40
30.0
176
     1
 62
     7
420
 16777215
176
     1
 90
        0
176
     1
 90
        0
176
     1
 62
     7
176
     1
 62
   257
176
     1
 90
        1
176
     1
 90
        1
176
     1
 40
1.0
176
     1
 90
        8
176
     1
 62
     7
176
     1
 40
1.0
176
     1
 90
        1
176
     1
 90
        6
176
     1
 90
        2
176
     1
 62
     7
176
     1
 90
        5
176
     1
 90
        0
176
     1
 90
        0
176
     1
290
     0
176
     1
 90
       13
176
     1
 40
0.0
176
     1
 90
        0
176
     1
290
     0
176
     1
290
     1
176
     1
290
     1
176
     1
290
     0
176
     1
290
     0
176
     1
290
     0
176
     1
290
     0
176
     1
290
     0
176
     1
290
     0
176
     1
 90
       50
176
     1
 40
0.0
176
     1
 40
1.0
176
     1
 90
        0
176
     1
 62
    18
420
        0
176
     1
 90
       50
176
     1
 90
        3
176
     1
 62
     5
420
      255
176
     1
290
     0
176
     1
 90
       50
176
     1
 90
       50
176
     1
 90
       50
176
     1
290
     0
176
     1
 90
       50
176
     1
 62
   256
176
     0
 40
1.0
176
     0
 90
        2
176
     1
  1
strokes_ogs.tif
176
     1
290
     0
176
     1
 40
1.0
176
     1
 40
1.0
176
     1
  0
VISUALSTYLE
  5
9B
102
{ACAD_REACTORS
330
99
102
}
330
99
100
AcDbVisualStyle
  2
FlatWithEdges
 70
     1
177
     3
291
     1
 70
    58
 90
        2
176
     1
 90
        1
176
     1
 90
        1
176
     1
 90
        2
176
     1
 40
0.6
176
     1
 40
30.0
176
     1
 62
     7
420
 16777215
176
     1
 90
        1
176
     1
 90
        0
176
     1
 62
     7
176
     1
 62
   257
176
     1
 90
        1
176
     1
 90
        1
176
     1
 40
1.0
176
     1
 90
        0
176
     1
 62
   257
176
     1
 40
1.0
176
     1
 90
        1
176
     1
 90
        6
176
     1
 90
        2
176
     1
 62
     7
176
     1
 90
        5
176
     1
 90
        0
176
     1
 90
        0
176
     1
290
     0
176
     1
 90
       13
176
     1
 40
0.0
176
     1
 90
        0
176
     1
290
     0
176
     1
290
     1
176
     1
290
     1
176
     1
290
     0
176
     1
290
     0
176
     1
290
     0
176
     1
290
     0
176
     1
290
     0
176
     1
290
     0
176
     1
 90
       50
176
     1
 40
0.0
176
     1
 40
1.0
176
     1
 90
        0
176
     1
 62
    18
420
        0
176
     1
 90
       50
176
     1
 90
        3
176
     1
 62
     5
420
      255
176
     1
290
     0
176
     1
 90
       50
176
     1
 90
       50
176
     1
 90
       50
176
     1
290
     0
176
     1
 90
       50
176
     1
 62
   256
176
     0
 40
1.0
176
     0
 90
        2
176
     1
  1
strokes_ogs.tif
176
     1
290
     0
176
     1
 40
1.0
176
     1
 40
1.0
176
     1
  0
VISUALSTYLE
  5
9C
102
{ACAD_REACTORS
330
99
102
}
330
99
100
AcDbVisualStyle
  2
Gouraud
 70
     2
177
     3
291
     1
 70
    58
 90
        2
176
     1
 90
        2
176
     1
 90
        1
176
     1
 90
        2
176
     1
 40
0.6
176
     1
 40
30.0
176
     1
 62
     7
420
 16777215
176
     1
 90
        0
176
     1
 90
        0
176
     1
 62
     7
176
     1
 62
   257
176
     1
 90
        1
176
     1
 90
        1
176
     1
 40
1.0
176
     1
 90
        0
176
     1
 62
     7
176
     1
 40
1.0
176
     1
 90
        1
176
     1
 90
        6
176
     1
 90
        2
176
     1
 62
     7
176
     1
 90
        5
176
     1
 90
        0
176
     1
 90
        0
176
     1
290
     0
176
     1
 90
       13
176
     1
 40
0.0
176
     1
 90
        0
176
     1
290
     0
176
     1
290
     1
176
     1
290
     1
176
     1
290
     0
176
     1
290
     0
176
     1
290
     0
176
     1
290
     0
176
     1
290
     0
176
     1
290
     0
176
     1
 90
       50
176
     1
 40
0.0
176
     1
 40
1.0
176
     1
 90
        0
176
     1
 62
    18
420
        0
176
     1
 90
       50
176
     1
 90
        3
176
     1
 62
     5
420
      255
176
     1
290
     0
176
     1
 90
       50
176
     1
 90
       50
176
     1
 90
       50
176
     1
290
     0
176
     1
 90
       50
176
     1
 62
   256
176
     0
 40
1.0
176
     0
 90
        2
176
     1
  1
strokes_ogs.tif
176
     1
290
     0
176
     1
 40
1.0
176
     1
 40
1.0
176
     1
  0
VISUALSTYLE
  5
9D
102
{ACAD_REACTORS
330
99
102
}
330
99
100
AcDbVisualStyle
  2
GouraudWithEdges
 70
     3
177
     3
291
     1
 70
    58
 90
        2
176
     1
 90
        2
176
     1
 90
        1
176
     1
 90
        2
176
     1
 40
0.6
176
     1
 40
30.0
176
     1
 62
     7
420
 16777215
176
     1
 90
        1
176
     1
 90
        0
176
     1
 62
     7
176
     1
 62
   257
176
     1
 90
        1
176
     1
 90
        1
176
     1
 40
1.0
176
     1
 90
        0
176
     1
 62
   257
176
     1
 40
1.0
176
     1
 90
        1
176
     1
 90
        6
176
     1
 90
        2
176
     1
 62
     7
176
     1
 90
        5
176
     1
 90
        0
176
     1
 90
        0
176
     1
290
     0
176
     1
 90
       13
176
     1
 40
0.0
176
     1
 90
        0
176
     1
290
     0
176
     1
290
     1
176
     1
290
     1
176
     1
290
     0
176
     1
290
     0
176
     1
290
     0
176
     1
290
     0
176
     1
290
     0
176
     1
290
     0
176
     1
 90
       50
176
     1
 40
0.0
176
     1
 40
1.0
176
     1
 90
        0
176
     1
 62
    18
420
        0
176
     1
 90
       50
176
     1
 90
        3
176
     1
 62
     5
420
      255
176
     1
290
     0
176
     1
 90
       50
176
     1
 90
       50
176
     1
 90
       50
176
     1
290
     0
176
     1
 90
       50
176
     1
 62
   256
176
     0
 40
1.0
176
     0
 90
        2
176
     1
  1
strokes_ogs.tif
176
     1
290
     0
176
     1
 40
1.0
176
     1
 40
1.0
176
     1
  0
VISUALSTYLE
  5
A1
102
{ACAD_REACTORS
330
99
102
}
330
99
100
AcDbVisualStyle
  2
Hidden
 70
     6
177
     3
291
     0
 70
    58
 90
        1
176
     1
 90
        2
176
     1
 90
        2
176
     1
 90
        0
176
     1
 40
0.6
176
     1
 40
30.0
176
     1
 62
     7
420
 16777215
176
     1
 90
        2
176
     1
 90
        2
176
     1
 62
     7
176
     1
 62
   257
176
     1
 90
        2
176
     1
 90
        1
176
     1
 40
40.0
176
     1
 90
        0
176
     1
 62
   257
176
     1
 40
1.0
176
     1
 90
        1
176
     1
 90
        6
176
     1
 90
        2
176
     1
 62
     7
176
     1
 90
        3
176
     1
 90
        0
176
     1
 90
        0
176
     1
290
     0
176
     1
 90
        1
176
     1
 40
0.0
176
     1
 90
        0
176
     1
290
     0
176
     1
290
     1
176
     1
290
     1
176
     1
290
     0
176
     1
290
     0
176
     1
290
     0
176
     1
290
     0
176
     1
290
     0
176
     1
290
     0
176
     1
 90
       50
176
     1
 40
0.0
176
     1
 40
1.0
176
     1
 90
        0
176
     1
 62
    18
420
        0
176
     1
 90
       50
176
     1
 90
        3
176
     1
 62
     5
420
      255
176
     1
290
     0
176
     1
 90
       50
176
     1
 90
       50
176
     1
 90
       50
176
     1
290
     0
176
     1
 90
       50
176
     1
 62
   256
176
     0
 40
1.0
176
     0
 90
        2
176
     1
  1
strokes_ogs.tif
176
     1
290
     0
176
     1
 40
1.0
176
     1
 40
1.0
176
     1
  0
VISUALSTYLE
  5
173
102
{ACAD_REACTORS
330
99
102
}
330
99
100
AcDbVisualStyle
  2
JitterOff
 70
    20
177
     3
291
     1
 70
    58
 90
        2
176
     0
 90
        2
176
     0
 90
        0
176
     0
 90
        0
176
     0
 40
0.6
176
     0
 40
30.0
176
     0
 62
     7
420
 16777215
176
     0
 90
        1
176
     0
 90
        4
176
     0
 62
     7
176
     0
 62
   257
176
     0
 90
        1
176
     0
 90
        1
176
     0
 40
1.0
176
     0
 90
       10
176
     2
 62
     7
176
     0
 40
1.0
176
     0
 90
        1
176
     0
 90
        6
176
     0
 90
        2
176
     0
 62
     7
176
     0
 90
        5
176
     0
 90
        0
176
     0
 90
        0
176
     0
290
     0
176
     0
 90
        1
176
     0
 40
0.0
176
     0
 90
        0
176
     0
290
     0
176
     1
290
     1
176
     1
290
     1
176
     1
290
     0
176
     1
290
     0
176
     1
290
     0
176
     1
290
     0
176
     1
290
     0
176
     1
290
     0
176
     1
 90
       50
176
     1
 40
0.0
176
     1
 40
1.0
176
     1
 90
        0
176
     1
 62
    18
420
        0
176
     1
 90
       50
176
     1
 90
        3
176
     1
 62
     5
420
      255
176
     1
290
     0
176
     1
 90
       50
176
     1
 90
       50
176
     1
 90
       50
176
     1
290
     0
176
     1
 90
       50
176
     1
 62
   256
176
     0
 40
1.0
176
     0
 90
        2
176
     1
  1
strokes_ogs.tif
176
     1
290
     0
176
     1
 40
1.0
176
     1
 40
1.0
176
     1
  0
VISUALSTYLE
  5
A7
102
{ACAD_REACTORS
330
99
102
}
330
99
100
AcDbVisualStyle
  2
Linepattern
 70
    14
177
     3
291
     1
 70
    58
 90
        2
176
     1
 90
        2
176
     1
 90
        1
176
     1
 90
        0
176
     1
 40
0.6
176
     1
 40
30.0
176
     1
 62
     7
420
 16777215
176
     1
 90
        1
176
     1
 90
        4
176
     1
 62
     7
176
     1
 62
   257
176
     1
 90
        7
176
     1
 90
        7
176
     1
 40
1.0
176
     1
 90
        8
176
     1
 62
     7
176
     1
 40
1.0
176
     1
 90
        1
176
     1
 90
        6
176
     1
 90
        2
176
     1
 62
     7
176
     1
 90
        5
176
     1
 90
        0
176
     1
 90
        0
176
     1
290
     0
176
     1
 90
        1
176
     1
 40
0.0
176
     1
 90
        0
176
     1
290
     0
176
     1
290
     1
176
     1
290
     1
176
     1
290
     0
176
     1
290
     0
176
     1
290
     0
176
     1
290
     0
176
     1
290
     0
176
     1
290
     0
176
     1
 90
       50
176
     1
 40
0.0
176
     1
 40
1.0
176
     1
 90
        0
176
     1
 62
    18
420
        0
176
     1
 90
       50
176
     1
 90
        3
176
     1
 62
     5
420
      255
176
     1
290
     0
176
     1
 90
       50
176
     1
 90
       50
176
     1
 90
       50
176
     1
290
     0
176
     1
 90
       50
176
     1
 62
   256
176
     0
 40
1.0
176
     0
 90
        2
176
     1
  1
strokes_ogs.tif
176
     1
290
     0
176
     1
 40
1.0
176
     1
 40
1.0
176
     1
  0
VISUALSTYLE
  5
174
102
{ACAD_REACTORS
330
99
102
}
330
99
100
AcDbVisualStyle
  2
OverhangOff
 70
    21
177
     3
291
     1
 70
    58
 90
        2
176
     0
 90
        2
176
     0
 90
        0
176
     0
 90
        0
176
     0
 40
0.6
176
     0
 40
30.0
176
     0
 62
     7
420
 16777215
176
     0
 90
        1
176
     0
 90
        4
176
     0
 62
     7
176
     0
 62
   257
176
     0
 90
        1
176
     0
 90
        1
176
     0
 40
1.0
176
     0
 90
        9
176
     2
 62
     7
176
     0
 40
1.0
176
     0
 90
        1
176
     0
 90
        6
176
     0
 90
        2
176
     0
 62
     7
176
     0
 90
        5
176
     0
 90
        0
176
     0
 90
        0
176
     0
290
     0
176
     0
 90
        1
176
     0
 40
0.0
176
     0
 90
        0
176
     0
290
     0
176
     1
290
     1
176
     1
290
     1
176
     1
290
     0
176
     1
290
     0
176
     1
290
     0
176
     1
290
     0
176
     1
290
     0
176
     1
290
     0
176
     1
 90
       50
176
     1
 40
0.0
176
     1
 40
1.0
176
     1
 90
        0
176
     1
 62
    18
420
        0
176
     1
 90
       50
176
     1
 90
        3
176
     1
 62
     5
420
      255
176
     1
290
     0
176
     1
 90
       50
176
     1
 90
       50
176
     1
 90
       50
176
     1
290
     0
176
     1
 90
       50
176
     1
 62
   256
176
     0
 40
1.0
176
     0
 90
        2
176
     1
  1
strokes_ogs.tif
176
     1
290
     0
176
     1
 40
1.0
176
     1
 40
1.0
176
     1
  0
VISUALSTYLE
  5
A3
102
{ACAD_REACTORS
330
99
102
}
330
99
100
AcDbVisualStyle
  2
Realistic
 70
     8
177
     3
291
     0
 70
    58
 90
        2
176
     1
 90
        3
176
     1
 90
        0
176
     1
 90
        2
176
     1
 40
0.6
176
     1
 40
30.0
176
     1
 62
     7
420
 16777215
176
     1
 90
        0
176
     1
 90
        0
176
     1
 62
     7
176
     1
 62
   257
176
     1
 90
        1
176
     1
 90
        1
176
     1
 40
1.0
176
     1
 90
        8
176
     1
 62
   257
176
     1
 40
1.0
176
     1
 90
        1
176
     1
 90
        6
176
     1
 90
        2
176
     1
 62
     7
176
     1
 90
        3
176
     1
 90
        0
176
     1
 90
        0
176
     1
290
     0
176
     1
 90
       13
176
     1
 40
0.0
176
     1
 90
        0
176
     1
290
     0
176
     1
290
     1
176
     1
290
     1
176
     1
290
     0
176
     1
290
     0
176
     1
290
     0
176
     1
290
     0
176
     1
290
     0
176
     1
290
     0
176
     1
 90
       50
176
     1
 40
0.0
176
     1
 40
1.0
176
     1
 90
        0
176
     1
 62
    18
420
        0
176
     1
 90
       50
176
     1
 90
        3
176
     1
 62
     5
420
      255
176
     1
290
     0
176
     1
 90
       50
176
     1
 90
       50
176
     1
 90
       50
176
     1
290
     0
176
     1
 90
       50
176
     1
 62
   256
176
     0
 40
1.0
176
     0
 90
        2
176
     1
  1
strokes_ogs.tif
176
     1
290
     0
176
     1
 40
1.0
176
     1
 40
1.0
176
     1
  0
VISUALSTYLE
  5
182
102
{ACAD_REACTORS
330
99
102
}
330
99
100
AcDbVisualStyle
  2
Shaded
 70
    27
177
     3
291
     0
 70
    58
 90
        2
176
     1
 90
        2
176
     1
 90
        1
176
     1
 90
        2
176
     1
 40
0.6
176
     1
 40
30.0
176
     1
 62
     7
420
 16777215
176
     1
 90
        0
176
     1
 90
        4
176
     1
 62
     7
176
     1
 62
   257
176
     1
 90
        1
176
     1
 90
        1
176
     1
 40
1.0
176
     1
 90
        8
176
     1
 62
   257
176
     1
 40
1.0
176
     1
 90
        1
176
     1
 90
        6
176
     1
 90
        2
176
     1
 62
     8
420
  7895160
176
     1
 90
        3
176
     1
 90
        0
176
     1
 90
        0
176
     1
290
     0
176
     1
 90
        5
176
     1
 40
0.0
176
     1
 90
        0
176
     1
290
     0
176
     1
290
     1
176
     1
290
     1
176
     1
290
     0
176
     1
290
     0
176
     1
290
     0
176
     1
290
     0
176
     1
290
     0
176
     1
290
     0
176
     1
 90
       50
176
     1
 40
0.0
176
     1
 40
1.0
176
     1
 90
        0
176
     1
 62
    18
420
        0
176
     1
 90
       50
176
     1
 90
        3
176
     1
 62
     5
420
      255
176
     1
290
     0
176
     1
 90
       50
176
     1
 90
       50
176
     1
 90
       50
176
     1
290
     0
176
     1
 90
       50
176
     1
 62
   256
176
     0
 40
1.0
176
     0
 90
        2
176
     1
  1
strokes_ogs.tif
176
     1
290
     0
176
     1
 40
1.0
176
     1
 40
1.0
176
     1
  0
VISUALSTYLE
  5
181
102
{ACAD_REACTORS
330
99
102
}
330
99
100
AcDbVisualStyle
  2
Shaded with edges
 70
    26
177
     3
291
     0
 70
    58
 90
        2
176
     1
 90
        2
176
     1
 90
        1
176
     1
 90
        2
176
     1
 40
0.6
176
     1
 40
30.0
176
     1
 62
     7
420
 16777215
176
     1
 90
        1
176
     1
 90
        2
176
     1
 62
     7
176
     1
 62
   257
176
     1
 90
        2
176
     1
 90
        1
176
     1
 40
1.0
176
     1
 90
        8
176
     1
 62
   257
176
     1
 40
1.0
176
     1
 90
        1
176
     1
 90
        6
176
     1
 90
        2
176
     1
 62
     7
176
     1
 90
        3
176
     1
 90
        0
176
     1
 90
        0
176
     1
290
     0
176
     1
 90
        5
176
     1
 40
0.0
176
     1
 90
        0
176
     1
290
     0
176
     1
290
     1
176
     1
290
     1
176
     1
290
     0
176
     1
290
     0
176
     1
290
     0
176
     1
290
     0
176
     1
290
     0
176
     1
290
     0
176
     1
 90
       50
176
     1
 40
0.0
176
     1
 40
1.0
176
     1
 90
        0
176
     1
 62
    18
420
        0
176
     1
 90
       50
176
     1
 90
        3
176
     1
 62
     5
420
      255
176
     1
290
     0
176
     1
 90
       50
176
     1
 90
       50
176
     1
 90
       50
176
     1
290
     0
176
     1
 90
       50
176
     1
 62
   256
176
     0
 40
1.0
176
     0
 90
        2
176
     1
  1
strokes_ogs.tif
176
     1
290
     0
176
     1
 40
1.0
176
     1
 40
1.0
176
     1
  0
VISUALSTYLE
  5
17E
102
{ACAD_REACTORS
330
99
102
}
330
99
100
AcDbVisualStyle
  2
Shades of Gray
 70
    23
177
     3
291
     0
 70
    58
 90
        2
176
     1
 90
        2
176
     1
 90
        3
176
     1
 90
        0
176
     1
 40
0.6
176
     1
 40
30.0
176
     1
 62
     7
420
 16777215
176
     1
 90
        2
176
     1
 90
        2
176
     1
 62
     7
176
     1
 62
     7
176
     1
 90
        1
176
     1
 90
        1
176
     1
 40
40.0
176
     1
 90
        8
176
     1
 62
     7
176
     1
 40
1.0
176
     1
 90
        1
176
     1
 90
        6
176
     1
 90
        2
176
     1
 62
     7
176
     1
 90
        3
176
     1
 90
        0
176
     1
 90
        0
176
     1
290
     0
176
     1
 90
        1
176
     1
 40
0.0
176
     1
 90
        0
176
     1
290
     0
176
     1
290
     1
176
     1
290
     1
176
     1
290
     0
176
     1
290
     0
176
     1
290
     0
176
     1
290
     0
176
     1
290
     0
176
     1
290
     0
176
     1
 90
       50
176
     1
 40
0.0
176
     1
 40
1.0
176
     1
 90
        0
176
     1
 62
    18
420
        0
176
     1
 90
       50
176
     1
 90
        3
176
     1
 62
     5
420
      255
176
     1
290
     0
176
     1
 90
       50
176
     1
 90
       50
176
     1
 90
       50
176
     1
290
     0
176
     1
 90
       50
176
     1
 62
   256
176
     0
 40
1.0
176
     0
 90
        2
176
     1
  1
strokes_ogs.tif
176
     1
290
     0
176
     1
 40
1.0
176
     1
 40
1.0
176
     1
  0
VISUALSTYLE
  5
17F
102
{ACAD_REACTORS
330
99
102
}
330
99
100
AcDbVisualStyle
  2
Sketchy
 70
    24
177
     3
291
     0
 70
    58
 90
        1
176
     1
 90
        2
176
     1
 90
        2
176
     1
 90
        0
176
     1
 40
0.6
176
     1
 40
30.0
176
     1
 62
     7
420
 16777215
176
     1
 90
        2
176
     1
 90
        2
176
     1
 62
     7
176
     1
 62
     7
176
     1
 90
        1
176
     1
 90
        1
176
     1
 40
40.0
176
     1
 90
       11
176
     1
 62
     7
176
     1
 40
1.0
176
     1
 90
        1
176
     1
 90
        6
176
     1
 90
        2
176
     1
 62
     7
176
     1
 90
        6
176
     1
 90
        0
176
     1
 90
        0
176
     1
290
     0
176
     1
 90
        1
176
     1
 40
0.0
176
     1
 90
        0
176
     1
290
     0
176
     1
290
     1
176
     1
290
     1
176
     1
290
     0
176
     1
290
     0
176
     1
290
     0
176
     1
290
     0
176
     1
290
     0
176
     1
290
     0
176
     1
 90
       50
176
     1
 40
0.0
176
     1
 40
1.0
176
     1
 90
        0
176
     1
 62
    18
420
        0
176
     1
 90
       50
176
     1
 90
        3
176
     1
 62
     5
420
      255
176
     1
290
     0
176
     1
 90
       50
176
     1
 90
       50
176
     1
 90
       50
176
     1
290
     0
176
     1
 90
       50
176
     1
 62
   256
176
     0
 40
1.0
176
     0
 90
        2
176
     1
  1
strokes_ogs.tif
176
     1
290
     0
176
     1
 40
1.0
176
     1
 40
1.0
176
     1
  0
VISUALSTYLE
  5
A6
102
{ACAD_REACTORS
330
99
102
}
330
99
100
AcDbVisualStyle
  2
Thicken
 70
    13
177
     3
291
     1
 70
    58
 90
        2
176
     1
 90
        2
176
     1
 90
        1
176
     1
 90
        0
176
     1
 40
0.6
176
     1
 40
30.0
176
     1
 62
     7
420
 16777215
176
     1
 90
        1
176
     1
 90
        4
176
     1
 62
     7
176
     1
 62
   257
176
     1
 90
        1
176
     1
 90
        1
176
     1
 40
1.0
176
     1
 90
       12
176
     1
 62
     7
176
     1
 40
1.0
176
     1
 90
        1
176
     1
 90
        6
176
     1
 90
        2
176
     1
 62
     7
176
     1
 90
        5
176
     1
 90
        0
176
     1
 90
        0
176
     1
290
     0
176
     1
 90
        1
176
     1
 40
0.0
176
     1
 90
        0
176
     1
290
     0
176
     1
290
     1
176
     1
290
     1
176
     1
290
     0
176
     1
290
     0
176
     1
290
     0
176
     1
290
     0
176
     1
290
     0
176
     1
290
     0
176
     1
 90
       50
176
     1
 40
0.0
176
     1
 40
1.0
176
     1
 90
        0
176
     1
 62
    18
420
        0
176
     1
 90
       50
176
     1
 90
        3
176
     1
 62
     5
420
      255
176
     1
290
     0
176
     1
 90
       50
176
     1
 90
       50
176
     1
 90
       50
176
     1
290
     0
176
     1
 90
       50
176
     1
 62
   256
176
     0
 40
1.0
176
     0
 90
        2
176
     1
  1
strokes_ogs.tif
176
     1
290
     0
176
     1
 40
1.0
176
     1
 40
1.0
176
     1
  0
VISUALSTYLE
  5
A0
102
{ACAD_REACTORS
330
99
102
}
330
99
100
AcDbVisualStyle
  2
Wireframe
 70
     5
177
     3
291
     0
 70
    58
 90
        0
176
     1
 90
        2
176
     1
 90
        0
176
     1
 90
        0
176
     1
 40
0.6
176
     1
 40
30.0
176
     1
 62
     7
420
 16777215
176
     1
 90
        1
176
     1
 90
        4
176
     1
 62
     7
176
     1
 62
   257
176
     1
 90
        1
176
     1
 90
        1
176
     1
 40
1.0
176
     1
 90
        0
176
     1
 62
   257
176
     1
 40
1.0
176
     1
 90
        1
176
     1
 90
        6
176
     1
 90
        2
176
     1
 62
     7
176
     1
 90
        3
176
     1
 90
        0
176
     1
 90
        0
176
     1
290
     0
176
     1
 90
        1
176
     1
 40
0.0
176
     1
 90
        0
176
     1
290
     0
176
     1
290
     1
176
     1
290
     1
176
     1
290
     0
176
     1
290
     0
176
     1
290
     0
176
     1
290
     0
176
     1
290
     0
176
     1
290
     0
176
     1
 90
       50
176
     1
 40
0.0
176
     1
 40
1.0
176
     1
 90
        0
176
     1
 62
    18
420
        0
176
     1
 90
       50
176
     1
 90
        3
176
     1
 62
     5
420
      255
176
     1
290
     0
176
     1
 90
       50
176
     1
 90
       50
176
     1
 90
       50
176
     1
290
     0
176
     1
 90
       50
176
     1
 62
   256
176
     0
 40
1.0
176
     0
 90
        2
176
     1
  1
strokes_ogs.tif
176
     1
290
     0
176
     1
 40
1.0
176
     1
 40
1.0
176
     1
  0
VISUALSTYLE
  5
180
102
{ACAD_REACTORS
330
99
102
}
330
99
100
AcDbVisualStyle
  2
X-Ray
 70
    25
177
     3
291
     0
 70
    58
 90
        2
176
     1
 90
        2
176
     1
 90
        1
176
     1
 90
        1
176
     1
 40
0.5
176
     1
 40
30.0
176
     1
 62
     7
420
 16777215
176
     1
 90
        1
176
     1
 90
        0
176
     1
 62
     7
176
     1
 62
   257
176
     1
 90
        1
176
     1
 90
        1
176
     1
 40
1.0
176
     1
 90
        8
176
     1
 62
     7
176
     1
 40
1.0
176
     1
 90
        1
176
     1
 90
        6
176
     1
 90
        2
176
     1
 62
     7
176
     1
 90
        3
176
     1
 90
        0
176
     1
 90
        0
176
     1
290
     0
176
     1
 90
       13
176
     1
 40
0.0
176
     1
 90
        0
176
     1
290
     0
176
     1
290
     1
176
     1
290
     1
176
     1
290
     0
176
     1
290
     0
176
     1
290
     0
176
     1
290
     0
176
     1
290
     0
176
     1
290
     0
176
     1
 90
       50
176
     1
 40
0.0
176
     1
 40
1.0
176
     1
 90
        0
176
     1
 62
    18
420
        0
176
     1
 90
       50
176
     1
 90
        3
176
     1
 62
     5
420
      255
176
     1
290
     0
176
     1
 90
       50
176
     1
 90
       50
176
     1
 90
       50
176
     1
290
     0
176
     1
 90
       50
176
     1
 62
   256
176
     0
 40
1.0
176
     0
 90
        2
176
     1
  1
strokes_ogs.tif
176
     1
290
     0
176
     1
 40
1.0
176
     1
 40
1.0
176
     1
  0
DICTIONARYVAR
  5
F0
102
{ACAD_REACTORS
330
66
102
}
330
66
100
DictionaryVariables
280
     0
  1
1:1
  0
DICTIONARYVAR
  5
EF
102
{ACAD_REACTORS
330
66
102
}
330
66
100
DictionaryVariables
280
     0
  1
STANDARD
  0
DICTIONARYVAR
  5
89
102
{ACAD_REACTORS
330
66
102
}
330
66
100
DictionaryVariables
280
     0
  1
STANDARD
  0
DICTIONARYVAR
  5
1B7
102
{ACAD_REACTORS
330
66
102
}
330
66
100
DictionaryVariables
280
     0
  1
Imperial24
  0
DICTIONARYVAR
  5
1B8
102
{ACAD_REACTORS
330
66
102
}
330
66
100
DictionaryVariables
280
     0
  1
Imperial24
  0
DICTIONARYVAR
  5
67
102
{ACAD_REACTORS
330
66
102
}
330
66
100
DictionaryVariables
280
     0
  1
2
  0
DICTIONARYVAR
  5
6B
102
{ACAD_REACTORS
330
66
102
}
330
66
100
DictionaryVariables
280
     0
  1
1
  0
DICTIONARYVAR
  5
119C
102
{ACAD_REACTORS
330
66
102
}
330
66
100
DictionaryVariables
280
     0
  1
BYLAYER
  0
DICTIONARYVAR
  5
119B
102
{ACAD_REACTORS
330
66
102
}
330
66
100
DictionaryVariables
280
     0
  1
ByLayer
  0
DICTIONARYVAR
  5
14D
102
{ACAD_REACTORS
330
66
102
}
330
66
100
DictionaryVariables
280
     0
  1
0
  0
DICTIONARYVAR
  5
14E
102
{ACAD_REACTORS
330
66
102
}
330
66
100
DictionaryVariables
280
     0
  1
0
  0
DICTIONARY
  5
194
330
22
100
AcDbDictionary
280
     1
281
     1
  0
DICTIONARY
  5
188
330
97
100
AcDbDictionary
280
     1
281
     1
  3
FBXASSET
360
189
  0
DICTIONARY
  5
186
330
96
100
AcDbDictionary
280
     1
281
     1
  3
FBXASSET
360
187
  0
DICTIONARY
  5
110
330
98
100
AcDbDictionary
280
     1
281
     1
  3
BUMPTILE
360
112
  3
DIFFUSETILE
360
111
  3
FBXASSET
360
18A
  3
OPACITYTILE
360
113
  3
REFLECTIONTILE
360
114
  0
DICTIONARY
  5
104
330
87
100
AcDbDictionary
280
     1
281
     1
  3
ACAD_ROUNDTRIP_2008_TABLESTYLE_CELLSTYLEMAP
360
11BA
  0
XRECORD
  5
189
102
{ACAD_REACTORS
330
188
102
}
330
188
100
AcDbXrecord
280
     1
 70
     1
 90
429727718
  1
508B35C9-AEE7-456F-BE74-D52651303AC6
310
504B03040A0000080000B670623B3DEE336E79000000790000001B0000006175746F6465736B2D64657369676E2D7061636B6167652E786D6C3C3F786D6C2076657273696F6E3D22312E302220656E636F64696E673D227574662D3822203F3E3C666F726D6174733E3C666F726D61743E687474703A2F2F736368656D612E
310
6175746F6465736B2E636F6D2F64657369676E2D7061636B6167652F323030393C2F666F726D61743E3C2F666F726D6174733E504B0304140006080800B670623BD486FD9CA0000000F4000000130000005B436F6E74656E745F54797065735D2E786D6C7D8EC10E82300C865F65E91D8A1E8C310C0EEA1BF002731658846E
310
D98AC1B77784ABF1D8FE5FBFBF75BBCE937A534CCEB38643598122B6FEE978D0B0485F9C41B54DDD7D022595594E1A469170414C76A4D9A4D207E29CF43ECE46F218070CC6BECC4078ACAA135ACF422C856C0E68EA1BF5669944DDD7BCDE7B1F8E415D77AECB980613C2E4AC91FC167A2B244592486606FC29C8FD7F045B9A
310
EF7053A7E60B504B0304140006080800B670623B28ED286BEB0000007C01000008000000636F72652E786D6C8D90416EC3201045AF82665B6183218D6D61A254764FD00B204C5C94182C03558F5F9C3852BBEB6A467FFE9B197D71FA9E6FE8CBACC17AD7012D0820E3B41FAD9B3A48F1826B40272956EFE32F1B20A766D3C1
310
268314D3EAD3B24BDABB685CCCAAF3A3D94515828980F42D371D04FD696655A814B3235C8B45E9AB9A4C419F5D8653B2237A1CB163DE672FD6AC209BF3C08E0D1B30EB19C3FC9D72FCC6EB231EFA33EDE96BDD341517E5064B11EDFCBCAF57A3A2194156843498524CAA0FCA5B7268F9E185D42D21A2DCEC7FA0B48CFF8492
310
759155FBBB0F2C80A4F991FB408A72CB22977B50B96EB9C91F504B0304140006080800B670623B55019EA25F0000007C00000007000000636E782E786D6C4DCB3B0E80201045D1AD90E915ED2CF8AC45050C11660C8261F98AB1B07AC9C97D42D718D865D3E909258CFD00CCE24AC6E326A164D74DC0B4128928FF32603847
310
2BA13128B1252AC747C6BAB984FC68F0B87FE8960A5C09FE86CFB69FBA01504B0304140006080800B670623B7BC41AC871010000D40300000C0000006662782F636F72652E786D6CC553ED6E8320147D15C2DF4501B56B6D90A64BBB27D80B50A5CE54C120983EFEAE1F4DD7A56BBA5FF3879273EEE59E7310BE393735EA95
310
ED2AA333CC428A91D2B9292A5D66D8BB63B0C26823B835C67D2BC348CB46657880B1E0A535BE9DA1DC68A7B403549B42CDA0EC3AE530CA6B5864B8CB3F552343E91D5474A7B095F949962A6421D0502778E72C0840D390E18DC5F170E664C205F7BE2A66B62A605A75AC94C522DDEEE3651AEF837817C741F2CE92E02D592D
310
83FD6ECB76EC7595A651C2C9D02CB8AB9A8BBADC2AE954814544691A3016D0E883256BBA58278B17BA5A53CAC9507ED3E4DBE2C9265F691747B3DCA9ADC382819091F8E1162272A8933DE82182932144F88C09DF060D8140C84E1EEA8B8F1340BDCA9DB1093085F157AA97B557309586747CD0EF0B4EA64E983A6E0EAEEFCE
310
889E9EF17847386AA94B30211D2C0FDE0D3AF9A4610EAD5536E8DD1969631B593F67E381C33F5157F17725E5A636F6BF1491F980C8FC7B90E13E8A2F504B0304140006080800B670623B70102A487D0000009D0000000B0000006662782F636E782E786D6C4DCCD10A83201886E15B91FFDC95A5C30335ACCDFB886521330D
310
A76397BF1A1DECE883878F57749FD5A3B74D2F17830472A901D9F088930B8B849267CC01754AA418F3DF0D5018572BE160506249B16C274D761E8BCFBB7A179E27F65CB39A0F14D396184C9921B81F34C3ACA1B4B99ABB6E6F062A25AA5F69DF23ACBE504B0304140006080800B670623B3610CA3329010000120200003100
310
00006662782F42384135303843342D343331462D343546312D424341352D3532343432364645413344462F636F72652E786D6C8D515B6EC32010BC0AE22B55850D0E446E848992B43E412FE000495162B07854397EA176A4F62F3F2C9A9D991D58BEBB8F37F0AD7D30CE76905418026DA553C65E3A98E219B510EC04F7CEC5
310
3F3408EC30EA0E16180A7EF12E4D0B249D8DDAC68C5AA7F4020E21E80881BCE54B0783FCD2E3500D296646B856D320AFC34557A4CAEDCC133C449F0380794839A138B47B86DB2345744D7A44594FD0E1B867883594369BFE63BF7EEF793D0B054FC9A8456E548E63CE46FB674D8A58F068C6477CE9F510B582A2C1F80D1182
310
70F349E816B32D65AFB8DD62CCEB42FF274A937A52948C8DEB66893BCB021484D7734370E5D2E9F608A3EF93F3119479ABA0E50B14B8C298119A43CCC4FCFCECB8A18B6388CEE7EF5D5D4F994BD86CBBA182D76543B9FCAE2FD7B24DF103504B0304140006080800B670623B1B8617914E0100003303000030000000666278
310
2F42384135303843342D343331462D343546312D424341352D3532343432364645413344462F636E782E786D6CD593C16EC32010447F0571AD6CE3D489D20813A9877E410FBD62D82434182CC055F3F75D1292E692438FBD206B7698593D61BEFD1E2DF982108D773D6D6B460938E5B571FB9ECE6957AD29D90A1EBC4F7736
310
4A9C1CA1A759A682EF839FA72269D8C9D92654AD71C72206887E0E0A22CAF926B15E498B01E0AA19451807D01A34B919F16B070157417138917400F2F6FA41FCF0092A45DEE414C19BDC21783E4BD39D891265658C3D8DEA00A3ACE59CBC8678ACB54CB26EEB6BD7839D7E9348BE70AD9C8321B9BCA7F9A4A26C542347DEE0
310
50F09802D22BA6749A800A394DD62899107273365E3C82CFC6A55557BC06C10774B7ABE7AEC3B0F34CF06446280E154026D0542C187BA9DAB6628BF7B6DBB0E5A65B3EB1F58631DE64BBE083F7B65CC218087E22CABB042E51D1F2268F1FE12B3EA24D40D63E9CFE00120194D60B9D5BC67FE6D39CDF37E20AF817881F504B
310
0304140006080800B670623BBFEF2E3B690500003C100000340000006662782F42384135303843342D343331462D343546312D424341352D3532343432364645413344462F6F626A656374732E786D6CAD575D739B3814FD2B0CFB0C98D84E931D4227B6938EA793B6534F3BFB90198F0099B001899144EAECAFDF231018B0
310
D37A3FFC609090EEE7B94757C1FB7D915B2F54C88CB31BDB7727B64559CC938CA53776A576CE956DBD0F03C1B9EA2DB32D460A7A63EB693B0C52C1ABD24C257447AA5C8D66EF177F5832A68CDA569C13296F6C193FD182B8A4523CA1F2D94D88226EBADBBBBEDB2C1C8A4D05299F46424B222853B014F30C52ACC6287F389C
310
D85E1878FA7B18E87FB36AFAF62AAFF667A83F635211161F291B8999FAB3D5DDC5FCDA99CF6653677679E13B8BFBC5CAF1DF4D27CBCBE5F2FAF6EE1A8AA51290642C117467871F101B91C581D77CEA2C36869F3229E68CD1B8F61F1ED6361B89092D294B90C78C4A68EB793D190E7D1D9BDEE7A91E1B95FDE9F3BCEAEFE809
310
6A6D6F9F7D4B79F4275C90E7A04248AA51D5C4C738DAE06F72885AC4796EBE65D22A88A22223B995679120E2D50EB1542F098381188D4EA111AE3DB043FF20AF6F2B4AE3D7D83D65E5AECA730D4D3BAC91BD05FEA992B565D95F549CD6069B90AB2A63EACA38A45E4B6A87D781574F86817E4C2FCCC72690D62E2729520E37
310
9BAF234797BAF6D62B3BFC781FED37BA1E4F2B2F052FA9501A3E80569BB8F6A9A364D4FA67654E6F803383981F82F21591FF84F23D9882BC896C3FDBCF8C162508933B2E0AE4C69DD43F6BD2BE38DDDBF10BF86CB4FA784D37F3AF16075E67EC9030DECA1FC0A55373F5DFF3378C591FA9BDF485C10B0A8C8BA909E5262639
310
A8E72163488806A595734C81CB77D1DE0ED7604A303B76913CEC0272F412782FF88EFF4636D8AA56DF7B322474C4B767303F625997056C7B032C473C592B36CEBD15F3F9FF5233B7ABCDC74D257624A60F8658567497B14CE1EC3C80B76FD02011038F9EE9EB0F2E12387A9C844D3F09855125116D1D731DF8B43D2CF4E0A0
310
79A020C6BE946BCE0B7EA1E1219331CD73C228AF5A2DDD31A4B1DA918CE91350854D40A71723140BFA92E94E62B0626016CEFA5864A50E5977E8753CEDBEE1CBB7F52780D20E17AF0BA0F5F9B02A3AD07DCC732EB6D1EBB661421BE0C39E21BABF0FE16D22EA6929407C8DE596724C88B749B6DB5512BC7B228ADFD7CB7EA6
310
3A22397E690BA8D5D8D4E40CEC8CDA23C2C0B7D5898640101CEC9C6D331CE328CB93CAFBBAC70A642DF70DF95155945B52F08AA973C23469FD69ADEF84F7BB18F983A8F8C90E37F5D35980B2139A1C523540813E824EF83448CF7C72B598CE97D7CEEDDDDD3B6736BFBC771677EF66CE6A7E7139F7A793E9EDF2B2B3A8B624
310
0CDA13AA5F8388264EC4A0129909F3B7F5A16CEDF08128E97D680ACA4B9BE7B7B58BB638F0B00700EF36AE8B32A705658A68F83EE897FC2B41573190D1CCAF0B92D233A47CFEB019D9809933F67DD1A5467F8CF69AD9A5AE859342D45355448C64F968A371DC2D596ADC6E43D93D1B466F877A64E2893E54F23C4B40388995
310
525E5005DA3983ED45412510D3EFCA13737B3863F74BD30F2A12E5B4B5E489A025CE25500DB855B11ACE5BBFA185D35DD48D8DC3CE7DC69F2944DB42AA6F6CF09BCA622ADD08C7A36E7C6AE18000BAB08E040135C2D21C9D75B3A91B77BB746C403F38018DFE6EC939DD92F16B40BC05294B9CDA035AAD6D330AE27FE4786B
310
8E45145EA34A75BE1C263A676A35A8ACC6297337400BF16C54EF515F3F77CB77EB3583889C754FFA29081AA98E2222ADEF05DA3E63D2EDEA8B8756C05A7FB6CABC4A91CBF325398202CC952E70A008A830324BA200D5E5EF8F5F04C75DB4B0EE3340E071C98B823333B83577596BF3849B69F2085AA0FAFA212F26BEFF5877
310
FDE622B28D88A42E49E43326DA82D31E8CB006401E1DA726059ECEC168F97A6599036306A135688F9AD2E61A6EA178F4CD51974A9F2CCB9F36FE5EBD14601068D9C3BF01504B0304140006080000B670623B000000000000000000000000350000006662782F42384135303843342D343331462D343546312D424341352D35
310
32343432364645413344462F76657274696365732E62696E504B0304140006080800B670623BF270F1330600000004000000360000006662782F42384135303843342D343331462D343546312D424341352D3532343432364645413344462F747269616E676C65732E62696E636660600000504B0304140006080000B67062
310
3B000000000000000000000000370000006662782F42384135303843342D343331462D343546312D424341352D3532343432364645413344462F617474726962757465732E62696E504B0304140006080800B670623B08DA0BD19000000041010000360000006662782F42384135303843342D343331462D343546312D4243
310
41352D3532343432364645413344462F6469726563746F72792E786D6C858F410AC3201045AF22B36F53E9A60B35CBEEBAE80D244E44489C6234F4F835464A48035D0DF398FF9F8AF63D0E6CC63039F212F8F9020C7D47C6792B21C5FE7403D62A1188E2E60C98D7234A5830286103A55745067B9D86B8A3CF9C7F90C11DE6
310
07FB144396D7B6A82D282E9A152AD114D5EF2CB866EEE831B8EEA07A7BB5A8D7D61A2BAAEB7FD5F70921FF497D00504B0304140006080800B670623B3B4606F3FE000000A00100003B0000006662782F42384135303843342D343331462D343546312D424341352D3532343432364645413344462F7265736F75726365732F
310
636F72652E786D6C8D504B6E833010BD0A9A6D65B08134808CA354A427E8052C332156828DFCA97AFC9A40A576D7CDCCE87D344F8F9FBEE647F689CE6B6B7A6039850C8DB2A336530F315C4903D94970676DF82583CCC8197B5861107C72362E3BA4AC096842428D1D7107A5F71820538F74F4E0D50D6799CB1892C2DFF345
310
AABB9C306779A2934E701F5C0A906D4FD609C2A1B7D129F4BCD858C163D4E3AED163FAA9AF1A1D88F67CA98E6D35906AA82A52BFB39ABCD5CD915C86331BD86BD3B665CD8BD52C78D0F34F46E550061C419494B6843142CB0F5677F4D0D58717DA7494F26295FF31C565FCA7296A13AA728FBBD93C0896823C09C18BB5AFB4
310
9E65A6BD762BBE01504B010214000A0000080000B670623B3DEE336E79000000790000001B00000000000000000000000000000000006175746F6465736B2D64657369676E2D7061636B6167652E786D6C504B01021400140006080800B670623BD486FD9CA0000000F40000001300000000000000000000000000B2000000
310
5B436F6E74656E745F54797065735D2E786D6C504B01021400140006080800B670623B28ED286BEB0000007C010000080000000000000000000000000083010000636F72652E786D6C504B01021400140006080800B670623B55019EA25F0000007C000000070000000000000000000000000094020000636E782E786D6C50
310
4B01021400140006080800B670623B7BC41AC871010000D40300000C00000000000000000000000000180300006662782F636F72652E786D6C504B01021400140006080800B670623B70102A487D0000009D0000000B00000000000000000000000000B30400006662782F636E782E786D6C504B01021400140006080800B6
310
70623B3610CA3329010000120200003100000000000000000000000000590500006662782F42384135303843342D343331462D343546312D424341352D3532343432364645413344462F636F72652E786D6C504B01021400140006080800B670623B1B8617914E010000330300003000000000000000000000000000D10600
310
006662782F42384135303843342D343331462D343546312D424341352D3532343432364645413344462F636E782E786D6C504B01021400140006080800B670623BBFEF2E3B690500003C10000034000000000000000000000000006D0800006662782F42384135303843342D343331462D343546312D424341352D35323434
310
32364645413344462F6F626A656374732E786D6C504B01021400140006080000B670623B0000000000000000000000003500000000000000000000000000280E00006662782F42384135303843342D343331462D343546312D424341352D3532343432364645413344462F76657274696365732E62696E504B010214001400
310
06080800B670623BF270F133060000000400000036000000000000000000000000007B0E00006662782F42384135303843342D343331462D343546312D424341352D3532343432364645413344462F747269616E676C65732E62696E504B01021400140006080000B670623B00000000000000000000000037000000000000
310
00000000000000D50E00006662782F42384135303843342D343331462D343546312D424341352D3532343432364645413344462F617474726962757465732E62696E504B01021400140006080800B670623B08DA0BD1900000004101000036000000000000000000000000002A0F00006662782F42384135303843342D3433
310
31462D343546312D424341352D3532343432364645413344462F6469726563746F72792E786D6C504B01021400140006080800B670623B3B4606F3FE000000A00100003B000000000000000000000000000E1000006662782F42384135303843342D343331462D343546312D424341352D3532343432364645413344462F72
310
65736F75726365732F636F72652E786D6C504B0506000000000E000E0080040000651100000000
  0
XRECORD
  5
187
102
{ACAD_REACTORS
330
186
102
}
330
186
100
AcDbXrecord
280
     1
 70
     1
 90
429727718
  1
887D55A9-D0DD-414E-B741-A7DCD4DA2B4C
310
504B03040A0000080000B670623B3DEE336E79000000790000001B0000006175746F6465736B2D64657369676E2D7061636B6167652E786D6C3C3F786D6C2076657273696F6E3D22312E302220656E636F64696E673D227574662D3822203F3E3C666F726D6174733E3C666F726D61743E687474703A2F2F736368656D612E
310
6175746F6465736B2E636F6D2F64657369676E2D7061636B6167652F323030393C2F666F726D61743E3C2F666F726D6174733E504B0304140006080800B670623BD486FD9CA0000000F4000000130000005B436F6E74656E745F54797065735D2E786D6C7D8EC10E82300C865F65E91D8A1E8C310C0EEA1BF002731658846E
310
D98AC1B77784ABF1D8FE5FBFBF75BBCE937A534CCEB38643598122B6FEE978D0B0485F9C41B54DDD7D022595594E1A469170414C76A4D9A4D207E29CF43ECE46F218070CC6BECC4078ACAA135ACF422C856C0E68EA1BF5669944DDD7BCDE7B1F8E415D77AECB980613C2E4AC91FC167A2B244592486606FC29C8FD7F045B9A
310
EF7053A7E60B504B0304140006080800B670623BBC1638F5EC0000007C01000008000000636F72652E786D6C8D90416EC3201045AF82665B61836BE2D8C24471DB9CA01740401C94182C03558F5F9C3852BBEB6A467FFE9B197D7EF89E6EE8CB2CC17AD7032D0820E394D7D68D3DA478C67B4007C117EFE32F1B202727D3C3
310
2A83E0E3E2D3BC49CABB685CCCAAF3DA6CA20CC14440EA969B1E82BA98491632C5EC08D76296EA2A4753D06797E194AC468F2356E77DF66CCD02825543D50CACC62D39ED70FDC68EB8FD68F6F8787A6784342D1DDA1D2F5758F068A7E77DB518198D065111D2624A31A93E69DD11D6D5EC85EC3B4278B9DAFF4069D6FF8492
310
75F1B5DADE7D600104CD8FDC0782976B16B9DC83CA75CD4DFC00504B0304140006080800B670623B55019EA25F0000007C00000007000000636E782E786D6C4DCB3B0E80201045D1AD90E915ED2CF8AC45050C11660C8261F98AB1B07AC9C97D42D718D865D3E909258CFD00CCE24AC6E326A164D74DC0B4128928FF326038
310
472BA13128B1252AC747C6BAB984FC68F0B87FE8960A5C09FE86CFB69FBA01504B0304140006080800B670623B3586FFB671010000D40300000C0000006662782F636F72652E786D6CC553ED6E8320147D15C2DF4541A76D6D90A6DDD627D80B50A4CE54C120983EFEAE1F4DD7A55BBA5FF3879273EEE59E7310B6393735EA
310
95ED2AA3731C851423A5A5292A5DE6D8BB63B0C268C39935C67D29C3488B46E578803167A535BE9D2169B453DA01AA4DA16650749D7218C91A1639EEE4876A4428BC838AEE14B6429E44A9C228041AEA38EB9C0501681A32BC313F1ECE8C4C3867DE57C5CC56054CAB8E95B298A7F12E5EEED224C8E87E11242FE936C8DE96
310
AB60BB7F4D295D66D12E5B30323473E6AAE6A24E5A259C2A308F29CD82280A68FC1E256B9AAE93F489AED694323294DF34F9B678B0C957DA3DC7B3DCA9ADC33C022123F1CD2D44E450277AD04338234388F01913BE0D1A0281909D38D4171F27807A259DB1093085F157AA17B557309586747CD0CF0B46A64E983A6E0EAEEF
310
CE881F9EF1FB8E70D44297604238581EBC1B74B249C31C5AAB6CD0BB33D2C636A27ECCC62F0EFF445DC5DF95244D6DEC7F2922F30191F9F720C37DE49F504B0304140006080800B670623B4220A0FF7D0000009D0000000B0000006662782F636E782E786D6C4DCCD10A83201886E15B91FFDCE542CB0335D0EC3E6259C84A
310
C3E9D8E5AF46073BFAE0E1E315DD675BD1DBA5978F41C2FD4600B9F088930F8B849267CC01754AA418F3DF0D50183727E164506249B1EC174D6E1ECB9A0F5D7D785E68DB8151CD286E5A5363CA6B8A39E90D36D40E96B086F55A43A544F52B1D7B86D517504B0304140006080800B670623B2FA3FEDE290100001202000031
310
0000006662782F45374635344235342D363743322D343832342D383044432D4334454645303536354442422F636F72652E786D6C8D515B6EC32010BC0AE22B55850D2E386E848994D7097A0117488A1283C5A3CAF10BB523B57FF961D1ECCCECC0F2ED7DBC816FED8371B687A4C210682B9D32F6D2C314CFA883602BB8772E
310
FEA141608751F7B0C050F08B77695A20E96CD43666D43AA5177008414708E42D5F7A18E4971E876A483133C2B59A06791D2EBA22556E679EE021FA1C00CC43CA09C5717D6274C7286AD7FB06D1AEA1A8C3873DDAD3E3E98859CB0EBB1DAF67A1E02919B5C88DCA71CCD968FFAC49110B1ECDF8882FBD1EA256503418BF2342
310
106E3E08DD60B6A1EC15771B8C795DE8FF4469524F8A92B1F1AD59E2CEB20005E1F5DC105CB9F4797B84D1F7C9F908CABC55D0F2050A5C61CC1AD2F27A26E6E767C7962E8E213A9FBF7775FDCC5CC266DB960A5E970DE5F2BBBE5CCB36C50F504B0304140006080800B670623B1B8617914E01000033030000300000006662
310
782F45374635344235342D363743322D343832342D383044432D4334454645303536354442422F636E782E786D6CD593C16EC32010447F0571AD6CE3D489D20813A9877E410FBD62D82434182CC055F3F75D1292E692438FBD206B7698593D61BEFD1E2DF982108D773D6D6B460938E5B571FB9ECE6957AD29D90A1EBC4F77
310
364A9C1CA1A759A682EF839FA72269D8C9D92654AD71C72206887E0E0A22CAF926B15E498B01E0AA19451807D01A34B919F16B070157417138917400F2F6FA41FCF0092A45DEE414C19BDC21783E4BD39D891265658C3D8DEA00A3ACE59CBC8678ACB54CB26EEB6BD7839D7E9348BE70AD9C8321B9BCA7F9A4A26C542347DE
310
E050F09802D22BA6749A800A394DD62899107273365E3C82CFC6A55557BC06C10774B7ABE7AEC3B0F34CF06446280E154026D0542C187BA9DAB6628BF7B6DBB0E5A65B3EB1F58631DE64BBE083F7B65CC218087E22CABB042E51D1F2268F1FE12B3EA24D40D63E9CFE00120194D60B9D5BC67FE6D39CDF37E20AF817881F50
310
4B0304140006080800B670623B29652116630500003C100000340000006662782F45374635344235342D363743322D343832342D383044432D4334454645303536354442422F6F626A656374732E786D6CAD575D739B3814FD2B0CFB0C989834C90EA1639B24E3E9A6EDD4D3CE3E64C623834CD8006224913AFDF57B040203
310
B65BEF871F0C12D2FD3CF7E8CA7FBFCB33E3957291B2E2D674ED8969D02262715A24B76625B7D6B569BC0F7CCE98EC2D338D82E4F4D654D366E0279C55A59E8AE99654991CCDDECFFF3444440B6A1A514684B83545F44C7362934AB2988A173B2692D8C97667BB76B3702836E1A47C1E092D09A78584A5982F20C5688C7287
310
C389E904BEA3BE07BEFAD7ABA6A75739B53F43FD69212429A20365233153D70BEF2E2E6FAC4BCF9B5ADEBB0BD79ADFCF43CBBD9A4E16EF168B9BD9DD0D140BC921495BC2E9D60C1E101B9E46BED37CEA2CD6861F3329624541A3DA7F7858DBAC25C6B4A4458C3CA654405BCFEBC970E8AAD8F43E4FD558ABEC4F9FE7557F47
310
4F506B7BFBEC5BCA367FC105710E2AB8A00A554D7CB4A30DFE26FBA86D18CBF4B75418399194A72433B274C3097F33032C554B027F2046A1932B842B0FCCC0DDCBEBDB8AD2F835768F59B9ADB24C41D30C6A64AF817F2A456D59FA83F2E3DA60137255A585BCD60EC9B7929AC18DEFD49381AF1ED30BFDB109A4B1CD488294
310
C3CDE6EBC8D185AABD6568061FEE37BB95AAC7E3CA4BCE4ACAA5820FA0D526AE7DAA2869B5EE5999531BE0CC20E6FBA07C41E43FA27CF7A6206F3CDD793B4F6B919C1462CB788EDCD893FA674CDA17AB7B3B7C019F8D561FAEE966FED562DFE98C1D12C6A9FC015C2A35D7FF3D7FC398F591DA4B5FE0BFA2C0189FEA50AE22
310
92817A1ED3020951A03432862970F976B33383259812CC8E5D240BBA801CBCF8CE2BBEE3BF910DB6AAD5F79E05123AE2DB33981FB1ACCB02B69D00CB014FD68AB573A7627EF9BFD4CC2C5C7D58557C4B22FAA88925A4DBB44825CECE3D78FB060D1231F0E885BE7D673C86A3874958F593906B5502D1563157814FDAC3420D
310
F69A070A22EC4B98E23CFF171A1E5311D12C23056555ABA53B8614563B92D17D02AAB009E8F46284624E5F53D5490C560CCCC2591FF1B45421EB0EBD8EA7ED13BE7C5D7E0428CD60FEF60779EB13E6664FF711CB185F6FDED60D139A001FF60CD1FD6D086F1D51474901E26B2CB794A343BC8ED3EDB612E0DD2351FCB65CF4
310
33D511C9E14B5B40ADC6A6263DB0336A8F700DDF56271A024E70B0B3629DE21847591E55DED73D56206AB927E46FAABC5C939C55853C274C93D69FD6FA4E78BF8B11DF898C9ECD60553FAD39283BA6F18984AA23E8884F83F45C5F5F859797B31B2B9C84A1E5B9DE9D35BFF25C6B76152E422F9C5DCC3D847F5801ED09D5AF
310
41441327A25FF15487F9EB725FB666F048A4701E9A827292E6F97569A32DF61DEC01C0BB8DCBBCCC684E0B49147C1FD54BF685A0AB18C868E6973949E819523E3DAC463660E68C7D9F55A9D1EFA3BD7A76A16AE1A810F95CE59B82A4D968A376DC2E8B44BBDD86B27B368CDE0ED548C7137DA860591A83706223A12CA712B4
310
7306DBF39C0A20A6DF95C7FAF670C6EED7A61F946493D1D6926782963813403548A78AE470DEF80D2D9CEAA26E4D1C76F60BFE74219A06527D6B82DF641A51616F703CAAC6A7160E08A00BEB4810A0274592A1B36E3675E36E978A0DE80727A0D6DF2D39A75BD27E0D8837276589537B40ABB56D5A41F48F1C6FCD3188C4EB
310
A6929D2FFB89CE995A4D00AE813BDD032DC48B56BD437DFDDC2DD7AED70C2272D63DE9A72068A45A92F0A4BE17A8A06B9366E16707AD80B1FC649459952097E74BB23805982B55E0401150A165964402AA8BDF9F3E7386BB686EDCA780C0D382E5392BF460A6EFB2C6EA1937D3F809B440D5F5435C4C5CF7A9EEFAF54564BD
310
2182DA24162F98680B4E7930C21A0079709CEAEB99A372305ABE0C0D7D6078105A83F6A0296DAEE1068A47DD1C55A9F4C9B2FC69E3EFD44B81028E963DF81B504B0304140006080000B670623B000000000000000000000000350000006662782F45374635344235342D363743322D343832342D383044432D433445464530
310
3536354442422F76657274696365732E62696E504B0304140006080800B670623BF270F1330600000004000000360000006662782F45374635344235342D363743322D343832342D383044432D4334454645303536354442422F747269616E676C65732E62696E636660600000504B0304140006080000B670623B00000000
310
0000000000000000370000006662782F45374635344235342D363743322D343832342D383044432D4334454645303536354442422F617474726962757465732E62696E504B0304140006080800B670623B08DA0BD19000000041010000360000006662782F45374635344235342D363743322D343832342D383044432D4334
310
454645303536354442422F6469726563746F72792E786D6C858F410AC3201045AF22B36F53E9A60B35CBEEBAE80D244E44489C6234F4F835464A48035D0DF398FF9F8AF63D0E6CC63039F212F8F9020C7D47C6792B21C5FE7403D62A1188E2E60C98D7234A5830286103A55745067B9D86B8A3CF9C7F90C11DE607FB144396
310
D7B6A82D282E9A152AD114D5EF2CB866EEE831B8EEA07A7BB5A8D7D61A2BAAEB7FD5F70921FF497D00504B0304140006080800B670623B6378F24DFF000000A00100003B0000006662782F45374635344235342D363743322D343832342D383044432D4334454645303536354442422F7265736F75726365732F636F72652E
310
786D6C8D504B6E833010BD0A9A6D65B0094E42641C85B639412F6099496225D8C89FAAC7AF09546A77DDCC8CDE47F3F4C4F16B7C149FE88371B603565228D06A37187BED20C50BD9437194C23B177FC9A0B06AC40E6618A4B87A97A615D2CE46B431A3D60DB8822A048C50E8473E3A08FA86A32A558A5911EEE5A4F45D5DB1
310
6465A6B34E8A107D0E502C4FE609D26370C96B0CA25A58295232C3AA3143FE692E063D485EF7F5AEE71BD2D2F39634AFFC44DAF7DD9E9CCE6F9CD25DCBFA762BAAD92C4534E34F46ED51451C40D694B6843142EB0FD61C283F34FC85EE0F948A6A96FF31A569F8A729191B37F51A77B105902C0779125254735F793DCBCC7B
310
EE567E03504B010214000A0000080000B670623B3DEE336E79000000790000001B00000000000000000000000000000000006175746F6465736B2D64657369676E2D7061636B6167652E786D6C504B01021400140006080800B670623BD486FD9CA0000000F40000001300000000000000000000000000B20000005B436F6E
310
74656E745F54797065735D2E786D6C504B01021400140006080800B670623BBC1638F5EC0000007C010000080000000000000000000000000083010000636F72652E786D6C504B01021400140006080800B670623B55019EA25F0000007C000000070000000000000000000000000095020000636E782E786D6C504B010214
310
00140006080800B670623B3586FFB671010000D40300000C00000000000000000000000000190300006662782F636F72652E786D6C504B01021400140006080800B670623B4220A0FF7D0000009D0000000B00000000000000000000000000B40400006662782F636E782E786D6C504B01021400140006080800B670623B2F
310
A3FEDE290100001202000031000000000000000000000000005A0500006662782F45374635344235342D363743322D343832342D383044432D4334454645303536354442422F636F72652E786D6C504B01021400140006080800B670623B1B8617914E010000330300003000000000000000000000000000D2060000666278
310
2F45374635344235342D363743322D343832342D383044432D4334454645303536354442422F636E782E786D6C504B01021400140006080800B670623B29652116630500003C10000034000000000000000000000000006E0800006662782F45374635344235342D363743322D343832342D383044432D4334454645303536
310
354442422F6F626A656374732E786D6C504B01021400140006080000B670623B0000000000000000000000003500000000000000000000000000230E00006662782F45374635344235342D363743322D343832342D383044432D4334454645303536354442422F76657274696365732E62696E504B01021400140006080800
310
B670623BF270F13306000000040000003600000000000000000000000000760E00006662782F45374635344235342D363743322D343832342D383044432D4334454645303536354442422F747269616E676C65732E62696E504B01021400140006080000B670623B0000000000000000000000003700000000000000000000
310
000000D00E00006662782F45374635344235342D363743322D343832342D383044432D4334454645303536354442422F617474726962757465732E62696E504B01021400140006080800B670623B08DA0BD190000000410100003600000000000000000000000000250F00006662782F45374635344235342D363743322D34
310
3832342D383044432D4334454645303536354442422F6469726563746F72792E786D6C504B01021400140006080800B670623B6378F24DFF000000A00100003B00000000000000000000000000091000006662782F45374635344235342D363743322D343832342D383044432D4334454645303536354442422F7265736F75
310
726365732F636F72652E786D6C504B0506000000000E000E0080040000611100000000
  0
XRECORD
  5
112
102
{ACAD_REACTORS
330
110
102
}
330
110
100
AcDbXrecord
280
     1
270
     1
271
     1
  0
XRECORD
  5
111
102
{ACAD_REACTORS
330
110
102
}
330
110
100
AcDbXrecord
280
     1
270
     1
271
     1
  0
XRECORD
  5
18A
102
{ACAD_REACTORS
330
110
102
}
330
110
100
AcDbXrecord
280
     1
 70
     0
 90
1778669749
  1
9BF507EE-FAF7-4A99-A33D-4EE51894BC40
310
504B03040A0000080000B670623B3DEE336E79000000790000001B0000006175746F6465736B2D64657369676E2D7061636B6167652E786D6C3C3F786D6C2076657273696F6E3D22312E302220656E636F64696E673D227574662D3822203F3E3C666F726D6174733E3C666F726D61743E687474703A2F2F736368656D612E
310
6175746F6465736B2E636F6D2F64657369676E2D7061636B6167652F323030393C2F666F726D61743E3C2F666F726D6174733E504B0304140006080800B670623BD486FD9CA0000000F4000000130000005B436F6E74656E745F54797065735D2E786D6C7D8EC10E82300C865F65E91D8A1E8C310C0EEA1BF002731658846E
310
D98AC1B77784ABF1D8FE5FBFBF75BBCE937A534CCEB38643598122B6FEE978D0B0485F9C41B54DDD7D022595594E1A469170414C76A4D9A4D207E29CF43ECE46F218070CC6BECC4078ACAA135ACF422C856C0E68EA1BF5669944DDD7BCDE7B1F8E415D77AECB980613C2E4AC91FC167A2B244592486606FC29C8FD7F045B9A
310
EF7053A7E60B504B0304140006080800B670623BCA089DFFEC0000007C01000008000000636F72652E786D6C8D90416E83301045AF62CDB632D8402020E32882F604BD80653BC44AB011B6AB1EBF262152BBEB6A467FFE9B197D76FA9EEFE84BAFDE38DB03CD08206DA553C64E3DC470C1474027CE56E7C22F1B202B66DDC3
310
260367D3EAE2B24BD2D9A06D48AA754AEFA2F05E0740F29E9A1EBCBCEA59642286E4F0B76C11F226269DD15797E0188D42CF2346A57DE662F40ABCAEC77628C6120F654571D50C04B7F5B9C1E3997CD4F550BE3745C3F20DE62C98F9755FAE5A04AD801784B498524C8A4F5A75E4D055873772EC0861F966FF03C545FD138A
310
C686B2D8DF7D621E384D8F3C069CE55B16A93C824A75CB8DFF00504B0304140006080800B670623B55019EA25F0000007C00000007000000636E782E786D6C4DCB3B0E80201045D1AD90E915ED2CF8AC45050C11660C8261F98AB1B07AC9C97D42D718D865D3E909258CFD00CCE24AC6E326A164D74DC0B4128928FF326038
310
472BA13128B1252AC747C6BAB984FC68F0B87FE8960A5C09FE86CFB69FBA01504B0304140006080800B670623B68FC0B7272010000D40300000C0000006662782F636F72652E786D6CC5535B6E833010BC8AE5DF0A6C1E8124328E22D29EA01770C0A128602363A31CBFCB234A53A555FA553EC09AD9F5CE8C31DB5DDA060D
310
D2F4B556190E7C8A9154852E6B5565D8D993B7C668C799D1DA7E29C3488956667884316795D1AE5BA0422B2B950554E9522EA0E87B69312A1A5864B82F3E642B7CE12C54F467BF13C55954D20F7CA0A18EB3DE1A1080E621E31BF3D3F1C2C88C73E65C5D2E6C5DC2B4FA544B8379921C36797888BC3C8A032F4E73EA6D927D
310
EA1DF6F42D49F2E8350D5346C666CE6CDD5ED515460A2B4BCC434A375E1078347C0FE22D5D6DE3D50B5D6F2965642CBF6B725DF96493AB958DC245EEDCD6631E809089F8E61622B2A81703E8219C913144F84C09DF070D8140C8561C9BAB8F3340832CAC363130A576376A108D933095FA747AD0CF0B46E64E983A6D0EAE1F
310
CE089F9EF1FB8E70D44255604258581E9D1D75B259C3125A278D37D80B52DAB4A279CEC62F0EFF44DDC43F9454E8469BFF5244960322CBEF41C6FBC83F01504B0304140006080800B670623B0F71DDB67E0000009D0000000B0000006662782F636E782E786D6C4DCCD10A83201886E15B91FFDCA54DB73F502386BB8F5816
310
32D3703976F9ABD1C18E3E78F87855FB990379BBFCF2296AE02706C4C5471A7C9C349475A408A4352AA7B4FEDD80C47E761A7606A3A69CCA72D0E0C6BE8475D3E0E3F3409428EA6B27A84079A782899AA2EC1A7AE3ECCC2FD858CB2D544655BFD2B67BD87C01504B0304140006080800B670623BE134B4FB28010000120200
310
00310000006662782F38353834323741342D343835462D343034322D383541392D4331303331363839454531452F636F72652E786D6C8D515B6EC32010BC0AE22B55850D0EA424C24451959EA0172086A42831583CAA1CBF503B52FB971F16CDCECC0EACD8DFC71BF836215AEF7A481A0C817183D7D65D7A98D3197108F652
310
04EFD31F1A044E8DA6871586525C82CFD3020DDE25E352419DD76601558C264130DCCAA58771F832A36A544E8511AFCDA486ABBA988634A55D7852C4144A00300FA927949C71DABD1D28A29C7D208A6987383B6CD13BC16BB2E1DBE3911C453B0BA5C8D9EA456E758963CFD684674DAA588A64C747FC2118958C86B2C3788B
310
0841B8FB247487D98EB257CC77188BB6D2FF89F2A49F1465EBD2BA5BE2CEB2082511EDDC9042FB7CBA3DC298FBE4430275DE2A9AE1054ADC60CC08E3A29D89E5F9C5714317C7987C28DFBBBA9E0A97B0D97643A568EB864AF95D5FA9759BF207504B0304140006080800B670623B1B8617914E010000330300003000000066
310
62782F38353834323741342D343835462D343034322D383541392D4331303331363839454531452F636E782E786D6CD593C16EC32010447F0571AD6CE3D489D20813A9877E410FBD62D82434182CC055F3F75D1292E692438FBD206B7698593D61BEFD1E2DF982108D773D6D6B460938E5B571FB9ECE6957AD29D90A1EBC4F
310
77364A9C1CA1A759A682EF839FA72269D8C9D92654AD71C72206887E0E0A22CAF926B15E498B01E0AA19451807D01A34B919F16B070157417138917400F2F6FA41FCF0092A45DEE414C19BDC21783E4BD39D891265658C3D8DEA00A3ACE59CBC8678ACB54CB26EEB6BD7839D7E9348BE70AD9C8321B9BCA7F9A4A26C542347
310
DEE050F09802D22BA6749A800A394DD62899107273365E3C82CFC6A55557BC06C10774B7ABE7AEC3B0F34CF06446280E154026D0542C187BA9DAB6628BF7B6DBB0E5A65B3EB1F58631DE64BBE083F7B65CC218087E22CABB042E51D1F2268F1FE12B3EA24D40D63E9CFE00120194D60B9D5BC67FE6D39CDF37E20AF817881F
310
504B0304140006080800B670623B5933D422630500003B100000340000006662782F38353834323741342D343835462D343034322D383541392D4331303331363839454531452F6F626A656374732E786D6CAD575B6FA33814FE2B887D0642934E9B156594264D158D3A534DD4D13E548A0C38942D60649B4EBABF7E3F8321
310
40924EF6928780CDF1B97EE762EFF32E4B8D37CA45C2F21BD3B547A641F39045491EDF98A5DC5AD7A6F1D9F73863B243661A39C9E88DA9B64DDF8B392B0BBD15D12D295339D85DDEFE618890E6D434C2940871638AF08566C426A5641115AF764424B1E3EDCE76ED9AB0CF36E6A47819302D08A7B984A6D8CFC1C5A89572FB
310
CB91E9F89EA3BEFB9EFAD754E3D3544E654F5F7E920B49F2F040D880CDD89D2CEE2E2EA7D6E56432B6269F2E5CEB7679BBB0DCABF168FE693E9FCEEEA6102C240727AD09A75BD3BF876F78127A4EFDA9D5582B7E4CA590E5390D2BFB6161A5B3E618D182E611E2985001691DAB47FDA5AB7CD3F93C566B2DB2BB7D9E55DD13
310
1D468DEECDB3AB290BFE8409E21C54704115AA6AFF68436BFC8DF65E0B184BF5B74418199194272435D224E084BF9B3E481589EFF5D828747285706581E9BB7B7E5D5D911ABFC6EE312DB7659A2A689A7E85EC0DF04FA5A8344BFEA2FCB834E8845895492EAFB541F2BDA0A63FF59C6AD3F7D4637CA13FD68E34B629891172
310
98597F1D183A57B9B75A98FE9765B05BAB7C3C2EBCE0ACA05C2AF8005A4DE09AA7F29216EB9E15397500C6F47CBE77CA7778FE2BD277AF0AE2C693DD6437D1522427B9D8329E2136F6A8FA19A3E6C56ADF0E5F50CF06D48734EDCEBF22F69C56D97EC138153F804B85E6FABFC7AFEFB32E523BE1F3BD372418E363EDCA7548
310
52949E8724474014288D94610BB57C1BEC4C7F854A89CA8E5324F55B871CBC78CE1BBEE3BFE68D6A5589EF3C730474506FCFA8FCF0659516D0ED04580EEA6425581B77CAE797FF4BCECC16EB2FEB926F49481F746159D06D922712BD730FDEAE42BD40F42C7AA5EF3F198F60E86110D6DD20645A9480B795CF95E3E3A659A8
310
C55E724F408873315335CFFB8584874484344D494E59D94869DB90C26A5B64F49C802CAC1D3ABE18A098D3B7444D123D8A9E5AE8F5214F0AE5B2B6E9B575DA3E61CBD3EA2B4009FA940524DD1305FB6A1FB294F14DF0BEA90BA109ECE1481FDC3FFAE8D60E75141700BE82725371B4873751B2DD960265F788137FACE6DD40
310
B575E4F0A5C99F46629D92131467A41EE11ABD8D4CCC039CA0AFB37C93A08B232B8F0AEFCA1E0A1015DF13FC83322B362463652ECF71D3A8B1A7D1BE65DE1D62C44F22C317D35F574FEB16153BA2D13E543D10A80E74C4A65E78A6B7CBCBD1D5DD9DB59C2DAFACC96C3AB566E3F1C29ADCDD5DBAD7D3C9ED7C822ED74F80A6
310
41755310DE4443F44A9E68373FADF6596BFA0F440AE7BECE2727AE9F4F2B1B53B1E7E00CF0DD1E5C65454A339A4BA2D0FBA05ED2EF0443458F47BDBFCA484CCFE0F2ED7E3DD0013B679C7B5499467F0ECEEADDB9CA85A34CE44B99053949D2C1416DB85DE4B136BB7165FBAC0B7AB3542BED4F8CA182A549847A1319316519
310
95A83A67147B9E5101C47487F2485F1ECE38FD568F839204296D3479219888530154036E6528FBFBC66F98E0D4107563A2D7D9AFF8D389681A08F58D89F22693900A3B407754734FC51C10C010D6D640809EE4718AC1BA3ED4AEDB53CA37283F68805A7E4B72CEB0A4EDEAD5DD8C14059A76AFAA56BA6901E13F32BC51C720
310
12AF41295B5BF61BAD3195181FB506E6B40F4C10AF5AF40EF9F5B159AE5DD1F43C72D635E94310D45C2D49785C5D0B94D3B54AB3C5A38349C0587D338AB48C11CBF339599C02CCA54A70A008A8D03C0B2201D5F9EFCF8F9CE12A9A19CB0410789EB32C63B95ECCF455D658BFE0621A3DA32C5075FB101723D77DAE867E7D0F
310
D90444509B44E2151B4DC2290B065803200FBAA9BE9D392A0603F2D5C2D00D6302A615680F66D2FA166E2079D4C551A54AB758161FCEFD4E450A14704CECFEDF504B0304140006080000B670623B000000000000000000000000350000006662782F38353834323741342D343835462D343034322D383541392D4331303331
310
363839454531452F76657274696365732E62696E504B0304140006080800B670623BF270F1330600000004000000360000006662782F38353834323741342D343835462D343034322D383541392D4331303331363839454531452F747269616E676C65732E62696E636660600000504B0304140006080000B670623B000000
310
000000000000000000370000006662782F38353834323741342D343835462D343034322D383541392D4331303331363839454531452F617474726962757465732E62696E504B0304140006080800B670623B08DA0BD19000000041010000360000006662782F38353834323741342D343835462D343034322D383541392D43
310
31303331363839454531452F6469726563746F72792E786D6C858F410AC3201045AF22B36F53E9A60B35CBEEBAE80D244E44489C6234F4F835464A48035D0DF398FF9F8AF63D0E6CC63039F212F8F9020C7D47C6792B21C5FE7403D62A1188E2E60C98D7234A5830286103A55745067B9D86B8A3CF9C7F90C11DE607FB1443
310
96D7B6A82D282E9A152AD114D5EF2CB866EEE831B8EEA07A7BB5A8D7D61A2BAAEB7FD5F70921FF497D00504B0304140006080800B670623BD9A3B367FE000000A00100003B0000006662782F38353834323741342D343835462D343034322D383541392D4331303331363839454531452F7265736F75726365732F636F7265
310
2E786D6C8D504B6E833010BD0A9A6D65B01D0201194711694FD00B586642AD043BF2A7EAF16B122AB5BB6E6646EFA3797AE2F8B5DC8A4FF4C1383B002B291468B59B8C9D0748F1420E501CA5F0CEC55F3228AC5A708015062966EFD27D83B4B3116DCCA875136EA00A012314FA968F0182FEC045952AC5AC08D7F2AEF455CD
310
58B232D3592745883E07289E4FD609D26370C96B0CA27AB252A464A64D63A6FCD35C0C7A904D73EE467EE664DCD58CD4ED4849D79C5A723ED1B7A61977AF2D6F45B59AA58866F9C9A83DAA8813484E6947182394BFB3BAA7FBBEDEBFD0434FA9A856F91F53BA4FFF342563E38E6F719FB60092E5200F428A6AED2BAF479979
310
AFDDCA6F504B010214000A0000080000B670623B3DEE336E79000000790000001B00000000000000000000000000000000006175746F6465736B2D64657369676E2D7061636B6167652E786D6C504B01021400140006080800B670623BD486FD9CA0000000F40000001300000000000000000000000000B20000005B436F6E
310
74656E745F54797065735D2E786D6C504B01021400140006080800B670623BCA089DFFEC0000007C010000080000000000000000000000000083010000636F72652E786D6C504B01021400140006080800B670623B55019EA25F0000007C000000070000000000000000000000000095020000636E782E786D6C504B010214
310
00140006080800B670623B68FC0B7272010000D40300000C00000000000000000000000000190300006662782F636F72652E786D6C504B01021400140006080800B670623B0F71DDB67E0000009D0000000B00000000000000000000000000B50400006662782F636E782E786D6C504B01021400140006080800B670623BE1
310
34B4FB280100001202000031000000000000000000000000005C0500006662782F38353834323741342D343835462D343034322D383541392D4331303331363839454531452F636F72652E786D6C504B01021400140006080800B670623B1B8617914E010000330300003000000000000000000000000000D3060000666278
310
2F38353834323741342D343835462D343034322D383541392D4331303331363839454531452F636E782E786D6C504B01021400140006080800B670623B5933D422630500003B10000034000000000000000000000000006F0800006662782F38353834323741342D343835462D343034322D383541392D4331303331363839
310
454531452F6F626A656374732E786D6C504B01021400140006080000B670623B0000000000000000000000003500000000000000000000000000240E00006662782F38353834323741342D343835462D343034322D383541392D4331303331363839454531452F76657274696365732E62696E504B01021400140006080800
310
B670623BF270F13306000000040000003600000000000000000000000000770E00006662782F38353834323741342D343835462D343034322D383541392D4331303331363839454531452F747269616E676C65732E62696E504B01021400140006080000B670623B0000000000000000000000003700000000000000000000
310
000000D10E00006662782F38353834323741342D343835462D343034322D383541392D4331303331363839454531452F617474726962757465732E62696E504B01021400140006080800B670623B08DA0BD190000000410100003600000000000000000000000000260F00006662782F38353834323741342D343835462D34
310
3034322D383541392D4331303331363839454531452F6469726563746F72792E786D6C504B01021400140006080800B670623BD9A3B367FE000000A00100003B000000000000000000000000000A1000006662782F38353834323741342D343835462D343034322D383541392D4331303331363839454531452F7265736F75
310
726365732F636F72652E786D6C504B0506000000000E000E0080040000611100000000
  0
XRECORD
  5
113
102
{ACAD_REACTORS
330
110
102
}
330
110
100
AcDbXrecord
280
     1
270
     1
271
     1
  0
XRECORD
  5
114
102
{ACAD_REACTORS
330
110
102
}
330
110
100
AcDbXrecord
280
     1
270
     1
271
     1
  0
CELLSTYLEMAP
  5
11BA
102
{ACAD_REACTORS
330
104
102
}
330
104
100
AcDbCellStyleMap
 90
        3
300
CELLSTYLE
  1
TABLEFORMAT_BEGIN
 90
        5
170
     1
 91
        0
 92
    32768
 62
   257
 93
        1
300
CONTENTFORMAT
  1
CONTENTFORMAT_BEGIN
 90
        0
 91
        0
 92
      512
 93
        0
300

 40
0.0
140
1.0
 94
        5
 62
     0
340
11
144
0.25
309
CONTENTFORMAT_END
171
     1
301
MARGIN
  1
CELLMARGIN_BEGIN
 40
0.06
 40
0.06
 40
0.06
 40
0.06
 40
0.18
 40
0.18
309
CELLMARGIN_END
 94
        6
 95
        1
302
GRIDFORMAT
  1
GRIDFORMAT_BEGIN
 90
        0
 91
        1
 62
     0
 92
       -2
340
0
 93
        0
 40
0.045
309
GRIDFORMAT_END
 95
        2
302
GRIDFORMAT
  1
GRIDFORMAT_BEGIN
 90
        0
 91
        1
 62
     0
 92
       -2
340
0
 93
        0
 40
0.045
309
GRIDFORMAT_END
 95
        4
302
GRIDFORMAT
  1
GRIDFORMAT_BEGIN
 90
        0
 91
        1
 62
     0
 92
       -2
340
0
 93
        0
 40
0.045
309
GRIDFORMAT_END
 95
        8
302
GRIDFORMAT
  1
GRIDFORMAT_BEGIN
 90
        0
 91
        1
 62
     0
 92
       -2
340
0
 93
        0
 40
0.045
309
GRIDFORMAT_END
 95
       16
302
GRIDFORMAT
  1
GRIDFORMAT_BEGIN
 90
        0
 91
        1
 62
     0
 92
       -2
340
0
 93
        0
 40
0.045
309
GRIDFORMAT_END
 95
       32
302
GRIDFORMAT
  1
GRIDFORMAT_BEGIN
 90
        0
 91
        1
 62
     0
 92
       -2
340
0
 93
        0
 40
0.045
309
GRIDFORMAT_END
309
TABLEFORMAT_END
  1
CELLSTYLE_BEGIN
 90
        1
 91
        1
300
_TITLE
309
CELLSTYLE_END
300
CELLSTYLE
  1
TABLEFORMAT_BEGIN
 90
        5
170
     1
 91
        0
 92
        0
 62
   257
 93
        1
300
CONTENTFORMAT
  1
CONTENTFORMAT_BEGIN
 90
        0
 91
        0
 92
      512
 93
        0
300

 40
0.0
140
1.0
 94
        5
 62
     0
340
11
144
0.18
309
CONTENTFORMAT_END
171
     1
301
MARGIN
  1
CELLMARGIN_BEGIN
 40
0.06
 40
0.06
 40
0.06
 40
0.06
 40
0.18
 40
0.18
309
CELLMARGIN_END
 94
        6
 95
        1
302
GRIDFORMAT
  1
GRIDFORMAT_BEGIN
 90
        0
 91
        1
 62
     0
 92
       -2
340
0
 93
        0
 40
0.045
309
GRIDFORMAT_END
 95
        2
302
GRIDFORMAT
  1
GRIDFORMAT_BEGIN
 90
        0
 91
        1
 62
     0
 92
       -2
340
0
 93
        0
 40
0.045
309
GRIDFORMAT_END
 95
        4
302
GRIDFORMAT
  1
GRIDFORMAT_BEGIN
 90
        0
 91
        1
 62
     0
 92
       -2
340
0
 93
        0
 40
0.045
309
GRIDFORMAT_END
 95
        8
302
GRIDFORMAT
  1
GRIDFORMAT_BEGIN
 90
        0
 91
        1
 62
     0
 92
       -2
340
0
 93
        0
 40
0.045
309
GRIDFORMAT_END
 95
       16
302
GRIDFORMAT
  1
GRIDFORMAT_BEGIN
 90
        0
 91
        1
 62
     0
 92
       -2
340
0
 93
        0
 40
0.045
309
GRIDFORMAT_END
 95
       32
302
GRIDFORMAT
  1
GRIDFORMAT_BEGIN
 90
        0
 91
        1
 62
     0
 92
       -2
340
0
 93
        0
 40
0.045
309
GRIDFORMAT_END
309
TABLEFORMAT_END
  1
CELLSTYLE_BEGIN
 90
        2
 91
        1
300
_HEADER
309
CELLSTYLE_END
300
CELLSTYLE
  1
TABLEFORMAT_BEGIN
 90
        5
170
     1
 91
        0
 92
        0
 62
   257
 93
        1
300
CONTENTFORMAT
  1
CONTENTFORMAT_BEGIN
 90
        0
 91
        0
 92
      512
 93
        0
300

 40
0.0
140
1.0
 94
        2
 62
     0
340
11
144
0.18
309
CONTENTFORMAT_END
171
     1
301
MARGIN
  1
CELLMARGIN_BEGIN
 40
0.06
 40
0.06
 40
0.06
 40
0.06
 40
0.18
 40
0.18
309
CELLMARGIN_END
 94
        6
 95
        1
302
GRIDFORMAT
  1
GRIDFORMAT_BEGIN
 90
        0
 91
        1
 62
     0
 92
       -2
340
0
 93
        0
 40
0.045
309
GRIDFORMAT_END
 95
        2
302
GRIDFORMAT
  1
GRIDFORMAT_BEGIN
 90
        0
 91
        1
 62
     0
 92
       -2
340
0
 93
        0
 40
0.045
309
GRIDFORMAT_END
 95
        4
302
GRIDFORMAT
  1
GRIDFORMAT_BEGIN
 90
        0
 91
        1
 62
     0
 92
       -2
340
0
 93
        0
 40
0.045
309
GRIDFORMAT_END
 95
        8
302
GRIDFORMAT
  1
GRIDFORMAT_BEGIN
 90
        0
 91
        1
 62
     0
 92
       -2
340
0
 93
        0
 40
0.045
309
GRIDFORMAT_END
 95
       16
302
GRIDFORMAT
  1
GRIDFORMAT_BEGIN
 90
        0
 91
        1
 62
     0
 92
       -2
340
0
 93
        0
 40
0.045
309
GRIDFORMAT_END
 95
       32
302
GRIDFORMAT
  1
GRIDFORMAT_BEGIN
 90
        0
 91
        1
 62
     0
 92
       -2
340
0
 93
        0
 40
0.045
309
GRIDFORMAT_END
309
TABLEFORMAT_END
  1
CELLSTYLE_BEGIN
 90
        3
 91
        2
300
_DATA
309
CELLSTYLE_END
  0
ENDSEC
  0
SECTION
  2
ACDSDATA
 70
     2
 71
     8
  0
ACDSSCHEMA
 90
        0
  1
AcDb_Thumbnail_Schema
  2
AcDbDs::ID
280
    10
 91
        8
  2
Thumbnail_Data
280
    15
 91
        0
101
ACDSRECORD
 95
        0
 90
        1
  2
AcDbDs::TreatedAsObjectData
280
     1
291
     1
101
ACDSRECORD
 95
        0
 90
        2
  2
AcDbDs::Legacy
280
     1
291
     1
101
ACDSRECORD
  1
AcDbDs::ID
 90
        3
  2
AcDs:Indexable
280
     1
291
     1
101
ACDSRECORD
  1
AcDbDs::ID
 90
        4
  2
AcDbDs::HandleAttribute
280
     7
282
     1
  0
ACDSSCHEMA
 90
        1
  1
AcDbDs::TreatedAsObjectDataSchema
  2
AcDbDs::TreatedAsObjectData
280
     1
 91
        0
  0
ACDSSCHEMA
 90
        2
  1
AcDbDs::LegacySchema
  2
AcDbDs::Legacy
280
     1
 91
        0
  0
ACDSSCHEMA
 90
        3
  1
AcDbDs::IndexedPropertySchema
  2
AcDs:Indexable
280
     1
 91
        0
  0
ACDSSCHEMA
 90
        4
  1
AcDbDs::HandleAttributeSchema
  2
AcDbDs::HandleAttribute
280
     7
 91
        1
284
     1
  0
ACDSRECORD
 90
        0
  2
AcDbDs::ID
280
    10
320
22
  2
Thumbnail_Data
280
    15
 94
     1694
310
89504E470D0A1A0A0000000D49484452000001000000007508030000009634CF9200000300504C5445000000FFFFFF0000000000000000000000000000000000000000000000000000000000330000660000990000CC0000FF0033000033330033660033990033CC0033FF0066000066330066660066990066CC0066FF0099
310
000099330099660099990099CC0099FF00CC0000CC3300CC6600CC9900CCCC00CCFF00FF0000FF3300FF6600FF9900FFCC00FFFF3300003300333300663300993300CC3300FF3333003333333333663333993333CC3333FF3366003366333366663366993366CC3366FF3399003399333399663399993399CC3399FF33CC00
310
33CC3333CC6633CC9933CCCC33CCFF33FF0033FF3333FF6633FF9933FFCC33FFFF6600006600336600666600996600CC6600FF6633006633336633666633996633CC6633FF6666006666336666666666996666CC6666FF6699006699336699666699996699CC6699FF66CC0066CC3366CC6666CC9966CCCC66CCFF66FF0066
310
FF3366FF6666FF9966FFCC66FFFF9900009900339900669900999900CC9900FF9933009933339933669933999933CC9933FF9966009966339966669966999966CC9966FF9999009999339999669999999999CC9999FF99CC0099CC3399CC6699CC9999CCCC99CCFF99FF0099FF3399FF6699FF9999FFCC99FFFFCC0000CC00
310
33CC0066CC0099CC00CCCC00FFCC3300CC3333CC3366CC3399CC33CCCC33FFCC6600CC6633CC6666CC6699CC66CCCC66FFCC9900CC9933CC9966CC9999CC99CCCC99FFCCCC00CCCC33CCCC66CCCC99CCCCCCCCCCFFCCFF00CCFF33CCFF66CCFF99CCFFCCCCFFFFFF0000FF0033FF0066FF0099FF00CCFF00FFFF3300FF3333
310
FF3366FF3399FF33CCFF33FFFF6600FF6633FF6666FF6699FF66CCFF66FFFF9900FF9933FF9966FF9999FF99CCFF99FFFFCC00FFCC33FFCC66FFCC99FFCCCCFFCCFFFFFF00FFFF33FFFF66FFFF99FFFFCCFFFFFF0000000D0D0D1A1A1A2828283535354343435050505D5D5D6B6B6B787878868686939393A1A1A1AEAEAEBB
310
BBBBC9C9C9D6D6D6E4E4E4F1F1F1FFFFFF0000000000000000000000000000000000000000000000000000000000003AE5ACE9000003594944415478DAED9C498283201045EB127D87DAE46CB9304760CBBE1591D1019C80F8BF59183B44FFB32820601341100441100441100441A9D48F6B1FC0397CDD9606000000000000
310
00000000000080472F62EC997ABDD3B70250AF05A0C6EDD50046F36F0640EAED11A03FFFE608B8B5F4F76F49D52D7C46997DF6740780E0EDDFD5774199467C6ECBA7F7FB00A4941F63FFEE08B81D80C9E293795D95D556929F019006C079E7FEAEAA1100E10F8E3180C4BF8D00CE3CF7724D1E541B40607C35021600D00880
310
99B2012C9FBF050036C6B72340A511C0F9E76E19804B02F3960980E918003F6EAA03C8283D795F8A80DE004821447C8C1754D60C1EA802B500082912FB19A5E37E4EB70006FB11002EAE4016C1290095926012007C2483F05100D5FB013202C07C2C8572AF0062FF87DB104DAE3F00C6BF1EC5C98F64ED40BF647123CA2444
310
3900E7C1DF7D1C808C45E500040FF5C90C867A01305780B10F9F20280220F4DDEF2E02C4D80B1AB4557773000CEE4784D4218049A700E89BAFFD771801E27404989BAFFD0700E291529B4930A307B7D9880A61CD53540592E1E31A00D3F5D000B82B00C63DB9D74100EC00F05300CC38FF04006DDF332FA356201B007900A6
310
FDA700B84A7A0C8008FDD35100E401A08700A8F3005C0A75FA7E86AD1C40852418AD2D3DDB0FB097A5B72E9AC12B22601B40CECC50C508A060F5C2F500F26686BAEF07AC02E096ABC0C2AF795703E0F67340F803D0B5004A6686EA4F8DF1E5008A66861A981BE48B0114CD0C35313B3C446CAD7E40BEEE6D05F8ED0088DF0E
310
C05FDBF34A0057957E124093ABC49E0350E56B00A0DBD2000000000000000000847FA08008B8EF22D4EED13E00A8AD83E500FCC34D0250718AA070F9AFF28E276B85BD75F4D307CC8AF2F98141FDE77C0BEA0C00550860BE38F740884B22EE4111F7544802C07B96C096B4ABCBDDF1602E6A3F41CF1F5CC8672AB3702EE528
310
797A73A5B1B55D00E40108CC4721B06F41B97B530C808A0078CF43848E83D8F601AD0050510424108E00A0FB01F8D554AD00A0D44604809600F8E58A22C0269270D6F23E006B5580661BE1432309000ACBFB54C9622B0340CF55011B0534D7F1698FE6346E0DFA36D4EED59F6906C3D6E7E60828F3A1D47B3A42E80A6334F8
310
DBA34108822008822008822008822008822008827E46FF18361736F0C67F7D0000000049454E44AE426082
  0
ENDSEC
  0
EOF
